time(ms);MISFIRE;CATEMP11(°C);CATEMP21(°C);ECT(°C);RPM(1/min);O2S12(V);O2S22(V);MISFIRE_MON;MFF_LOAD(%);MFF_THR_ANG(%);MISF_EVAL;KNK_CNTR_CYL1( );KNK_CNTR_CYL2( );KNK_CNTR_CYL3( );KNK_CNTR_CYL4( );KNK_CNTR_CYL5( );KNK_CNTR_CYL6( )
0;No;-;-;-;-;-;-;-;-;-;-;-;-;-;-;-;-
0;No;570;-;-;-;-;-;-;-;-;-;-;-;-;-;-;-
28;No;570;570;-;-;-;-;-;-;-;-;-;-;-;-;-;-
55;No;570;570;92;-;-;-;-;-;-;-;-;-;-;-;-;-
88;No;570;570;92;1193;-;-;-;-;-;-;-;-;-;-;-;-
116;No;570;570;92;1189;0.09;-;-;-;-;-;-;-;-;-;-;-
148;No;570;570;92;1184;0.09;0.62;-;-;-;-;-;-;-;-;-;-
176;No;570;570;92;1180;0.09;0.62;Disabled;-;-;-;-;-;-;-;-;-
209;No;570;570;92;1176;0.09;0.62;Disabled;66.38;-;-;-;-;-;-;-;-
266;No;570;570;92;1171;0.09;0.62;Disabled;66.38;21.92;-;-;-;-;-;-;-
297;No;570;570;92;1166;0.09;0.62;Disabled;66.38;21.92;Yes;-;-;-;-;-;-
325;No;570;570;92;1162;0.09;0.62;Disabled;66.38;21.92;Yes;0;-;-;-;-;-
355;No;570;570;92;1158;0.09;0.62;Disabled;66.38;21.92;Yes;0;0;-;-;-;-
385;No;570;570;92;1153;0.10;0.62;Disabled;66.38;21.92;Yes;0;0;0;-;-;-
416;No;569;569;92;1149;0.10;0.62;Disabled;66.38;21.92;Yes;0;0;0;0;-;-
447;No;569;569;92;1144;0.10;0.62;Disabled;66.38;21.92;Yes;0;0;0;0;0;-
478;No;569;569;92;1140;0.10;0.62;Disabled;66.38;21.92;Yes;0;0;0;0;0;0
507;No;569;569;92;1136;0.10;0.62;Disabled;66.38;21.92;Yes;0;0;0;0;0;0
565;No;569;569;92;1131;0.10;0.62;Disabled;66.38;21.92;Yes;0;0;0;0;0;0
599;No;569;569;92;1127;0.10;0.62;Disabled;66.38;21.92;Yes;0;0;0;0;0;0
626;No;569;569;92;1122;0.10;0.62;Disabled;66.38;21.92;Yes;0;0;0;0;0;0
659;No;569;569;92;1118;0.10;0.62;Disabled;66.38;21.92;Yes;0;0;0;0;0;0
698;No;569;569;92;1120;0.10;0.62;Disabled;66.38;21.92;Yes;0;0;0;0;0;0
718;No;569;569;92;1124;0.10;0.62;Disabled;66.38;21.92;Yes;0;0;0;0;0;0
745;No;569;569;92;1126;0.11;0.62;Disabled;66.38;21.92;Yes;0;0;0;0;0;0
776;No;569;569;92;1129;0.11;0.62;Disabled;66.38;21.92;Yes;0;0;0;0;0;0
805;No;569;569;92;1132;0.11;0.62;Disabled;66.38;21.92;Yes;0;0;0;0;0;0
866;No;569;569;92;1135;0.11;0.62;Disabled;66.38;21.92;Yes;0;0;0;0;0;0
898;No;569;569;92;1138;0.11;0.62;Disabled;66.38;21.92;Yes;0;0;0;0;0;0
927;No;569;569;92;1141;0.11;0.62;Disabled;66.38;21.92;Yes;0;0;0;0;0;0
957;No;569;569;92;1144;0.11;0.62;Disabled;66.38;21.92;Yes;0;0;0;0;0;0
985;No;569;569;92;1146;0.11;0.62;Disabled;66.38;21.92;Yes;0;0;0;0;0;0
1016;No;569;569;92;1149;0.12;0.62;Disabled;66.38;21.92;Yes;0;0;0;0;0;0
1046;No;569;569;92;1152;0.12;0.62;Disabled;66.38;21.92;Yes;0;0;0;0;0;0
1079;No;569;569;92;1155;0.12;0.62;Disabled;66.38;21.92;Yes;0;0;0;0;0;0
1106;No;569;568;92;1158;0.12;0.62;Disabled;66.38;21.92;Yes;0;0;0;0;0;0
1166;No;569;568;92;1161;0.12;0.62;Disabled;66.38;21.92;Yes;0;0;0;0;0;0
1199;No;568;568;92;1164;0.12;0.62;Disabled;66.38;21.92;Yes;0;0;0;0;0;0
1227;No;568;568;92;1166;0.12;0.62;Disabled;66.38;21.92;Yes;0;0;0;0;0;0
1257;No;568;568;92;1165;0.12;0.62;Disabled;66.38;21.92;Yes;0;0;0;0;0;0
1286;No;568;568;92;1164;0.12;0.62;Disabled;66.38;21.92;Yes;0;0;0;0;0;0
1319;No;568;568;92;1163;0.12;0.62;Disabled;66.38;21.92;Yes;0;0;0;0;0;0
1348;No;568;568;92;1162;0.12;0.62;Disabled;66.38;21.92;Yes;0;0;0;0;0;0
1378;No;568;568;92;1160;0.12;0.62;Disabled;66.38;21.92;Yes;0;0;0;0;0;0
1405;No;568;568;92;1159;0.13;0.62;Disabled;66.38;21.92;Yes;0;0;0;0;0;0
1466;No;568;568;92;1158;0.13;0.62;Disabled;66.38;21.92;Yes;0;0;0;0;0;0
1498;No;568;568;92;1157;0.13;0.62;Disabled;66.38;21.92;Yes;0;0;0;0;0;0
1525;No;568;568;92;1156;0.13;0.62;Disabled;66.38;21.92;Yes;0;0;0;0;0;0
1558;No;568;568;92;1154;0.13;0.62;Disabled;66.38;21.92;Yes;0;0;0;0;0;0
1585;No;568;568;92;1153;0.13;0.62;Disabled;66.38;21.92;Yes;0;0;0;0;0;0
1617;No;568;568;92;1152;0.13;0.62;Disabled;66.38;21.92;Yes;0;0;0;0;0;0
1646;No;568;568;92;1151;0.13;0.62;Disabled;66.38;21.92;Yes;0;0;0;0;0;0
1679;No;568;568;92;1150;0.13;0.62;Disabled;66.38;21.92;Yes;0;0;0;0;0;0
1707;No;568;568;92;1148;0.13;0.62;Disabled;66.38;21.92;Yes;0;0;0;0;0;0
1768;No;568;568;92;1147;0.13;0.62;Disabled;66.38;21.92;Yes;0;0;0;0;0;0
1799;No;568;568;92;1146;0.13;0.62;Disabled;66.38;21.92;Yes;0;0;0;0;0;0
1826;No;568;568;92;1145;0.13;0.62;Disabled;66.38;21.92;Yes;0;0;0;0;0;0
1856;No;568;568;92;1144;0.12;0.62;Disabled;66.38;21.92;Yes;0;0;0;0;0;0
1886;No;568;568;92;1144;0.12;0.62;Disabled;66.38;21.92;Yes;0;0;0;0;0;0
1918;No;568;568;92;1143;0.11;0.61;Disabled;66.38;21.92;Yes;0;0;0;0;0;0
1948;No;567;568;92;1142;0.10;0.61;Disabled;66.38;21.92;Yes;0;0;0;0;0;0
2005;No;567;567;92;1142;0.10;0.61;Disabled;66.38;21.92;Yes;0;0;0;0;0;0
2067;No;567;567;92;1141;0.09;0.60;Disabled;66.38;21.92;Yes;0;0;0;0;0;0
2099;No;567;567;92;1140;0.08;0.60;Disabled;66.38;21.92;Yes;0;0;0;0;0;0
2126;No;567;567;92;1140;0.07;0.59;Disabled;66.38;21.92;Yes;0;0;0;0;0;0
2159;No;567;567;92;1139;0.07;0.59;Disabled;66.38;21.92;Yes;0;0;0;0;0;0
2185;No;567;567;92;1138;0.06;0.59;Disabled;66.38;21.92;Yes;0;0;0;0;0;0
2216;No;567;567;92;1137;0.05;0.58;Disabled;66.38;21.92;Yes;0;0;0;0;0;0
2246;No;567;567;92;1136;0.04;0.58;Disabled;66.38;21.92;Yes;0;0;0;0;0;0
2278;No;567;567;92;1136;0.04;0.58;Disabled;66.38;21.92;Yes;0;0;0;0;0;0
2305;No;567;567;92;1135;0.03;0.57;Disabled;66.38;21.92;Yes;0;0;0;0;0;0
2369;No;567;567;92;1134;0.02;0.57;Disabled;66.38;21.92;Yes;0;0;0;0;0;0
2400;No;567;567;92;1134;0.01;0.57;Disabled;66.38;21.92;Yes;0;0;0;0;0;0
2427;No;567;567;92;1132;0.01;0.56;Disabled;66.38;21.92;Yes;0;0;0;0;0;0
2458;No;567;567;92;1130;0.00;0.56;Disabled;66.38;21.92;Yes;0;0;0;0;0;0
2487;No;566;567;92;1129;0.00;0.52;Disabled;66.38;21.92;Yes;0;0;0;0;0;0
2519;No;566;566;92;1128;0.00;0.48;Disabled;66.38;21.92;Yes;0;0;0;0;0;0
2548;No;566;566;92;1126;0.00;0.45;Disabled;66.38;21.92;Yes;0;0;0;0;0;0
2575;No;566;566;92;1124;0.00;0.41;Disabled;66.38;21.92;Yes;0;0;0;0;0;0
2608;No;566;566;92;1123;0.00;0.37;Disabled;66.38;21.92;Yes;0;0;0;0;0;0
2667;No;566;566;92;1122;0.00;0.33;Disabled;66.38;21.92;Yes;0;0;0;0;0;0
2699;No;566;566;92;1120;0.00;0.29;Disabled;66.38;21.92;Yes;0;0;0;0;0;0
2729;No;566;566;92;1119;0.00;0.26;Disabled;66.38;21.92;Yes;0;0;0;0;0;0
2757;No;566;566;92;1117;0.00;0.22;Disabled;66.38;21.92;Yes;0;0;0;0;0;0
2786;No;566;566;92;1116;0.00;0.18;Disabled;66.38;21.92;Yes;0;0;0;0;0;0
2817;No;566;566;92;1114;0.00;0.14;Disabled;66.38;21.92;Yes;0;0;0;0;0;0
2846;No;566;566;92;1113;0.00;0.11;Disabled;66.38;21.92;Yes;0;0;0;0;0;0
2878;No;566;566;92;1111;-0.00;0.07;Disabled;66.38;21.92;Yes;0;0;0;0;0;0
2909;No;566;566;92;1110;-0.00;0.03;Disabled;66.38;21.92;Yes;0;0;0;0;0;0
2975;No;566;566;92;1108;-0.00;-0.01;Disabled;66.38;21.92;Yes;0;0;0;0;0;0
2999;No;566;566;92;1106;-0.00;-0.04;Disabled;66.38;21.92;Yes;0;0;0;0;0;0
3026;No;566;566;92;1104;-0.00;-0.08;Disabled;66.38;21.92;Yes;0;0;0;0;0;0
3056;No;566;566;92;1102;-0.00;-0.08;Disabled;66.38;21.92;Yes;0;0;0;0;0;0
3085;No;566;566;92;1100;-0.00;-0.08;Disabled;66.38;21.92;Yes;0;0;0;0;0;0
3119;No;565;566;92;1098;-0.00;-0.08;Disabled;66.38;21.92;Yes;0;0;0;0;0;0
3145;No;565;565;92;1096;-0.00;-0.08;Disabled;66.38;21.92;Yes;0;0;0;0;0;0
3179;No;565;565;92;1095;-0.00;-0.08;Disabled;66.38;21.92;Yes;0;0;0;0;0;0
3205;No;565;565;92;1093;-0.00;-0.09;Disabled;66.38;21.92;Yes;0;0;0;0;0;0
3287;No;565;565;92;1091;-0.00;-0.09;Disabled;66.38;21.92;Yes;0;0;0;0;0;0
3325;No;565;565;92;1089;-0.00;-0.09;Disabled;66.38;21.92;Yes;0;0;0;0;0;0
3357;No;565;565;92;1087;-0.00;-0.09;Disabled;66.38;21.92;Yes;0;0;0;0;0;0
3388;No;565;565;92;1085;-0.00;-0.09;Disabled;66.38;21.92;Yes;0;0;0;0;0;0
3419;No;565;565;92;1083;-0.00;-0.09;Disabled;66.38;21.92;Yes;0;0;0;0;0;0
3448;No;565;565;92;1081;-0.00;-0.09;Disabled;66.38;21.92;Yes;0;0;0;0;0;0
3475;No;565;565;92;1079;-0.00;-0.09;Disabled;66.38;21.92;Yes;0;0;0;0;0;0
3507;No;565;565;92;1077;-0.00;-0.09;Disabled;66.38;21.92;Yes;0;0;0;0;0;0
3566;No;565;565;92;1075;-0.00;-0.09;Disabled;66.38;21.92;Yes;0;0;0;0;0;0
3597;No;565;565;92;1074;-0.00;-0.09;Disabled;66.38;21.92;Yes;0;0;0;0;0;0
3627;No;565;565;92;1072;-0.00;-0.10;Disabled;66.38;21.92;Yes;0;0;0;0;0;0
3659;No;564;564;92;1070;-0.00;-0.10;Disabled;66.38;21.92;Yes;0;0;0;0;0;0
3687;No;564;564;92;1068;-0.00;-0.09;Disabled;66.38;21.92;Yes;0;0;0;0;0;0
3716;No;564;564;92;1067;-0.00;-0.09;Disabled;66.38;21.92;Yes;0;0;0;0;0;0
3748;No;564;564;92;1065;-0.00;-0.09;Disabled;66.38;21.92;Yes;0;0;0;0;0;0
3776;No;564;564;92;1064;-0.00;-0.09;Disabled;66.38;21.92;Yes;0;0;0;0;0;0
3808;No;564;564;92;1062;-0.00;-0.09;Disabled;66.38;21.92;Yes;0;0;0;0;0;0
3865;No;564;564;92;1060;-0.00;-0.09;Disabled;66.38;21.92;Yes;0;0;0;0;0;0
3898;No;564;564;92;1058;-0.01;-0.09;Disabled;66.38;21.92;Yes;0;0;0;0;0;0
3926;No;564;564;92;1057;-0.01;-0.09;Disabled;66.38;21.92;Yes;0;0;0;0;0;0
3956;No;564;564;92;1055;-0.01;-0.09;Disabled;66.38;21.92;Yes;0;0;0;0;0;0
3984;No;564;564;92;1054;-0.01;-0.09;Disabled;66.38;21.92;Yes;0;0;0;0;0;0
4019;No;564;564;92;1052;-0.01;-0.09;Disabled;66.38;21.92;Yes;0;0;0;0;0;0
4045;No;564;564;92;1050;-0.01;-0.09;Disabled;66.38;21.92;Yes;0;0;0;0;0;0
4076;No;564;564;92;1048;-0.01;-0.09;Disabled;66.38;21.92;Yes;0;0;0;0;0;0
4108;No;564;564;92;1047;-0.01;-0.09;Disabled;66.38;21.92;Yes;0;0;0;0;0;0
4168;No;564;564;92;1044;-0.01;-0.09;Disabled;66.38;21.92;Yes;0;0;0;0;0;0
4200;No;564;564;92;1042;-0.01;-0.09;Disabled;66.38;21.92;Yes;0;0;0;0;0;0
4227;No;564;563;92;1039;-0.01;-0.09;Disabled;66.38;21.92;Yes;0;0;0;0;0;0
4258;No;563;563;92;1036;-0.01;-0.09;Disabled;66.38;21.92;Yes;0;0;0;0;0;0
4285;No;563;563;92;1034;-0.01;-0.09;Disabled;66.38;21.92;Yes;0;0;0;0;0;0
4317;No;563;563;92;1031;-0.01;-0.09;Disabled;66.38;21.92;Yes;0;0;0;0;0;0
4348;No;563;563;92;1028;-0.01;-0.09;Disabled;66.38;21.92;Yes;0;0;0;0;0;0
4375;No;563;563;92;1026;-0.01;-0.09;Disabled;66.38;21.92;Yes;0;0;0;0;0;0
4405;No;563;563;92;1023;-0.01;-0.09;Disabled;66.38;21.92;Yes;0;0;0;0;0;0
4467;No;563;563;92;1020;-0.01;-0.09;Disabled;66.38;21.92;Yes;0;0;0;0;0;0
4499;No;563;563;92;1018;-0.01;-0.09;Disabled;66.38;21.92;Yes;0;0;0;0;0;0
4537;No;563;563;92;1015;-0.01;-0.09;Disabled;66.38;21.92;Yes;0;0;0;0;0;0
4555;No;563;563;92;1012;-0.01;-0.09;Disabled;66.38;21.92;Yes;0;0;0;0;0;0
4586;No;563;563;92;1010;-0.01;-0.09;Disabled;66.38;21.92;Yes;0;0;0;0;0;0
4617;No;563;563;92;1007;-0.01;-0.09;Disabled;66.38;21.92;Yes;0;0;0;0;0;0
4648;No;563;563;92;1004;-0.01;-0.09;Disabled;66.38;21.92;Yes;0;0;0;0;0;0
4675;No;563;563;92;1002;-0.01;-0.09;Disabled;66.38;21.92;Yes;0;0;0;0;0;0
4706;No;562;563;92;998;-0.01;-0.09;Disabled;66.38;21.92;Yes;0;0;0;0;0;0
4766;No;562;562;92;995;-0.01;-0.09;Disabled;66.38;21.92;Yes;0;0;0;0;0;0
4798;No;562;562;92;991;-0.01;-0.09;Disabled;66.38;21.92;Yes;0;0;0;0;0;0
4826;No;562;562;92;988;-0.01;-0.09;Disabled;66.38;21.92;Yes;0;0;0;0;0;0
4858;No;562;562;92;984;-0.01;-0.09;Disabled;66.38;21.92;Yes;0;0;0;0;0;0
4889;No;562;562;92;981;-0.01;-0.09;Disabled;66.38;21.92;Yes;0;0;0;0;0;0
4921;No;562;562;92;978;-0.01;-0.09;Disabled;66.38;21.92;Yes;0;0;0;0;0;0
4949;No;562;562;92;974;-0.01;-0.09;Disabled;66.38;21.92;Yes;0;0;0;0;0;0
4991;No;562;562;92;971;-0.01;-0.09;Disabled;66.38;21.92;Yes;0;0;0;0;0;0
5005;No;562;562;92;968;-0.01;-0.09;Disabled;66.38;21.92;Yes;0;0;0;0;0;0
5066;No;562;562;92;964;-0.01;-0.09;Disabled;66.38;21.92;Yes;0;0;0;0;0;0
5098;No;562;562;92;961;-0.01;-0.09;Disabled;66.38;21.92;Yes;0;0;0;0;0;0
5124;No;562;562;92;958;-0.01;-0.09;Disabled;66.38;21.92;Yes;0;0;0;0;0;0
5156;No;562;562;92;954;-0.01;-0.09;Disabled;66.38;21.92;Yes;0;0;0;0;0;0
5188;No;562;562;92;951;-0.01;-0.09;Disabled;66.38;21.92;Yes;0;0;0;0;0;0
5216;No;561;562;92;948;-0.01;-0.09;Disabled;66.38;21.92;Yes;0;0;0;0;0;0
5248;No;561;561;92;944;-0.01;-0.09;Disabled;66.38;21.92;Yes;0;0;0;0;0;0
5278;No;561;561;92;940;-0.01;-0.09;Disabled;66.38;21.92;Yes;0;0;0;0;0;0
5310;No;561;561;92;936;-0.01;-0.09;Disabled;66.38;21.92;Yes;0;0;0;0;0;0
5366;No;561;561;92;932;-0.01;-0.09;Disabled;66.38;21.92;Yes;0;0;0;0;0;0
5398;No;561;561;92;928;-0.01;-0.09;Disabled;66.38;21.92;Yes;0;0;0;0;0;0
5428;No;561;561;92;924;-0.01;-0.09;Disabled;66.38;21.92;Yes;0;0;0;0;0;0
5456;No;561;561;92;920;-0.01;-0.09;Disabled;66.38;21.92;Yes;0;0;0;0;0;0
5488;No;561;561;92;916;-0.01;-0.09;Disabled;66.38;21.92;Yes;0;0;0;0;0;0
5519;No;561;561;92;911;-0.01;-0.09;Disabled;66.38;21.92;Yes;0;0;0;0;0;0
5546;No;561;561;92;907;-0.01;-0.09;Disabled;66.38;21.92;Yes;0;0;0;0;0;0
5576;No;561;561;92;903;-0.01;-0.09;Disabled;66.38;21.92;Yes;0;0;0;0;0;0
5607;No;560;561;92;899;-0.01;-0.09;Disabled;66.38;21.92;Yes;0;0;0;0;0;0
5667;No;560;560;92;895;-0.01;-0.08;Disabled;66.38;21.92;Yes;0;0;0;0;0;0
5697;No;560;560;92;891;-0.01;-0.08;Disabled;66.38;21.92;Yes;0;0;0;0;0;0
5728;No;560;560;92;887;-0.01;-0.08;Disabled;66.38;21.92;Yes;0;0;0;0;0;0
5758;No;560;560;92;883;-0.01;-0.08;Disabled;66.38;21.92;Yes;0;0;0;0;0;0
5786;No;560;560;92;878;-0.01;-0.08;Disabled;66.38;21.92;Yes;0;0;0;0;0;0
5847;No;560;560;92;874;-0.01;-0.08;Disabled;66.38;21.92;Yes;0;0;0;0;0;0
5879;No;560;560;92;885;-0.01;-0.08;Disabled;66.38;21.92;Yes;0;0;0;0;0;0
5906;No;560;560;92;896;-0.01;-0.08;Disabled;66.38;21.92;Yes;0;0;0;0;0;0
5967;No;560;560;92;907;-0.01;-0.08;Disabled;66.38;21.92;Yes;0;0;0;0;0;0
6000;No;560;560;92;918;-0.01;-0.08;Disabled;66.38;21.92;Yes;0;0;0;0;0;0
6028;No;560;560;92;928;-0.01;-0.08;Disabled;66.38;21.92;Yes;0;0;0;0;0;0
6058;No;560;560;92;939;-0.01;-0.08;Disabled;66.38;21.92;Yes;0;0;0;0;0;0
6089;No;560;560;92;950;-0.01;-0.08;Disabled;66.38;21.92;Yes;0;0;0;0;0;0
6115;No;560;560;91;961;-0.01;-0.08;Disabled;66.38;21.92;Yes;0;0;0;0;0;0
6148;No;559;560;91;972;-0.01;-0.08;Disabled;66.38;21.92;Yes;0;0;0;0;0;0
6179;No;559;559;91;982;-0.01;-0.08;Disabled;66.38;21.92;Yes;0;0;0;0;0;0
6205;No;559;559;91;994;-0.01;-0.08;Disabled;66.38;21.92;Yes;0;0;0;0;0;0
6269;No;559;559;91;1004;-0.01;-0.08;Disabled;66.38;21.92;Yes;0;0;0;0;0;0
6298;No;559;559;91;1015;-0.01;-0.08;Disabled;66.38;21.92;Yes;0;0;0;0;0;0
6326;No;559;559;91;1026;-0.01;-0.08;Disabled;66.38;21.92;Yes;0;0;0;0;0;0
6356;No;559;559;91;1037;-0.01;-0.08;Disabled;66.38;21.92;Yes;0;0;0;0;0;0
6386;No;559;559;91;1048;-0.01;-0.08;Disabled;66.38;21.92;Yes;0;0;0;0;0;0
6418;No;559;559;91;1058;-0.01;-0.08;Disabled;66.38;21.92;Yes;0;0;0;0;0;0
6447;No;559;559;91;1055;-0.01;-0.08;Disabled;66.38;21.92;Yes;0;0;0;0;0;0
6476;No;559;559;91;1052;-0.01;-0.08;Disabled;66.38;21.92;Yes;0;0;0;0;0;0
6508;No;559;559;91;1048;-0.01;-0.08;Disabled;66.38;21.92;Yes;0;0;0;0;0;0
6565;No;558;558;91;1045;-0.01;-0.08;Disabled;66.38;21.92;Yes;0;0;0;0;0;0
6598;No;558;558;91;1042;-0.01;-0.07;Disabled;66.38;21.92;Yes;0;0;0;0;0;0
6625;No;558;558;91;1038;-0.01;-0.07;Disabled;66.38;21.92;Yes;0;0;0;0;0;0
6656;No;558;558;91;1035;-0.01;-0.07;Disabled;66.38;21.92;Yes;0;0;0;0;0;0
6686;No;558;558;91;1032;-0.01;-0.07;Disabled;66.38;21.92;Yes;0;0;0;0;0;0
6715;No;558;558;91;1028;-0.01;-0.07;Disabled;66.38;21.92;Yes;0;0;0;0;0;0
6744;No;558;558;91;1025;-0.01;-0.07;Disabled;66.38;21.92;Yes;0;0;0;0;0;0
6776;No;558;558;91;1021;-0.01;-0.07;Disabled;66.38;21.92;Yes;0;0;0;0;0;0
6806;No;558;558;91;1018;-0.01;-0.07;Disabled;66.38;21.92;Yes;0;0;0;0;0;0
6869;No;558;558;91;1015;-0.01;-0.07;Disabled;66.38;21.92;Yes;0;0;0;0;0;0
6901;No;558;558;91;1011;-0.01;-0.07;Disabled;66.38;21.92;Yes;0;0;0;0;0;0
6925;No;558;558;91;1008;-0.01;-0.07;Disabled;66.38;21.92;Yes;0;0;0;0;0;0
6958;No;558;558;91;1004;-0.01;-0.07;Disabled;66.38;21.92;Yes;0;0;0;0;0;0
6986;No;558;558;91;1001;-0.01;-0.07;Disabled;66.38;21.92;Yes;0;0;0;0;0;0
7019;No;558;557;91;998;-0.01;-0.07;Disabled;66.38;21.92;Yes;0;0;0;0;0;0
7047;No;557;557;91;995;-0.01;-0.07;Disabled;66.38;21.92;Yes;0;0;0;0;0;0
7096;No;557;557;91;992;-0.01;-0.07;Disabled;66.38;21.92;Yes;0;0;0;0;0;0
7167;No;557;557;91;988;-0.01;-0.07;Disabled;66.38;21.92;Yes;0;0;0;0;0;0
7198;No;557;557;91;985;-0.01;-0.06;Disabled;66.38;21.92;Yes;0;0;0;0;0;0
7228;No;557;557;91;982;-0.01;-0.06;Disabled;66.38;21.92;Yes;0;0;0;0;0;0
7259;No;557;557;91;978;-0.01;-0.06;Disabled;66.38;21.92;Yes;0;0;0;0;0;0
7288;No;557;557;91;975;-0.01;-0.06;Disabled;66.38;21.92;Yes;0;0;0;0;0;0
7318;No;557;557;91;972;-0.01;-0.06;Disabled;66.38;21.92;Yes;0;0;0;0;0;0
7346;No;557;556;91;969;-0.00;-0.06;Disabled;66.38;21.92;Yes;0;0;0;0;0;0
7378;No;557;556;91;966;-0.00;-0.06;Disabled;66.38;21.92;Yes;0;0;0;0;0;0
7405;No;556;556;91;962;-0.00;-0.06;Disabled;66.38;21.92;Yes;0;0;0;0;0;0
7465;No;556;556;91;959;-0.00;-0.06;Disabled;66.38;21.92;Yes;0;0;0;0;0;0
7500;No;556;556;91;956;-0.00;-0.06;Disabled;66.38;21.92;Yes;0;0;0;0;0;0
7529;No;556;556;91;952;-0.00;-0.06;Disabled;66.38;21.92;Yes;0;0;0;0;0;0
7556;No;556;556;91;949;-0.00;-0.06;Disabled;66.38;21.92;Yes;0;0;0;0;0;0
7586;No;556;556;91;946;-0.00;-0.06;Disabled;66.38;21.92;Yes;0;0;0;0;0;0
7618;No;556;556;91;940;-0.00;-0.06;Disabled;66.38;21.92;Yes;0;0;0;0;0;0
7646;No;556;556;91;934;-0.00;-0.06;Disabled;66.38;21.92;Yes;0;0;0;0;0;0
7679;No;556;556;91;929;0.00;-0.06;Disabled;66.38;21.92;Yes;0;0;0;0;0;0
7705;No;556;555;91;923;0.00;-0.05;Disabled;66.38;21.92;Yes;0;0;0;0;0;0
7766;No;555;555;91;917;0.00;-0.05;Disabled;66.38;21.92;Yes;0;0;0;0;0;0
7800;No;555;555;91;912;0.00;-0.05;Disabled;66.38;21.92;Yes;0;0;0;0;0;0
7826;No;555;555;91;906;0.00;-0.05;Disabled;66.38;21.92;Yes;0;0;0;0;0;0
7856;No;555;555;91;900;0.01;-0.05;Disabled;66.38;21.92;Yes;0;0;0;0;0;0
7885;No;555;555;91;894;0.01;-0.05;Disabled;66.38;21.92;Yes;0;0;0;0;0;0
7916;No;555;555;91;889;0.01;-0.04;Disabled;66.38;21.92;Yes;0;0;0;0;0;0
7948;No;555;555;91;883;0.01;-0.04;Disabled;66.38;21.92;Yes;0;0;0;0;0;0
7976;No;555;555;91;877;0.01;-0.04;Disabled;66.38;21.92;Yes;0;0;0;0;0;0
8005;No;554;555;91;872;0.01;-0.04;Disabled;66.38;21.92;Yes;0;0;0;0;0;0
8067;No;554;554;91;866;0.01;-0.04;Disabled;66.38;21.92;Yes;0;0;0;0;0;0
8099;No;554;554;91;860;0.02;-0.04;Disabled;66.38;21.92;Yes;0;0;0;0;0;0
8129;No;554;554;91;854;0.02;-0.04;Disabled;66.38;21.92;Yes;0;0;0;0;0;0
8155;No;554;554;91;848;0.02;-0.04;Disabled;66.38;21.92;Yes;0;0;0;0;0;0
8185;No;554;554;91;853;0.02;-0.03;Disabled;66.38;21.92;Yes;0;0;0;0;0;0
8216;No;554;554;91;858;0.02;-0.03;Disabled;66.38;21.92;Yes;0;0;0;0;0;0
8247;No;554;554;91;863;0.02;-0.03;Disabled;66.38;21.92;Yes;0;0;0;0;0;0
8276;No;554;554;91;868;0.02;-0.03;Disabled;66.38;21.92;Yes;0;0;0;0;0;0
8307;No;554;554;91;872;0.02;-0.03;Disabled;66.38;21.92;Yes;0;0;0;0;0;0
8393;No;554;554;91;877;0.02;-0.03;Disabled;66.38;21.92;Yes;0;0;0;0;0;0
8428;No;554;554;91;882;0.03;-0.03;Disabled;66.38;21.92;Yes;0;0;0;0;0;0
8458;No;554;554;91;886;0.03;-0.03;Disabled;66.38;21.92;Yes;0;0;0;0;0;0
8485;No;553;554;91;891;0.03;-0.03;Disabled;66.38;21.92;Yes;0;0;0;0;0;0
8518;No;553;553;91;896;0.03;-0.03;Disabled;66.38;21.92;Yes;0;0;0;0;0;0
8548;No;553;553;91;900;0.03;-0.02;Disabled;66.38;21.92;Yes;0;0;0;0;0;0
8578;No;553;553;91;905;0.03;-0.02;Disabled;66.38;21.92;Yes;0;0;0;0;0;0
8608;No;553;553;91;910;0.03;-0.02;Disabled;66.38;21.92;Yes;0;0;0;0;0;0
8666;No;553;553;91;915;0.03;-0.02;Disabled;66.38;21.92;Yes;0;0;0;0;0;0
8698;No;553;553;91;920;0.03;-0.02;Disabled;66.38;21.92;Yes;0;0;0;0;0;0
8725;No;553;553;91;924;0.03;-0.02;Disabled;66.38;21.92;Yes;0;0;0;0;0;0
8758;No;553;553;91;929;0.03;-0.02;Disabled;66.38;21.92;Yes;0;0;0;0;0;0
8789;No;552;552;91;936;0.04;-0.02;Disabled;66.38;21.92;Yes;0;0;0;0;0;0
8816;No;552;552;91;943;0.04;-0.02;Disabled;66.38;21.92;Yes;0;0;0;0;0;0
8848;No;552;552;91;950;0.04;-0.02;Disabled;66.38;21.92;Yes;0;0;0;0;0;0
8878;No;552;552;91;956;0.04;-0.02;Disabled;66.38;21.92;Yes;0;0;0;0;0;0
8909;No;552;552;91;963;0.04;-0.01;Disabled;66.38;21.92;Yes;0;0;0;0;0;0
8966;No;552;552;91;970;0.04;-0.01;Disabled;66.38;21.92;Yes;0;0;0;0;0;0
8997;No;552;552;91;977;0.04;-0.01;Disabled;66.38;21.92;Yes;0;0;0;0;0;0
9028;No;551;551;91;984;0.04;-0.01;Disabled;66.38;21.92;Yes;0;0;0;0;0;0
9058;No;551;551;91;991;0.04;-0.01;Disabled;66.38;21.92;Yes;0;0;0;0;0;0
9085;No;551;551;91;998;0.04;-0.01;Disabled;66.38;21.92;Yes;0;0;0;0;0;0
9119;No;551;551;91;1004;0.04;-0.01;Disabled;66.38;21.92;Yes;0;0;0;0;0;0
9147;No;551;551;91;1012;0.04;-0.01;Disabled;66.38;21.92;Yes;0;0;0;0;0;0
9178;No;551;551;91;1018;0.04;-0.01;Disabled;66.38;21.92;Yes;0;0;0;0;0;0
9209;No;551;550;91;1025;0.04;-0.01;Disabled;66.38;21.92;Yes;0;0;0;0;0;0
9266;No;550;550;91;1032;0.04;-0.01;Disabled;66.38;21.92;Yes;0;0;0;0;0;0
9297;No;550;550;91;1039;0.04;-0.01;Disabled;66.38;21.92;Yes;0;0;0;0;0;0
9327;No;550;550;91;1046;0.04;-0.00;Disabled;66.38;21.92;Yes;0;0;0;0;0;0
9355;No;550;550;91;1043;0.04;-0.00;Disabled;66.38;21.92;Yes;0;0;0;0;0;0
9386;No;550;550;91;1041;0.05;-0.00;Disabled;66.38;21.92;Yes;0;0;0;0;0;0
9418;No;550;550;91;1038;0.05;-0.00;Disabled;66.38;21.92;Yes;0;0;0;0;0;0
9448;No;550;550;91;1036;0.05;-0.00;Disabled;66.38;21.92;Yes;0;0;0;0;0;0
9478;No;550;550;91;1033;0.05;-0.00;Disabled;66.38;21.92;Yes;0;0;0;0;0;0
9506;No;549;549;91;1031;0.05;-0.00;Disabled;66.38;21.92;Yes;0;0;0;0;0;0
9566;No;549;549;91;1028;0.05;0.00;Disabled;66.38;21.92;Yes;0;0;0;0;0;0
9597;No;549;549;90;1026;0.05;0.00;Disabled;66.38;21.92;Yes;0;0;0;0;0;0
9625;No;549;549;90;1023;0.05;0.00;Disabled;66.38;21.92;Yes;0;0;0;0;0;0
9657;No;549;549;90;1021;0.05;0.00;Disabled;66.38;21.92;Yes;0;0;0;0;0;0
9689;No;549;549;90;1018;0.05;0.00;Disabled;66.38;21.92;Yes;0;0;0;0;0;0
9716;No;549;549;90;1016;0.05;0.00;Disabled;66.38;21.92;Yes;0;0;0;0;0;0
9745;No;548;549;90;1013;0.05;0.00;Disabled;66.38;21.92;Yes;0;0;0;0;0;0
9779;No;548;548;90;1011;0.05;0.00;Disabled;66.38;21.92;Yes;0;0;0;0;0;0
9806;No;548;548;90;1008;0.05;0.00;Disabled;66.38;21.92;Yes;0;0;0;0;0;0
9865;No;548;548;90;1006;0.05;0.00;Disabled;66.38;21.92;Yes;0;0;0;0;0;0
9898;No;548;548;90;1003;0.05;0.00;Disabled;66.38;21.92;Yes;0;0;0;0;0;0
9928;No;548;548;90;1000;0.05;0.00;Disabled;66.38;21.92;Yes;0;0;0;0;0;0
9957;No;548;548;90;996;0.05;0.01;Disabled;66.38;21.92;Yes;0;0;0;0;0;0
9988;No;548;548;90;993;0.06;0.01;Disabled;66.38;21.92;Yes;0;0;0;0;0;0
10016;No;548;548;90;989;0.06;0.01;Disabled;66.38;21.92;Yes;0;0;0;0;0;0
10049;No;547;548;90;986;0.06;0.01;Disabled;66.38;21.92;Yes;0;0;0;0;0;0
10076;No;547;547;90;982;0.06;0.01;Disabled;66.38;21.92;Yes;0;0;0;0;0;0
10107;No;547;547;90;978;0.06;0.01;Disabled;66.38;21.92;Yes;0;0;0;0;0;0
10167;No;547;547;90;975;0.06;0.01;Disabled;66.38;21.92;Yes;0;0;0;0;0;0
10198;No;547;547;90;972;0.06;0.01;Disabled;66.38;21.92;Yes;0;0;0;0;0;0
10226;No;547;547;90;968;0.06;0.01;Disabled;66.38;21.92;Yes;0;0;0;0;0;0
10256;No;546;547;90;964;0.06;0.01;Disabled;66.38;21.92;Yes;0;0;0;0;0;0
10288;No;546;546;90;961;0.06;0.01;Disabled;66.38;21.92;Yes;0;0;0;0;0;0
10319;No;546;546;90;957;0.06;0.02;Disabled;66.38;21.92;Yes;0;0;0;0;0;0
10347;No;546;546;90;954;0.06;0.02;Disabled;66.38;21.92;Yes;0;0;0;0;0;0
10376;No;546;546;90;950;0.06;0.02;Disabled;66.38;21.92;Yes;0;0;0;0;0;0
10409;No;546;546;90;947;0.06;0.02;Disabled;66.38;21.92;Yes;0;0;0;0;0;0
10438;No;545;546;90;943;0.06;0.02;Disabled;66.38;21.92;Yes;0;0;0;0;0;0
10471;No;545;545;90;928;0.06;0.02;Disabled;66.38;21.92;Yes;0;0;0;0;0;0
10497;No;545;545;90;914;0.06;0.02;Disabled;66.38;21.92;Yes;0;0;0;0;0;0
10529;No;544;544;90;899;0.06;0.06;Disabled;66.38;21.92;Yes;0;0;0;0;0;0
10556;No;544;544;90;884;0.06;0.10;Disabled;66.38;21.92;Yes;0;0;0;0;0;0
10586;No;544;544;90;870;0.07;0.14;Disabled;66.38;21.92;Yes;0;0;0;0;0;0
10616;No;544;544;90;855;0.07;0.18;Disabled;66.38;21.92;Yes;0;0;0;0;0;0
10646;No;543;543;90;840;0.07;0.22;Disabled;66.38;21.92;Yes;0;0;0;0;0;0
10678;No;543;543;90;826;0.07;0.26;Disabled;66.38;21.92;Yes;0;0;0;0;0;0
10751;No;543;542;90;811;0.07;0.30;Disabled;66.38;21.92;Yes;0;0;0;0;0;0
10953;No;542;542;90;796;0.08;0.34;Disabled;66.38;21.92;Yes;0;0;0;0;0;0
11188;No;542;542;90;782;0.08;0.38;Disabled;66.38;21.92;Yes;0;0;0;0;0;0
11420;No;542;542;90;767;0.08;0.43;Disabled;66.38;21.92;Yes;0;0;0;0;0;0
11590;No;542;541;90;752;0.08;0.47;Disabled;66.38;21.92;Yes;0;0;0;0;0;0
11790;No;541;541;90;738;0.08;0.51;Disabled;66.38;21.92;Yes;0;0;0;0;0;0
11996;No;541;541;90;723;0.08;0.55;Disabled;66.38;21.92;Yes;0;0;0;0;0;0
12168;No;540;540;90;708;0.08;0.59;Disabled;66.38;21.92;Yes;0;0;0;0;0;0
12359;No;540;540;90;694;0.09;0.63;Disabled;66.38;21.92;Yes;0;0;0;0;0;0
12388;No;539;539;90;694;0.09;0.67;Disabled;66.38;21.92;Yes;0;0;0;0;0;0
12416;No;538;538;90;694;0.13;0.71;Disabled;66.38;21.92;Yes;0;0;0;0;0;0
12449;No;538;538;90;695;0.18;0.71;Disabled;66.38;21.92;Yes;0;0;0;0;0;0
12476;No;537;537;90;695;0.22;0.72;Disabled;66.38;21.92;Yes;0;0;0;0;0;0
12506;No;537;537;90;696;0.26;0.72;Disabled;66.38;21.92;Yes;0;0;0;0;0;0
12640;No;536;536;90;696;0.31;0.73;Disabled;66.38;21.92;Yes;0;0;0;0;0;0
12813;No;536;536;90;696;0.35;0.73;Disabled;66.38;21.92;Yes;0;0;0;0;0;0
12979;No;535;535;90;697;0.40;0.74;Disabled;66.38;21.92;Yes;0;0;0;0;0;0
13148;No;534;534;90;698;0.44;0.75;Disabled;66.38;21.92;Yes;0;0;0;0;0;0
13417;No;534;534;90;698;0.48;0.75;Disabled;66.38;21.92;Yes;0;0;0;0;0;0
13584;No;533;533;90;698;0.53;0.76;Disabled;66.38;21.92;Yes;0;0;0;0;0;0
13850;No;533;533;90;699;0.57;0.76;Disabled;66.38;21.92;Yes;0;0;0;0;0;0
14020;No;532;532;90;699;0.62;0.77;Disabled;66.38;21.92;Yes;0;0;0;0;0;0
14220;No;532;532;90;700;0.66;0.77;Disabled;66.38;21.92;Yes;0;0;0;0;0;0
14455;No;531;531;90;700;0.70;0.78;Disabled;66.38;21.92;Yes;0;0;0;0;0;0
14627;No;531;531;90;700;0.75;0.78;Disabled;66.38;21.92;Yes;0;0;0;0;0;0
14794;No;531;531;90;701;0.79;0.79;Disabled;66.38;21.92;Yes;0;0;0;0;0;0
14994;No;530;530;90;700;0.84;0.79;Disabled;66.38;21.92;Yes;0;0;0;0;0;0
15162;No;530;530;90;698;0.83;0.80;Disabled;66.38;21.92;Yes;0;0;0;0;0;0
15393;No;530;530;90;697;0.83;0.79;Disabled;66.38;21.92;Yes;0;0;0;0;0;0
15630;No;530;530;90;695;0.83;0.79;Disabled;66.38;21.92;Yes;0;0;0;0;0;0
15829;No;530;530;90;694;0.83;0.79;Disabled;66.38;21.92;Yes;0;0;0;0;0;0
16029;No;529;529;90;692;0.83;0.79;Disabled;66.38;21.92;Yes;0;0;0;0;0;0
16229;No;529;529;90;691;0.83;0.79;Disabled;66.38;21.92;Yes;0;0;0;0;0;0
16510;No;529;529;90;690;0.83;0.79;Disabled;66.38;21.92;Yes;0;0;0;0;0;0
16525;No;528;528;90;688;0.82;0.79;Disabled;66.38;21.92;Yes;0;0;0;0;0;0
16556;No;528;528;90;687;0.82;0.78;Disabled;66.38;21.92;Yes;0;0;0;0;0;0
16588;No;528;528;90;685;0.82;0.78;Disabled;66.38;21.92;Yes;0;0;0;0;0;0
16617;No;528;528;90;684;0.82;0.78;Disabled;66.38;21.92;Yes;0;0;0;0;0;0
16645;No;527;528;90;682;0.82;0.78;Disabled;66.38;21.92;Yes;0;0;0;0;0;0
16676;No;527;527;90;681;0.82;0.78;Disabled;66.38;21.92;Yes;0;0;0;0;0;0
16708;No;527;527;90;680;0.82;0.77;Disabled;66.38;21.92;Yes;0;0;0;0;0;0
16739;No;527;527;90;678;0.81;0.77;Disabled;66.38;21.92;Yes;0;0;0;0;0;0
16769;No;527;527;90;677;0.81;0.77;Disabled;66.38;21.92;Yes;0;0;0;0;0;0
16826;No;527;527;90;676;0.81;0.77;Disabled;66.38;21.92;Yes;0;0;0;0;0;0
16858;No;527;527;90;676;0.81;0.77;Disabled;66.38;21.92;Yes;0;0;0;0;0;0
16886;No;527;527;90;676;0.81;0.77;Disabled;66.38;21.92;Yes;0;0;0;0;0;0
16918;No;527;527;90;676;0.81;0.77;Disabled;66.38;21.92;Yes;0;0;0;0;0;0
16946;No;527;527;90;675;0.81;0.77;Disabled;66.38;21.92;Yes;0;0;0;0;0;0
16977;No;527;527;90;675;0.81;0.77;Disabled;66.38;21.92;Yes;0;0;0;0;0;0
17009;No;527;527;90;674;0.81;0.77;Disabled;66.38;21.92;Yes;0;0;0;0;0;0
17036;No;526;527;90;674;0.81;0.77;Disabled;66.38;21.92;Yes;0;0;0;0;0;0
17068;No;526;526;90;674;0.81;0.77;Disabled;66.38;21.92;Yes;0;0;0;0;0;0
17129;No;526;526;90;674;0.81;0.77;Disabled;66.38;21.92;Yes;0;0;0;0;0;0
17156;No;526;526;90;673;0.81;0.76;Disabled;66.38;21.92;Yes;0;0;0;0;0;0
17186;No;526;526;90;673;0.81;0.76;Disabled;66.38;21.92;Yes;0;0;0;0;0;0
17218;No;526;526;90;673;0.80;0.76;Disabled;66.38;21.92;Yes;0;0;0;0;0;0
17246;No;526;526;90;672;0.80;0.76;Disabled;66.38;21.92;Yes;0;0;0;0;0;0
17279;No;526;526;90;672;0.80;0.76;Disabled;66.38;21.92;Yes;0;0;0;0;0;0
17312;No;526;526;90;672;0.80;0.76;Disabled;66.38;21.92;Yes;0;0;0;0;0;0
17369;No;526;526;90;672;0.80;0.76;Disabled;66.38;21.92;Yes;0;0;0;0;0;0
17426;No;526;526;90;670;0.80;0.76;Disabled;66.38;21.92;Yes;0;0;0;0;0;0
17458;No;526;526;90;669;0.80;0.76;Disabled;66.38;21.92;Yes;0;0;0;0;0;0
17486;No;526;526;90;668;0.80;0.76;Enabled;66.38;21.92;Yes;0;0;0;0;0;0
17519;No;526;526;90;666;0.80;0.76;Enabled;66.38;21.92;Yes;0;0;0;0;0;0
17547;No;526;526;90;666;0.80;0.76;Enabled;66.38;21.92;Yes;0;0;0;0;0;0
17579;No;526;526;90;664;0.80;0.76;Enabled;66.38;21.92;Yes;0;0;0;0;0;0
17606;No;526;526;90;663;0.80;0.76;Enabled;66.38;21.92;Yes;0;0;0;0;0;0
17638;No;526;526;90;662;0.80;0.76;Enabled;66.38;21.92;Yes;0;0;0;0;0;0
17668;No;526;526;90;660;0.80;0.76;Enabled;66.38;21.92;Yes;0;0;0;0;0;0
17728;No;526;526;90;659;0.80;0.76;Enabled;66.38;21.92;Yes;0;0;0;0;0;0
17759;No;526;526;90;658;0.80;0.76;Enabled;66.38;21.92;Yes;0;0;0;0;0;0
17785;No;525;526;90;657;0.80;0.76;Enabled;66.38;21.92;Yes;0;0;0;0;0;0
17818;No;525;525;90;656;0.79;0.76;Enabled;66.38;21.92;Yes;0;0;0;0;0;0
17847;No;525;525;90;654;0.79;0.76;Enabled;66.38;21.92;Yes;0;0;0;0;0;0
17879;No;525;525;90;653;0.79;0.76;Enabled;66.38;21.92;Yes;0;0;0;0;0;0
17907;No;525;525;90;652;0.79;0.76;Enabled;66.38;21.92;Yes;0;0;0;0;0;0
17939;No;525;525;90;651;0.79;0.76;Enabled;66.38;21.92;Yes;0;0;0;0;0;0
17968;No;525;525;90;651;0.79;0.76;Enabled;66.38;21.92;Yes;0;0;0;0;0;0
18026;No;525;525;90;651;0.79;0.76;Enabled;66.38;21.92;Yes;0;0;0;0;0;0
18056;No;525;525;90;652;0.79;0.76;Enabled;66.38;21.92;Yes;0;0;0;0;0;0
18088;No;525;525;90;652;0.79;0.76;Enabled;66.38;21.92;Yes;0;0;0;0;0;0
18117;No;525;525;90;652;0.79;0.76;Enabled;66.38;21.92;Yes;0;0;0;0;0;0
18149;No;525;525;90;652;0.79;0.76;Enabled;66.38;21.92;Yes;0;0;0;0;0;0
18179;No;525;525;90;652;0.79;0.76;Enabled;66.38;21.92;Yes;0;0;0;0;0;0
18206;No;525;525;90;652;0.79;0.76;Enabled;66.38;21.92;Yes;0;0;0;0;0;0
18238;No;525;525;90;653;0.79;0.76;Enabled;66.38;21.92;Yes;0;0;0;0;0;0
18267;No;525;525;90;653;0.79;0.76;Enabled;66.38;21.92;Yes;0;0;0;0;0;0
18329;No;525;525;90;653;0.79;0.75;Enabled;66.38;21.92;Yes;0;0;0;0;0;0
18358;No;525;525;90;654;0.79;0.75;Enabled;66.38;21.92;Yes;0;0;0;0;0;0
18389;No;525;525;90;654;0.79;0.75;Enabled;66.38;21.92;Yes;0;0;0;0;0;0
18419;No;525;524;90;654;0.79;0.75;Enabled;66.38;21.92;Yes;0;0;0;0;0;0
18449;No;525;524;90;654;0.79;0.75;Enabled;66.38;21.92;Yes;0;0;0;0;0;0
18475;No;525;524;90;654;0.79;0.75;Enabled;66.38;21.92;Yes;0;0;0;0;0;0
18506;No;525;524;90;654;0.79;0.75;Enabled;66.38;21.92;Yes;0;0;0;0;0;0
18539;No;524;524;90;654;0.79;0.75;Enabled;66.38;21.92;Yes;0;0;0;0;0;0
18566;No;524;524;90;653;0.79;0.75;Enabled;66.38;21.92;Yes;0;0;0;0;0;0
18659;No;524;524;90;652;0.79;0.75;Enabled;66.38;21.92;Yes;0;0;0;0;0;0
18686;No;524;524;90;652;0.79;0.75;Enabled;66.38;21.92;Yes;0;0;0;0;0;0
18718;No;524;524;90;651;0.79;0.75;Enabled;66.38;21.92;Yes;0;0;0;0;0;0
18750;No;524;524;90;650;0.78;0.75;Enabled;66.38;21.92;Yes;0;0;0;0;0;0
18779;No;524;524;90;650;0.78;0.75;Enabled;66.38;21.92;Yes;0;0;0;0;0;0
18806;No;524;524;90;649;0.78;0.75;Enabled;66.38;21.92;Yes;0;0;0;0;0;0
18838;No;524;524;90;648;0.78;0.75;Enabled;66.38;21.92;Yes;0;0;0;0;0;0
18866;No;524;524;90;648;0.78;0.75;Enabled;66.38;21.92;Yes;0;0;0;0;0;0
18929;No;524;524;90;647;0.78;0.75;Enabled;66.38;21.92;Yes;0;0;0;0;0;0
18957;No;524;524;90;646;0.78;0.75;Enabled;66.38;21.92;Yes;0;0;0;0;0;0
18989;No;524;524;90;645;0.78;0.75;Enabled;66.38;21.92;Yes;0;0;0;0;0;0
19015;No;524;524;90;644;0.78;0.75;Enabled;66.38;21.92;Yes;0;0;0;0;0;0
19048;No;524;524;90;644;0.78;0.75;Enabled;66.38;21.92;Yes;0;0;0;0;0;0
19079;No;524;524;90;643;0.78;0.75;Enabled;66.38;21.92;Yes;0;0;0;0;0;0
19108;No;524;524;90;642;0.78;0.75;Enabled;66.38;21.92;Yes;0;0;0;0;0;0
19137;No;524;524;90;643;0.78;0.75;Enabled;66.38;21.92;Yes;0;0;0;0;0;0
19168;No;524;524;90;643;0.78;0.75;Enabled;66.38;21.92;Yes;0;0;0;0;0;0
19229;No;524;524;90;643;0.78;0.75;Enabled;66.38;21.92;Yes;0;0;0;0;0;0
19256;No;524;524;90;643;0.78;0.75;Enabled;66.38;21.92;Yes;0;0;0;0;0;0
19286;No;524;524;90;644;0.78;0.75;Enabled;66.38;21.92;Yes;0;0;0;0;0;0
19316;No;524;524;90;644;0.78;0.75;Enabled;66.38;21.92;Yes;0;0;0;0;0;0
19348;No;524;524;90;644;0.78;0.75;Enabled;66.38;21.92;Yes;0;0;0;0;0;0
19376;No;523;523;90;644;0.78;0.75;Enabled;66.38;21.92;Yes;0;0;0;0;0;0
19406;No;523;523;90;644;0.78;0.75;Enabled;66.38;21.92;Yes;0;0;0;0;0;0
19438;No;523;523;90;644;0.77;0.75;Enabled;66.38;21.92;Yes;0;0;0;0;0;0
19466;No;523;523;90;644;0.77;0.75;Enabled;66.38;21.92;Yes;0;0;0;0;0;0
19528;No;523;523;90;645;0.77;0.75;Enabled;66.38;21.92;Yes;0;0;0;0;0;0
19559;No;523;523;90;645;0.77;0.75;Enabled;66.38;21.92;Yes;0;0;0;0;0;0
19590;No;523;523;90;645;0.77;0.74;Enabled;66.38;21.92;Yes;0;0;0;0;0;0
19618;No;523;523;90;645;0.77;0.74;Enabled;66.38;21.92;Yes;0;0;0;0;0;0
19649;No;523;523;90;646;0.77;0.74;Enabled;66.38;21.92;Yes;0;0;0;0;0;0
19679;No;523;523;90;646;0.77;0.74;Enabled;66.38;21.92;Yes;0;0;0;0;0;0
19706;No;523;523;90;647;0.77;0.74;Enabled;66.38;21.92;Yes;0;0;0;0;0;0
19739;No;523;523;90;648;0.77;0.74;Enabled;66.38;21.92;Yes;0;0;0;0;0;0
19768;No;523;523;90;649;0.77;0.74;Enabled;66.38;21.92;Yes;0;0;0;0;0;0
19827;No;523;523;90;650;0.77;0.74;Enabled;66.38;21.92;Yes;0;0;0;0;0;0
19859;No;523;523;90;650;0.77;0.74;Enabled;66.38;21.92;Yes;0;0;0;0;0;0
19898;No;523;523;90;652;0.77;0.74;Enabled;66.38;21.92;Yes;0;0;0;0;0;0
19918;No;523;523;90;652;0.77;0.74;Enabled;66.38;21.92;Yes;0;0;0;0;0;0
19948;No;523;523;90;654;0.77;0.74;Enabled;66.38;21.92;Yes;0;0;0;0;0;0
19979;No;523;523;90;654;0.77;0.74;Enabled;66.38;21.92;Yes;0;0;0;0;0;0
20006;No;523;523;90;656;0.77;0.74;Enabled;66.38;21.92;Yes;0;0;0;0;0;0
20036;No;523;523;90;656;0.77;0.74;Enabled;66.38;21.92;Yes;0;0;0;0;0;0
20068;No;523;523;90;658;0.77;0.74;Enabled;66.38;21.92;Yes;0;0;0;0;0;0
20129;No;523;523;90;658;0.77;0.74;Enabled;66.38;21.92;Yes;0;0;0;0;0;0
20156;No;523;523;90;659;0.77;0.74;Enabled;66.38;21.92;Yes;0;0;0;0;0;0
20186;No;523;523;90;660;0.77;0.74;Enabled;66.38;21.92;Yes;0;0;0;0;0;0
20218;No;522;523;90;661;0.77;0.74;Enabled;66.38;21.92;Yes;0;0;0;0;0;0
20249;No;522;522;90;662;0.77;0.74;Enabled;66.38;21.92;Yes;0;0;0;0;0;0
20280;No;522;522;90;662;0.77;0.74;Enabled;66.38;21.92;Yes;0;0;0;0;0;0
20309;No;522;522;90;662;0.77;0.74;Enabled;66.38;21.92;Yes;0;0;0;0;0;0
20339;No;522;522;90;662;0.77;0.74;Enabled;66.38;21.92;Yes;0;0;0;0;0;0
20366;No;522;522;90;662;0.77;0.74;Enabled;66.38;21.92;Yes;0;0;0;0;0;0
20426;No;522;522;90;662;0.77;0.74;Enabled;66.38;21.92;Yes;0;0;0;0;0;0
20457;No;522;522;90;662;0.77;0.74;Enabled;66.38;21.92;Yes;0;0;0;0;0;0
20488;No;522;522;90;662;0.77;0.74;Enabled;66.38;21.92;Yes;0;0;0;0;0;0
20520;No;522;522;90;662;0.77;0.74;Enabled;66.38;21.92;Yes;0;0;0;0;0;0
20548;No;522;522;90;662;0.77;0.74;Enabled;66.38;21.92;Yes;0;0;0;0;0;0
20579;No;522;522;90;662;0.76;0.74;Enabled;66.38;21.92;Yes;0;0;0;0;0;0
20609;No;522;522;90;662;0.76;0.74;Enabled;66.38;21.92;Yes;0;0;0;0;0;0
20636;No;522;522;90;661;0.76;0.74;Enabled;66.38;21.92;Yes;0;0;0;0;0;0
20666;No;522;522;90;661;0.76;0.74;Enabled;66.38;21.92;Yes;0;0;0;0;0;0
20729;No;522;522;90;661;0.76;0.73;Enabled;66.38;21.92;Yes;0;0;0;0;0;0
20756;No;522;522;90;661;0.76;0.73;Enabled;66.38;21.92;Yes;0;0;0;0;0;0
20786;No;522;522;90;661;0.76;0.73;Enabled;66.38;21.92;Yes;0;0;0;0;0;0
20818;No;522;522;90;661;0.76;0.73;Enabled;66.38;21.92;Yes;0;0;0;0;0;0
20848;No;522;522;90;660;0.76;0.73;Enabled;66.38;21.92;Yes;0;0;0;0;0;0
20877;No;522;522;90;659;0.76;0.73;Enabled;66.38;21.92;Yes;0;0;0;0;0;0
20908;No;522;522;90;658;0.76;0.73;Enabled;66.38;21.92;Yes;0;0;0;0;0;0
20939;No;522;522;90;658;0.76;0.73;Enabled;66.38;21.92;Yes;0;0;0;0;0;0
20968;No;522;522;90;657;0.76;0.73;Enabled;66.38;21.92;Yes;0;0;0;0;0;0
21029;No;522;522;90;656;0.76;0.73;Enabled;66.38;21.92;Yes;0;0;0;0;0;0
21057;No;522;522;90;655;0.76;0.73;Enabled;66.38;21.92;Yes;0;0;0;0;0;0
21089;No;522;522;90;654;0.76;0.73;Enabled;66.38;21.92;Yes;0;0;0;0;0;0
21119;No;522;522;90;653;0.76;0.73;Enabled;66.38;21.92;Yes;0;0;0;0;0;0
21148;No;522;522;90;652;0.76;0.73;Enabled;66.38;21.92;Yes;0;0;0;0;0;0
21208;No;522;522;90;652;0.76;0.73;Enabled;66.38;21.92;Yes;0;0;0;0;0;0
21239;No;522;522;90;650;0.76;0.73;Enabled;66.38;21.92;Yes;0;0;0;0;0;0
21269;No;522;522;90;650;0.76;0.73;Enabled;66.38;21.92;Yes;0;0;0;0;0;0
21330;No;522;522;90;649;0.76;0.73;Enabled;66.38;21.92;Yes;0;0;0;0;0;0
21359;No;522;522;90;648;0.76;0.73;Enabled;66.38;21.92;Yes;0;0;0;0;0;0
21389;No;522;522;90;647;0.76;0.73;Enabled;66.38;21.92;Yes;0;0;0;0;0;0
21416;No;522;522;90;646;0.76;0.73;Enabled;66.38;21.92;Yes;0;0;0;0;0;0
21446;No;522;522;90;647;0.76;0.73;Enabled;66.38;21.92;Yes;0;0;0;0;0;0
21480;No;522;522;90;647;0.76;0.73;Enabled;66.38;21.92;Yes;0;0;0;0;0;0
21506;No;522;522;90;648;0.76;0.73;Enabled;66.38;21.92;Yes;0;0;0;0;0;0
21538;No;521;522;90;648;0.76;0.73;Enabled;66.38;21.92;Yes;0;0;0;0;0;0
21570;No;521;521;90;648;0.76;0.73;Enabled;66.38;21.92;Yes;0;0;0;0;0;0
21629;No;521;521;90;649;0.76;0.73;Enabled;66.38;21.92;Yes;0;0;0;0;0;0
21658;No;521;521;90;649;0.76;0.73;Enabled;66.38;21.92;Yes;0;0;0;0;0;0
21686;No;521;521;90;650;0.76;0.73;Enabled;66.38;21.92;Yes;0;0;0;0;0;0
21717;No;521;521;90;650;0.76;0.73;Enabled;66.38;21.92;Yes;0;0;0;0;0;0
21749;No;521;521;90;650;0.75;0.73;Enabled;66.38;21.92;Yes;0;0;0;0;0;0
21775;No;521;521;90;651;0.75;0.73;Enabled;66.38;21.92;Yes;0;0;0;0;0;0
21806;No;521;521;90;651;0.75;0.73;Enabled;66.38;21.92;Yes;0;0;0;0;0;0
21839;No;521;521;90;652;0.75;0.73;Enabled;66.38;21.92;Yes;0;0;0;0;0;0
21867;No;521;521;90;652;0.75;0.73;Enabled;66.38;21.92;Yes;0;0;0;0;0;0
21928;No;521;521;90;653;0.75;0.73;Enabled;66.38;21.92;Yes;0;0;0;0;0;0
21959;No;521;521;90;653;0.75;0.73;Enabled;66.38;21.92;Yes;0;0;0;0;0;0
21990;No;521;521;90;654;0.75;0.73;Enabled;66.38;21.92;Yes;0;0;0;0;0;0
22016;No;521;521;90;653;0.75;0.73;Enabled;66.38;21.92;Yes;0;0;0;0;0;0
22049;No;521;521;90;652;0.75;0.73;Enabled;66.38;21.92;Yes;0;0;0;0;0;0
22078;No;521;521;90;652;0.75;0.73;Enabled;66.38;21.92;Yes;0;0;0;0;0;0
22109;No;521;521;90;652;0.75;0.73;Enabled;66.38;21.92;Yes;0;0;0;0;0;0
22136;No;521;521;90;651;0.75;0.73;Enabled;66.38;21.92;Yes;0;0;0;0;0;0
22166;No;521;521;90;650;0.75;0.73;Enabled;66.38;21.92;Yes;0;0;0;0;0;0
22229;No;521;521;90;650;0.75;0.73;Enabled;66.38;21.92;Yes;0;0;0;0;0;0
22259;No;521;521;90;649;0.75;0.73;Enabled;66.38;21.92;Yes;0;0;0;0;0;0
22287;No;521;521;90;649;0.75;0.73;Enabled;66.38;21.92;Yes;0;0;0;0;0;0
22320;No;521;521;90;648;0.75;0.73;Enabled;66.38;21.92;Yes;0;0;0;0;0;0
22348;No;521;521;90;648;0.75;0.73;Enabled;66.38;21.92;Yes;0;0;0;0;0;0
22378;No;521;521;90;647;0.75;0.73;Enabled;66.38;21.92;Yes;0;0;0;0;0;0
22406;No;521;521;90;646;0.75;0.73;Enabled;66.38;21.92;Yes;0;0;0;0;0;0
22456;No;521;521;90;646;0.75;0.72;Enabled;66.38;21.92;Yes;0;0;0;0;0;0
22508;No;521;521;90;646;0.75;0.72;Enabled;66.38;21.92;Yes;0;0;0;0;0;0
22526;No;521;521;90;645;0.75;0.72;Enabled;66.38;21.92;Yes;0;0;0;0;0;0
22558;No;521;521;90;644;0.75;0.72;Enabled;66.38;21.92;Yes;0;0;0;0;0;0
22586;No;521;521;90;644;0.75;0.72;Enabled;66.38;21.92;Yes;0;0;0;0;0;0
22616;No;521;521;90;644;0.75;0.72;Enabled;66.38;21.92;Yes;0;0;0;0;0;0
22648;No;521;521;90;643;0.75;0.72;Enabled;66.38;21.92;Yes;0;0;0;0;0;0
22679;No;521;521;90;643;0.75;0.72;Enabled;66.38;21.92;Yes;0;0;0;0;0;0
22709;No;521;521;90;642;0.75;0.72;Enabled;66.38;21.92;Yes;0;0;0;0;0;0
22737;No;521;521;90;642;0.75;0.72;Enabled;66.38;21.92;Yes;0;0;0;0;0;0
22768;No;521;521;90;642;0.75;0.72;Enabled;66.38;21.92;Yes;0;0;0;0;0;0
22829;No;521;521;91;641;0.75;0.72;Enabled;66.38;21.92;Yes;0;0;0;0;0;0
22859;No;521;520;91;641;0.75;0.72;Enabled;66.38;21.92;Yes;0;0;0;0;0;0
22889;No;521;520;91;640;0.75;0.72;Enabled;66.38;21.92;Yes;0;0;0;0;0;0
22916;No;521;520;91;640;0.75;0.72;Enabled;66.38;21.92;Yes;0;0;0;0;0;0
22946;No;520;520;91;640;0.75;0.72;Enabled;66.38;21.92;Yes;0;0;0;0;0;0
22980;No;520;520;91;639;0.74;0.72;Enabled;66.38;21.92;Yes;0;0;0;0;0;0
23007;No;520;520;91;638;0.74;0.72;Enabled;66.38;21.92;Yes;0;0;0;0;0;0
23038;No;520;520;91;638;0.74;0.72;Enabled;66.38;21.92;Yes;0;0;0;0;0;0
23066;No;520;520;91;638;0.74;0.72;Enabled;66.38;21.92;Yes;0;0;0;0;0;0
23129;No;520;520;91;637;0.74;0.72;Enabled;66.38;21.92;Yes;0;0;0;0;0;0
23156;No;520;520;91;638;0.74;0.72;Enabled;66.38;21.92;Yes;0;0;0;0;0;0
23188;No;520;520;91;638;0.74;0.72;Enabled;66.38;21.92;Yes;0;0;0;0;0;0
23216;No;520;520;91;638;0.74;0.72;Enabled;66.38;21.92;Yes;0;0;0;0;0;0
23246;No;520;520;91;639;0.74;0.72;Enabled;66.38;21.92;Yes;0;0;0;0;0;0
23276;No;520;520;91;640;0.74;0.72;Enabled;66.38;21.92;Yes;0;0;0;0;0;0
23310;No;520;520;91;640;0.74;0.72;Enabled;66.38;21.92;Yes;0;0;0;0;0;0
23336;No;520;520;91;640;0.74;0.72;Enabled;66.38;21.92;Yes;0;0;0;0;0;0
23367;No;520;520;91;641;0.74;0.72;Enabled;66.38;21.92;Yes;0;0;0;0;0;0
23426;No;520;520;91;641;0.74;0.72;Enabled;66.38;21.92;Yes;0;0;0;0;0;0
23457;No;520;520;91;642;0.74;0.72;Enabled;66.38;21.92;Yes;0;0;0;0;0;0
23489;No;520;520;91;642;0.74;0.72;Enabled;66.38;21.92;Yes;0;0;0;0;0;0
23519;No;520;520;91;643;0.74;0.72;Enabled;66.38;21.92;Yes;0;0;0;0;0;0
23548;No;520;520;91;643;0.74;0.72;Enabled;66.38;21.92;Yes;0;0;0;0;0;0
23576;No;520;520;91;644;0.74;0.72;Enabled;66.38;21.92;Yes;0;0;0;0;0;0
23606;No;520;520;91;644;0.74;0.72;Enabled;66.38;21.92;Yes;0;0;0;0;0;0
23639;No;520;520;91;644;0.74;0.72;Enabled;66.38;21.92;Yes;0;0;0;0;0;0
23669;No;520;520;91;645;0.74;0.72;Enabled;66.38;21.92;Yes;0;0;0;0;0;0
23758;No;520;520;91;644;0.74;0.72;Enabled;66.38;21.92;Yes;0;0;0;0;0;0
23789;No;520;520;91;644;0.74;0.72;Enabled;66.38;21.92;Yes;0;0;0;0;0;0
23819;No;520;520;91;644;0.74;0.72;Enabled;66.38;21.92;Yes;0;0;0;0;0;0
23848;No;520;520;91;644;0.74;0.72;Enabled;66.38;21.92;Yes;0;0;0;0;0;0
23878;No;520;520;91;643;0.74;0.72;Enabled;66.38;21.92;Yes;0;0;0;0;0;0
23910;No;520;520;91;643;0.74;0.72;Enabled;66.38;21.92;Yes;0;0;0;0;0;0
23936;No;520;520;91;642;0.74;0.72;Enabled;66.38;21.92;Yes;0;0;0;0;0;0
23966;No;520;520;91;642;0.74;0.72;Enabled;66.38;21.92;Yes;0;0;0;0;0;0
24029;No;520;520;91;642;0.74;0.72;Enabled;66.38;21.92;Yes;0;0;0;0;0;0
24058;No;520;520;91;641;0.74;0.72;Enabled;66.38;21.92;Yes;0;0;0;0;0;0
24089;No;520;520;91;641;0.74;0.72;Enabled;66.38;21.92;Yes;0;0;0;0;0;0
24119;No;520;520;91;640;0.74;0.72;Enabled;66.38;21.92;Yes;0;0;0;0;0;0
24146;No;520;520;91;640;0.74;0.72;Enabled;66.38;21.92;Yes;0;0;0;0;0;0
24179;No;520;520;91;640;0.74;0.72;Enabled;66.38;21.92;Yes;0;0;0;0;0;0
24209;No;520;520;91;639;0.74;0.72;Enabled;66.38;21.92;Yes;0;0;0;0;0;0
24236;No;520;520;91;639;0.74;0.72;Enabled;66.38;21.92;Yes;0;0;0;0;0;0
24268;No;520;520;91;638;0.74;0.72;Enabled;66.38;21.92;Yes;0;0;0;0;0;0
24329;No;520;520;91;639;0.74;0.72;Enabled;66.38;21.92;Yes;0;0;0;0;0;0
24358;No;520;520;91;639;0.74;0.72;Enabled;66.38;21.92;Yes;0;0;0;0;0;0
24389;No;520;520;91;640;0.74;0.72;Enabled;66.38;21.92;Yes;0;0;0;0;0;0
24419;No;520;520;91;640;0.74;0.72;Enabled;66.38;21.92;Yes;0;0;0;0;0;0
24448;No;520;520;91;640;0.74;0.72;Enabled;66.38;21.92;Yes;0;0;0;0;0;0
24476;No;520;520;91;640;0.74;0.72;Enabled;66.38;21.92;Yes;0;0;0;0;0;0
24508;No;520;520;91;641;0.74;0.72;Enabled;66.38;21.92;Yes;0;0;0;0;0;0
24539;No;519;520;91;641;0.74;0.72;Enabled;66.38;21.92;Yes;0;0;0;0;0;0
24569;No;519;519;91;642;0.74;0.72;Enabled;66.38;21.92;Yes;0;0;0;0;0;0
24629;No;519;519;91;642;0.74;0.72;Enabled;66.38;21.92;Yes;0;0;0;0;0;0
24658;No;519;519;91;642;0.74;0.72;Enabled;66.38;21.92;Yes;0;0;0;0;0;0
24686;No;519;519;91;642;0.74;0.72;Enabled;66.38;21.92;Yes;0;0;0;0;0;0
24716;No;519;519;91;643;0.73;0.72;Enabled;66.38;21.92;Yes;0;0;0;0;0;0
24746;No;519;519;91;643;0.73;0.72;Enabled;66.38;21.92;Yes;0;0;0;0;0;0
24778;No;519;519;91;644;0.73;0.72;Enabled;66.38;21.92;Yes;0;0;0;0;0;0
24809;No;519;519;91;644;0.73;0.72;Enabled;66.38;21.92;Yes;0;0;0;0;0;0
24836;No;519;519;91;644;0.73;0.72;Enabled;66.38;21.92;Yes;0;0;0;0;0;0
24866;No;519;519;91;709;0.73;0.72;Enabled;66.38;21.92;Yes;0;0;0;0;0;0
24929;No;519;519;91;773;0.72;0.72;Enabled;66.38;21.92;Yes;0;0;0;0;0;0
24960;No;519;519;91;838;0.71;0.72;Enabled;66.38;21.92;Yes;0;0;0;0;0;0
24987;No;519;519;91;902;0.69;0.71;Enabled;66.38;21.92;Yes;0;0;0;0;0;0
25060;No;519;519;91;966;0.68;0.71;Enabled;66.38;21.92;Yes;0;0;0;0;0;0
25227;No;519;519;91;1030;0.67;0.71;Enabled;66.38;21.92;Yes;0;0;0;0;0;0
25400;No;519;519;91;1095;0.65;0.71;Enabled;66.38;21.92;Yes;0;0;0;0;0;0
25568;No;519;519;91;1159;0.64;0.71;Enabled;66.38;21.92;Yes;0;0;0;0;0;0
25767;No;519;519;91;1224;0.62;0.71;Enabled;66.38;21.92;Yes;0;0;0;0;0;0
26031;No;519;519;91;1288;0.61;0.71;Enabled;66.38;21.92;Yes;0;0;0;0;0;0
26200;No;519;519;91;1352;0.60;0.70;Enabled;66.38;21.92;Yes;0;0;0;0;0;0
26437;No;519;519;91;1417;0.58;0.70;Enabled;66.38;21.92;Yes;0;0;0;0;0;0
26636;No;519;519;91;1481;0.57;0.70;Enabled;66.38;21.92;Yes;0;0;0;0;0;0
26805;No;519;519;91;1546;0.56;0.70;Enabled;66.38;21.92;Yes;0;0;0;0;0;0
27069;No;520;519;91;1610;0.54;0.70;Enabled;66.38;21.92;Yes;0;0;0;0;0;0
27307;No;520;520;91;1674;0.53;0.69;Enabled;66.38;21.92;Yes;0;0;0;0;0;0
27476;No;521;520;91;1739;0.52;0.69;Enabled;66.38;21.92;Yes;0;0;0;0;0;0
27644;No;521;521;91;1757;0.50;0.69;Enabled;66.38;21.92;Yes;0;0;0;0;0;0
27843;No;522;522;91;1775;0.52;0.69;Enabled;66.38;21.92;Yes;0;0;0;0;0;0
28079;No;523;522;91;1793;0.53;0.69;Enabled;66.38;21.92;Yes;0;0;0;0;0;0
28314;No;523;523;91;1811;0.54;0.69;Enabled;66.38;21.92;Yes;0;0;0;0;0;0
28484;No;524;524;91;1829;0.56;0.70;Enabled;66.38;21.92;Yes;0;0;0;0;0;0
28654;No;524;524;91;1847;0.57;0.70;Enabled;66.38;21.92;Yes;0;0;0;0;0;0
28826;No;525;525;91;1865;0.58;0.70;Enabled;66.38;21.92;Yes;0;0;0;0;0;0
29092;No;525;526;91;1883;0.59;0.71;Enabled;66.38;21.92;Yes;0;0;0;0;0;0
29260;No;526;526;91;1901;0.61;0.71;Enabled;66.38;21.92;Yes;0;0;0;0;0;0
29429;No;526;527;91;1919;0.62;0.71;Enabled;66.38;21.92;Yes;0;0;0;0;0;0
29597;No;527;527;91;1937;0.63;0.71;Enabled;66.38;21.92;Yes;0;0;0;0;0;0
29767;No;528;528;91;1955;0.65;0.71;Enabled;66.38;21.92;Yes;0;0;0;0;0;0
30069;No;528;529;91;1973;0.66;0.72;Enabled;66.38;21.92;Yes;0;0;0;0;0;0
30240;No;529;529;91;1991;0.67;0.72;Enabled;66.38;21.92;Yes;0;0;0;0;0;0
30407;No;530;530;91;2009;0.68;0.72;Enabled;66.38;21.92;Yes;0;0;0;0;0;0
30576;No;531;531;91;2027;0.70;0.73;Enabled;66.38;21.92;Yes;0;0;0;0;0;0
30787;No;532;532;91;2045;0.71;0.73;Enabled;66.38;21.92;Yes;0;0;0;0;0;0
31023;No;534;534;91;2027;0.72;0.73;Enabled;66.38;21.92;Yes;0;0;0;0;0;0
31221;No;535;535;91;2009;0.71;0.73;Enabled;66.38;21.92;Yes;0;0;0;0;0;0
31391;No;536;536;91;1991;0.70;0.73;Enabled;66.38;21.92;Yes;0;0;0;0;0;0
31561;No;538;538;91;1973;0.68;0.73;Enabled;66.38;21.92;Yes;0;0;0;0;0;0
31826;No;539;539;91;1955;0.67;0.73;Enabled;66.38;21.92;Yes;0;0;0;0;0;0
32063;No;540;540;91;1937;0.65;0.72;Enabled;66.38;21.92;Yes;0;0;0;0;0;0
32230;No;542;542;91;1919;0.64;0.72;Enabled;66.38;21.92;Yes;0;0;0;0;0;0
32399;No;543;543;91;1901;0.62;0.72;Enabled;66.38;21.92;Yes;0;0;0;0;0;0
32613;No;544;544;91;1883;0.61;0.72;Enabled;66.38;21.92;Yes;0;0;0;0;0;0
32784;No;545;546;91;1865;0.60;0.71;Enabled;66.38;21.92;Yes;0;0;0;0;0;0
33046;No;547;547;91;1847;0.58;0.71;Enabled;66.38;21.92;Yes;0;0;0;0;0;0
33216;No;548;548;91;1829;0.57;0.71;Enabled;66.38;21.92;Yes;0;0;0;0;0;0
33365;No;549;550;91;1811;0.55;0.71;Enabled;66.38;21.92;Yes;0;0;0;0;0;0
33600;No;550;551;91;1793;0.54;0.71;Enabled;66.38;21.92;Yes;0;0;0;0;0;0
33768;No;551;552;91;1775;0.53;0.70;Enabled;66.38;21.92;Yes;0;0;0;0;0;0
34034;No;552;553;91;1757;0.51;0.70;Enabled;66.38;21.92;Yes;0;0;0;0;0;0
34239;No;552;553;91;1739;0.50;0.70;Enabled;66.38;21.92;Yes;0;0;0;0;0;0
34474;No;553;554;91;1734;0.48;0.70;Enabled;66.38;21.92;Yes;0;0;0;0;0;0
34644;No;553;554;91;1728;0.50;0.69;Enabled;66.38;21.92;Yes;0;0;0;0;0;0
34843;No;554;555;91;1722;0.51;0.70;Enabled;66.38;21.92;Yes;0;0;0;0;0;0
35081;No;554;555;91;1717;0.52;0.70;Enabled;66.38;21.92;Yes;0;0;0;0;0;0
35098;No;555;556;91;1711;0.53;0.70;Enabled;66.38;21.92;Yes;0;0;0;0;0;0
35128;No;555;556;91;1706;0.54;0.70;Enabled;66.38;21.92;Yes;0;0;0;0;0;0
35160;No;556;556;91;1700;0.55;0.70;Enabled;66.38;21.92;Yes;0;0;0;0;0;0
35190;No;556;557;91;1694;0.56;0.70;Enabled;66.38;21.92;Yes;0;0;0;0;0;0
35221;No;557;557;91;1689;0.57;0.70;Enabled;66.38;21.92;Yes;0;0;0;0;0;0
35281;No;558;558;91;1684;0.58;0.70;Enabled;66.38;21.92;Yes;0;0;0;0;0;0
35309;No;558;558;91;1678;0.60;0.70;Enabled;66.38;21.92;Yes;0;0;0;0;0;0
35340;No;559;559;91;1672;0.61;0.70;Enabled;66.38;21.92;Yes;0;0;0;0;0;0
35369;No;559;559;91;1667;0.62;0.70;Enabled;66.38;21.92;Yes;0;0;0;0;0;0
35415;No;560;560;91;1661;0.63;0.71;Enabled;66.38;21.92;Yes;0;0;0;0;0;0
35426;No;560;560;91;1656;0.64;0.71;Enabled;66.38;21.92;Yes;0;0;0;0;0;0
35461;No;560;560;91;1650;0.65;0.71;Enabled;66.38;21.92;Yes;0;0;0;0;0;0
35490;No;560;560;91;1644;0.66;0.71;Enabled;66.38;21.92;Yes;0;0;0;0;0;0
35520;No;560;560;91;1625;0.67;0.71;Enabled;66.38;21.92;Yes;0;0;0;0;0;0
35550;No;560;560;91;1606;0.68;0.71;Enabled;66.38;21.92;Yes;0;0;0;0;0;0
35580;No;560;561;91;1587;0.68;0.71;Disabled;66.38;21.92;Yes;0;0;0;0;0;0
35610;No;560;561;91;1568;0.68;0.71;Disabled;66.38;21.92;Yes;0;0;0;0;0;0
35641;No;561;561;91;1548;0.68;0.71;Disabled;66.38;21.92;Yes;0;0;0;0;0;0
35666;No;561;561;91;1529;0.68;0.71;Disabled;66.38;21.92;Yes;0;0;0;0;0;0
35710;No;561;561;91;1510;0.68;0.71;Disabled;66.38;21.92;Yes;0;0;0;0;0;0
35728;No;561;561;91;1491;0.68;0.71;Disabled;66.38;21.92;Yes;0;0;0;0;0;0
35760;No;561;561;91;1472;0.68;0.71;Disabled;66.38;21.92;Yes;0;0;0;0;0;0
35790;No;561;561;91;1452;0.68;0.72;Disabled;66.38;21.92;Yes;0;0;0;0;0;0
35821;No;561;562;91;1433;0.68;0.72;Disabled;66.38;21.92;Yes;0;0;0;0;0;0
35849;No;561;562;91;1414;0.68;0.72;Disabled;66.38;21.92;Yes;0;0;0;0;0;0
35879;No;562;562;91;1395;0.68;0.72;Disabled;66.38;21.92;Yes;0;0;0;0;0;0
35911;No;562;562;91;1376;0.68;0.72;Disabled;66.38;21.92;Yes;0;0;0;0;0;0
35939;No;562;562;91;1356;0.68;0.72;Disabled;66.38;21.92;Yes;0;0;0;0;0;0
35970;No;562;562;91;1337;0.68;0.72;Disabled;66.38;21.92;Yes;0;0;0;0;0;0
36029;No;562;562;91;1318;0.68;0.72;Disabled;66.38;21.92;Yes;0;0;0;0;0;0
36059;No;562;562;91;1308;0.68;0.72;Disabled;66.38;21.92;Yes;0;0;0;0;0;0
36091;No;562;562;91;1298;0.68;0.72;Disabled;66.38;21.92;Yes;0;0;0;0;0;0
36119;No;562;562;91;1288;0.68;0.72;Disabled;66.38;21.92;Yes;0;0;0;0;0;0
36148;No;562;563;91;1277;0.68;0.72;Disabled;66.38;21.92;Yes;0;0;0;0;0;0
36180;No;563;563;91;1267;0.68;0.72;Disabled;66.38;21.92;Yes;0;0;0;0;0;0
36208;No;563;563;91;1257;0.68;0.72;Disabled;66.38;21.92;Yes;0;0;0;0;0;0
36241;No;563;563;91;1247;0.68;0.72;Disabled;66.38;21.92;Yes;0;0;0;0;0;0
36269;No;563;563;92;1236;0.68;0.72;Disabled;66.38;21.92;Yes;0;0;0;0;0;0
36311;No;563;563;92;1226;0.68;0.72;Disabled;66.38;21.92;Yes;0;0;0;0;0;0
36326;No;563;563;92;1216;0.67;0.72;Disabled;66.38;21.92;Yes;0;0;0;0;0;0
36403;No;563;563;92;1206;0.67;0.72;Disabled;66.38;21.92;Yes;0;0;0;0;0;0
36709;No;564;564;92;1196;0.67;0.72;Disabled;66.38;21.92;Yes;0;0;0;0;0;0
36910;No;564;564;92;1186;0.67;0.72;Disabled;66.38;21.92;Yes;0;0;0;0;0;0
37143;No;564;564;92;1175;0.67;0.72;Disabled;66.38;21.92;Yes;0;0;0;0;0;0
37311;No;564;564;92;1165;0.67;0.72;Disabled;66.38;21.92;Yes;0;0;0;0;0;0
37546;No;564;564;92;1155;0.67;0.72;Disabled;66.38;21.92;Yes;0;0;0;0;0;0
37745;No;564;564;92;1145;0.67;0.71;Disabled;66.38;21.92;Yes;0;0;0;0;0;0
37915;No;564;564;92;1133;0.67;0.71;Disabled;66.38;21.92;Yes;0;0;0;0;0;0
38151;No;564;564;92;1122;0.66;0.71;Disabled;66.38;21.92;Yes;0;0;0;0;0;0
38354;No;564;564;92;1110;0.66;0.71;Disabled;66.38;21.92;Yes;0;0;0;0;0;0
38521;No;564;564;92;1099;0.66;0.71;Disabled;66.38;21.92;Yes;0;0;0;0;0;0
38690;No;564;564;92;1088;0.66;0.71;Disabled;66.38;21.92;Yes;0;0;0;0;0;0
38860;No;564;564;92;1076;0.66;0.71;Disabled;66.38;21.92;Yes;0;0;0;0;0;0
39098;No;564;564;92;1065;0.66;0.71;Disabled;66.38;21.92;Yes;0;0;0;0;0;0
39332;No;564;564;93;1053;0.66;0.71;Disabled;66.38;21.92;Yes;0;0;0;0;0;0
39499;No;564;564;93;1042;0.66;0.70;Disabled;66.38;21.92;Yes;0;0;0;0;0;0
39667;No;564;564;93;1030;0.66;0.70;Disabled;66.38;21.92;Yes;0;0;0;0;0;0
39867;No;564;564;93;1019;0.66;0.70;Disabled;66.38;21.92;Yes;0;0;0;0;0;0
40169;No;564;564;93;1008;0.66;0.70;Disabled;66.38;21.92;Yes;0;0;0;0;0;0
40337;No;564;564;93;996;0.65;0.70;Disabled;66.38;21.92;Yes;0;0;0;0;0;0
40509;No;564;564;93;984;0.65;0.70;Disabled;66.38;21.92;Yes;0;0;0;0;0;0
40679;No;564;564;93;973;0.65;0.70;Disabled;66.38;21.92;Yes;0;0;0;0;0;0
40849;No;564;564;93;962;0.65;0.69;Disabled;66.38;21.92;Yes;0;0;0;0;0;0
41150;No;564;564;93;950;0.65;0.69;Disabled;66.38;21.92;Yes;0;0;0;0;0;0
41320;No;564;564;93;995;0.65;0.69;Disabled;66.38;21.92;Yes;0;0;0;0;0;0
41487;No;564;564;93;1040;0.62;0.69;Disabled;66.38;21.92;Yes;0;0;0;0;0;0
41687;No;563;563;93;1084;0.58;0.69;Disabled;66.38;21.92;Yes;0;0;0;0;0;0
41893;No;563;563;93;1129;0.55;0.68;Disabled;66.38;21.92;Yes;0;0;0;0;0;0
42126;No;563;563;93;1174;0.52;0.68;Disabled;66.38;21.92;Yes;0;0;0;0;0;0
42298;No;563;563;93;1218;0.49;0.67;Disabled;66.38;21.92;Yes;0;0;0;0;0;0
42465;No;563;563;93;1263;0.45;0.67;Disabled;66.38;21.92;Yes;0;0;0;0;0;0
42635;No;563;563;93;1308;0.42;0.66;Disabled;66.38;21.92;Yes;0;0;0;0;0;0
42901;No;563;563;93;1352;0.39;0.66;Disabled;66.38;21.92;Yes;0;0;0;0;0;0
43135;No;563;563;93;1397;0.36;0.66;Disabled;66.38;21.92;Yes;0;0;0;0;0;0
43306;No;563;563;93;1441;0.32;0.65;Disabled;66.38;21.92;Yes;0;0;0;0;0;0
43505;No;563;563;93;1486;0.29;0.65;Disabled;66.38;21.92;Yes;0;0;0;0;0;0
43674;No;563;563;93;1531;0.26;0.64;Disabled;66.38;21.92;Yes;0;0;0;0;0;0
43842;No;562;563;93;1575;0.22;0.64;Disabled;66.38;21.92;Yes;0;0;0;0;0;0
44078;No;563;562;93;1620;0.19;0.63;Disabled;66.38;21.92;Yes;0;0;0;0;0;0
44246;No;563;563;93;1664;0.16;0.63;Disabled;66.38;21.92;Yes;0;0;0;0;0;0
44415;No;563;563;93;1709;0.13;0.62;Disabled;66.38;21.92;Yes;0;0;0;0;0;0
44656;No;563;563;93;1722;0.09;0.62;Disabled;66.38;21.92;Yes;0;0;0;0;0;0
44828;No;563;563;93;1735;0.14;0.62;Disabled;66.38;21.92;Yes;0;0;0;0;0;0
45091;No;564;563;93;1748;0.18;0.62;Enabled;66.38;21.92;Yes;0;0;0;0;0;0
45260;No;564;564;93;1761;0.22;0.63;Enabled;66.38;21.92;Yes;0;0;0;0;0;0
45434;No;564;564;93;1774;0.26;0.64;Enabled;66.38;21.92;Yes;0;0;0;0;0;0
45665;No;564;564;93;1786;0.31;0.65;Enabled;66.38;21.92;Yes;0;0;0;0;0;0
45831;No;564;564;93;1799;0.35;0.66;Enabled;66.38;21.92;Yes;0;0;0;0;0;0
46067;No;565;564;92;1812;0.39;0.67;Enabled;66.38;21.92;Yes;0;0;0;0;0;0
46236;No;565;565;92;1825;0.44;0.67;Enabled;66.38;21.92;Yes;0;0;0;0;0;0
46409;No;565;565;92;1838;0.48;0.68;Enabled;66.38;21.92;Yes;0;0;0;0;0;0
46440;No;565;565;92;1851;0.52;0.69;Enabled;66.38;21.92;Yes;0;0;0;0;0;0
46470;No;565;565;92;1864;0.56;0.70;Enabled;66.38;21.92;Yes;0;0;0;0;0;0
46501;No;566;565;92;1876;0.61;0.71;Enabled;66.38;21.92;Yes;0;0;0;0;0;0
46526;No;566;566;92;1889;0.65;0.72;Enabled;66.38;21.92;Yes;0;0;0;0;0;0
46559;No;566;566;92;1902;0.69;0.72;Enabled;66.38;21.92;Yes;0;0;0;0;0;0
46592;No;566;566;92;1915;0.74;0.73;Enabled;66.38;21.92;Yes;0;0;0;0;0;0
46620;No;566;566;92;1928;0.78;0.74;Enabled;66.38;21.92;Yes;0;0;0;0;0;0
46650;No;566;566;92;1932;0.82;0.75;Enabled;66.38;21.92;Yes;0;0;0;0;0;0
46681;No;566;566;92;1935;0.82;0.76;Enabled;66.38;21.92;Yes;0;0;0;0;0;0
46741;No;566;566;92;1939;0.82;0.76;Enabled;66.38;21.92;Yes;0;0;0;0;0;0
46779;No;566;566;92;1942;0.82;0.76;Enabled;66.38;21.92;Yes;0;0;0;0;0;0
46802;No;566;566;92;1946;0.82;0.76;Enabled;66.38;21.92;Yes;0;0;0;0;0;0
46831;No;566;566;92;1950;0.82;0.76;Enabled;66.38;21.92;Yes;0;0;0;0;0;0
46858;No;566;566;92;1954;0.82;0.76;Enabled;66.38;21.92;Yes;0;0;0;0;0;0
46890;No;566;567;92;1957;0.82;0.76;Enabled;66.38;21.92;Yes;0;0;0;0;0;0
46919;No;566;567;92;1961;0.82;0.76;Enabled;66.38;21.92;Yes;0;0;0;0;0;0
46951;No;567;567;92;1964;0.82;0.76;Enabled;66.38;21.92;Yes;0;0;0;0;0;0
46979;No;567;567;92;1968;0.82;0.76;Enabled;66.38;21.92;Yes;0;0;0;0;0;0
47040;No;567;567;92;1972;0.82;0.76;Enabled;66.38;21.92;Yes;0;0;0;0;0;0
47071;No;567;567;92;1976;0.83;0.76;Enabled;66.38;21.92;Yes;0;0;0;0;0;0
47104;No;567;567;92;1979;0.83;0.76;Enabled;66.38;21.92;Yes;0;0;0;0;0;0
47129;No;567;567;92;1983;0.83;0.76;Enabled;66.38;21.92;Yes;0;0;0;0;0;0
47162;No;567;567;92;1986;0.83;0.76;Enabled;66.38;21.92;Yes;0;0;0;0;0;0
47194;No;567;567;92;1990;0.83;0.76;Enabled;66.38;21.92;Yes;0;0;0;0;0;0
47219;No;567;568;92;1972;0.83;0.76;Enabled;66.38;21.92;Yes;0;0;0;0;0;0
47253;No;567;568;92;1955;0.82;0.76;Enabled;66.38;21.92;Yes;0;0;0;0;0;0
47279;No;568;568;92;1937;0.82;0.76;Enabled;66.38;21.92;Yes;0;0;0;0;0;0
47341;No;568;568;92;1919;0.82;0.75;Enabled;66.38;21.92;Yes;0;0;0;0;0;0
47369;No;568;568;92;1902;0.82;0.75;Enabled;66.38;21.92;Yes;0;0;0;0;0;0
47400;No;568;568;92;1884;0.81;0.75;Enabled;66.38;21.92;Yes;0;0;0;0;0;0
47429;No;568;568;92;1866;0.81;0.75;Enabled;66.38;21.92;Yes;0;0;0;0;0;0
47460;No;568;568;92;1848;0.81;0.75;Enabled;66.38;21.92;Yes;0;0;0;0;0;0
47489;No;568;568;92;1831;0.81;0.75;Enabled;66.38;21.92;Yes;0;0;0;0;0;0
47520;No;568;568;92;1813;0.81;0.74;Enabled;66.38;21.92;Yes;0;0;0;0;0;0
47550;No;568;568;92;1795;0.80;0.74;Enabled;66.38;21.92;Yes;0;0;0;0;0;0
47580;No;568;568;92;1778;0.80;0.74;Enabled;66.38;21.92;Yes;0;0;0;0;0;0
47641;No;569;568;92;1760;0.80;0.74;Enabled;66.38;21.92;Yes;0;0;0;0;0;0
47669;No;569;569;92;1742;0.80;0.74;Enabled;66.38;21.92;Yes;0;0;0;0;0;0
47702;No;569;569;92;1724;0.79;0.74;Enabled;66.38;21.92;Yes;0;0;0;0;0;0
47729;No;569;569;92;1706;0.79;0.73;Enabled;66.38;21.92;Yes;0;0;0;0;0;0
47760;No;569;569;92;1689;0.79;0.73;Enabled;66.38;21.92;Yes;0;0;0;0;0;0
47790;No;569;569;92;1690;0.79;0.73;Enabled;66.38;21.92;Yes;0;0;0;0;0;0
47821;No;569;569;92;1692;0.78;0.73;Enabled;66.38;21.92;Yes;0;0;0;0;0;0
47850;No;569;569;92;1694;0.78;0.73;Enabled;66.38;21.92;Yes;0;0;0;0;0;0
47882;No;569;569;92;1695;0.77;0.73;Enabled;66.38;21.92;Yes;0;0;0;0;0;0
47936;No;570;569;92;1697;0.77;0.72;Enabled;66.38;21.92;Yes;0;0;0;0;0;0
47971;No;570;570;92;1698;0.76;0.72;Enabled;66.38;21.92;Yes;0;0;0;0;0;0
47999;No;570;570;92;1700;0.76;0.72;Enabled;66.38;21.92;Yes;0;0;0;0;0;0
48031;No;570;570;92;1702;0.75;0.72;Enabled;66.38;21.92;Yes;0;0;0;0;0;0
48089;No;570;570;92;1704;0.75;0.72;Enabled;66.38;21.92;Yes;0;0;0;0;0;0
48116;No;570;570;92;1705;0.75;0.72;Enabled;66.38;21.92;Yes;0;0;0;0;0;0
48147;No;570;570;92;1707;0.74;0.72;Enabled;66.38;21.92;Yes;0;0;0;0;0;0
48179;No;570;570;92;1708;0.74;0.71;Enabled;66.38;21.92;Yes;0;0;0;0;0;0
48237;No;570;570;92;1710;0.73;0.71;Enabled;66.38;21.92;Yes;0;0;0;0;0;0
48269;No;570;570;92;1712;0.73;0.71;Enabled;66.38;21.92;Yes;0;0;0;0;0;0
48302;No;571;570;92;1713;0.72;0.71;Enabled;66.38;21.92;Yes;0;0;0;0;0;0
48329;No;571;571;92;1715;0.72;0.71;Enabled;66.38;21.92;Yes;0;0;0;0;0;0
48359;No;571;571;92;1716;0.71;0.71;Enabled;66.38;21.92;Yes;0;0;0;0;0;0
48389;No;571;571;92;1714;0.71;0.71;Enabled;66.38;21.92;Yes;0;0;0;0;0;0
48421;No;571;571;92;1712;0.67;0.70;Enabled;66.38;21.92;Yes;0;0;0;0;0;0
48449;No;571;571;92;1710;0.64;0.70;Enabled;66.38;21.92;Yes;0;0;0;0;0;0
48479;No;571;571;92;1707;0.61;0.70;Enabled;66.38;21.92;Yes;0;0;0;0;0;0
48536;No;571;571;92;1705;0.57;0.70;Enabled;66.38;21.92;Yes;0;0;0;0;0;0
48567;No;572;571;92;1702;0.54;0.70;Enabled;66.38;21.92;Yes;0;0;0;0;0;0
48601;No;572;572;92;1700;0.50;0.70;Enabled;66.38;21.92;Yes;0;0;0;0;0;0
48629;No;572;572;92;1698;0.47;0.70;Enabled;66.38;21.92;Yes;0;0;0;0;0;0
48660;No;572;572;92;1696;0.44;0.70;Enabled;66.38;21.92;Yes;0;0;0;0;0;0
48690;No;572;572;92;1693;0.40;0.70;Enabled;66.38;21.92;Yes;0;0;0;0;0;0
48721;No;572;572;92;1691;0.37;0.70;Enabled;66.38;21.92;Yes;0;0;0;0;0;0
48749;No;572;572;92;1688;0.33;0.70;Enabled;66.38;21.92;Yes;0;0;0;0;0;0
48777;No;572;572;92;1686;0.30;0.70;Enabled;66.38;21.92;Yes;0;0;0;0;0;0
48842;No;572;572;92;1684;0.26;0.70;Enabled;66.38;21.92;Yes;0;0;0;0;0;0
48869;No;572;572;92;1682;0.23;0.70;Enabled;66.38;21.92;Yes;0;0;0;0;0;0
48900;No;573;572;92;1679;0.20;0.70;Enabled;66.38;21.92;Yes;0;0;0;0;0;0
48927;No;573;573;92;1677;0.16;0.70;Enabled;66.38;21.92;Yes;0;0;0;0;0;0
48956;No;573;573;92;1668;0.13;0.70;Enabled;66.38;21.92;Yes;0;0;0;0;0;0
48987;No;573;573;92;1658;0.13;0.70;Enabled;66.38;21.92;Yes;0;0;0;0;0;0
49018;No;573;573;92;1650;0.14;0.70;Enabled;66.38;21.92;Yes;0;0;0;0;0;0
49050;No;573;573;92;1640;0.14;0.70;Enabled;66.38;21.92;Yes;0;0;0;0;0;0
49080;No;573;573;92;1631;0.14;0.70;Enabled;66.38;21.92;Yes;0;0;0;0;0;0
49138;No;574;573;92;1622;0.15;0.69;Enabled;66.38;21.92;Yes;0;0;0;0;0;0
49169;No;574;574;92;1613;0.15;0.69;Enabled;66.38;21.92;Yes;0;0;0;0;0;0
49199;No;574;574;92;1604;0.15;0.69;Enabled;66.38;21.92;Yes;0;0;0;0;0;0
49229;No;574;574;92;1595;0.16;0.69;Enabled;66.38;21.92;Yes;0;0;0;0;0;0
49259;No;574;574;92;1586;0.16;0.69;Enabled;66.38;21.92;Yes;0;0;0;0;0;0
49289;No;574;574;92;1577;0.17;0.69;Enabled;66.38;21.92;Yes;0;0;0;0;0;0
49340;No;574;574;92;1568;0.17;0.69;Enabled;66.38;21.92;Yes;0;0;0;0;0;0
49380;No;574;574;92;1558;0.17;0.69;Enabled;66.38;21.92;Yes;0;0;0;0;0;0
49441;No;574;574;92;1550;0.18;0.69;Enabled;66.38;21.92;Yes;0;0;0;0;0;0
49469;No;575;574;92;1540;0.18;0.68;Enabled;66.38;21.92;Yes;0;0;0;0;0;0
49501;No;575;575;92;1531;0.18;0.68;Enabled;66.38;21.92;Yes;0;0;0;0;0;0
49529;No;575;575;92;1522;0.19;0.68;Enabled;66.38;21.92;Yes;0;0;0;0;0;0
49557;No;575;575;92;1518;0.19;0.68;Enabled;66.38;21.92;Yes;0;0;0;0;0;0
49590;No;575;575;92;1515;0.19;0.68;Enabled;66.38;21.92;Yes;0;0;0;0;0;0
49619;No;575;575;92;1511;0.19;0.68;Enabled;66.38;21.92;Yes;0;0;0;0;0;0
49649;No;575;575;92;1507;0.19;0.68;Enabled;66.38;21.92;Yes;0;0;0;0;0;0
49680;No;575;575;92;1503;0.19;0.68;Enabled;66.38;21.92;Yes;0;0;0;0;0;0
49741;No;575;575;92;1500;0.19;0.68;Enabled;66.38;21.92;Yes;0;0;0;0;0;0
49769;No;576;576;92;1496;0.19;0.68;Enabled;66.38;21.92;Yes;0;0;0;0;0;0
49800;No;576;576;92;1492;0.19;0.68;Enabled;66.38;21.92;Yes;0;0;0;0;0;0
49830;No;576;576;92;1488;0.19;0.69;Enabled;66.38;21.92;Yes;0;0;0;0;0;0
49859;No;576;576;92;1484;0.19;0.69;Enabled;66.38;21.92;Yes;0;0;0;0;0;0
49890;No;576;576;92;1480;0.19;0.69;Enabled;66.38;21.92;Yes;0;0;0;0;0;0
49921;No;576;576;92;1476;0.19;0.69;Enabled;66.38;21.92;Yes;0;0;0;0;0;0
49949;No;576;576;92;1473;0.20;0.69;Enabled;66.38;21.92;Yes;0;0;0;0;0;0
49981;No;576;576;92;1469;0.20;0.69;Enabled;66.38;21.92;Yes;0;0;0;0;0;0
50039;No;576;576;92;1465;0.20;0.69;Enabled;66.38;21.92;Yes;0;0;0;0;0;0
50069;No;576;577;92;1461;0.20;0.69;Enabled;66.38;21.92;Yes;0;0;0;0;0;0
50100;No;576;577;92;1458;0.20;0.69;Enabled;66.38;21.92;Yes;0;0;0;0;0;0
50131;No;577;577;92;1459;0.20;0.69;Enabled;66.38;21.92;Yes;0;0;0;0;0;0
50158;No;577;577;92;1461;0.21;0.69;Enabled;66.38;21.92;Yes;0;0;0;0;0;0
50188;No;577;577;92;1462;0.23;0.69;Enabled;66.38;21.92;Yes;0;0;0;0;0;0
50220;No;577;577;92;1464;0.24;0.69;Enabled;66.38;21.92;Yes;0;0;0;0;0;0
50251;No;577;577;92;1466;0.26;0.69;Enabled;66.38;21.92;Yes;0;0;0;0;0;0
50280;No;577;577;92;1468;0.28;0.69;Enabled;66.38;21.92;Yes;0;0;0;0;0;0
50341;No;577;578;92;1469;0.29;0.69;Enabled;66.38;21.92;Yes;0;0;0;0;0;0
50369;No;577;578;92;1471;0.31;0.69;Enabled;66.38;21.92;Yes;0;0;0;0;0;0
50400;No;578;578;92;1473;0.32;0.69;Enabled;66.38;21.92;Yes;0;0;0;0;0;0
50428;No;578;578;92;1474;0.34;0.69;Enabled;66.38;21.92;Yes;0;0;0;0;0;0
50460;No;578;578;92;1476;0.35;0.69;Enabled;66.38;21.92;Yes;0;0;0;0;0;0
50488;No;578;578;92;1478;0.37;0.69;Enabled;66.38;21.92;Yes;0;0;0;0;0;0
50520;No;578;578;92;1480;0.39;0.69;Enabled;66.38;21.92;Yes;0;0;0;0;0;0
50550;No;578;578;92;1481;0.40;0.69;Enabled;66.38;21.92;Yes;0;0;0;0;0;0
50581;No;578;578;92;1483;0.42;0.69;Enabled;66.38;21.92;Yes;0;0;0;0;0;0
50667;No;578;578;92;1484;0.43;0.69;Enabled;66.38;21.92;Yes;0;0;0;0;0;0
50703;No;578;579;92;1486;0.45;0.69;Enabled;66.38;21.92;Yes;0;0;0;0;0;0
50730;No;578;579;92;1478;0.46;0.69;Enabled;66.38;21.92;Yes;0;0;0;0;0;0
50761;No;579;579;92;1470;0.47;0.69;Enabled;66.38;21.92;Yes;0;0;0;0;0;0
50788;No;579;579;92;1461;0.48;0.69;Enabled;66.38;21.92;Yes;0;0;0;0;0;0
50821;No;579;579;92;1453;0.48;0.69;Enabled;66.38;21.92;Yes;0;0;0;0;0;0
50848;No;579;579;92;1445;0.49;0.69;Enabled;66.38;21.92;Yes;0;0;0;0;0;0
50878;No;579;579;92;1436;0.49;0.69;Enabled;66.38;21.92;Yes;0;0;0;0;0;0
50940;No;579;579;92;1428;0.50;0.69;Enabled;66.38;21.92;Yes;0;0;0;0;0;0
50968;No;579;579;92;1420;0.50;0.69;Enabled;66.38;21.92;Yes;0;0;0;0;0;0
51002;No;579;579;92;1412;0.51;0.69;Enabled;66.38;21.92;Yes;0;0;0;0;0;0
51030;No;579;579;92;1403;0.52;0.69;Enabled;66.38;21.92;Yes;0;0;0;0;0;0
51061;No;579;579;92;1395;0.52;0.69;Enabled;66.38;21.92;Yes;0;0;0;0;0;0
51091;No;580;580;92;1387;0.53;0.70;Enabled;66.38;21.92;Yes;0;0;0;0;0;0
51119;No;580;580;92;1378;0.53;0.70;Enabled;66.38;21.92;Yes;0;0;0;0;0;0
51150;No;580;580;92;1370;0.54;0.70;Enabled;66.38;21.92;Yes;0;0;0;0;0;0
51180;No;580;580;92;1362;0.54;0.70;Enabled;66.38;21.92;Yes;0;0;0;0;0;0
51239;No;580;580;92;1354;0.55;0.70;Enabled;66.38;21.92;Yes;0;0;0;0;0;0
51271;No;580;580;92;1345;0.56;0.70;Enabled;66.38;21.92;Yes;0;0;0;0;0;0
51301;No;580;580;92;1335;0.56;0.70;Enabled;66.38;21.92;Yes;0;0;0;0;0;0
51328;No;580;580;92;1324;0.57;0.70;Enabled;66.38;21.92;Yes;0;0;0;0;0;0
51358;No;580;580;92;1314;0.57;0.70;Disabled;66.38;21.92;Yes;0;0;0;0;0;0
51389;No;580;580;92;1303;0.58;0.71;Disabled;66.38;21.92;Yes;0;0;0;0;0;0
51420;No;580;580;92;1292;0.59;0.71;Disabled;66.38;21.92;Yes;0;0;0;0;0;0
51450;No;580;580;92;1282;0.59;0.71;Disabled;66.38;21.92;Yes;0;0;0;0;0;0
51481;No;580;580;92;1271;0.60;0.72;Disabled;66.38;21.92;Yes;0;0;0;0;0;0
51539;No;580;580;92;1260;0.60;0.72;Disabled;66.38;21.92;Yes;0;0;0;0;0;0
51569;No;580;580;92;1250;0.61;0.72;Disabled;66.38;21.92;Yes;0;0;0;0;0;0
51599;No;580;580;92;1239;0.61;0.73;Disabled;66.38;21.92;Yes;0;0;0;0;0;0
51630;No;580;581;92;1228;0.62;0.73;Disabled;66.38;21.92;Yes;0;0;0;0;0;0
51661;No;581;581;92;1218;0.63;0.73;Disabled;66.38;21.92;Yes;0;0;0;0;0;0
51688;No;581;581;92;1207;0.63;0.74;Disabled;66.38;21.92;Yes;0;0;0;0;0;0
51719;No;581;581;92;1196;0.64;0.74;Disabled;66.38;21.92;Yes;0;0;0;0;0;0
51750;No;581;581;92;1186;0.64;0.74;Disabled;66.38;21.92;Yes;0;0;0;0;0;0
51782;No;581;581;92;1175;0.65;0.75;Disabled;66.38;21.92;Yes;0;0;0;0;0;0
51840;No;581;581;92;1165;0.65;0.75;Disabled;66.38;21.92;Yes;0;0;0;0;0;0
51867;No;581;581;92;1159;0.66;0.75;Disabled;66.38;21.92;Yes;0;0;0;0;0;0
51900;No;581;581;92;1153;0.66;0.76;Disabled;66.38;21.92;Yes;0;0;0;0;0;0
51928;No;581;581;92;1148;0.66;0.76;Disabled;66.38;21.92;Yes;0;0;0;0;0;0
51957;No;581;581;92;1142;0.66;0.76;Disabled;66.38;21.92;Yes;0;0;0;0;0;0
51990;No;581;581;92;1136;0.66;0.76;Disabled;66.38;21.92;Yes;0;0;0;0;0;0
52018;No;581;581;92;1130;0.66;0.76;Disabled;66.38;21.92;Yes;0;0;0;0;0;0
52049;No;581;581;92;1125;0.67;0.76;Disabled;66.38;21.92;Yes;0;0;0;0;0;0
52080;No;581;581;92;1119;0.67;0.76;Disabled;66.38;21.92;Yes;0;0;0;0;0;0
52140;No;581;581;92;1114;0.67;0.76;Disabled;66.38;21.92;Yes;0;0;0;0;0;0
52168;No;581;581;92;1108;0.67;0.76;Disabled;66.38;21.92;Yes;0;0;0;0;0;0
52202;No;581;581;92;1102;0.67;0.76;Disabled;66.38;21.92;Yes;0;0;0;0;0;0
52229;No;581;581;92;1096;0.67;0.76;Disabled;66.38;21.92;Yes;0;0;0;0;0;0
52260;No;581;581;92;1090;0.67;0.76;Disabled;66.38;21.92;Yes;0;0;0;0;0;0
52287;No;581;581;92;1085;0.67;0.76;Disabled;66.38;21.92;Yes;0;0;0;0;0;0
52322;No;581;581;92;1079;0.67;0.77;Disabled;66.38;21.92;Yes;0;0;0;0;0;0
52350;No;581;581;92;1074;0.67;0.77;Disabled;66.38;21.92;Yes;0;0;0;0;0;0
52381;No;581;581;92;1068;0.67;0.77;Disabled;66.38;21.92;Yes;0;0;0;0;0;0
52439;No;581;581;92;1060;0.67;0.77;Disabled;66.38;21.92;Yes;0;0;0;0;0;0
52471;No;581;581;92;1053;0.67;0.77;Disabled;66.38;21.92;Yes;0;0;0;0;0;0
52502;No;581;581;92;1046;0.68;0.77;Disabled;66.38;21.92;Yes;0;0;0;0;0;0
52527;No;581;581;92;1038;0.68;0.77;Disabled;66.38;21.92;Yes;0;0;0;0;0;0
52557;No;581;581;92;1031;0.68;0.77;Disabled;66.38;21.92;Yes;0;0;0;0;0;0
52588;No;581;581;92;1024;0.68;0.77;Disabled;66.38;21.92;Yes;0;0;0;0;0;0
52620;No;581;581;92;1016;0.68;0.77;Disabled;66.38;21.92;Yes;0;0;0;0;0;0
52651;No;581;581;92;1009;0.68;0.77;Disabled;66.38;21.92;Yes;0;0;0;0;0;0
52681;No;581;581;92;1002;0.68;0.77;Disabled;66.38;21.92;Yes;0;0;0;0;0;0
52742;No;581;581;92;994;0.68;0.77;Disabled;66.38;21.92;Yes;0;0;0;0;0;0
52771;No;581;581;92;987;0.68;0.77;Disabled;66.38;21.92;Yes;0;0;0;0;0;0
52801;No;581;581;92;979;0.68;0.77;Disabled;66.38;21.92;Yes;0;0;0;0;0;0
52828;No;581;581;92;972;0.68;0.77;Disabled;66.38;21.92;Yes;0;0;0;0;0;0
52858;No;581;581;92;964;0.68;0.77;Disabled;66.38;21.92;Yes;0;0;0;0;0;0
52890;No;581;581;92;957;0.68;0.77;Disabled;66.38;21.92;Yes;0;0;0;0;0;0
52918;No;581;581;92;950;0.68;0.77;Disabled;66.38;21.92;Yes;0;0;0;0;0;0
52947;No;581;581;92;942;0.68;0.77;Disabled;66.38;21.92;Yes;0;0;0;0;0;0
53018;No;581;581;92;946;0.68;0.77;Disabled;66.38;21.92;Yes;0;0;0;0;0;0
53039;No;581;581;92;949;0.68;0.77;Disabled;66.38;21.92;Yes;0;0;0;0;0;0
53072;No;581;581;92;953;0.68;0.77;Disabled;66.38;21.92;Yes;0;0;0;0;0;0
53103;No;581;581;92;956;0.68;0.77;Disabled;66.38;21.92;Yes;0;0;0;0;0;0
53131;No;581;581;92;960;0.68;0.77;Disabled;66.38;21.92;Yes;0;0;0;0;0;0
53177;No;581;581;92;963;0.68;0.77;Disabled;66.38;21.92;Yes;0;0;0;0;0;0
53216;No;581;581;92;966;0.68;0.77;Disabled;66.38;21.92;Yes;0;0;0;0;0;0
53250;No;581;581;93;970;0.68;0.77;Disabled;66.38;21.92;Yes;0;0;0;0;0;0
53281;No;581;581;93;973;0.68;0.77;Disabled;66.38;21.92;Yes;0;0;0;0;0;0
53339;No;581;581;93;976;0.68;0.77;Disabled;66.38;21.92;Yes;0;0;0;0;0;0
53370;No;581;581;93;980;0.68;0.76;Disabled;66.38;21.92;Yes;0;0;0;0;0;0
53403;No;581;581;93;984;0.68;0.76;Disabled;66.38;21.92;Yes;0;0;0;0;0;0
53429;No;581;581;93;987;0.68;0.76;Disabled;66.38;21.92;Yes;0;0;0;0;0;0
53461;No;581;581;93;990;0.68;0.76;Disabled;66.38;21.92;Yes;0;0;0;0;0;0
53489;No;581;581;93;994;0.68;0.76;Disabled;66.38;21.92;Yes;0;0;0;0;0;0
53519;No;581;581;93;997;0.68;0.76;Disabled;66.38;21.92;Yes;0;0;0;0;0;0
53549;No;581;581;93;1000;0.68;0.76;Disabled;66.38;21.92;Yes;0;0;0;0;0;0
53580;No;581;581;93;1002;0.68;0.76;Disabled;66.38;21.92;Yes;0;0;0;0;0;0
53639;No;581;581;93;1004;0.68;0.76;Disabled;66.38;21.92;Yes;0;0;0;0;0;0
53670;No;581;581;93;1006;0.68;0.76;Disabled;66.38;21.92;Yes;0;0;0;0;0;0
53703;No;581;581;93;1008;0.68;0.76;Disabled;66.38;21.92;Yes;0;0;0;0;0;0
53731;No;581;581;93;1010;0.68;0.76;Disabled;66.38;21.92;Yes;0;0;0;0;0;0
53759;No;581;581;93;1012;0.68;0.76;Disabled;66.38;21.92;Yes;0;0;0;0;0;0
53789;No;581;581;93;1013;0.68;0.76;Disabled;66.38;21.92;Yes;0;0;0;0;0;0
53818;No;581;581;93;1015;0.68;0.76;Disabled;66.38;21.92;Yes;0;0;0;0;0;0
53850;No;581;581;93;1017;0.68;0.76;Disabled;66.38;21.92;Yes;0;0;0;0;0;0
53880;No;581;581;93;1019;0.68;0.76;Disabled;66.38;21.92;Yes;0;0;0;0;0;0
53940;No;581;581;93;1021;0.68;0.76;Disabled;66.38;21.92;Yes;0;0;0;0;0;0
53970;No;581;581;93;1022;0.68;0.76;Disabled;66.38;21.92;Yes;0;0;0;0;0;0
53999;No;581;581;93;1024;0.68;0.76;Disabled;66.38;21.92;Yes;0;0;0;0;0;0
54030;No;581;581;93;1026;0.68;0.76;Disabled;66.38;21.92;Yes;0;0;0;0;0;0
54060;No;581;581;93;1028;0.68;0.76;Disabled;66.38;21.92;Yes;0;0;0;0;0;0
54090;No;581;581;93;1030;0.68;0.76;Disabled;66.38;21.92;Yes;0;0;0;0;0;0
54118;No;581;581;93;1032;0.68;0.76;Disabled;66.38;21.92;Yes;0;0;0;0;0;0
54150;No;581;581;93;1040;0.68;0.76;Disabled;66.38;21.92;Yes;0;0;0;0;0;0
54181;No;581;581;93;1049;0.68;0.76;Disabled;66.38;21.92;Yes;0;0;0;0;0;0
54236;No;581;581;93;1057;0.68;0.76;Disabled;66.38;21.92;Yes;0;0;0;0;0;0
54267;No;581;581;93;1066;0.68;0.76;Disabled;66.38;21.92;Yes;0;0;0;0;0;0
54300;No;581;581;93;1074;0.68;0.76;Disabled;66.38;21.92;Yes;0;0;0;0;0;0
54331;No;581;581;93;1082;0.68;0.76;Disabled;66.38;21.92;Yes;0;0;0;0;0;0
54360;No;581;581;93;1091;0.68;0.75;Disabled;66.38;21.92;Yes;0;0;0;0;0;0
54388;No;581;581;93;1100;0.68;0.75;Disabled;66.38;21.92;Yes;0;0;0;0;0;0
54420;No;581;581;93;1108;0.68;0.75;Disabled;66.38;21.92;Yes;0;0;0;0;0;0
54458;No;581;581;93;1116;0.68;0.75;Disabled;66.38;21.92;Yes;0;0;0;0;0;0
54481;No;581;581;93;1125;0.68;0.75;Disabled;66.38;21.92;Yes;0;0;0;0;0;0
54510;No;581;581;93;1133;0.68;0.75;Disabled;66.38;21.92;Yes;0;0;0;0;0;0
54540;No;581;581;93;1142;0.68;0.75;Disabled;66.38;21.92;Yes;0;0;0;0;0;0
54569;No;581;581;93;1150;0.68;0.75;Disabled;66.38;21.92;Yes;0;0;0;0;0;0
54600;No;581;581;93;1158;0.68;0.75;Disabled;66.38;21.92;Yes;0;0;0;0;0;0
54654;No;581;581;93;1167;0.68;0.75;Disabled;66.38;21.92;Yes;0;0;0;0;0;0
54688;No;581;581;93;1176;0.67;0.75;Disabled;66.38;21.92;Yes;0;0;0;0;0;0
54720;No;581;581;93;1178;0.67;0.75;Disabled;66.38;21.92;Yes;0;0;0;0;0;0
54748;No;581;581;93;1181;0.68;0.75;Disabled;66.38;21.92;Yes;0;0;0;0;0;0
54780;No;581;581;93;1184;0.68;0.75;Disabled;66.38;21.92;Yes;0;0;0;0;0;0
54809;No;581;581;93;1186;0.68;0.75;Disabled;66.38;21.92;Yes;0;0;0;0;0;0
54840;No;581;581;93;1189;0.68;0.75;Disabled;66.38;21.92;Yes;0;0;0;0;0;0
54868;No;581;581;93;1192;0.69;0.75;Disabled;66.38;21.92;Yes;0;0;0;0;0;0
54900;No;581;581;93;1194;0.69;0.75;Disabled;66.38;21.92;Yes;0;0;0;0;0;0
54954;No;581;581;93;1197;0.69;0.75;Disabled;66.38;21.92;Yes;0;0;0;0;0;0
54988;No;581;581;93;1200;0.69;0.75;Disabled;66.38;21.92;Yes;0;0;0;0;0;0
55021;No;581;581;93;1203;0.70;0.75;Disabled;66.38;21.92;Yes;0;0;0;0;0;0
55051;No;581;581;93;1206;0.70;0.75;Disabled;66.38;21.92;Yes;0;0;0;0;0;0
55082;No;581;581;93;1208;0.70;0.75;Disabled;66.38;21.92;Yes;0;0;0;0;0;0
55109;No;581;581;93;1211;0.70;0.75;Disabled;66.38;21.92;Yes;0;0;0;0;0;0
55140;No;581;581;93;1214;0.71;0.75;Disabled;66.38;21.92;Yes;0;0;0;0;0;0
55169;No;581;581;93;1216;0.71;0.76;Disabled;66.38;21.92;Yes;0;0;0;0;0;0
55199;No;581;581;93;1219;0.71;0.76;Disabled;66.38;21.92;Yes;0;0;0;0;0;0
55253;No;581;581;93;1222;0.71;0.76;Disabled;66.38;21.92;Yes;0;0;0;0;0;0
55289;No;581;581;93;1214;0.71;0.76;Disabled;66.38;21.92;Yes;0;0;0;0;0;0
55321;No;581;581;93;1207;0.71;0.76;Disabled;66.38;21.92;Yes;0;0;0;0;0;0
55351;No;581;581;93;1200;0.70;0.76;Enabled;66.38;21.92;Yes;0;0;0;0;0;0
55379;No;582;581;93;1192;0.69;0.75;Enabled;66.38;21.92;Yes;0;0;0;0;0;0
55409;No;582;582;93;1185;0.68;0.75;Enabled;66.38;21.92;Yes;0;0;0;0;0;0
55442;No;582;582;93;1178;0.67;0.75;Enabled;66.38;21.92;Yes;0;0;0;0;0;0
55469;No;582;582;93;1170;0.66;0.75;Enabled;66.38;21.92;Yes;0;0;0;0;0;0
55502;No;582;582;93;1163;0.65;0.75;Enabled;66.38;21.92;Yes;0;0;0;0;0;0
55554;No;582;582;93;1156;0.64;0.75;Enabled;66.38;21.92;Yes;0;0;0;0;0;0
55588;No;582;582;93;1148;0.64;0.75;Enabled;66.38;21.92;Yes;0;0;0;0;0;0
55620;No;582;582;93;1141;0.63;0.75;Enabled;66.38;21.92;Yes;0;0;0;0;0;0
55647;No;582;582;93;1134;0.62;0.74;Enabled;66.38;21.92;Yes;0;0;0;0;0;0
55681;No;582;582;93;1126;0.61;0.74;Enabled;66.38;21.92;Yes;0;0;0;0;0;0
55708;No;582;582;93;1119;0.60;0.74;Enabled;66.38;21.92;Yes;0;0;0;0;0;0
55769;No;582;582;93;1112;0.59;0.74;Enabled;66.38;21.92;Yes;0;0;0;0;0;0
55802;No;582;582;93;1104;0.58;0.74;Enabled;66.38;21.92;Yes;0;0;0;0;0;0
55853;No;582;582;93;1097;0.58;0.74;Enabled;66.38;21.92;Yes;0;0;0;0;0;0
55892;No;582;582;93;1095;0.57;0.73;Enabled;66.38;21.92;Yes;0;0;0;0;0;0
55920;No;582;582;93;1094;0.54;0.73;Enabled;66.38;21.92;Yes;0;0;0;0;0;0
55950;No;582;582;93;1092;0.52;0.73;Enabled;66.38;21.92;Yes;0;0;0;0;0;0
55978;No;582;582;93;1090;0.50;0.73;Enabled;66.38;21.92;Yes;0;0;0;0;0;0
56008;No;582;582;93;1089;0.47;0.73;Enabled;66.38;21.92;Yes;0;0;0;0;0;0
56039;No;582;582;93;1087;0.45;0.73;Enabled;66.38;21.92;Yes;0;0;0;0;0;0
56070;No;582;582;93;1086;0.42;0.73;Enabled;66.38;21.92;Yes;0;0;0;0;0;0
56102;No;582;582;93;1084;0.40;0.73;Enabled;66.38;21.92;Yes;0;0;0;0;0;0
56156;No;582;582;93;1082;0.37;0.73;Enabled;66.38;21.92;Yes;0;0;0;0;0;0
56190;No;582;582;93;1081;0.35;0.73;Enabled;66.38;21.92;Yes;0;0;0;0;0;0
56222;No;582;582;93;1079;0.33;0.73;Enabled;66.38;21.92;Yes;0;0;0;0;0;0
56252;No;582;582;93;1078;0.30;0.73;Enabled;66.38;21.92;Yes;0;0;0;0;0;0
56282;No;582;581;93;1076;0.28;0.73;Enabled;66.38;21.92;Yes;0;0;0;0;0;0
56310;No;582;581;93;1074;0.25;0.73;Enabled;66.38;21.92;Yes;0;0;0;0;0;0
56340;No;582;581;93;1072;0.23;0.73;Enabled;66.38;21.92;Yes;0;0;0;0;0;0
56368;No;582;581;93;1071;0.21;0.73;Enabled;66.38;21.92;Yes;0;0;0;0;0;0
56402;No;582;581;93;1069;0.18;0.73;Enabled;66.38;21.92;Yes;0;0;0;0;0;0
56455;No;582;581;93;1088;0.16;0.73;Enabled;66.38;21.92;Yes;0;0;0;0;0;0
56489;No;582;581;93;1108;0.17;0.73;Enabled;66.38;21.92;Yes;0;0;0;0;0;0
56520;No;581;581;93;1126;0.19;0.73;Disabled;66.38;21.92;Yes;0;0;0;0;0;0
56549;No;581;581;93;1146;0.21;0.73;Disabled;66.38;21.92;Yes;0;0;0;0;0;0
56580;No;581;581;93;1164;0.22;0.73;Disabled;66.38;21.92;Yes;0;0;0;0;0;0
56608;No;581;581;93;1184;0.24;0.73;Disabled;66.38;21.92;Yes;0;0;0;0;0;0
56638;No;581;581;93;1203;0.26;0.73;Disabled;66.38;21.92;Yes;0;0;0;0;0;0
56668;No;581;581;93;1222;0.27;0.73;Disabled;66.38;21.92;Yes;0;0;0;0;0;0
56700;No;581;581;93;1241;0.29;0.73;Disabled;66.38;21.92;Yes;0;0;0;0;0;0
56755;No;581;581;93;1260;0.30;0.74;Disabled;66.38;21.92;Yes;0;0;0;0;0;0
56793;No;581;581;93;1279;0.32;0.74;Disabled;66.38;21.92;Yes;0;0;0;0;0;0
56820;No;581;581;93;1298;0.34;0.74;Disabled;66.38;21.92;Yes;0;0;0;0;0;0
56848;No;581;581;93;1317;0.35;0.74;Disabled;66.38;21.92;Yes;0;0;0;0;0;0
56881;No;581;581;93;1336;0.37;0.74;Disabled;66.38;21.92;Yes;0;0;0;0;0;0
56909;No;581;581;93;1355;0.39;0.74;Disabled;66.38;21.92;Yes;0;0;0;0;0;0
56940;No;581;581;93;1374;0.40;0.74;Disabled;66.38;21.92;Yes;0;0;0;0;0;0
56969;No;581;581;93;1394;0.42;0.74;Disabled;66.38;21.92;Yes;0;0;0;0;0;0
57016;No;581;581;93;1402;0.44;0.74;Disabled;66.38;21.92;Yes;0;0;0;0;0;0
57088;No;581;581;93;1412;0.46;0.74;Disabled;66.38;21.92;Yes;0;0;0;0;0;0
57120;No;581;581;93;1421;0.48;0.74;Disabled;66.38;21.92;Yes;0;0;0;0;0;0
57149;No;581;581;93;1430;0.50;0.74;Disabled;66.38;21.92;Yes;0;0;0;0;0;0
57180;No;581;581;93;1439;0.52;0.74;Disabled;66.38;21.92;Yes;0;0;0;0;0;0
57209;No;581;581;93;1448;0.55;0.74;Disabled;66.38;21.92;Yes;0;0;0;0;0;0
57240;No;581;581;93;1457;0.57;0.74;Disabled;66.38;21.92;Yes;0;0;0;0;0;0
57268;No;581;581;93;1466;0.59;0.74;Disabled;66.38;21.92;Yes;0;0;0;0;0;0
57301;No;581;581;93;1476;0.61;0.74;Disabled;66.38;21.92;Yes;0;0;0;0;0;0
57357;No;581;581;93;1485;0.63;0.74;Disabled;66.38;21.92;Yes;0;0;0;0;0;0
57390;No;581;581;93;1494;0.66;0.74;Disabled;66.38;21.92;Yes;0;0;0;0;0;0
57421;No;581;581;93;1503;0.68;0.74;Disabled;66.38;21.92;Yes;0;0;0;0;0;0
57451;No;581;581;93;1512;0.70;0.74;Disabled;66.38;21.92;Yes;0;0;0;0;0;0
57479;No;581;581;93;1521;0.72;0.74;Disabled;66.38;21.92;Yes;0;0;0;0;0;0
57510;No;581;581;93;1530;0.75;0.74;Disabled;66.38;21.92;Yes;0;0;0;0;0;0
57540;No;581;581;93;1540;0.77;0.74;Disabled;66.38;21.92;Yes;0;0;0;0;0;0
57569;No;581;581;93;1548;0.79;0.73;Disabled;66.38;21.92;Yes;0;0;0;0;0;0
57602;No;581;581;93;1552;0.81;0.73;Disabled;66.38;21.92;Yes;0;0;0;0;0;0
57655;No;581;581;93;1556;0.81;0.73;Disabled;66.38;21.92;Yes;0;0;0;0;0;0
57690;No;582;581;93;1560;0.81;0.73;Enabled;66.38;21.92;Yes;0;0;0;0;0;0
57718;No;582;582;93;1564;0.81;0.73;Enabled;66.38;21.92;Yes;0;0;0;0;0;0
57750;No;582;582;93;1568;0.80;0.73;Enabled;66.38;21.92;Yes;0;0;0;0;0;0
57782;No;582;582;93;1572;0.80;0.73;Enabled;66.38;21.92;Yes;0;0;0;0;0;0
57810;No;582;582;93;1576;0.80;0.73;Enabled;66.38;21.92;Yes;0;0;0;0;0;0
57840;No;582;582;93;1580;0.80;0.72;Enabled;66.38;21.92;Yes;0;0;0;0;0;0
57868;No;582;582;93;1584;0.80;0.72;Enabled;66.38;21.92;Yes;0;0;0;0;0;0
57901;No;582;582;93;1588;0.79;0.72;Enabled;66.38;21.92;Yes;0;0;0;0;0;0
57955;No;582;582;93;1592;0.79;0.72;Enabled;66.38;21.92;Yes;0;0;0;0;0;0
57989;No;582;582;93;1596;0.79;0.72;Enabled;66.38;21.92;Yes;0;0;0;0;0;0
58021;No;582;582;93;1600;0.79;0.72;Enabled;66.38;21.92;Yes;0;0;0;0;0;0
58050;No;582;582;93;1604;0.79;0.72;Enabled;66.38;21.92;Yes;0;0;0;0;0;0
58081;No;582;582;93;1608;0.78;0.71;Enabled;66.38;21.92;Yes;0;0;0;0;0;0
58109;No;582;582;93;1611;0.78;0.71;Enabled;66.38;21.92;Yes;0;0;0;0;0;0
58141;No;582;582;93;1615;0.78;0.71;Enabled;66.38;21.92;Yes;0;0;0;0;0;0
58169;No;582;582;93;1604;0.78;0.71;Enabled;66.38;21.92;Yes;0;0;0;0;0;0
58200;No;582;582;93;1593;0.78;0.71;Enabled;66.38;21.92;Yes;0;0;0;0;0;0
58257;No;582;582;93;1582;0.78;0.71;Enabled;66.38;21.92;Yes;0;0;0;0;0;0
58298;No;582;582;93;1570;0.77;0.71;Enabled;66.38;21.92;Yes;0;0;0;0;0;0
58320;No;582;582;93;1559;0.77;0.71;Enabled;66.38;21.92;Yes;0;0;0;0;0;0
58349;No;582;582;93;1548;0.77;0.71;Enabled;66.38;21.92;Yes;0;0;0;0;0;0
58382;No;582;582;93;1536;0.77;0.71;Enabled;66.38;21.92;Yes;0;0;0;0;0;0
58410;No;582;582;93;1525;0.77;0.71;Enabled;66.38;21.92;Yes;0;0;0;0;0;0
58441;No;582;582;93;1514;0.77;0.71;Enabled;66.38;21.92;Yes;0;0;0;0;0;0
58468;No;582;582;93;1502;0.77;0.71;Enabled;66.38;21.92;Yes;0;0;0;0;0;0
58503;No;582;582;93;1491;0.77;0.71;Enabled;66.38;21.92;Yes;0;0;0;0;0;0
58555;No;582;582;93;1480;0.77;0.71;Enabled;66.38;21.92;Yes;0;0;0;0;0;0
58591;No;582;582;93;1468;0.77;0.71;Enabled;66.38;21.92;Yes;0;0;0;0;0;0
58619;No;582;582;93;1457;0.77;0.71;Enabled;66.38;21.92;Yes;0;0;0;0;0;0
58650;No;582;582;93;1446;0.77;0.71;Enabled;66.38;21.92;Yes;0;0;0;0;0;0
58679;No;582;582;93;1435;0.76;0.71;Enabled;66.38;21.92;Yes;0;0;0;0;0;0
58708;No;582;583;93;1424;0.76;0.71;Enabled;66.38;21.92;Yes;0;0;0;0;0;0
58740;No;582;583;93;1410;0.76;0.71;Enabled;66.38;21.92;Yes;0;0;0;0;0;0
58771;No;582;583;93;1396;0.76;0.71;Enabled;66.38;21.92;Yes;0;0;0;0;0;0
58800;No;582;583;93;1381;0.76;0.71;Enabled;66.38;21.92;Yes;0;0;0;0;0;0
58855;No;583;583;93;1367;0.76;0.71;Enabled;66.38;21.92;Yes;0;0;0;0;0;0
58890;No;583;583;93;1353;0.76;0.71;Enabled;66.38;21.92;Yes;0;0;0;0;0;0
58918;No;583;583;93;1339;0.76;0.71;Enabled;66.38;21.92;Yes;0;0;0;0;0;0
58952;No;583;583;93;1325;0.76;0.71;Enabled;66.38;21.92;Yes;0;0;0;0;0;0
58980;No;583;583;93;1311;0.76;0.71;Enabled;66.38;21.92;Yes;0;0;0;0;0;0
59010;No;583;583;93;1297;0.76;0.71;Enabled;66.38;21.92;Yes;0;0;0;0;0;0
59042;No;583;583;93;1283;0.76;0.72;Enabled;66.38;21.92;Yes;0;0;0;0;0;0
59070;No;583;583;93;1269;0.76;0.72;Enabled;66.38;21.92;Yes;0;0;0;0;0;0
59103;No;583;583;93;1255;0.76;0.72;Enabled;66.38;21.92;Yes;0;0;0;0;0;0
59156;No;583;583;93;1241;0.76;0.72;Enabled;66.38;21.92;Yes;0;0;0;0;0;0
59189;No;583;583;93;1227;0.75;0.72;Enabled;66.38;21.92;Yes;0;0;0;0;0;0
59220;No;583;583;93;1213;0.75;0.72;Enabled;66.38;21.92;Yes;0;0;0;0;0;0
59250;No;583;583;93;1199;0.75;0.72;Enabled;66.38;21.92;Yes;0;0;0;0;0;0
59281;No;583;583;93;1185;0.75;0.72;Enabled;66.38;21.92;Yes;0;0;0;0;0;0
59310;No;583;583;93;1178;0.75;0.72;Enabled;66.38;21.92;Yes;0;0;0;0;0;0
59339;No;583;583;93;1171;0.75;0.72;Enabled;66.38;21.92;Yes;0;0;0;0;0;0
59368;No;583;583;93;1164;0.75;0.72;Disabled;66.38;21.92;Yes;0;0;0;0;0;0
59401;No;583;583;93;1156;0.75;0.72;Disabled;66.38;21.92;Yes;0;0;0;0;0;0
59457;No;583;583;93;1150;0.75;0.72;Disabled;66.38;21.92;Yes;0;0;0;0;0;0
59488;No;583;583;93;1142;0.75;0.72;Disabled;66.38;21.92;Yes;0;0;0;0;0;0
59520;No;583;583;93;1135;0.75;0.72;Disabled;66.38;21.92;Yes;0;0;0;0;0;0
59548;No;583;583;93;1128;0.75;0.72;Disabled;66.38;21.92;Yes;0;0;0;0;0;0
59610;No;583;583;93;1121;0.75;0.72;Disabled;66.38;21.92;Yes;0;0;0;0;0;0
59640;No;583;583;93;1114;0.75;0.72;Disabled;66.38;21.92;Yes;0;0;0;0;0;0
59668;No;583;583;93;1107;0.75;0.72;Disabled;66.38;21.92;Yes;0;0;0;0;0;0
59699;No;583;583;93;1100;0.75;0.72;Disabled;66.38;21.92;Yes;0;0;0;0;0;0
59756;No;583;583;93;1093;0.75;0.72;Disabled;66.38;21.92;Yes;0;0;0;0;0;0
59790;No;583;583;93;1086;0.75;0.72;Disabled;66.38;21.92;Yes;0;0;0;0;0;0
59820;No;583;583;93;1079;0.75;0.72;Disabled;66.38;21.92;Yes;0;0;0;0;0;0
59851;No;583;583;93;1072;0.74;0.72;Disabled;66.38;21.92;Yes;0;0;0;0;0;0
59881;No;583;583;93;1065;0.74;0.72;Disabled;66.38;21.92;Yes;0;0;0;0;0;0
59909;No;583;583;93;1066;0.74;0.72;Disabled;66.38;21.92;Yes;0;0;0;0;0;0
59940;No;583;583;93;1068;0.74;0.72;Disabled;66.38;21.92;Yes;0;0;0;0;0;0
59970;No;583;583;93;1069;0.74;0.72;Disabled;66.38;21.92;Yes;0;0;0;0;0;0
60003;No;583;583;93;1070;0.74;0.72;Disabled;66.38;21.92;Yes;0;0;0;0;0;0
60057;No;583;583;93;1072;0.74;0.72;Disabled;66.38;21.92;Yes;0;0;0;0;0;0
60089;No;583;583;93;1073;0.74;0.72;Disabled;66.38;21.92;Yes;0;0;0;0;0;0
60119;No;583;583;93;1074;0.74;0.72;Disabled;66.38;21.92;Yes;0;0;0;0;0;0
60149;No;583;583;93;1076;0.74;0.72;Disabled;66.38;21.92;Yes;0;0;0;0;0;0
60180;No;583;583;93;1077;0.74;0.72;Disabled;66.38;21.92;Yes;0;0;0;0;0;0
60209;No;583;583;93;1078;0.74;0.72;Disabled;66.38;21.92;Yes;0;0;0;0;0;0
60240;No;583;583;93;1080;0.74;0.72;Disabled;66.38;21.92;Yes;0;0;0;0;0;0
60270;No;583;583;93;1081;0.74;0.72;Disabled;66.38;21.92;Yes;0;0;0;0;0;0
60302;No;583;583;93;1083;0.74;0.72;Disabled;66.38;21.92;Yes;0;0;0;0;0;0
60356;No;583;583;93;1084;0.74;0.72;Disabled;66.38;21.92;Yes;0;0;0;0;0;0
60390;No;583;583;93;1086;0.74;0.72;Disabled;66.38;21.92;Yes;0;0;0;0;0;0
60420;No;582;583;93;1087;0.73;0.72;Disabled;66.38;21.92;Yes;0;0;0;0;0;0
60450;No;582;582;93;1088;0.73;0.72;Disabled;66.38;21.92;Yes;0;0;0;0;0;0
60480;No;582;582;93;1087;0.73;0.72;Disabled;66.38;21.92;Yes;0;0;0;0;0;0
60511;No;582;582;93;1086;0.73;0.72;Disabled;66.38;21.92;Yes;0;0;0;0;0;0
60539;No;582;582;93;1084;0.73;0.72;Disabled;66.38;21.92;Yes;0;0;0;0;0;0
60570;No;582;582;93;1083;0.73;0.72;Disabled;66.38;21.92;Yes;0;0;0;0;0;0
60599;No;582;582;93;1082;0.73;0.72;Disabled;66.38;21.92;Yes;0;0;0;0;0;0
60656;No;582;582;93;1080;0.73;0.72;Disabled;66.38;21.92;Yes;0;0;0;0;0;0
60690;No;582;582;93;1079;0.72;0.72;Disabled;66.38;21.92;Yes;0;0;0;0;0;0
60718;No;582;582;93;1078;0.72;0.73;Disabled;66.38;21.92;Yes;0;0;0;0;0;0
60750;No;582;582;93;1076;0.72;0.73;Disabled;66.38;21.92;Yes;0;0;0;0;0;0
60779;No;582;582;93;1075;0.72;0.73;Disabled;66.38;21.92;Yes;0;0;0;0;0;0
60810;No;582;582;93;1074;0.72;0.73;Disabled;66.38;21.92;Yes;0;0;0;0;0;0
60857;No;582;582;93;1072;0.72;0.73;Disabled;66.38;21.92;Yes;0;0;0;0;0;0
60899;No;582;582;93;1071;0.72;0.73;Disabled;66.38;21.92;Yes;0;0;0;0;0;0
60957;No;582;582;93;1070;0.71;0.73;Disabled;66.38;21.92;Yes;0;0;0;0;0;0
60991;No;582;582;93;1068;0.71;0.73;Disabled;66.38;21.92;Yes;0;0;0;0;0;0
61019;No;582;582;93;1067;0.71;0.73;Disabled;66.38;21.92;Yes;0;0;0;0;0;0
61050;No;582;582;93;1066;0.71;0.73;Disabled;66.38;21.92;Yes;0;0;0;0;0;0
61079;No;582;582;93;1065;0.71;0.73;Disabled;66.38;21.92;Yes;0;0;0;0;0;0
61111;No;582;582;93;1064;0.70;0.73;Disabled;66.38;21.92;Yes;0;0;0;0;0;0
61138;No;582;582;93;1064;0.68;0.73;Disabled;66.38;21.92;Yes;0;0;0;0;0;0
61170;No;582;582;93;1063;0.67;0.73;Disabled;66.38;21.92;Yes;0;0;0;0;0;0
61201;No;582;582;93;1062;0.66;0.73;Disabled;66.38;21.92;Yes;0;0;0;0;0;0
61256;No;582;582;93;1062;0.65;0.73;Disabled;66.38;21.92;Yes;0;0;0;0;0;0
61292;No;582;582;93;1061;0.63;0.73;Disabled;66.38;21.92;Yes;0;0;0;0;0;0
61321;No;582;582;93;1060;0.62;0.73;Disabled;66.38;21.92;Yes;0;0;0;0;0;0
61349;No;582;582;93;1059;0.61;0.73;Disabled;66.38;21.92;Yes;0;0;0;0;0;0
61379;No;582;582;93;1058;0.60;0.73;Disabled;66.38;21.92;Yes;0;0;0;0;0;0
61409;No;582;582;93;1058;0.59;0.73;Disabled;66.38;21.92;Yes;0;0;0;0;0;0
61440;No;582;582;93;1057;0.57;0.73;Disabled;66.38;21.92;Yes;0;0;0;0;0;0
61470;No;582;582;93;1056;0.56;0.73;Disabled;66.38;21.92;Yes;0;0;0;0;0;0
61501;No;582;581;93;1056;0.55;0.72;Disabled;66.38;21.92;Yes;0;0;0;0;0;0
61557;No;582;581;93;1055;0.54;0.72;Disabled;66.38;21.92;Yes;0;0;0;0;0;0
61590;No;581;581;93;1054;0.52;0.72;Disabled;66.38;21.92;Yes;0;0;0;0;0;0
61620;No;581;581;93;1054;0.51;0.72;Disabled;66.38;21.92;Yes;0;0;0;0;0;0
61648;No;581;581;93;1053;0.50;0.72;Disabled;66.38;21.92;Yes;0;0;0;0;0;0
61680;No;581;581;93;1052;0.49;0.72;Disabled;66.38;21.92;Yes;0;0;0;0;0;0
61710;No;581;581;93;1052;0.47;0.72;Disabled;66.38;21.92;Yes;0;0;0;0;0;0
61742;No;581;581;93;1051;0.46;0.72;Disabled;66.38;21.92;Yes;0;0;0;0;0;0
61770;No;581;581;93;1050;0.45;0.72;Disabled;66.38;21.92;Yes;0;0;0;0;0;0
61802;No;581;581;93;1049;0.43;0.72;Disabled;66.38;21.92;Yes;0;0;0;0;0;0
61855;No;581;581;93;1048;0.42;0.72;Disabled;66.38;21.92;Yes;0;0;0;0;0;0
61889;No;581;581;93;1048;0.41;0.72;Disabled;66.38;21.92;Yes;0;0;0;0;0;0
61920;No;581;581;93;1047;0.39;0.72;Disabled;66.38;21.92;Yes;0;0;0;0;0;0
61951;No;581;581;93;1046;0.38;0.72;Disabled;66.38;21.92;Yes;0;0;0;0;0;0
61979;No;581;581;93;1046;0.37;0.72;Disabled;66.38;21.92;Yes;0;0;0;0;0;0
62010;No;581;581;93;1045;0.35;0.72;Disabled;66.38;21.92;Yes;0;0;0;0;0;0
62040;No;581;581;93;1044;0.34;0.72;Disabled;66.38;21.92;Yes;0;0;0;0;0;0
62070;No;581;581;93;1044;0.33;0.72;Disabled;66.38;21.92;Yes;0;0;0;0;0;0
62103;No;581;581;93;1043;0.31;0.72;Disabled;66.38;21.92;Yes;0;0;0;0;0;0
62168;No;581;581;93;1042;0.30;0.72;Disabled;66.38;21.92;Yes;0;0;0;0;0;0
62189;No;581;581;93;1042;0.29;0.72;Disabled;66.38;21.92;Yes;0;0;0;0;0;0
62221;No;581;581;93;1041;0.27;0.72;Disabled;66.38;21.92;Yes;0;0;0;0;0;0
62249;No;581;581;93;1040;0.27;0.72;Disabled;66.38;21.92;Yes;0;0;0;0;0;0
62281;No;580;581;93;1040;0.26;0.72;Disabled;66.38;21.92;Yes;0;0;0;0;0;0
62309;No;580;580;93;1039;0.25;0.72;Disabled;66.38;21.92;Yes;0;0;0;0;0;0
62340;No;580;580;93;1038;0.24;0.72;Disabled;66.38;21.92;Yes;0;0;0;0;0;0
62371;No;580;580;93;1038;0.23;0.72;Disabled;66.38;21.92;Yes;0;0;0;0;0;0
62400;No;580;580;93;1038;0.23;0.72;Disabled;66.38;21.92;Yes;0;0;0;0;0;0
62455;No;580;580;94;1037;0.22;0.72;Disabled;66.38;21.92;Yes;0;0;0;0;0;0
62491;No;580;580;94;1036;0.21;0.72;Disabled;66.38;21.92;Yes;0;0;0;0;0;0
62521;No;580;580;94;1036;0.20;0.72;Disabled;66.38;21.92;Yes;0;0;0;0;0;0
62549;No;580;580;94;1035;0.19;0.72;Disabled;66.38;21.92;Yes;0;0;0;0;0;0
62581;No;580;580;94;1034;0.19;0.72;Disabled;66.38;21.92;Yes;0;0;0;0;0;0
62609;No;580;580;94;1034;0.18;0.72;Disabled;66.38;21.92;Yes;0;0;0;0;0;0
62639;No;580;580;94;1033;0.17;0.72;Disabled;66.38;21.92;Yes;0;0;0;0;0;0
62670;No;580;580;94;1033;0.16;0.72;Disabled;66.38;21.92;Yes;0;0;0;0;0;0
62701;No;580;580;94;1032;0.15;0.72;Disabled;66.38;21.92;Yes;0;0;0;0;0;0
62756;No;580;580;94;1032;0.15;0.72;Disabled;66.38;21.92;Yes;0;0;0;0;0;0
62790;No;580;580;94;1031;0.14;0.72;Disabled;66.38;21.92;Yes;0;0;0;0;0;0
62822;No;580;580;94;1030;0.14;0.72;Disabled;66.38;21.92;Yes;0;0;0;0;0;0
62850;No;580;580;94;1030;0.14;0.72;Disabled;66.38;21.92;Yes;0;0;0;0;0;0
62879;No;580;580;94;1029;0.13;0.72;Disabled;66.38;21.92;Yes;0;0;0;0;0;0
62909;No;580;580;94;1028;0.13;0.72;Disabled;66.38;21.92;Yes;0;0;0;0;0;0
62940;No;580;580;94;1027;0.13;0.72;Disabled;66.38;21.92;Yes;0;0;0;0;0;0
62971;No;580;580;94;1027;0.13;0.72;Disabled;66.38;21.92;Yes;0;0;0;0;0;0
63003;No;580;580;94;1026;0.13;0.72;Disabled;66.38;21.92;Yes;0;0;0;0;0;0
63055;No;580;580;94;1025;0.13;0.72;Disabled;66.38;21.92;Yes;0;0;0;0;0;0
63089;No;580;579;94;1024;0.13;0.72;Disabled;66.38;21.92;Yes;0;0;0;0;0;0
63120;No;579;579;94;1024;0.13;0.72;Disabled;66.38;21.92;Yes;0;0;0;0;0;0
63150;No;579;579;94;1023;0.12;0.72;Disabled;66.38;21.92;Yes;0;0;0;0;0;0
63179;No;579;579;94;1022;0.12;0.72;Disabled;66.38;21.92;Yes;0;0;0;0;0;0
63209;No;579;579;94;1022;0.12;0.72;Disabled;66.38;21.92;Yes;0;0;0;0;0;0
63240;No;579;579;94;1021;0.12;0.72;Disabled;66.38;21.92;Yes;0;0;0;0;0;0
63271;No;579;579;94;1020;0.12;0.72;Disabled;66.38;21.92;Yes;0;0;0;0;0;0
63300;No;579;579;94;1020;0.12;0.72;Disabled;66.38;21.92;Yes;0;0;0;0;0;0
63357;No;579;579;94;1019;0.12;0.72;Disabled;66.38;21.92;Yes;0;0;0;0;0;0
63390;No;579;579;94;1018;0.12;0.72;Disabled;66.38;21.92;Yes;0;0;0;0;0;0
63449;No;579;579;94;1017;0.12;0.72;Disabled;66.38;21.92;Yes;0;0;0;0;0;0
63481;No;579;579;94;1016;0.12;0.72;Disabled;66.38;21.92;Yes;0;0;0;0;0;0
63509;No;579;579;94;1015;0.11;0.72;Disabled;66.38;21.92;Yes;0;0;0;0;0;0
63540;No;579;579;94;1014;0.11;0.72;Disabled;66.38;21.92;Yes;0;0;0;0;0;0
63570;No;579;579;94;1014;0.11;0.72;Disabled;66.38;21.92;Yes;0;0;0;0;0;0
63601;No;579;579;94;1013;0.11;0.72;Disabled;66.38;21.92;Yes;0;0;0;0;0;0
63657;No;579;579;94;1012;0.11;0.72;Disabled;66.38;21.92;Yes;0;0;0;0;0;0
63690;No;579;579;94;1011;0.11;0.72;Disabled;66.38;21.92;Yes;0;0;0;0;0;0
63722;No;579;579;94;1010;0.11;0.72;Disabled;66.38;21.92;Yes;0;0;0;0;0;0
63749;No;579;578;94;1009;0.11;0.72;Disabled;66.38;21.92;Yes;0;0;0;0;0;0
63779;No;578;578;94;1008;0.11;0.72;Disabled;66.38;21.92;Yes;0;0;0;0;0;0
63809;No;578;578;94;1008;0.11;0.72;Disabled;66.38;21.92;Yes;0;0;0;0;0;0
63840;No;578;578;94;1006;0.11;0.72;Disabled;66.38;21.92;Yes;0;0;0;0;0;0
63870;No;578;578;94;1006;0.11;0.72;Disabled;66.38;21.92;Yes;0;0;0;0;0;0
63901;No;578;578;94;1005;0.10;0.72;Disabled;66.38;21.92;Yes;0;0;0;0;0;0
63956;No;578;578;94;1028;0.10;0.72;Disabled;66.38;21.92;Yes;0;0;0;0;0;0
63990;No;578;578;94;1052;0.11;0.72;Disabled;66.38;21.92;Yes;0;0;0;0;0;0
64023;No;578;578;94;1076;0.11;0.72;Disabled;66.38;21.92;Yes;0;0;0;0;0;0
64049;No;578;578;94;1099;0.11;0.72;Disabled;66.38;21.92;Yes;0;0;0;0;0;0
64079;No;578;578;94;1123;0.11;0.72;Disabled;66.38;21.92;Yes;0;0;0;0;0;0
64112;No;578;578;94;1146;0.11;0.72;Disabled;66.38;21.92;Yes;0;0;0;0;0;0
64141;No;578;578;94;1170;0.11;0.72;Disabled;66.38;21.92;Yes;0;0;0;0;0;0
64170;No;578;578;94;1194;0.12;0.72;Disabled;66.38;21.92;Yes;0;0;0;0;0;0
64200;No;578;578;94;1217;0.12;0.72;Disabled;66.38;21.92;Yes;0;0;0;0;0;0
64256;No;578;578;94;1241;0.12;0.72;Disabled;66.38;21.92;Yes;0;0;0;0;0;0
64289;No;578;578;94;1264;0.12;0.72;Disabled;66.38;21.92;Yes;0;0;0;0;0;0
64320;No;578;578;94;1288;0.12;0.72;Disabled;66.38;21.92;Yes;0;0;0;0;0;0
64350;No;578;578;94;1312;0.12;0.72;Disabled;66.38;21.92;Yes;0;0;0;0;0;0
64381;No;578;578;94;1335;0.13;0.71;Disabled;66.38;21.92;Yes;0;0;0;0;0;0
64409;No;578;578;94;1359;0.13;0.71;Disabled;66.38;21.92;Yes;0;0;0;0;0;0
64440;No;578;578;94;1382;0.13;0.71;Disabled;66.38;21.92;Yes;0;0;0;0;0;0
64469;No;578;578;94;1406;0.13;0.71;Disabled;66.38;21.92;Yes;0;0;0;0;0;0
64500;No;578;578;94;1404;0.13;0.71;Disabled;66.38;21.92;Yes;0;0;0;0;0;0
64557;No;578;578;94;1403;0.16;0.71;Disabled;66.38;21.92;Yes;0;0;0;0;0;0
64590;No;578;578;94;1401;0.18;0.71;Disabled;66.38;21.92;Yes;0;0;0;0;0;0
64621;No;578;578;94;1400;0.20;0.72;Disabled;66.38;21.92;Yes;0;0;0;0;0;0
64649;No;578;578;94;1398;0.22;0.72;Disabled;66.38;21.92;Yes;0;0;0;0;0;0
64697;No;578;578;94;1396;0.25;0.72;Disabled;66.38;21.92;Yes;0;0;0;0;0;0
64739;No;578;578;94;1394;0.27;0.72;Disabled;66.38;21.92;Yes;0;0;0;0;0;0
64769;No;578;578;93;1393;0.29;0.72;Disabled;66.38;21.92;Yes;0;0;0;0;0;0
64799;No;578;578;93;1391;0.32;0.72;Disabled;66.38;21.92;Yes;0;0;0;0;0;0
64855;No;578;578;93;1390;0.34;0.72;Disabled;66.38;21.92;Yes;0;0;0;0;0;0
64890;No;578;578;93;1388;0.36;0.72;Disabled;66.38;21.92;Yes;0;0;0;0;0;0
64919;No;578;578;93;1386;0.39;0.72;Disabled;66.38;21.92;Yes;0;0;0;0;0;0
64953;No;578;578;93;1385;0.41;0.72;Disabled;66.38;21.92;Yes;0;0;0;0;0;0
64979;No;578;578;93;1383;0.43;0.72;Disabled;66.38;21.92;Yes;0;0;0;0;0;0
65010;No;578;578;93;1382;0.45;0.72;Disabled;66.38;21.92;Yes;0;0;0;0;0;0
65039;No;578;578;93;1380;0.48;0.73;Disabled;66.38;21.92;Yes;0;0;0;0;0;0
65071;No;578;578;93;1378;0.50;0.73;Disabled;66.38;21.92;Yes;0;0;0;0;0;0
65100;No;578;578;93;1378;0.52;0.73;Disabled;66.38;21.92;Yes;0;0;0;0;0;0
65156;No;577;578;93;1378;0.53;0.73;Disabled;66.38;21.92;Yes;0;0;0;0;0;0
65190;No;577;577;93;1377;0.53;0.73;Enabled;66.38;21.92;Yes;0;0;0;0;0;0
65219;No;577;577;93;1377;0.54;0.73;Enabled;66.38;21.92;Yes;0;0;0;0;0;0
65249;No;577;577;93;1376;0.54;0.73;Enabled;66.38;21.92;Yes;0;0;0;0;0;0
65280;No;577;577;93;1376;0.54;0.73;Enabled;66.38;21.92;Yes;0;0;0;0;0;0
65311;No;577;577;93;1376;0.55;0.74;Enabled;66.38;21.92;Yes;0;0;0;0;0;0
65339;No;577;577;93;1376;0.55;0.74;Enabled;66.38;21.92;Yes;0;0;0;0;0;0
65370;No;577;577;93;1375;0.56;0.74;Enabled;66.38;21.92;Yes;0;0;0;0;0;0
65400;No;577;577;93;1375;0.56;0.74;Enabled;66.38;21.92;Yes;0;0;0;0;0;0
65456;No;577;577;93;1374;0.57;0.74;Enabled;66.38;21.92;Yes;0;0;0;0;0;0
65493;No;577;577;93;1374;0.57;0.74;Enabled;66.38;21.92;Yes;0;0;0;0;0;0
65518;No;577;577;93;1374;0.58;0.74;Enabled;66.38;21.92;Yes;0;0;0;0;0;0
65549;No;577;577;93;1373;0.58;0.75;Enabled;66.38;21.92;Yes;0;0;0;0;0;0
65579;No;577;577;93;1373;0.58;0.75;Enabled;66.38;21.92;Yes;0;0;0;0;0;0
65610;No;577;577;93;1372;0.59;0.75;Enabled;66.38;21.92;Yes;0;0;0;0;0;0
65639;No;577;577;93;1372;0.59;0.75;Enabled;66.38;21.92;Yes;0;0;0;0;0;0
65669;No;577;577;93;1373;0.60;0.75;Enabled;66.38;21.92;Yes;0;0;0;0;0;0
65701;No;577;577;93;1373;0.60;0.75;Enabled;66.38;21.92;Yes;0;0;0;0;0;0
65755;No;577;577;93;1374;0.60;0.75;Enabled;66.38;21.92;Yes;0;0;0;0;0;0
65789;No;577;577;93;1374;0.61;0.75;Enabled;66.38;21.92;Yes;0;0;0;0;0;0
65819;No;577;577;93;1375;0.61;0.75;Enabled;66.38;21.92;Yes;0;0;0;0;0;0
65849;No;577;577;93;1375;0.61;0.75;Enabled;66.38;21.92;Yes;0;0;0;0;0;0
65881;No;577;577;93;1376;0.62;0.75;Enabled;66.38;21.92;Yes;0;0;0;0;0;0
65909;No;577;577;93;1376;0.62;0.75;Enabled;66.38;21.92;Yes;0;0;0;0;0;0
65940;No;577;577;93;1377;0.62;0.75;Enabled;66.38;21.92;Yes;0;0;0;0;0;0
65978;No;577;577;93;1377;0.62;0.75;Enabled;66.38;21.92;Yes;0;0;0;0;0;0
66000;No;577;577;93;1378;0.63;0.75;Enabled;66.38;21.92;Yes;0;0;0;0;0;0
66056;No;577;577;93;1378;0.63;0.75;Enabled;66.38;21.92;Yes;0;0;0;0;0;0
66088;No;577;577;93;1379;0.63;0.75;Enabled;66.38;21.92;Yes;0;0;0;0;0;0
66118;No;577;577;93;1379;0.64;0.75;Enabled;66.38;21.92;Yes;0;0;0;0;0;0
66149;No;577;577;93;1380;0.64;0.75;Enabled;66.38;21.92;Yes;0;0;0;0;0;0
66179;No;577;577;93;1380;0.64;0.75;Enabled;66.38;21.92;Yes;0;0;0;0;0;0
66211;No;577;577;93;1381;0.65;0.74;Enabled;66.38;21.92;Yes;0;0;0;0;0;0
66240;No;577;577;93;1368;0.65;0.74;Enabled;66.38;21.92;Yes;0;0;0;0;0;0
66271;No;577;577;93;1354;0.65;0.74;Enabled;66.38;21.92;Yes;0;0;0;0;0;0
66300;No;577;577;93;1341;0.66;0.74;Enabled;66.38;21.92;Yes;0;0;0;0;0;0
66357;No;577;577;93;1328;0.66;0.74;Enabled;66.38;21.92;Yes;0;0;0;0;0;0
66389;No;577;577;93;1315;0.67;0.74;Enabled;66.38;21.92;Yes;0;0;0;0;0;0
66419;No;577;577;93;1302;0.67;0.74;Enabled;66.38;21.92;Yes;0;0;0;0;0;0
66451;No;577;577;93;1289;0.67;0.74;Enabled;66.38;21.92;Yes;0;0;0;0;0;0
66479;No;577;577;93;1276;0.68;0.74;Enabled;66.38;21.92;Yes;0;0;0;0;0;0
66511;No;577;577;93;1262;0.68;0.74;Enabled;66.38;21.92;Yes;0;0;0;0;0;0
66540;No;577;577;93;1249;0.68;0.74;Enabled;66.38;21.92;Yes;0;0;0;0;0;0
66569;No;577;577;93;1236;0.69;0.74;Enabled;66.38;21.92;Yes;0;0;0;0;0;0
66599;No;577;577;93;1223;0.69;0.74;Enabled;66.38;21.92;Yes;0;0;0;0;0;0
66656;No;577;577;93;1210;0.70;0.74;Enabled;66.38;21.92;Yes;0;0;0;0;0;0
66689;No;577;577;93;1197;0.70;0.74;Enabled;66.38;21.92;Yes;0;0;0;0;0;0
66720;No;577;577;93;1184;0.70;0.74;Enabled;66.38;21.92;Yes;0;0;0;0;0;0
66750;No;577;577;93;1170;0.71;0.74;Enabled;66.38;21.92;Yes;0;0;0;0;0;0
66782;No;578;577;93;1157;0.71;0.73;Enabled;66.38;21.92;Yes;0;0;0;0;0;0
66810;No;578;578;93;1155;0.71;0.73;Enabled;66.38;21.92;Yes;0;0;0;0;0;0
66838;No;578;578;93;1152;0.72;0.73;Enabled;66.38;21.92;Yes;0;0;0;0;0;0
66870;No;578;578;93;1150;0.72;0.73;Enabled;66.38;21.92;Yes;0;0;0;0;0;0
66902;No;578;578;93;1147;0.72;0.73;Enabled;66.38;21.92;Yes;0;0;0;0;0;0
66957;No;578;578;93;1144;0.72;0.73;Enabled;66.38;21.92;Yes;0;0;0;0;0;0
66991;No;578;578;93;1142;0.72;0.73;Enabled;66.38;21.92;Yes;0;0;0;0;0;0
67021;No;578;578;93;1140;0.73;0.73;Enabled;66.38;21.92;Yes;0;0;0;0;0;0
67049;No;578;578;93;1137;0.73;0.74;Enabled;66.38;21.92;Yes;0;0;0;0;0;0
67079;No;578;578;93;1134;0.73;0.74;Enabled;66.38;21.92;Yes;0;0;0;0;0;0
67110;No;578;578;93;1132;0.73;0.74;Enabled;66.38;21.92;Yes;0;0;0;0;0;0
67138;No;578;578;93;1129;0.73;0.74;Enabled;66.38;21.92;Yes;0;0;0;0;0;0
67168;No;578;578;93;1127;0.74;0.74;Enabled;66.38;21.92;Yes;0;0;0;0;0;0
67203;No;578;578;93;1124;0.74;0.74;Enabled;66.38;21.92;Yes;0;0;0;0;0;0
67278;No;578;578;93;1122;0.74;0.74;Enabled;66.38;21.92;Yes;0;0;0;0;0;0
67320;No;578;578;93;1119;0.74;0.74;Enabled;66.38;21.92;Yes;0;0;0;0;0;0
67351;No;578;578;93;1116;0.74;0.74;Enabled;66.38;21.92;Yes;0;0;0;0;0;0
67378;No;578;578;93;1114;0.75;0.74;Enabled;66.38;21.92;Yes;0;0;0;0;0;0
67409;No;578;578;93;1114;0.75;0.74;Enabled;66.38;21.92;Yes;0;0;0;0;0;0
67439;No;578;578;93;1113;0.75;0.74;Enabled;66.38;21.92;Yes;0;0;0;0;0;0
67471;No;578;578;93;1113;0.75;0.74;Enabled;66.38;21.92;Yes;0;0;0;0;0;0
67500;No;578;578;93;1112;0.75;0.74;Enabled;66.38;21.92;Yes;0;0;0;0;0;0
67556;No;578;578;93;1112;0.75;0.74;Enabled;66.38;21.92;Yes;0;0;0;0;0;0
67590;No;578;578;93;1111;0.75;0.74;Enabled;66.38;21.92;Yes;0;0;0;0;0;0
67618;No;578;578;93;1111;0.75;0.74;Enabled;66.38;21.92;Yes;0;0;0;0;0;0
67648;No;578;578;93;1110;0.75;0.74;Enabled;66.38;21.92;Yes;0;0;0;0;0;0
67679;No;578;578;93;1110;0.75;0.74;Enabled;66.38;21.92;Yes;0;0;0;0;0;0
67711;No;578;578;93;1110;0.75;0.74;Enabled;66.38;21.92;Yes;0;0;0;0;0;0
67742;No;578;578;93;1109;0.75;0.74;Enabled;66.38;21.92;Yes;0;0;0;0;0;0
67768;No;578;578;93;1109;0.75;0.74;Enabled;66.38;21.92;Yes;0;0;0;0;0;0
67802;No;578;578;93;1108;0.75;0.74;Enabled;66.38;21.92;Yes;0;0;0;0;0;0
67857;No;578;578;93;1108;0.76;0.73;Enabled;66.38;21.92;Yes;0;0;0;0;0;0
67891;No;578;578;93;1108;0.76;0.73;Enabled;66.38;21.92;Yes;0;0;0;0;0;0
67919;No;578;578;93;1107;0.76;0.73;Enabled;66.38;21.92;Yes;0;0;0;0;0;0
67949;No;578;578;93;1106;0.76;0.73;Enabled;66.38;21.92;Yes;0;0;0;0;0;0
67979;No;578;578;93;1109;0.76;0.73;Enabled;66.38;21.92;Yes;0;0;0;0;0;0
68009;No;578;578;93;1112;0.76;0.73;Enabled;66.38;21.92;Yes;0;0;0;0;0;0
68040;No;578;578;93;1115;0.76;0.73;Enabled;66.38;21.92;Yes;0;0;0;0;0;0
68068;No;578;578;93;1118;0.76;0.73;Enabled;66.38;21.92;Yes;0;0;0;0;0;0
68100;No;578;578;93;1120;0.76;0.73;Enabled;66.38;21.92;Yes;0;0;0;0;0;0
68156;No;578;578;93;1123;0.76;0.73;Enabled;66.38;21.92;Yes;0;0;0;0;0;0
68190;No;578;578;93;1126;0.76;0.73;Enabled;66.38;21.92;Yes;0;0;0;0;0;0
68220;No;578;578;93;1129;0.76;0.73;Enabled;66.38;21.92;Yes;0;0;0;0;0;0
68250;No;578;578;93;1132;0.76;0.73;Enabled;66.38;21.92;Yes;0;0;0;0;0;0
68280;No;578;578;93;1134;0.75;0.73;Enabled;66.38;21.92;Yes;0;0;0;0;0;0
68310;No;578;578;93;1137;0.75;0.73;Enabled;66.38;21.92;Yes;0;0;0;0;0;0
68340;No;578;578;93;1140;0.75;0.73;Enabled;66.38;21.92;Yes;0;0;0;0;0;0
68371;No;578;578;93;1143;0.75;0.73;Enabled;66.38;21.92;Yes;0;0;0;0;0;0
68402;No;578;578;93;1146;0.75;0.73;Enabled;66.38;21.92;Yes;0;0;0;0;0;0
68456;No;578;578;93;1148;0.75;0.73;Enabled;66.38;21.92;Yes;0;0;0;0;0;0
68490;No;578;578;93;1151;0.75;0.73;Enabled;66.38;21.92;Yes;0;0;0;0;0;0
68536;No;578;578;93;1154;0.75;0.73;Enabled;66.38;21.92;Yes;0;0;0;0;0;0
68577;No;578;578;93;1151;0.75;0.73;Enabled;66.38;21.92;Yes;0;0;0;0;0;0
68610;No;578;577;93;1148;0.75;0.73;Enabled;66.38;21.92;Yes;0;0;0;0;0;0
68641;No;578;577;93;1146;0.75;0.73;Disabled;66.38;21.92;Yes;0;0;0;0;0;0
68670;No;577;577;93;1143;0.75;0.73;Disabled;66.38;21.92;Yes;0;0;0;0;0;0
68699;No;577;577;93;1140;0.75;0.73;Disabled;66.38;21.92;Yes;0;0;0;0;0;0
68756;No;577;577;93;1138;0.75;0.73;Disabled;66.38;21.92;Yes;0;0;0;0;0;0
68792;No;577;577;93;1135;0.75;0.73;Disabled;66.38;21.92;Yes;0;0;0;0;0;0
68820;No;577;577;93;1132;0.75;0.73;Disabled;66.38;21.92;Yes;0;0;0;0;0;0
68848;No;577;577;93;1130;0.75;0.73;Disabled;66.38;21.92;Yes;0;0;0;0;0;0
68878;No;577;577;93;1127;0.75;0.74;Disabled;66.38;21.92;Yes;0;0;0;0;0;0
68909;No;577;577;93;1124;0.75;0.74;Disabled;66.38;21.92;Yes;0;0;0;0;0;0
68940;No;577;577;93;1122;0.75;0.74;Disabled;66.38;21.92;Yes;0;0;0;0;0;0
68970;No;577;577;93;1119;0.75;0.74;Disabled;66.38;21.92;Yes;0;0;0;0;0;0
69000;No;577;577;93;1116;0.75;0.74;Disabled;66.38;21.92;Yes;0;0;0;0;0;0
69056;No;577;577;93;1114;0.75;0.74;Disabled;66.38;21.92;Yes;0;0;0;0;0;0
69091;No;577;577;93;1111;0.75;0.74;Disabled;66.38;21.92;Yes;0;0;0;0;0;0
69120;No;577;577;93;1108;0.75;0.74;Disabled;66.38;21.92;Yes;0;0;0;0;0;0
69149;No;577;577;93;1108;0.75;0.74;Disabled;66.38;21.92;Yes;0;0;0;0;0;0
69181;No;577;577;93;1108;0.75;0.74;Disabled;66.38;21.92;Yes;0;0;0;0;0;0
69210;No;577;577;93;1108;0.75;0.74;Disabled;66.38;21.92;Yes;0;0;0;0;0;0
69240;No;577;577;93;1108;0.75;0.74;Disabled;66.38;21.92;Yes;0;0;0;0;0;0
69272;No;577;577;93;1108;0.75;0.74;Disabled;66.38;21.92;Yes;0;0;0;0;0;0
69301;No;577;577;93;1108;0.75;0.74;Disabled;66.38;21.92;Yes;0;0;0;0;0;0
69356;No;576;576;93;1108;0.74;0.74;Disabled;66.38;21.92;Yes;0;0;0;0;0;0
69392;No;576;576;93;1107;0.74;0.74;Disabled;66.38;21.92;Yes;0;0;0;0;0;0
69419;No;576;576;93;1107;0.74;0.74;Disabled;66.38;21.92;Yes;0;0;0;0;0;0
69451;No;576;576;93;1107;0.74;0.74;Disabled;66.38;21.92;Yes;0;0;0;0;0;0
69479;No;576;576;93;1107;0.74;0.74;Disabled;66.38;21.92;Yes;0;0;0;0;0;0
69509;No;576;576;93;1107;0.74;0.74;Disabled;66.38;21.92;Yes;0;0;0;0;0;0
69540;No;576;576;93;1107;0.74;0.74;Disabled;66.38;21.92;Yes;0;0;0;0;0;0
69571;No;576;576;93;1106;0.74;0.74;Disabled;66.38;21.92;Yes;0;0;0;0;0;0
69600;No;576;576;93;1106;0.74;0.74;Disabled;66.38;21.92;Yes;0;0;0;0;0;0
69656;No;576;576;93;1106;0.74;0.74;Disabled;66.38;21.92;Yes;0;0;0;0;0;0
69690;No;576;576;93;1106;0.74;0.74;Disabled;66.38;21.92;Yes;0;0;0;0;0;0
69718;No;576;576;93;1102;0.74;0.74;Disabled;66.38;21.92;Yes;0;0;0;0;0;0
69750;No;576;576;93;1098;0.74;0.74;Disabled;66.38;21.92;Yes;0;0;0;0;0;0
69780;No;576;576;93;1094;0.74;0.74;Enabled;66.38;21.92;Yes;0;0;0;0;0;0
69818;No;576;576;93;1090;0.74;0.74;Enabled;66.38;21.92;Yes;0;0;0;0;0;0
69839;No;576;576;93;1085;0.74;0.74;Enabled;66.38;21.92;Yes;0;0;0;0;0;0
69869;No;576;576;93;1081;0.74;0.74;Enabled;66.38;21.92;Yes;0;0;0;0;0;0
69900;No;576;576;93;1077;0.74;0.74;Enabled;66.38;21.92;Yes;0;0;0;0;0;0
69956;No;576;576;93;1072;0.74;0.74;Enabled;66.38;21.92;Yes;0;0;0;0;0;0
69990;No;576;576;93;1068;0.74;0.74;Enabled;66.38;21.92;Yes;0;0;0;0;0;0
70020;No;576;576;93;1064;0.74;0.74;Enabled;66.38;21.92;Yes;0;0;0;0;0;0
70049;No;576;576;93;1060;0.74;0.74;Enabled;66.38;21.92;Yes;0;0;0;0;0;0
70079;No;575;576;93;1056;0.74;0.74;Enabled;66.38;21.92;Yes;0;0;0;0;0;0
70110;No;575;575;93;1052;0.73;0.74;Enabled;66.38;21.92;Yes;0;0;0;0;0;0
70140;No;575;575;93;1047;0.73;0.74;Enabled;66.38;21.92;Yes;0;0;0;0;0;0
70171;No;575;575;93;1043;0.73;0.74;Enabled;66.38;21.92;Yes;0;0;0;0;0;0
70199;No;575;575;93;1039;0.73;0.74;Enabled;66.38;21.92;Yes;0;0;0;0;0;0
70256;No;575;575;93;1035;0.73;0.74;Enabled;66.38;21.92;Yes;0;0;0;0;0;0
70290;No;575;575;93;1034;0.73;0.74;Enabled;66.38;21.92;Yes;0;0;0;0;0;0
70321;No;575;575;93;1034;0.73;0.74;Enabled;66.38;21.92;Yes;0;0;0;0;0;0
70350;No;575;575;93;1033;0.73;0.74;Disabled;66.38;21.92;Yes;0;0;0;0;0;0
70380;No;575;575;93;1032;0.73;0.74;Disabled;66.38;21.92;Yes;0;0;0;0;0;0
70411;No;575;575;93;1032;0.73;0.74;Disabled;66.38;21.92;Yes;0;0;0;0;0;0
70439;No;575;575;93;1032;0.73;0.74;Disabled;66.38;21.92;Yes;0;0;0;0;0;0
70472;No;575;575;93;1031;0.73;0.74;Disabled;66.38;21.92;Yes;0;0;0;0;0;0
70500;No;575;575;93;1030;0.73;0.74;Disabled;66.38;21.92;Yes;0;0;0;0;0;0
70555;No;575;575;93;1030;0.73;0.74;Disabled;66.38;21.92;Yes;0;0;0;0;0;0
70591;No;575;575;93;1029;0.73;0.74;Disabled;66.38;21.92;Yes;0;0;0;0;0;0
70620;No;575;574;93;1028;0.73;0.74;Disabled;66.38;21.92;Yes;0;0;0;0;0;0
70649;No;574;574;93;1028;0.73;0.74;Disabled;66.38;21.92;Yes;0;0;0;0;0;0
70680;No;574;574;93;1028;0.73;0.74;Disabled;66.38;21.92;Yes;0;0;0;0;0;0
70710;No;574;574;93;1027;0.73;0.74;Disabled;66.38;21.92;Yes;0;0;0;0;0;0
70738;No;574;574;93;1026;0.73;0.74;Disabled;66.38;21.92;Yes;0;0;0;0;0;0
70770;No;574;574;93;1026;0.73;0.74;Disabled;66.38;21.92;Yes;0;0;0;0;0;0
70801;No;574;574;93;1025;0.73;0.74;Disabled;66.38;21.92;Yes;0;0;0;0;0;0
70857;No;574;574;93;1022;0.73;0.74;Disabled;66.38;21.92;Yes;0;0;0;0;0;0
70889;No;574;574;93;1018;0.73;0.74;Disabled;66.38;21.92;Yes;0;0;0;0;0;0
70920;No;574;574;93;1015;0.73;0.74;Disabled;66.38;21.92;Yes;0;0;0;0;0;0
70950;No;574;574;93;1012;0.73;0.74;Disabled;66.38;21.92;Yes;0;0;0;0;0;0
70980;No;574;574;93;1008;0.73;0.74;Disabled;66.38;21.92;Yes;0;0;0;0;0;0
71010;No;574;574;93;1005;0.73;0.74;Disabled;66.38;21.92;Yes;0;0;0;0;0;0
71041;No;574;574;93;1002;0.73;0.74;Disabled;66.38;21.92;Yes;0;0;0;0;0;0
71070;No;574;574;93;998;0.73;0.74;Disabled;66.38;21.92;Yes;0;0;0;0;0;0
71156;No;574;574;93;995;0.73;0.74;Disabled;66.38;21.92;Yes;0;0;0;0;0;0
71191;No;574;574;93;992;0.73;0.74;Disabled;66.38;21.92;Yes;0;0;0;0;0;0
71219;No;574;574;93;988;0.73;0.74;Disabled;66.38;21.92;Yes;0;0;0;0;0;0
71249;No;574;574;93;985;0.73;0.74;Disabled;66.38;21.92;Yes;0;0;0;0;0;0
71278;No;574;574;93;981;0.72;0.74;Disabled;66.38;21.92;Yes;0;0;0;0;0;0
71310;No;574;574;93;978;0.72;0.74;Disabled;66.38;21.92;Yes;0;0;0;0;0;0
71340;No;574;574;93;974;0.72;0.74;Disabled;66.38;21.92;Yes;0;0;0;0;0;0
71371;No;574;574;93;971;0.72;0.74;Disabled;66.38;21.92;Yes;0;0;0;0;0;0
71400;No;574;574;93;968;0.72;0.74;Disabled;66.38;21.92;Yes;0;0;0;0;0;0
71456;No;574;574;93;960;0.72;0.74;Disabled;66.38;21.92;Yes;0;0;0;0;0;0
71489;No;574;574;93;952;0.72;0.74;Disabled;66.38;21.92;Yes;0;0;0;0;0;0
71519;No;574;573;93;945;0.72;0.74;Disabled;66.38;21.92;Yes;0;0;0;0;0;0
71550;No;573;573;93;937;0.72;0.74;Disabled;66.38;21.92;Yes;0;0;0;0;0;0
71579;No;573;573;93;929;0.72;0.74;Disabled;66.38;21.92;Yes;0;0;0;0;0;0
71609;No;573;573;93;922;0.72;0.74;Disabled;66.38;21.92;Yes;0;0;0;0;0;0
71640;No;573;573;93;914;0.72;0.74;Disabled;66.38;21.92;Yes;0;0;0;0;0;0
71670;No;573;573;93;906;0.72;0.74;Disabled;66.38;21.92;Yes;0;0;0;0;0;0
71702;No;573;573;93;898;0.72;0.74;Disabled;66.38;21.92;Yes;0;0;0;0;0;0
71755;No;573;573;93;891;0.72;0.74;Disabled;66.38;21.92;Yes;0;0;0;0;0;0
71790;No;573;573;93;883;0.72;0.74;Disabled;66.38;21.92;Yes;0;0;0;0;0;0
71820;No;573;573;93;876;0.72;0.74;Disabled;66.38;21.92;Yes;0;0;0;0;0;0
71851;No;573;573;93;868;0.72;0.74;Disabled;66.38;21.92;Yes;0;0;0;0;0;0
71880;No;573;573;93;860;0.72;0.74;Disabled;66.38;21.92;Yes;0;0;0;0;0;0
71912;No;573;573;93;852;0.72;0.74;Disabled;66.38;21.92;Yes;0;0;0;0;0;0
71942;No;573;573;93;845;0.72;0.74;Disabled;66.38;21.92;Yes;0;0;0;0;0;0
71972;No;573;573;93;837;0.72;0.74;Disabled;66.38;21.92;Yes;0;0;0;0;0;0
72001;No;573;573;93;839;0.72;0.74;Disabled;66.38;21.92;Yes;0;0;0;0;0;0
72055;No;573;573;93;841;0.72;0.74;Disabled;66.38;21.92;Yes;0;0;0;0;0;0
72089;No;573;573;93;843;0.72;0.74;Disabled;66.38;21.92;Yes;0;0;0;0;0;0
72120;No;573;573;93;844;0.72;0.74;Disabled;66.38;21.92;Yes;0;0;0;0;0;0
72151;No;573;573;93;846;0.72;0.74;Disabled;66.38;21.92;Yes;0;0;0;0;0;0
72180;No;573;573;93;848;0.72;0.74;Disabled;66.38;21.92;Yes;0;0;0;0;0;0
72210;No;573;573;93;850;0.72;0.74;Disabled;66.38;21.92;Yes;0;0;0;0;0;0
72241;No;572;573;93;852;0.72;0.74;Disabled;66.38;21.92;Yes;0;0;0;0;0;0
72269;No;572;572;93;854;0.72;0.74;Disabled;66.38;21.92;Yes;0;0;0;0;0;0
72300;No;572;572;93;856;0.72;0.74;Disabled;66.38;21.92;Yes;0;0;0;0;0;0
72378;No;572;572;93;858;0.72;0.74;Disabled;66.38;21.92;Yes;0;0;0;0;0;0
72419;No;572;572;93;860;0.72;0.74;Disabled;66.38;21.92;Yes;0;0;0;0;0;0
72452;No;572;572;93;862;0.72;0.74;Disabled;66.38;21.92;Yes;0;0;0;0;0;0
72480;No;572;572;93;864;0.72;0.73;Disabled;66.38;21.92;Yes;0;0;0;0;0;0
72510;No;572;572;93;866;0.72;0.73;Disabled;66.38;21.92;Yes;0;0;0;0;0;0
72540;No;572;572;93;867;0.72;0.73;Disabled;66.38;21.92;Yes;0;0;0;0;0;0
72571;No;572;572;93;869;0.72;0.73;Disabled;66.38;21.92;Yes;0;0;0;0;0;0
72601;No;572;572;93;877;0.72;0.73;Disabled;66.38;21.92;Yes;0;0;0;0;0;0
72658;No;572;572;93;885;0.72;0.73;Disabled;66.38;21.92;Yes;0;0;0;0;0;0
72690;No;572;572;93;892;0.72;0.73;Disabled;66.38;21.92;Yes;0;0;0;0;0;0
72719;No;572;572;93;900;0.72;0.73;Disabled;66.38;21.92;Yes;0;0;0;0;0;0
72749;No;572;572;93;908;0.72;0.73;Disabled;66.38;21.92;Yes;0;0;0;0;0;0
72780;No;572;572;93;916;0.72;0.73;Disabled;66.38;21.92;Yes;0;0;0;0;0;0
72809;No;572;572;93;924;0.72;0.73;Disabled;66.38;21.92;Yes;0;0;0;0;0;0
72842;No;572;572;93;931;0.72;0.73;Disabled;66.38;21.92;Yes;0;0;0;0;0;0
72868;No;572;572;93;939;0.72;0.73;Disabled;66.38;21.92;Yes;0;0;0;0;0;0
72899;No;571;572;93;946;0.72;0.73;Disabled;66.38;21.92;Yes;0;0;0;0;0;0
72956;No;571;571;93;954;0.72;0.73;Disabled;66.38;21.92;Yes;0;0;0;0;0;0
72994;No;571;571;93;962;0.72;0.73;Disabled;66.38;21.92;Yes;0;0;0;0;0;0
73020;No;571;571;93;970;0.71;0.73;Disabled;66.38;21.92;Yes;0;0;0;0;0;0
73050;No;571;571;93;978;0.71;0.73;Disabled;66.38;21.92;Yes;0;0;0;0;0;0
73081;No;571;571;93;985;0.71;0.73;Disabled;66.38;21.92;Yes;0;0;0;0;0;0
73110;No;571;571;93;993;0.71;0.73;Disabled;66.38;21.92;Yes;0;0;0;0;0;0
73140;No;571;571;93;1001;0.71;0.73;Disabled;66.38;21.92;Yes;0;0;0;0;0;0
73171;No;571;571;93;1001;0.71;0.73;Disabled;66.38;21.92;Yes;0;0;0;0;0;0
73203;No;571;571;93;1001;0.71;0.73;Disabled;66.38;21.92;Yes;0;0;0;0;0;0
73256;No;571;571;93;1001;0.71;0.73;Disabled;66.38;21.92;Yes;0;0;0;0;0;0
73290;No;571;571;93;1001;0.71;0.73;Disabled;66.38;21.92;Yes;0;0;0;0;0;0
73318;No;571;571;93;1001;0.71;0.73;Disabled;66.38;21.92;Yes;0;0;0;0;0;0
73349;No;571;571;93;1001;0.71;0.73;Disabled;66.38;21.92;Yes;0;0;0;0;0;0
73379;No;571;571;93;1001;0.71;0.73;Disabled;66.38;21.92;Yes;0;0;0;0;0;0
73410;No;571;570;93;1002;0.70;0.73;Disabled;66.38;21.92;Yes;0;0;0;0;0;0
73440;No;570;570;93;1002;0.70;0.73;Disabled;66.38;21.92;Yes;0;0;0;0;0;0
73470;No;570;570;93;1002;0.70;0.73;Disabled;66.38;21.92;Yes;0;0;0;0;0;0
73501;No;570;570;93;1002;0.70;0.73;Disabled;66.38;21.92;Yes;0;0;0;0;0;0
73558;No;570;570;93;1002;0.70;0.73;Disabled;66.38;21.92;Yes;0;0;0;0;0;0
73588;No;570;570;93;1002;0.70;0.73;Disabled;66.38;21.92;Yes;0;0;0;0;0;0
73619;No;570;570;93;1002;0.70;0.73;Disabled;66.38;21.92;Yes;0;0;0;0;0;0
73657;No;570;570;93;1002;0.69;0.73;Disabled;66.38;21.92;Yes;0;0;0;0;0;0
73681;No;570;570;93;1002;0.69;0.73;Disabled;66.38;21.92;Yes;0;0;0;0;0;0
73710;No;570;570;93;1002;0.69;0.73;Disabled;66.38;21.92;Yes;0;0;0;0;0;0
73741;No;570;570;93;1000;0.69;0.73;Disabled;66.38;21.92;Yes;0;0;0;0;0;0
73769;No;570;570;93;998;0.68;0.73;Disabled;66.38;21.92;Yes;0;0;0;0;0;0
73800;No;570;570;93;997;0.67;0.73;Disabled;66.38;21.92;Yes;0;0;0;0;0;0
73857;No;570;570;93;995;0.67;0.73;Disabled;66.38;21.92;Yes;0;0;0;0;0;0
73890;No;570;570;93;993;0.66;0.73;Disabled;66.38;21.92;Yes;0;0;0;0;0;0
73920;No;570;570;93;991;0.65;0.73;Disabled;66.38;21.92;Yes;0;0;0;0;0;0
73951;No;570;570;93;989;0.64;0.73;Disabled;66.38;21.92;Yes;0;0;0;0;0;0
73980;No;570;570;93;987;0.64;0.73;Disabled;66.38;21.92;Yes;0;0;0;0;0;0
74011;No;569;569;93;986;0.63;0.73;Disabled;66.38;21.92;Yes;0;0;0;0;0;0
74040;No;569;569;93;984;0.62;0.73;Disabled;66.38;21.92;Yes;0;0;0;0;0;0
74070;No;569;569;93;982;0.62;0.73;Disabled;66.38;21.92;Yes;0;0;0;0;0;0
74101;No;569;569;93;980;0.61;0.73;Disabled;66.38;21.92;Yes;0;0;0;0;0;0
74157;No;569;569;93;978;0.60;0.73;Disabled;66.38;21.92;Yes;0;0;0;0;0;0
74191;No;569;569;93;976;0.59;0.72;Disabled;66.38;21.92;Yes;0;0;0;0;0;0
74220;No;569;569;93;974;0.58;0.72;Disabled;66.38;21.92;Yes;0;0;0;0;0;0
74250;No;569;569;93;972;0.58;0.72;Disabled;66.38;21.92;Yes;0;0;0;0;0;0
74280;No;569;569;93;970;0.57;0.72;Disabled;66.38;21.92;Yes;0;0;0;0;0;0
74312;No;569;569;93;972;0.56;0.72;Disabled;66.38;21.92;Yes;0;0;0;0;0;0
74340;No;569;569;93;974;0.55;0.72;Disabled;66.38;21.92;Yes;0;0;0;0;0;0
74371;No;568;569;93;976;0.53;0.72;Disabled;66.38;21.92;Yes;0;0;0;0;0;0
74400;No;568;568;93;978;0.52;0.72;Disabled;66.38;21.92;Yes;0;0;0;0;0;0
74457;No;568;568;93;980;0.50;0.72;Disabled;66.38;21.92;Yes;0;0;0;0;0;0
74491;No;568;568;93;982;0.49;0.72;Disabled;66.38;21.92;Yes;0;0;0;0;0;0
74520;No;568;568;93;984;0.47;0.72;Disabled;66.38;21.92;Yes;0;0;0;0;0;0
74551;No;568;568;93;986;0.46;0.72;Disabled;66.38;21.92;Yes;0;0;0;0;0;0
74579;No;568;568;93;989;0.44;0.72;Disabled;66.38;21.92;Yes;0;0;0;0;0;0
74609;No;568;568;93;991;0.43;0.72;Disabled;66.38;21.92;Yes;0;0;0;0;0;0
74640;No;568;568;93;993;0.41;0.72;Disabled;66.38;21.92;Yes;0;0;0;0;0;0
74670;No;568;568;93;995;0.40;0.72;Disabled;66.38;21.92;Yes;0;0;0;0;0;0
74702;No;568;568;93;997;0.38;0.72;Disabled;66.38;21.92;Yes;0;0;0;0;0;0
74757;No;568;568;93;999;0.37;0.72;Disabled;66.38;21.92;Yes;0;0;0;0;0;0
74788;No;568;568;93;1001;0.35;0.72;Disabled;66.38;21.92;Yes;0;0;0;0;0;0
74820;No;568;568;93;1003;0.34;0.72;Disabled;66.38;21.92;Yes;0;0;0;0;0;0
74850;No;567;568;93;1005;0.32;0.72;Disabled;66.38;21.92;Yes;0;0;0;0;0;0
74877;No;567;567;93;1016;0.31;0.72;Disabled;66.38;21.92;Yes;0;0;0;0;0;0
74910;No;567;567;93;1027;0.31;0.72;Disabled;66.38;21.92;Yes;0;0;0;0;0;0
74971;No;567;567;93;1038;0.30;0.72;Disabled;66.38;21.92;Yes;0;0;0;0;0;0
75002;No;567;567;93;1048;0.30;0.72;Disabled;66.38;21.92;Yes;0;0;0;0;0;0
75056;No;567;567;93;1060;0.30;0.72;Disabled;66.38;21.92;Yes;0;0;0;0;0;0
75090;No;567;567;93;1070;0.30;0.72;Disabled;66.38;21.92;Yes;0;0;0;0;0;0
75120;No;567;567;93;1082;0.29;0.72;Disabled;66.38;21.92;Yes;0;0;0;0;0;0
75148;No;567;567;93;1092;0.29;0.72;Disabled;66.38;21.92;Yes;0;0;0;0;0;0
75180;No;567;567;93;1103;0.29;0.72;Disabled;66.38;21.92;Yes;0;0;0;0;0;0
75212;No;567;567;93;1114;0.29;0.72;Disabled;66.38;21.92;Yes;0;0;0;0;0;0
75240;No;567;567;93;1125;0.28;0.72;Disabled;66.38;21.92;Yes;0;0;0;0;0;0
75270;No;567;567;93;1136;0.28;0.72;Disabled;66.38;21.92;Yes;0;0;0;0;0;0
75303;No;567;567;93;1147;0.28;0.72;Disabled;66.38;21.92;Yes;0;0;0;0;0;0
75329;No;567;567;93;1158;0.28;0.72;Disabled;66.38;21.92;Yes;0;0;0;0;0;0
75360;No;567;567;93;1169;0.27;0.72;Disabled;66.38;21.92;Yes;0;0;0;0;0;0
75390;No;567;567;93;1180;0.27;0.72;Disabled;66.38;21.92;Yes;0;0;0;0;0;0
75419;No;567;567;93;1191;0.27;0.71;Disabled;66.38;21.92;Yes;0;0;0;0;0;0
75450;No;566;567;93;1182;0.26;0.71;Disabled;66.38;21.92;Yes;0;0;0;0;0;0
75478;No;566;566;93;1173;0.27;0.71;Disabled;66.38;21.92;Yes;0;0;0;0;0;0
75510;No;566;566;93;1164;0.27;0.71;Disabled;66.38;21.92;Yes;0;0;0;0;0;0
75540;No;566;566;93;1154;0.27;0.71;Disabled;66.38;21.92;Yes;0;0;0;0;0;0
75571;No;566;566;93;1146;0.28;0.71;Disabled;66.38;21.92;Yes;0;0;0;0;0;0
75600;No;566;566;93;1136;0.28;0.71;Disabled;66.38;21.92;Yes;0;0;0;0;0;0
75655;No;566;566;93;1127;0.28;0.71;Disabled;66.38;21.92;Yes;0;0;0;0;0;0
75689;No;566;566;93;1118;0.28;0.72;Disabled;66.38;21.92;Yes;0;0;0;0;0;0
75719;No;566;566;93;1109;0.29;0.72;Disabled;66.38;21.92;Yes;0;0;0;0;0;0
75750;No;566;566;93;1100;0.29;0.72;Disabled;66.38;21.92;Yes;0;0;0;0;0;0
75778;No;566;566;93;1091;0.29;0.72;Disabled;66.38;21.92;Yes;0;0;0;0;0;0
75808;No;566;566;93;1082;0.29;0.72;Disabled;66.38;21.92;Yes;0;0;0;0;0;0
75840;No;566;566;93;1072;0.30;0.72;Disabled;66.38;21.92;Yes;0;0;0;0;0;0
75871;No;566;566;93;1063;0.30;0.72;Disabled;66.38;21.92;Yes;0;0;0;0;0;0
75900;No;566;566;93;1054;0.30;0.72;Disabled;66.38;21.92;Yes;0;0;0;0;0;0
75955;No;566;566;93;1045;0.30;0.72;Disabled;66.38;21.92;Yes;0;0;0;0;0;0
75990;No;566;566;93;1036;0.31;0.72;Disabled;66.38;21.92;Yes;0;0;0;0;0;0
76022;No;566;566;93;1029;0.31;0.72;Disabled;66.38;21.92;Yes;0;0;0;0;0;0
76050;No;566;566;93;1023;0.31;0.72;Disabled;66.38;21.92;Yes;0;0;0;0;0;0
76078;No;566;566;93;1016;0.31;0.72;Disabled;66.38;21.92;Yes;0;0;0;0;0;0
76110;No;566;566;93;1010;0.32;0.72;Disabled;66.38;21.92;Yes;0;0;0;0;0;0
76140;No;566;566;93;1003;0.32;0.72;Disabled;66.38;21.92;Yes;0;0;0;0;0;0
76170;No;565;566;93;996;0.32;0.72;Disabled;66.38;21.92;Yes;0;0;0;0;0;0
76216;No;565;565;93;990;0.32;0.72;Disabled;66.38;21.92;Yes;0;0;0;0;0;0
76288;No;565;565;93;983;0.32;0.72;Disabled;66.38;21.92;Yes;0;0;0;0;0;0
76320;No;565;565;93;976;0.33;0.72;Disabled;66.38;21.92;Yes;0;0;0;0;0;0
76351;No;565;565;93;970;0.33;0.72;Disabled;66.38;21.92;Yes;0;0;0;0;0;0
76379;No;565;565;93;963;0.33;0.72;Disabled;66.38;21.92;Yes;0;0;0;0;0;0
76409;No;565;565;93;956;0.33;0.72;Disabled;66.38;21.92;Yes;0;0;0;0;0;0
76439;No;565;565;93;950;0.34;0.72;Disabled;66.38;21.92;Yes;0;0;0;0;0;0
76469;No;565;565;93;943;0.34;0.71;Disabled;66.38;21.92;Yes;0;0;0;0;0;0
76501;No;565;565;93;936;0.34;0.71;Disabled;66.38;21.92;Yes;0;0;0;0;0;0
76556;No;565;565;93;930;0.34;0.71;Disabled;66.38;21.92;Yes;0;0;0;0;0;0
76590;No;565;565;93;923;0.35;0.71;Disabled;66.38;21.92;Yes;0;0;0;0;0;0
76620;No;565;565;93;922;0.35;0.71;Disabled;66.38;21.92;Yes;0;0;0;0;0;0
76649;No;565;565;93;922;0.35;0.71;Disabled;66.38;21.92;Yes;0;0;0;0;0;0
76680;No;564;565;93;922;0.36;0.71;Disabled;66.38;21.92;Yes;0;0;0;0;0;0
76709;No;564;564;93;921;0.36;0.71;Disabled;66.38;21.92;Yes;0;0;0;0;0;0
76740;No;564;564;93;921;0.37;0.71;Disabled;66.38;21.92;Yes;0;0;0;0;0;0
76770;No;564;564;93;920;0.37;0.71;Disabled;66.38;21.92;Yes;0;0;0;0;0;0
76800;No;564;564;93;920;0.38;0.71;Disabled;66.38;21.92;Yes;0;0;0;0;0;0
76854;No;564;564;93;920;0.38;0.71;Disabled;66.38;21.92;Yes;0;0;0;0;0;0
76888;No;564;564;93;919;0.39;0.71;Disabled;66.38;21.92;Yes;0;0;0;0;0;0
76920;No;564;564;93;918;0.39;0.71;Disabled;66.38;21.92;Yes;0;0;0;0;0;0
76950;No;564;564;93;918;0.40;0.71;Disabled;66.38;21.92;Yes;0;0;0;0;0;0
76980;No;564;564;93;918;0.40;0.71;Disabled;66.38;21.92;Yes;0;0;0;0;0;0
77010;No;564;564;93;917;0.41;0.71;Disabled;66.38;21.92;Yes;0;0;0;0;0;0
77041;No;564;564;93;917;0.41;0.71;Disabled;66.38;21.92;Yes;0;0;0;0;0;0
77069;No;564;564;93;916;0.42;0.71;Disabled;66.38;21.92;Yes;0;0;0;0;0;0
77099;No;564;564;93;916;0.42;0.71;Disabled;66.38;21.92;Yes;0;0;0;0;0;0
77156;No;564;564;93;916;0.43;0.71;Disabled;66.38;21.92;Yes;0;0;0;0;0;0
77190;No;564;564;93;915;0.43;0.71;Disabled;66.38;21.92;Yes;0;0;0;0;0;0
77221;No;564;564;93;915;0.44;0.71;Disabled;66.38;21.92;Yes;0;0;0;0;0;0
77249;No;564;564;93;914;0.44;0.71;Disabled;66.38;21.92;Yes;0;0;0;0;0;0
77281;No;564;564;93;914;0.45;0.71;Disabled;66.38;21.92;Yes;0;0;0;0;0;0
77309;No;564;563;93;914;0.45;0.71;Disabled;66.38;21.92;Yes;0;0;0;0;0;0
77339;No;563;563;93;913;0.46;0.71;Disabled;66.38;21.92;Yes;0;0;0;0;0;0
77370;No;563;563;93;913;0.46;0.71;Disabled;66.38;21.92;Yes;0;0;0;0;0;0
77400;No;563;563;93;912;0.47;0.71;Disabled;66.38;21.92;Yes;0;0;0;0;0;0
77455;No;563;563;93;912;0.48;0.71;Disabled;66.38;21.92;Yes;0;0;0;0;0;0
77496;No;563;563;93;912;0.48;0.71;Disabled;66.38;21.92;Yes;0;0;0;0;0;0
77520;No;563;563;93;911;0.49;0.71;Disabled;66.38;21.92;Yes;0;0;0;0;0;0
77551;No;563;563;93;911;0.49;0.71;Disabled;66.38;21.92;Yes;0;0;0;0;0;0
77579;No;563;563;93;910;0.50;0.71;Disabled;66.38;21.92;Yes;0;0;0;0;0;0
77609;No;563;563;93;910;0.50;0.71;Disabled;66.38;21.92;Yes;0;0;0;0;0;0
77640;No;563;563;93;910;0.51;0.71;Disabled;66.38;21.92;Yes;0;0;0;0;0;0
77670;No;563;563;93;909;0.52;0.71;Disabled;66.38;21.92;Yes;0;0;0;0;0;0
77701;No;563;563;93;909;0.52;0.71;Disabled;66.38;21.92;Yes;0;0;0;0;0;0
77754;No;563;562;93;908;0.53;0.71;Disabled;66.38;21.92;Yes;0;0;0;0;0;0
77789;No;563;562;93;908;0.51;0.71;Disabled;66.38;21.92;Yes;0;0;0;0;0;0
77821;No;562;562;93;908;0.48;0.71;Disabled;66.38;21.92;Yes;0;0;0;0;0;0
77850;No;562;562;93;907;0.46;0.71;Disabled;66.38;21.92;Yes;0;0;0;0;0;0
77880;No;562;562;93;907;0.44;0.71;Disabled;66.38;21.92;Yes;0;0;0;0;0;0
77912;No;562;562;93;906;0.42;0.71;Disabled;66.38;21.92;Yes;0;0;0;0;0;0
77944;No;562;562;93;906;0.40;0.71;Disabled;66.38;21.92;Yes;0;0;0;0;0;0
77969;No;562;562;93;906;0.37;0.71;Disabled;66.38;21.92;Yes;0;0;0;0;0;0
78000;No;562;562;93;906;0.35;0.71;Disabled;66.38;21.92;Yes;0;0;0;0;0;0
78054;No;562;562;93;905;0.33;0.70;Disabled;66.38;21.92;Yes;0;0;0;0;0;0
78094;No;562;562;93;905;0.31;0.70;Disabled;66.38;21.92;Yes;0;0;0;0;0;0
78119;No;562;562;93;904;0.29;0.70;Disabled;66.38;21.92;Yes;0;0;0;0;0;0
78149;No;562;562;93;904;0.26;0.70;Disabled;66.38;21.92;Yes;0;0;0;0;0;0
78178;No;562;562;93;904;0.24;0.70;Disabled;66.38;21.92;Yes;0;0;0;0;0;0
78209;No;562;562;93;903;0.22;0.70;Disabled;66.38;21.92;Yes;0;0;0;0;0;0
78240;No;562;562;93;903;0.20;0.70;Disabled;66.38;21.92;Yes;0;0;0;0;0;0
78269;No;562;562;93;902;0.17;0.70;Disabled;66.38;21.92;Yes;0;0;0;0;0;0
78303;No;561;562;93;902;0.15;0.70;Disabled;66.38;21.92;Yes;0;0;0;0;0;0
78360;No;561;561;93;901;0.15;0.70;Disabled;66.38;21.92;Yes;0;0;0;0;0;0
78392;No;561;561;93;900;0.15;0.70;Disabled;66.38;21.92;Yes;0;0;0;0;0;0
78420;No;561;561;93;899;0.14;0.70;Disabled;66.38;21.92;Yes;0;0;0;0;0;0
78451;No;561;561;93;898;0.14;0.70;Disabled;66.38;21.92;Yes;0;0;0;0;0;0
78480;No;561;561;93;897;0.14;0.70;Disabled;66.38;21.92;Yes;0;0;0;0;0;0
78510;No;561;561;93;896;0.13;0.70;Disabled;66.38;21.92;Yes;0;0;0;0;0;0
78540;No;561;561;93;896;0.13;0.70;Disabled;66.38;21.92;Yes;0;0;0;0;0;0
78571;No;561;561;93;895;0.13;0.70;Disabled;66.38;21.92;Yes;0;0;0;0;0;0
78600;No;561;561;93;894;0.12;0.70;Disabled;66.38;21.92;Yes;0;0;0;0;0;0
78657;No;561;561;93;893;0.12;0.70;Disabled;66.38;21.92;Yes;0;0;0;0;0;0
78688;No;561;561;93;892;0.12;0.70;Disabled;66.38;21.92;Yes;0;0;0;0;0;0
78718;No;561;561;93;891;0.11;0.70;Disabled;66.38;21.92;Yes;0;0;0;0;0;0
78750;No;561;561;93;890;0.11;0.70;Disabled;66.38;21.92;Yes;0;0;0;0;0;0
78811;No;560;561;93;890;0.11;0.70;Disabled;66.38;21.92;Yes;0;0;0;0;0;0
78839;No;560;560;93;888;0.10;0.70;Disabled;66.38;21.92;Yes;0;0;0;0;0;0
78869;No;560;560;93;888;0.10;0.70;Disabled;66.38;21.92;Yes;0;0;0;0;0;0
78899;No;560;560;93;887;0.10;0.70;Disabled;66.38;21.92;Yes;0;0;0;0;0;0
78957;No;560;560;93;887;0.10;0.70;Disabled;66.38;21.92;Yes;0;0;0;0;0;0
78989;No;560;560;93;886;0.10;0.70;Disabled;66.38;21.92;Yes;0;0;0;0;0;0
79021;No;560;560;93;886;0.10;0.71;Disabled;66.38;21.92;Yes;0;0;0;0;0;0
79049;No;560;560;93;886;0.10;0.71;Disabled;66.38;21.92;Yes;0;0;0;0;0;0
79080;No;560;560;93;885;0.10;0.71;Disabled;66.38;21.92;Yes;0;0;0;0;0;0
79109;No;560;560;93;885;0.10;0.71;Disabled;66.38;21.92;Yes;0;0;0;0;0;0
79141;No;560;560;93;884;0.10;0.71;Disabled;66.38;21.92;Yes;0;0;0;0;0;0
79168;No;560;560;93;884;0.10;0.71;Disabled;66.38;21.92;Yes;0;0;0;0;0;0
79200;No;560;560;93;884;0.10;0.71;Disabled;66.38;21.92;Yes;0;0;0;0;0;0
79257;No;560;560;93;884;0.10;0.71;Disabled;66.38;21.92;Yes;0;0;0;0;0;0
79289;No;560;560;93;883;0.10;0.71;Disabled;66.38;21.92;Yes;0;0;0;0;0;0
79319;No;560;560;93;882;0.10;0.71;Disabled;66.38;21.92;Yes;0;0;0;0;0;0
79350;No;560;560;93;882;0.10;0.71;Disabled;66.38;21.92;Yes;0;0;0;0;0;0
79381;No;560;560;93;882;0.10;0.71;Disabled;66.38;21.92;Yes;0;0;0;0;0;0
79410;No;560;560;93;882;0.10;0.71;Disabled;66.38;21.92;Yes;0;0;0;0;0;0
79439;No;559;560;93;881;0.10;0.71;Disabled;66.38;21.92;Yes;0;0;0;0;0;0
79470;No;559;559;93;884;0.10;0.71;Disabled;66.38;21.92;Yes;0;0;0;0;0;0
79500;No;559;559;93;888;0.10;0.71;Disabled;66.38;21.92;Yes;0;0;0;0;0;0
79558;No;559;559;93;892;0.11;0.71;Disabled;66.38;21.92;Yes;0;0;0;0;0;0
79588;No;559;559;93;895;0.11;0.71;Disabled;66.38;21.92;Yes;0;0;0;0;0;0
79620;No;559;559;93;899;0.11;0.71;Disabled;66.38;21.92;Yes;0;0;0;0;0;0
79651;No;559;559;93;902;0.11;0.71;Disabled;66.38;21.92;Yes;0;0;0;0;0;0
79679;No;559;559;93;906;0.11;0.71;Disabled;66.38;21.92;Yes;0;0;0;0;0;0
79709;No;559;559;93;910;0.11;0.71;Disabled;66.38;21.92;Yes;0;0;0;0;0;0
79740;No;559;559;93;913;0.11;0.71;Disabled;66.38;21.92;Yes;0;0;0;0;0;0
79770;No;559;559;93;917;0.11;0.71;Disabled;66.38;21.92;Yes;0;0;0;0;0;0
79801;No;559;559;93;920;0.12;0.71;Disabled;66.38;21.92;Yes;0;0;0;0;0;0
79857;No;559;559;93;924;0.12;0.71;Disabled;66.38;21.92;Yes;0;0;0;0;0;0
79891;No;559;558;93;928;0.12;0.71;Disabled;66.38;21.92;Yes;0;0;0;0;0;0
79920;No;559;558;93;931;0.12;0.71;Disabled;66.38;21.92;Yes;0;0;0;0;0;0
79950;No;558;558;93;935;0.12;0.71;Disabled;66.38;21.92;Yes;0;0;0;0;0;0
79978;No;558;558;93;938;0.12;0.71;Disabled;66.38;21.92;Yes;0;0;0;0;0;0
80009;No;558;558;93;942;0.12;0.71;Disabled;66.38;21.92;Yes;0;0;0;0;0;0
80056;No;558;558;93;944;0.12;0.71;Disabled;66.38;21.92;Yes;0;0;0;0;0;0
80068;No;558;558;93;946;0.12;0.71;Disabled;66.38;21.92;Yes;0;0;0;0;0;0
80101;No;558;558;93;948;0.12;0.71;Disabled;66.38;21.92;Yes;0;0;0;0;0;0
80158;No;558;558;93;950;0.13;0.71;Disabled;66.38;21.92;Yes;0;0;0;0;0;0
80188;No;558;558;93;952;0.13;0.71;Disabled;66.38;21.92;Yes;0;0;0;0;0;0
80220;No;558;558;93;954;0.13;0.71;Disabled;66.38;21.92;Yes;0;0;0;0;0;0
80257;No;558;558;93;956;0.13;0.71;Disabled;66.38;21.92;Yes;0;0;0;0;0;0
80279;No;558;558;93;958;0.13;0.71;Disabled;66.38;21.92;Yes;0;0;0;0;0;0
80311;No;558;558;93;959;0.13;0.71;Disabled;66.38;21.92;Yes;0;0;0;0;0;0
80339;No;558;558;93;961;0.13;0.71;Disabled;66.38;21.92;Yes;0;0;0;0;0;0
80371;No;558;558;93;963;0.13;0.71;Disabled;66.38;21.92;Yes;0;0;0;0;0;0
80402;No;558;558;93;965;0.13;0.71;Disabled;66.38;21.92;Yes;0;0;0;0;0;0
80458;No;558;558;93;967;0.13;0.71;Disabled;66.38;21.92;Yes;0;0;0;0;0;0
80497;No;557;558;93;969;0.13;0.71;Disabled;66.38;21.92;Yes;0;0;0;0;0;0
80519;No;557;557;93;971;0.13;0.71;Disabled;66.38;21.92;Yes;0;0;0;0;0;0
80549;No;557;557;93;973;0.14;0.71;Disabled;66.38;21.92;Yes;0;0;0;0;0;0
80579;No;557;557;93;975;0.14;0.71;Disabled;66.38;21.92;Yes;0;0;0;0;0;0
80609;No;557;557;93;974;0.14;0.70;Disabled;66.38;21.92;Yes;0;0;0;0;0;0
80640;No;557;557;93;974;0.14;0.70;Disabled;66.38;21.92;Yes;0;0;0;0;0;0
80670;No;557;557;93;973;0.14;0.70;Disabled;66.38;21.92;Yes;0;0;0;0;0;0
80701;No;557;557;93;972;0.14;0.71;Disabled;66.38;21.92;Yes;0;0;0;0;0;0
80758;No;557;557;93;972;0.14;0.71;Disabled;66.38;21.92;Yes;0;0;0;0;0;0
80788;No;557;557;93;971;0.14;0.71;Disabled;66.38;21.92;Yes;0;0;0;0;0;0
80819;No;557;557;93;971;0.14;0.71;Disabled;66.38;21.92;Yes;0;0;0;0;0;0
80851;No;557;557;93;970;0.14;0.71;Disabled;66.38;21.92;Yes;0;0;0;0;0;0
80880;No;557;557;93;970;0.14;0.71;Disabled;66.38;21.92;Yes;0;0;0;0;0;0
80910;No;557;557;93;969;0.15;0.71;Disabled;66.38;21.92;Yes;0;0;0;0;0;0
80941;No;556;557;93;968;0.15;0.71;Disabled;66.38;21.92;Yes;0;0;0;0;0;0
80969;No;556;556;93;968;0.15;0.71;Disabled;66.38;21.92;Yes;0;0;0;0;0;0
80999;No;556;556;93;967;0.15;0.71;Disabled;66.38;21.92;Yes;0;0;0;0;0;0
81057;No;556;556;93;966;0.15;0.71;Disabled;66.38;21.92;Yes;0;0;0;0;0;0
81088;No;556;556;93;966;0.15;0.71;Disabled;66.38;21.92;Yes;0;0;0;0;0;0
81118;No;556;556;93;965;0.15;0.71;Disabled;66.38;21.92;Yes;0;0;0;0;0;0
81150;No;556;556;93;965;0.15;0.71;Disabled;66.38;21.92;Yes;0;0;0;0;0;0
81178;No;556;556;93;965;0.15;0.71;Disabled;66.38;21.92;Yes;0;0;0;0;0;0
81209;No;556;556;93;966;0.15;0.71;Disabled;66.38;21.92;Yes;0;0;0;0;0;0
81240;No;556;556;93;966;0.15;0.71;Enabled;66.38;21.92;Yes;0;0;0;0;0;0
81270;No;556;556;93;966;0.16;0.71;Enabled;66.38;21.92;Yes;0;0;0;0;0;0
81302;No;556;556;93;967;0.16;0.71;Enabled;66.38;21.92;Yes;0;0;0;0;0;0
81379;No;556;556;93;967;0.16;0.71;Enabled;66.38;21.92;Yes;0;0;0;0;0;0
81422;No;556;556;93;968;0.16;0.71;Enabled;66.38;21.92;Yes;0;0;0;0;0;0
81450;No;556;556;93;968;0.16;0.71;Enabled;66.38;21.92;Yes;0;0;0;0;0;0
81479;No;556;556;93;968;0.16;0.71;Enabled;66.38;21.92;Yes;0;0;0;0;0;0
81508;No;555;556;93;969;0.16;0.71;Enabled;66.38;21.92;Yes;0;0;0;0;0;0
81539;No;555;555;93;969;0.16;0.71;Enabled;66.38;21.92;Yes;0;0;0;0;0;0
81570;No;555;555;93;970;0.16;0.71;Enabled;66.38;21.92;Yes;0;0;0;0;0;0
81599;No;555;555;93;970;0.16;0.71;Enabled;66.38;21.92;Yes;0;0;0;0;0;0
81656;No;555;555;93;970;0.16;0.71;Enabled;66.38;21.92;Yes;0;0;0;0;0;0
81689;No;555;555;93;971;0.16;0.71;Enabled;66.38;21.92;Yes;0;0;0;0;0;0
81721;No;555;555;93;971;0.17;0.71;Enabled;66.38;21.92;Yes;0;0;0;0;0;0
81750;No;555;555;93;972;0.17;0.71;Enabled;66.38;21.92;Yes;0;0;0;0;0;0
81778;No;555;555;93;970;0.17;0.71;Enabled;66.38;21.92;Yes;0;0;0;0;0;0
81811;No;555;555;93;968;0.17;0.71;Enabled;66.38;21.92;Yes;0;0;0;0;0;0
81839;No;555;555;93;965;0.17;0.71;Enabled;66.38;21.92;Yes;0;0;0;0;0;0
81871;No;555;555;93;963;0.17;0.72;Enabled;66.38;21.92;Yes;0;0;0;0;0;0
81903;No;555;555;93;961;0.17;0.72;Enabled;66.38;21.92;Yes;0;0;0;0;0;0
81959;No;555;554;93;959;0.17;0.72;Enabled;66.38;21.92;Yes;0;0;0;0;0;0
81989;No;555;554;93;957;0.17;0.72;Enabled;66.38;21.92;Yes;0;0;0;0;0;0
82020;No;554;554;93;955;0.17;0.72;Enabled;66.38;21.92;Yes;0;0;0;0;0;0
82050;No;554;554;93;952;0.17;0.72;Enabled;66.38;21.92;Yes;0;0;0;0;0;0
82081;No;554;554;93;950;0.17;0.72;Enabled;66.38;21.92;Yes;0;0;0;0;0;0
82109;No;554;554;93;948;0.18;0.72;Enabled;66.38;21.92;Yes;0;0;0;0;0;0
82139;No;554;554;93;946;0.18;0.72;Enabled;66.38;21.92;Yes;0;0;0;0;0;0
82170;No;554;554;93;944;0.18;0.72;Enabled;66.38;21.92;Yes;0;0;0;0;0;0
82201;No;554;554;93;942;0.18;0.72;Enabled;66.38;21.92;Yes;0;0;0;0;0;0
82256;No;554;554;93;940;0.18;0.72;Enabled;66.38;21.92;Yes;0;0;0;0;0;0
82291;No;554;554;93;938;0.18;0.73;Enabled;66.38;21.92;Yes;0;0;0;0;0;0
82322;No;554;554;93;936;0.18;0.73;Enabled;66.38;21.92;Yes;0;0;0;0;0;0
82350;No;554;554;93;930;0.18;0.73;Enabled;66.38;21.92;Yes;0;0;0;0;0;0
82380;No;554;554;93;925;0.18;0.73;Enabled;66.38;21.92;Yes;0;0;0;0;0;0
82409;No;554;554;93;920;0.18;0.73;Disabled;66.38;21.92;Yes;0;0;0;0;0;0
82441;No;554;554;93;915;0.18;0.73;Disabled;66.38;21.92;Yes;0;0;0;0;0;0
82472;No;554;553;93;910;0.18;0.73;Disabled;66.38;21.92;Yes;0;0;0;0;0;0
82500;No;554;553;93;905;0.18;0.73;Disabled;66.38;21.92;Yes;0;0;0;0;0;0
82557;No;553;553;93;900;0.19;0.73;Disabled;66.38;21.92;Yes;0;0;0;0;0;0
82590;No;553;553;93;895;0.19;0.73;Disabled;66.38;21.92;Yes;0;0;0;0;0;0
82650;No;553;553;93;890;0.19;0.73;Disabled;66.38;21.92;Yes;0;0;0;0;0;0
82681;No;553;553;93;884;0.19;0.73;Disabled;66.38;21.92;Yes;0;0;0;0;0;0
82710;No;553;553;93;880;0.19;0.73;Disabled;66.38;21.92;Yes;0;0;0;0;0;0
82739;No;553;553;93;874;0.19;0.73;Disabled;66.38;21.92;Yes;0;0;0;0;0;0
82770;No;553;553;93;869;0.19;0.73;Disabled;66.38;21.92;Yes;0;0;0;0;0;0
82800;No;553;553;93;864;0.19;0.73;Disabled;66.38;21.92;Yes;0;0;0;0;0;0
82857;No;553;553;93;859;0.19;0.73;Disabled;66.38;21.92;Yes;0;0;0;0;0;0
82889;No;553;553;93;854;0.19;0.73;Disabled;66.38;21.92;Yes;0;0;0;0;0;0
82920;No;553;553;93;849;0.19;0.73;Disabled;66.38;21.92;Yes;0;0;0;0;0;0
82953;No;553;553;93;848;0.19;0.73;Disabled;66.38;21.92;Yes;0;0;0;0;0;0
82981;No;552;552;93;846;0.19;0.73;Disabled;66.38;21.92;Yes;0;0;0;0;0;0
83010;No;552;552;93;844;0.19;0.73;Disabled;66.38;21.92;Yes;0;0;0;0;0;0
83039;No;552;552;93;842;0.19;0.73;Disabled;66.38;21.92;Yes;0;0;0;0;0;0
83070;No;552;552;93;841;0.19;0.73;Disabled;66.38;21.92;Yes;0;0;0;0;0;0
83101;No;552;552;93;840;0.19;0.73;Disabled;66.38;21.92;Yes;0;0;0;0;0;0
83156;No;552;552;93;838;0.20;0.73;Disabled;66.38;21.92;Yes;0;0;0;0;0;0
83189;No;552;552;93;836;0.20;0.73;Disabled;66.38;21.92;Yes;0;0;0;0;0;0
83220;No;552;552;93;834;0.20;0.73;Disabled;66.38;21.92;Yes;0;0;0;0;0;0
83250;No;552;552;93;833;0.20;0.73;Disabled;66.38;21.92;Yes;0;0;0;0;0;0
83278;No;552;552;93;831;0.20;0.73;Disabled;66.38;21.92;Yes;0;0;0;0;0;0
83312;No;552;552;93;830;0.20;0.73;Disabled;66.38;21.92;Yes;0;0;0;0;0;0
83339;No;552;552;93;828;0.20;0.73;Disabled;66.38;21.92;Yes;0;0;0;0;0;0
83369;No;552;552;93;826;0.20;0.73;Disabled;66.38;21.92;Yes;0;0;0;0;0;0
83400;No;552;552;93;825;0.20;0.73;Disabled;66.38;21.92;Yes;0;0;0;0;0;0
83461;No;552;552;93;823;0.20;0.73;Disabled;66.38;21.92;Yes;0;0;0;0;0;0
83489;No;552;552;93;822;0.20;0.73;Disabled;66.38;21.92;Yes;0;0;0;0;0;0
83520;No;552;552;93;822;0.20;0.73;Disabled;66.38;21.92;Yes;0;0;0;0;0;0
83551;No;552;552;93;822;0.20;0.73;Disabled;66.38;21.92;Yes;0;0;0;0;0;0
83581;No;552;552;93;822;0.20;0.73;Disabled;66.38;21.92;Yes;0;0;0;0;0;0
83609;No;552;552;93;822;0.20;0.73;Disabled;66.38;21.92;Yes;0;0;0;0;0;0
83641;No;552;552;93;822;0.21;0.73;Disabled;66.38;21.92;Yes;0;0;0;0;0;0
83669;No;551;552;93;822;0.21;0.73;Disabled;66.38;21.92;Yes;0;0;0;0;0;0
83699;No;551;551;93;822;0.21;0.73;Disabled;66.38;21.92;Yes;0;0;0;0;0;0
83756;No;551;551;93;822;0.21;0.73;Disabled;66.38;21.92;Yes;0;0;0;0;0;0
83788;No;551;551;93;822;0.21;0.73;Disabled;66.38;21.92;Yes;0;0;0;0;0;0
83820;No;551;551;93;822;0.21;0.73;Disabled;66.38;21.92;Yes;0;0;0;0;0;0
83849;No;551;551;93;822;0.21;0.73;Disabled;66.38;21.92;Yes;0;0;0;0;0;0
83898;No;551;551;93;822;0.21;0.73;Disabled;66.38;21.92;Yes;0;0;0;0;0;0
83938;No;551;551;93;822;0.21;0.73;Disabled;66.38;21.92;Yes;0;0;0;0;0;0
83971;No;551;551;93;822;0.21;0.73;Disabled;66.38;21.92;Yes;0;0;0;0;0;0
84002;No;551;551;93;823;0.21;0.73;Disabled;66.38;21.92;Yes;0;0;0;0;0;0
84059;No;551;551;93;823;0.21;0.73;Disabled;66.38;21.92;Yes;0;0;0;0;0;0
84089;No;551;551;93;823;0.21;0.73;Disabled;66.38;21.92;Yes;0;0;0;0;0;0
84118;No;551;551;93;825;0.22;0.73;Disabled;66.38;21.92;Yes;0;0;0;0;0;0
84150;No;551;551;93;827;0.22;0.73;Disabled;66.38;21.92;Yes;0;0;0;0;0;0
84180;No;550;551;93;830;0.22;0.73;Disabled;66.38;21.92;Yes;0;0;0;0;0;0
84213;No;550;550;93;832;0.22;0.73;Disabled;66.38;21.92;Yes;0;0;0;0;0;0
84238;No;550;550;93;834;0.22;0.73;Disabled;66.38;21.92;Yes;0;0;0;0;0;0
84269;No;550;550;93;836;0.22;0.73;Disabled;66.38;21.92;Yes;0;0;0;0;0;0
84300;No;550;550;93;838;0.22;0.73;Disabled;66.38;21.92;Yes;0;0;0;0;0;0
84356;No;550;550;93;841;0.22;0.73;Disabled;66.38;21.92;Yes;0;0;0;0;0;0
84388;No;550;550;93;843;0.22;0.73;Disabled;66.38;21.92;Yes;0;0;0;0;0;0
84421;No;550;550;93;845;0.23;0.73;Disabled;66.38;21.92;Yes;0;0;0;0;0;0
84449;No;550;550;93;848;0.23;0.73;Disabled;66.38;21.92;Yes;0;0;0;0;0;0
84481;No;550;550;93;850;0.23;0.73;Disabled;66.38;21.92;Yes;0;0;0;0;0;0
84509;No;550;550;93;852;0.23;0.73;Disabled;66.38;21.92;Yes;0;0;0;0;0;0
84541;No;550;550;93;854;0.23;0.72;Disabled;66.38;21.92;Yes;0;0;0;0;0;0
84569;No;550;550;93;856;0.23;0.72;Disabled;66.38;21.92;Yes;0;0;0;0;0;0
84599;No;550;550;93;859;0.23;0.72;Disabled;66.38;21.92;Yes;0;0;0;0;0;0
84656;No;549;550;93;861;0.23;0.72;Disabled;66.38;21.92;Yes;0;0;0;0;0;0
84691;No;549;549;93;880;0.24;0.72;Disabled;66.38;21.92;Yes;0;0;0;0;0;0
84719;No;549;549;93;898;0.24;0.72;Disabled;66.38;21.92;Yes;0;0;0;0;0;0
84751;No;549;549;93;917;0.25;0.72;Disabled;66.38;21.92;Yes;0;0;0;0;0;0
84778;No;549;549;93;936;0.25;0.72;Disabled;66.38;21.92;Yes;0;0;0;0;0;0
84810;No;549;549;93;954;0.26;0.72;Disabled;66.38;21.92;Yes;0;0;0;0;0;0
84839;No;549;549;93;973;0.27;0.72;Disabled;66.38;21.92;Yes;0;0;0;0;0;0
84870;No;549;549;93;992;0.27;0.72;Disabled;66.38;21.92;Yes;0;0;0;0;0;0
84900;No;549;549;93;1010;0.28;0.73;Disabled;66.38;21.92;Yes;0;0;0;0;0;0
84956;No;549;549;93;1029;0.29;0.73;Disabled;66.38;21.92;Yes;0;0;0;0;0;0
84990;No;549;549;93;1048;0.29;0.73;Disabled;66.38;21.92;Yes;0;0;0;0;0;0
85021;No;549;549;93;1066;0.30;0.73;Disabled;66.38;21.92;Yes;0;0;0;0;0;0
85049;No;549;549;93;1085;0.30;0.73;Disabled;66.38;21.92;Yes;0;0;0;0;0;0
85080;No;549;549;93;1104;0.31;0.73;Disabled;66.38;21.92;Yes;0;0;0;0;0;0
85110;No;549;549;93;1122;0.32;0.73;Disabled;66.38;21.92;Yes;0;0;0;0;0;0
85138;No;549;548;93;1141;0.32;0.73;Disabled;66.38;21.92;Yes;0;0;0;0;0;0
85179;No;548;548;93;1160;0.33;0.73;Disabled;66.38;21.92;Yes;0;0;0;0;0;0
85202;No;548;548;93;1178;0.34;0.73;Disabled;66.38;21.92;Yes;0;0;0;0;0;0
85256;No;548;548;93;1192;0.34;0.73;Disabled;66.38;21.92;Yes;0;0;0;0;0;0
85291;No;548;548;93;1206;0.36;0.73;Disabled;66.38;21.92;Yes;0;0;0;0;0;0
85321;No;548;548;93;1219;0.38;0.73;Enabled;66.38;21.92;Yes;0;0;0;0;0;0
85348;No;548;548;93;1232;0.39;0.73;Enabled;66.38;21.92;Yes;0;0;0;0;0;0
85380;No;548;548;93;1246;0.41;0.73;Enabled;66.38;21.92;Yes;0;0;0;0;0;0
85410;No;548;548;93;1260;0.43;0.73;Enabled;66.38;21.92;Yes;0;0;0;0;0;0
85438;No;548;548;93;1273;0.45;0.73;Enabled;66.38;21.92;Yes;0;0;0;0;0;0
85469;No;548;548;92;1287;0.46;0.73;Enabled;66.38;21.92;Yes;0;0;0;0;0;0
85501;No;548;548;92;1300;0.48;0.73;Enabled;66.38;21.92;Yes;0;0;0;0;0;0
85558;No;548;548;92;1314;0.50;0.73;Enabled;66.38;21.92;Yes;0;0;0;0;0;0
85590;No;548;548;92;1328;0.51;0.73;Enabled;66.38;21.92;Yes;0;0;0;0;0;0
85620;No;548;548;92;1341;0.53;0.73;Enabled;66.38;21.92;Yes;0;0;0;0;0;0
85650;No;548;548;92;1355;0.55;0.73;Enabled;66.38;21.92;Yes;0;0;0;0;0;0
85682;No;548;548;92;1368;0.57;0.72;Enabled;66.38;21.92;Yes;0;0;0;0;0;0
85710;No;548;548;92;1382;0.58;0.72;Enabled;66.38;21.92;Yes;0;0;0;0;0;0
85741;No;548;548;92;1396;0.60;0.72;Enabled;66.38;21.92;Yes;0;0;0;0;0;0
85771;No;548;548;92;1409;0.62;0.72;Enabled;66.38;21.92;Yes;0;0;0;0;0;0
85802;No;548;548;92;1422;0.64;0.72;Enabled;66.38;21.92;Yes;0;0;0;0;0;0
85857;No;548;548;92;1436;0.64;0.72;Enabled;66.38;21.92;Yes;0;0;0;0;0;0
85889;No;548;548;92;1449;0.65;0.73;Enabled;66.38;21.92;Yes;0;0;0;0;0;0
85921;No;548;548;92;1462;0.66;0.73;Enabled;66.38;21.92;Yes;0;0;0;0;0;0
85951;No;548;548;92;1476;0.67;0.73;Enabled;66.38;21.92;Yes;0;0;0;0;0;0
85979;No;548;548;92;1489;0.68;0.73;Enabled;66.38;21.92;Yes;0;0;0;0;0;0
86009;No;547;548;92;1502;0.68;0.73;Enabled;66.38;21.92;Yes;0;0;0;0;0;0
86039;No;547;547;92;1515;0.69;0.73;Enabled;66.38;21.92;Yes;0;0;0;0;0;0
86069;No;547;547;92;1528;0.70;0.74;Enabled;66.38;21.92;Yes;0;0;0;0;0;0
86100;No;547;547;92;1542;0.71;0.74;Enabled;66.38;21.92;Yes;0;0;0;0;0;0
86158;No;547;547;92;1555;0.72;0.74;Enabled;66.38;21.92;Yes;0;0;0;0;0;0
86191;No;547;547;92;1568;0.72;0.74;Enabled;66.38;21.92;Yes;0;0;0;0;0;0
86219;No;547;547;92;1582;0.73;0.74;Enabled;66.38;21.92;Yes;0;0;0;0;0;0
86250;No;547;547;92;1595;0.74;0.74;Enabled;66.38;21.92;Yes;0;0;0;0;0;0
86281;No;547;547;92;1608;0.75;0.75;Enabled;66.38;21.92;Yes;0;0;0;0;0;0
86310;No;547;547;92;1622;0.76;0.75;Enabled;66.38;21.92;Yes;0;0;0;0;0;0
86338;No;547;547;92;1635;0.76;0.75;Enabled;66.38;21.92;Yes;0;0;0;0;0;0
86370;No;547;547;92;1644;0.77;0.75;Enabled;66.38;21.92;Yes;0;0;0;0;0;0
86401;No;547;547;92;1653;0.77;0.75;Enabled;66.38;21.92;Yes;0;0;0;0;0;0
86478;No;547;547;92;1662;0.77;0.75;Enabled;66.38;21.92;Yes;0;0;0;0;0;0
86516;No;547;547;92;1671;0.77;0.75;Enabled;66.38;21.92;Yes;0;0;0;0;0;0
86549;No;547;547;92;1680;0.76;0.75;Enabled;66.38;21.92;Yes;0;0;0;0;0;0
86579;No;547;547;92;1689;0.76;0.74;Enabled;66.38;21.92;Yes;0;0;0;0;0;0
86610;No;547;547;92;1698;0.76;0.74;Enabled;66.38;21.92;Yes;0;0;0;0;0;0
86640;No;547;547;92;1708;0.76;0.74;Enabled;66.38;21.92;Yes;0;0;0;0;0;0
86670;No;547;547;92;1717;0.75;0.74;Enabled;66.38;21.92;Yes;0;0;0;0;0;0
86701;No;547;547;92;1726;0.75;0.73;Enabled;66.38;21.92;Yes;0;0;0;0;0;0
86757;No;547;547;92;1735;0.75;0.73;Enabled;66.38;21.92;Yes;0;0;0;0;0;0
86791;No;547;547;92;1744;0.75;0.73;Enabled;66.38;21.92;Yes;0;0;0;0;0;0
86819;No;547;547;92;1753;0.75;0.73;Enabled;66.38;21.92;Yes;0;0;0;0;0;0
86850;No;547;547;92;1762;0.74;0.73;Enabled;66.38;21.92;Yes;0;0;0;0;0;0
86881;No;547;547;92;1771;0.74;0.72;Enabled;66.38;21.92;Yes;0;0;0;0;0;0
86912;No;547;547;92;1780;0.74;0.72;Enabled;66.38;21.92;Yes;0;0;0;0;0;0
86940;No;547;547;92;1790;0.74;0.72;Enabled;66.38;21.92;Yes;0;0;0;0;0;0
86973;No;547;547;92;1795;0.73;0.72;Enabled;66.38;21.92;Yes;0;0;0;0;0;0
87000;No;547;547;92;1800;0.73;0.71;Enabled;66.38;21.92;Yes;0;0;0;0;0;0
87061;No;547;547;92;1806;0.73;0.71;Enabled;66.38;21.92;Yes;0;0;0;0;0;0
87089;No;547;547;92;1811;0.73;0.71;Enabled;66.38;21.92;Yes;0;0;0;0;0;0
87119;No;547;547;92;1816;0.72;0.71;Enabled;66.38;21.92;Yes;0;0;0;0;0;0
87150;No;547;547;92;1822;0.72;0.71;Enabled;66.38;21.92;Yes;0;0;0;0;0;0
87181;No;547;547;92;1827;0.72;0.71;Enabled;66.38;21.92;Yes;0;0;0;0;0;0
87210;No;547;547;92;1832;0.72;0.71;Enabled;66.38;21.92;Yes;0;0;0;0;0;0
87239;No;547;547;92;1838;0.71;0.71;Enabled;66.38;21.92;Yes;0;0;0;0;0;0
87270;No;547;547;92;1843;0.71;0.71;Enabled;66.38;21.92;Yes;0;0;0;0;0;0
87301;No;547;547;92;1848;0.71;0.71;Enabled;66.38;21.92;Yes;0;0;0;0;0;0
87358;No;547;547;92;1854;0.71;0.71;Enabled;66.38;21.92;Yes;0;0;0;0;0;0
87394;No;547;547;92;1859;0.71;0.71;Enabled;66.38;21.92;Yes;0;0;0;0;0;0
87420;No;547;547;92;1865;0.70;0.71;Enabled;66.38;21.92;Yes;0;0;0;0;0;0
87453;No;547;547;92;1870;0.70;0.71;Enabled;66.38;21.92;Yes;0;0;0;0;0;0
87482;No;547;547;92;1876;0.70;0.71;Enabled;66.38;21.92;Yes;0;0;0;0;0;0
87509;No;547;547;92;1881;0.70;0.71;Enabled;66.38;21.92;Yes;0;0;0;0;0;0
87541;No;547;547;92;1888;0.69;0.71;Enabled;66.38;21.92;Yes;0;0;0;0;0;0
87571;No;547;547;92;1896;0.70;0.70;Enabled;66.38;21.92;Yes;0;0;0;0;0;0
87600;No;547;547;92;1903;0.70;0.71;Enabled;66.38;21.92;Yes;0;0;0;0;0;0
87657;No;547;547;92;1910;0.70;0.71;Enabled;66.38;21.92;Yes;0;0;0;0;0;0
87691;No;547;547;92;1918;0.70;0.71;Enabled;66.38;21.92;Yes;0;0;0;0;0;0
87737;No;547;547;92;1926;0.70;0.72;Enabled;66.38;21.92;Yes;0;0;0;0;0;0
87750;No;547;547;92;1933;0.70;0.72;Enabled;66.38;21.92;Yes;0;0;0;0;0;0
87780;No;547;547;92;1940;0.70;0.72;Enabled;66.38;21.92;Yes;0;0;0;0;0;0
87811;No;547;547;92;1948;0.71;0.73;Enabled;66.38;21.92;Yes;0;0;0;0;0;0
87840;No;547;547;92;1955;0.71;0.73;Enabled;66.38;21.92;Yes;0;0;0;0;0;0
87872;No;548;547;92;1962;0.71;0.73;Enabled;66.38;21.92;Yes;0;0;0;0;0;0
87902;No;548;548;92;1970;0.71;0.74;Enabled;66.38;21.92;Yes;0;0;0;0;0;0
87957;No;548;548;92;1978;0.71;0.74;Enabled;66.38;21.92;Yes;0;0;0;0;0;0
87996;No;548;548;92;1985;0.71;0.74;Enabled;66.38;21.92;Yes;0;0;0;0;0;0
88018;No;548;548;92;1992;0.71;0.75;Enabled;66.38;21.92;Yes;0;0;0;0;0;0
88051;No;548;548;92;2000;0.72;0.75;Enabled;66.38;21.92;Yes;0;0;0;0;0;0
88080;No;548;548;92;2007;0.72;0.75;Enabled;66.38;21.92;Yes;0;0;0;0;0;0
88111;No;548;548;92;2007;0.72;0.75;Enabled;66.38;21.92;Yes;0;0;0;0;0;0
88140;No;548;548;92;2007;0.72;0.76;Enabled;66.38;21.92;Yes;0;0;0;0;0;0
88171;No;548;548;92;2007;0.73;0.76;Enabled;66.38;21.92;Yes;0;0;0;0;0;0
88202;No;548;548;92;2007;0.73;0.75;Enabled;66.38;21.92;Yes;0;0;0;0;0;0
88260;No;548;548;92;2007;0.73;0.75;Enabled;66.38;21.92;Yes;0;0;0;0;0;0
88290;No;548;548;92;2007;0.74;0.75;Enabled;66.38;21.92;Yes;0;0;0;0;0;0
88319;No;548;548;92;2007;0.74;0.75;Enabled;66.38;21.92;Yes;0;0;0;0;0;0
88350;No;548;548;92;2007;0.74;0.75;Enabled;66.38;21.92;Yes;0;0;0;0;0;0
88380;No;548;548;92;2007;0.75;0.75;Enabled;66.38;21.92;Yes;0;0;0;0;0;0
88411;No;548;548;92;2007;0.75;0.75;Enabled;66.38;21.92;Yes;0;0;0;0;0;0
88440;No;549;548;92;2007;0.75;0.75;Enabled;66.38;21.92;Yes;0;0;0;0;0;0
88471;No;549;549;92;2007;0.76;0.74;Enabled;66.38;21.92;Yes;0;0;0;0;0;0
88502;No;549;549;92;2007;0.76;0.74;Enabled;66.38;21.92;Yes;0;0;0;0;0;0
88562;No;549;549;92;2007;0.76;0.74;Enabled;66.38;21.92;Yes;0;0;0;0;0;0
88590;No;549;549;92;2007;0.77;0.74;Enabled;66.38;21.92;Yes;0;0;0;0;0;0
88621;No;549;549;92;2007;0.77;0.74;Enabled;66.38;21.92;Yes;0;0;0;0;0;0
88651;No;549;549;92;2007;0.77;0.74;Enabled;66.38;21.92;Yes;0;0;0;0;0;0
88682;No;549;549;92;1985;0.78;0.73;Enabled;66.38;21.92;Yes;0;0;0;0;0;0
88711;No;549;549;92;1962;0.78;0.73;Enabled;66.38;21.92;Yes;0;0;0;0;0;0
88740;No;549;549;92;1940;0.78;0.74;Enabled;66.38;21.92;Yes;0;0;0;0;0;0
88771;No;549;549;92;1917;0.78;0.74;Enabled;66.38;21.92;Yes;0;0;0;0;0;0
88800;No;549;549;92;1895;0.79;0.74;Enabled;66.38;21.92;Yes;0;0;0;0;0;0
88858;No;549;549;92;1872;0.79;0.74;Enabled;66.38;21.92;Yes;0;0;0;0;0;0
88891;No;549;549;92;1850;0.79;0.75;Enabled;66.38;21.92;Yes;0;0;0;0;0;0
88924;No;549;549;92;1828;0.79;0.75;Enabled;66.38;21.92;Yes;0;0;0;0;0;0
88951;No;549;549;92;1805;0.80;0.75;Enabled;66.38;21.92;Yes;0;0;0;0;0;0
88981;No;549;549;92;1782;0.80;0.75;Enabled;66.38;21.92;Yes;0;0;0;0;0;0
89019;No;549;550;92;1760;0.80;0.76;Enabled;66.38;21.92;Yes;0;0;0;0;0;0
89039;No;549;550;92;1738;0.80;0.76;Enabled;66.38;21.92;Yes;0;0;0;0;0;0
89070;No;550;550;92;1715;0.80;0.76;Enabled;66.38;21.92;Yes;0;0;0;0;0;0
89101;No;550;550;92;1693;0.81;0.76;Enabled;66.38;21.92;Yes;0;0;0;0;0;0
89157;No;550;550;92;1670;0.81;0.77;Enabled;66.38;21.92;Yes;0;0;0;0;0;0
89190;No;550;550;92;1648;0.81;0.77;Enabled;66.38;21.92;Yes;0;0;0;0;0;0
89221;No;550;550;92;1625;0.81;0.77;Enabled;66.38;21.92;Yes;0;0;0;0;0;0
89251;No;550;550;92;1615;0.82;0.77;Enabled;66.38;21.92;Yes;0;0;0;0;0;0
89283;No;550;550;92;1604;0.82;0.78;Enabled;66.38;21.92;Yes;0;0;0;0;0;0
89312;No;550;550;92;1594;0.82;0.78;Enabled;66.38;21.92;Yes;0;0;0;0;0;0
89340;No;550;550;92;1583;0.81;0.77;Enabled;66.38;21.92;Yes;0;0;0;0;0;0
89372;No;550;550;92;1572;0.81;0.77;Enabled;66.38;21.92;Yes;0;0;0;0;0;0
89403;No;550;550;92;1562;0.81;0.77;Enabled;66.38;21.92;Yes;0;0;0;0;0;0
89457;No;550;550;92;1551;0.81;0.77;Enabled;66.38;21.92;Yes;0;0;0;0;0;0
89490;No;550;550;92;1541;0.81;0.77;Enabled;66.38;21.92;Yes;0;0;0;0;0;0
89522;No;550;550;92;1530;0.81;0.77;Enabled;66.38;21.92;Yes;0;0;0;0;0;0
89551;No;550;550;92;1520;0.81;0.77;Enabled;66.38;21.92;Yes;0;0;0;0;0;0
89581;No;550;550;92;1509;0.81;0.76;Enabled;66.38;21.92;Yes;0;0;0;0;0;0
89612;No;550;550;92;1498;0.81;0.76;Enabled;66.38;21.92;Yes;0;0;0;0;0;0
89640;No;550;550;92;1488;0.81;0.76;Enabled;66.38;21.92;Yes;0;0;0;0;0;0
89672;No;550;550;92;1478;0.81;0.76;Enabled;66.38;21.92;Yes;0;0;0;0;0;0
89702;No;551;550;92;1467;0.81;0.76;Enabled;66.38;21.92;Yes;0;0;0;0;0;0
89756;No;551;551;92;1456;0.81;0.76;Enabled;66.38;21.92;Yes;0;0;0;0;0;0
89792;No;551;551;92;1446;0.81;0.76;Enabled;66.38;21.92;Yes;0;0;0;0;0;0
89820;No;551;551;92;1446;0.81;0.75;Enabled;66.38;21.92;Yes;0;0;0;0;0;0
89853;No;551;551;92;1446;0.81;0.75;Enabled;66.38;21.92;Yes;0;0;0;0;0;0
89881;No;551;551;92;1446;0.80;0.75;Enabled;66.38;21.92;Yes;0;0;0;0;0;0
89912;No;551;551;92;1446;0.80;0.75;Enabled;66.38;21.92;Yes;0;0;0;0;0;0
89940;No;551;551;92;1446;0.80;0.75;Enabled;66.38;21.92;Yes;0;0;0;0;0;0
89971;No;551;551;92;1446;0.80;0.75;Enabled;66.38;21.92;Yes;0;0;0;0;0;0
90004;No;551;551;92;1446;0.80;0.75;Enabled;66.38;21.92;Yes;0;0;0;0;0;0
90056;No;551;551;92;1447;0.80;0.75;Enabled;66.38;21.92;Yes;0;0;0;0;0;0
90090;No;551;551;92;1447;0.79;0.75;Enabled;66.38;21.92;Yes;0;0;0;0;0;0
90122;No;551;551;92;1447;0.79;0.74;Enabled;66.38;21.92;Yes;0;0;0;0;0;0
90153;No;551;551;92;1447;0.79;0.74;Enabled;66.38;21.92;Yes;0;0;0;0;0;0
90183;No;551;551;92;1447;0.79;0.74;Enabled;66.38;21.92;Yes;0;0;0;0;0;0
90213;No;551;551;92;1447;0.79;0.74;Enabled;66.38;21.92;Yes;0;0;0;0;0;0
90242;No;552;551;92;1448;0.79;0.74;Enabled;66.38;21.92;Yes;0;0;0;0;0;0
90270;No;552;552;92;1448;0.79;0.74;Enabled;66.38;21.92;Yes;0;0;0;0;0;0
90356;No;552;552;92;1448;0.79;0.74;Enabled;66.38;21.92;Yes;0;0;0;0;0;0
90391;No;552;552;92;1448;0.78;0.74;Enabled;66.38;21.92;Yes;0;0;0;0;0;0
90418;No;552;552;92;1442;0.78;0.73;Enabled;66.38;21.92;Yes;0;0;0;0;0;0
90451;No;552;552;92;1436;0.78;0.73;Enabled;66.38;21.92;Yes;0;0;0;0;0;0
90481;No;552;552;92;1430;0.78;0.73;Enabled;66.38;21.92;Yes;0;0;0;0;0;0
90510;No;552;552;92;1424;0.78;0.73;Enabled;66.38;21.92;Yes;0;0;0;0;0;0
90542;No;552;552;92;1418;0.78;0.73;Enabled;66.38;21.92;Yes;0;0;0;0;0;0
90570;No;552;552;92;1413;0.78;0.73;Enabled;66.38;21.92;Yes;0;0;0;0;0;0
90601;No;552;552;92;1407;0.78;0.73;Enabled;66.38;21.92;Yes;0;0;0;0;0;0
90657;No;552;552;92;1401;0.78;0.73;Enabled;66.38;21.92;Yes;0;0;0;0;0;0
90691;No;552;552;92;1395;0.78;0.73;Enabled;66.38;21.92;Yes;0;0;0;0;0;0
90719;No;552;552;92;1389;0.77;0.73;Enabled;66.38;21.92;Yes;0;0;0;0;0;0
90750;No;552;552;92;1384;0.77;0.73;Enabled;66.38;21.92;Yes;0;0;0;0;0;0
90781;No;552;552;92;1378;0.77;0.73;Enabled;66.38;21.92;Yes;0;0;0;0;0;0
90811;No;552;552;92;1372;0.77;0.73;Enabled;66.38;21.92;Yes;0;0;0;0;0;0
90839;No;553;552;92;1366;0.77;0.73;Enabled;66.38;21.92;Yes;0;0;0;0;0;0
90870;No;553;553;92;1360;0.77;0.73;Enabled;66.38;21.92;Yes;0;0;0;0;0;0
90901;No;553;553;92;1354;0.77;0.73;Enabled;66.38;21.92;Yes;0;0;0;0;0;0
90956;No;553;553;92;1348;0.77;0.73;Enabled;66.38;21.92;Yes;0;0;0;0;0;0
90992;No;553;553;92;1344;0.77;0.73;Enabled;66.38;21.92;Yes;0;0;0;0;0;0
91019;No;553;553;92;1340;0.77;0.73;Enabled;66.38;21.92;Yes;0;0;0;0;0;0
91049;No;553;553;92;1336;0.77;0.73;Enabled;66.38;21.92;Yes;0;0;0;0;0;0
91081;No;553;553;92;1332;0.76;0.73;Enabled;66.38;21.92;Yes;0;0;0;0;0;0
91112;No;553;553;92;1328;0.76;0.73;Enabled;66.38;21.92;Yes;0;0;0;0;0;0
91141;No;553;553;92;1324;0.76;0.73;Enabled;66.38;21.92;Yes;0;0;0;0;0;0
91172;No;553;553;92;1320;0.76;0.73;Enabled;66.38;21.92;Yes;0;0;0;0;0;0
91200;No;553;553;92;1316;0.76;0.73;Enabled;66.38;21.92;Yes;0;0;0;0;0;0
91257;No;553;553;92;1312;0.76;0.73;Enabled;66.38;21.92;Yes;0;0;0;0;0;0
91292;No;553;553;92;1308;0.76;0.73;Enabled;66.38;21.92;Yes;0;0;0;0;0;0
91321;No;553;553;92;1304;0.76;0.73;Enabled;66.38;21.92;Yes;0;0;0;0;0;0
91352;No;553;553;92;1300;0.76;0.73;Enabled;66.38;21.92;Yes;0;0;0;0;0;0
91378;No;553;553;92;1296;0.76;0.73;Enabled;66.38;21.92;Yes;0;0;0;0;0;0
91410;No;553;553;92;1292;0.76;0.72;Enabled;66.38;21.92;Yes;0;0;0;0;0;0
91439;No;553;554;92;1288;0.76;0.72;Enabled;66.38;21.92;Yes;0;0;0;0;0;0
91470;No;553;554;92;1284;0.75;0.72;Enabled;66.38;21.92;Yes;0;0;0;0;0;0
91502;No;553;554;92;1280;0.75;0.72;Enabled;66.38;21.92;Yes;0;0;0;0;0;0
91581;No;553;554;92;1279;0.75;0.72;Enabled;66.38;21.92;Yes;0;0;0;0;0;0
91621;No;554;554;92;1278;0.74;0.72;Enabled;66.38;21.92;Yes;0;0;0;0;0;0
91651;No;554;554;92;1278;0.72;0.72;Disabled;66.38;21.92;Yes;0;0;0;0;0;0
91679;No;554;554;92;1276;0.70;0.72;Disabled;66.38;21.92;Yes;0;0;0;0;0;0
91711;No;554;554;92;1276;0.68;0.72;Disabled;66.38;21.92;Yes;0;0;0;0;0;0
91740;No;554;554;92;1275;0.66;0.72;Disabled;66.38;21.92;Yes;0;0;0;0;0;0
91769;No;554;554;92;1274;0.65;0.72;Disabled;66.38;21.92;Yes;0;0;0;0;0;0
91801;No;554;554;92;1273;0.63;0.72;Disabled;66.38;21.92;Yes;0;0;0;0;0;0
91857;No;554;554;92;1272;0.61;0.72;Disabled;66.38;21.92;Yes;0;0;0;0;0;0
91892;No;554;554;92;1271;0.59;0.72;Disabled;66.38;21.92;Yes;0;0;0;0;0;0
91920;No;554;554;92;1270;0.58;0.72;Disabled;66.38;21.92;Yes;0;0;0;0;0;0
91951;No;554;554;92;1269;0.56;0.72;Disabled;66.38;21.92;Yes;0;0;0;0;0;0
91981;No;554;554;92;1268;0.54;0.72;Disabled;66.38;21.92;Yes;0;0;0;0;0;0
92010;No;554;554;92;1268;0.52;0.72;Disabled;66.38;21.92;Yes;0;0;0;0;0;0
92042;No;554;554;92;1266;0.50;0.72;Disabled;66.38;21.92;Yes;0;0;0;0;0;0
92071;No;554;554;92;1266;0.49;0.72;Disabled;66.38;21.92;Yes;0;0;0;0;0;0
92102;No;554;554;92;1265;0.47;0.72;Disabled;66.38;21.92;Yes;0;0;0;0;0;0
92159;No;554;554;92;1264;0.45;0.72;Disabled;66.38;21.92;Yes;0;0;0;0;0;0
92191;No;554;554;92;1263;0.43;0.72;Disabled;66.38;21.92;Yes;0;0;0;0;0;0
92220;No;554;554;92;1262;0.41;0.72;Disabled;66.38;21.92;Yes;0;0;0;0;0;0
92252;No;554;554;92;1262;0.39;0.72;Disabled;66.38;21.92;Yes;0;0;0;0;0;0
92279;No;554;554;92;1261;0.37;0.72;Disabled;66.38;21.92;Yes;0;0;0;0;0;0
92311;No;554;554;92;1260;0.35;0.72;Disabled;66.38;21.92;Yes;0;0;0;0;0;0
92341;No;554;554;92;1260;0.33;0.72;Disabled;66.38;21.92;Yes;0;0;0;0;0;0
92369;No;554;554;92;1259;0.31;0.72;Disabled;66.38;21.92;Yes;0;0;0;0;0;0
92402;No;554;554;92;1258;0.29;0.72;Disabled;66.38;21.92;Yes;0;0;0;0;0;0
92458;No;554;554;92;1258;0.27;0.72;Disabled;66.38;21.92;Yes;0;0;0;0;0;0
92491;No;554;554;92;1257;0.25;0.72;Disabled;66.38;21.92;Yes;0;0;0;0;0;0
92520;No;554;554;92;1256;0.24;0.72;Disabled;66.38;21.92;Yes;0;0;0;0;0;0
92550;No;554;554;92;1255;0.22;0.72;Disabled;66.38;21.92;Yes;0;0;0;0;0;0
92581;No;554;554;92;1254;0.20;0.72;Disabled;66.38;21.92;Yes;0;0;0;0;0;0
92612;No;554;554;92;1254;0.18;0.72;Disabled;66.38;21.92;Yes;0;0;0;0;0;0
92641;No;554;554;92;1253;0.16;0.72;Disabled;66.38;21.92;Yes;0;0;0;0;0;0
92670;No;554;554;92;1252;0.14;0.72;Disabled;66.38;21.92;Yes;0;0;0;0;0;0
92702;No;554;554;92;1254;0.12;0.72;Disabled;66.38;21.92;Yes;0;0;0;0;0;0
92758;No;554;554;92;1256;0.12;0.72;Disabled;66.38;21.92;Yes;0;0;0;0;0;0
92792;No;554;554;92;1258;0.11;0.72;Disabled;66.38;21.92;Yes;0;0;0;0;0;0
92820;No;554;554;92;1260;0.11;0.72;Disabled;66.38;21.92;Yes;0;0;0;0;0;0
92859;No;554;554;92;1262;0.11;0.72;Disabled;66.38;21.92;Yes;0;0;0;0;0;0
92879;No;554;554;92;1264;0.10;0.72;Disabled;66.38;21.92;Yes;0;0;0;0;0;0
92912;No;554;554;92;1266;0.10;0.72;Disabled;66.38;21.92;Yes;0;0;0;0;0;0
92941;No;554;554;92;1268;0.10;0.72;Disabled;66.38;21.92;Yes;0;0;0;0;0;0
92973;No;554;554;92;1270;0.09;0.72;Disabled;66.38;21.92;Yes;0;0;0;0;0;0
93000;No;554;554;92;1272;0.09;0.72;Disabled;66.38;21.92;Yes;0;0;0;0;0;0
93057;No;554;554;92;1274;0.09;0.72;Disabled;66.38;21.92;Yes;0;0;0;0;0;0
93091;No;554;554;92;1276;0.09;0.72;Disabled;66.38;21.92;Yes;0;0;0;0;0;0
93119;No;554;554;92;1278;0.08;0.72;Disabled;66.38;21.92;Yes;0;0;0;0;0;0
93149;No;554;554;92;1280;0.08;0.72;Disabled;66.38;21.92;Yes;0;0;0;0;0;0
93180;No;554;554;92;1282;0.08;0.72;Disabled;66.38;21.92;Yes;0;0;0;0;0;0
93210;No;554;554;92;1284;0.08;0.72;Disabled;66.38;21.92;Yes;0;0;0;0;0;0
93242;No;554;554;92;1286;0.07;0.72;Disabled;66.38;21.92;Yes;0;0;0;0;0;0
93271;No;554;554;92;1287;0.07;0.72;Disabled;66.38;21.92;Yes;0;0;0;0;0;0
93302;No;554;554;92;1288;0.07;0.72;Disabled;66.38;21.92;Yes;0;0;0;0;0;0
93357;No;554;554;92;1288;0.07;0.72;Disabled;66.38;21.92;Yes;0;0;0;0;0;0
93393;No;554;554;92;1289;0.07;0.72;Disabled;66.38;21.92;Yes;0;0;0;0;0;0
93419;No;554;554;92;1289;0.08;0.72;Disabled;66.38;21.92;Yes;0;0;0;0;0;0
93450;No;554;554;92;1290;0.08;0.72;Disabled;66.38;21.92;Yes;0;0;0;0;0;0
93484;No;554;554;92;1290;0.08;0.72;Disabled;66.38;21.92;Yes;0;0;0;0;0;0
93511;No;554;554;92;1291;0.08;0.72;Disabled;66.38;21.92;Yes;0;0;0;0;0;0
93540;No;554;554;92;1292;0.08;0.72;Disabled;66.38;21.92;Yes;0;0;0;0;0;0
93570;No;554;554;92;1292;0.08;0.72;Disabled;66.38;21.92;Yes;0;0;0;0;0;0
93601;No;554;554;92;1293;0.08;0.72;Disabled;66.38;21.92;Yes;0;0;0;0;0;0
93656;No;554;554;92;1294;0.08;0.72;Disabled;66.38;21.92;Yes;0;0;0;0;0;0
93692;No;554;554;92;1294;0.09;0.72;Disabled;66.38;21.92;Yes;0;0;0;0;0;0
93721;No;554;554;92;1295;0.09;0.71;Disabled;66.38;21.92;Yes;0;0;0;0;0;0
93751;No;554;554;92;1296;0.09;0.71;Disabled;66.38;21.92;Yes;0;0;0;0;0;0
93782;No;554;554;92;1296;0.09;0.71;Disabled;66.38;21.92;Yes;0;0;0;0;0;0
93811;No;554;554;92;1297;0.09;0.71;Disabled;66.38;21.92;Yes;0;0;0;0;0;0
93840;No;554;554;92;1291;0.09;0.71;Disabled;66.38;21.92;Yes;0;0;0;0;0;0
93871;No;554;554;92;1285;0.09;0.71;Disabled;66.38;21.92;Yes;0;0;0;0;0;0
93902;No;554;554;92;1279;0.10;0.71;Disabled;66.38;21.92;Yes;0;0;0;0;0;0
93956;No;554;554;92;1273;0.10;0.71;Disabled;66.38;21.92;Yes;0;0;0;0;0;0
93990;No;554;554;92;1267;0.10;0.72;Disabled;66.38;21.92;Yes;0;0;0;0;0;0
94022;No;554;554;92;1261;0.10;0.72;Disabled;66.38;21.92;Yes;0;0;0;0;0;0
94052;No;554;554;92;1255;0.10;0.72;Disabled;66.38;21.92;Yes;0;0;0;0;0;0
94079;No;554;554;92;1249;0.10;0.72;Disabled;66.38;21.92;Yes;0;0;0;0;0;0
94109;No;554;554;92;1243;0.11;0.72;Disabled;66.38;21.92;Yes;0;0;0;0;0;0
94170;No;554;554;92;1237;0.11;0.72;Disabled;66.38;21.92;Yes;0;0;0;0;0;0
94200;No;554;554;92;1232;0.11;0.72;Disabled;66.38;21.92;Yes;0;0;0;0;0;0
94256;No;554;554;92;1226;0.11;0.72;Disabled;66.38;21.92;Yes;0;0;0;0;0;0
94290;No;554;554;92;1220;0.11;0.72;Disabled;66.38;21.92;Yes;0;0;0;0;0;0
94321;No;554;554;92;1214;0.11;0.72;Disabled;66.38;21.92;Yes;0;0;0;0;0;0
94349;No;554;554;92;1208;0.11;0.72;Disabled;66.38;21.92;Yes;0;0;0;0;0;0
94381;No;554;554;92;1202;0.12;0.72;Disabled;66.38;21.92;Yes;0;0;0;0;0;0
94412;No;554;554;92;1196;0.12;0.72;Disabled;66.38;21.92;Yes;0;0;0;0;0;0
94438;No;554;554;92;1190;0.12;0.72;Disabled;66.38;21.92;Yes;0;0;0;0;0;0
94471;No;554;554;92;1185;0.12;0.72;Disabled;66.38;21.92;Yes;0;0;0;0;0;0
94501;No;554;554;92;1180;0.11;0.72;Disabled;66.38;21.92;Yes;0;0;0;0;0;0
94557;No;554;554;92;1175;0.11;0.72;Disabled;66.38;21.92;Yes;0;0;0;0;0;0
94591;No;554;554;92;1169;0.11;0.72;Disabled;66.38;21.92;Yes;0;0;0;0;0;0
94621;No;554;554;92;1164;0.10;0.72;Disabled;66.38;21.92;Yes;0;0;0;0;0;0
94651;No;554;554;92;1159;0.10;0.72;Disabled;66.38;21.92;Yes;0;0;0;0;0;0
94681;No;554;554;93;1154;0.10;0.72;Disabled;66.38;21.92;Yes;0;0;0;0;0;0
94712;No;554;554;93;1148;0.09;0.72;Disabled;66.38;21.92;Yes;0;0;0;0;0;0
94741;No;554;554;93;1143;0.09;0.72;Disabled;66.38;21.92;Yes;0;0;0;0;0;0
94769;No;554;554;93;1138;0.09;0.72;Disabled;66.38;21.92;Yes;0;0;0;0;0;0
94799;No;554;554;93;1132;0.09;0.72;Disabled;66.38;21.92;Yes;0;0;0;0;0;0
94856;No;554;554;93;1127;0.08;0.72;Disabled;66.38;21.92;Yes;0;0;0;0;0;0
94892;No;554;554;93;1122;0.08;0.72;Disabled;66.38;21.92;Yes;0;0;0;0;0;0
94922;No;554;554;93;1116;0.08;0.72;Disabled;66.38;21.92;Yes;0;0;0;0;0;0
94949;No;554;554;93;1111;0.08;0.72;Disabled;66.38;21.92;Yes;0;0;0;0;0;0
94980;No;554;554;93;1106;0.07;0.72;Disabled;66.38;21.92;Yes;0;0;0;0;0;0
95010;No;554;554;93;1102;0.07;0.72;Disabled;66.38;21.92;Yes;0;0;0;0;0;0
95041;No;554;554;93;1097;0.07;0.72;Disabled;66.38;21.92;Yes;0;0;0;0;0;0
95070;No;554;554;93;1093;0.07;0.72;Disabled;66.38;21.92;Yes;0;0;0;0;0;0
95101;No;554;554;93;1088;0.07;0.72;Disabled;66.38;21.92;Yes;0;0;0;0;0;0
95157;No;554;554;93;1084;0.07;0.72;Disabled;66.38;21.92;Yes;0;0;0;0;0;0
95192;No;554;554;93;1079;0.07;0.72;Disabled;66.38;21.92;Yes;0;0;0;0;0;0
95222;No;554;554;93;1075;0.07;0.72;Disabled;66.38;21.92;Yes;0;0;0;0;0;0
95250;No;554;554;93;1070;0.07;0.72;Disabled;66.38;21.92;Yes;0;0;0;0;0;0
95280;No;554;554;93;1066;0.06;0.72;Disabled;66.38;21.92;Yes;0;0;0;0;0;0
95313;No;554;554;93;1062;0.06;0.72;Disabled;66.38;21.92;Yes;0;0;0;0;0;0
95341;No;554;554;93;1057;0.06;0.72;Disabled;66.38;21.92;Yes;0;0;0;0;0;0
95373;No;554;554;93;1052;0.06;0.72;Disabled;66.38;21.92;Yes;0;0;0;0;0;0
95417;No;554;554;93;1048;0.06;0.72;Disabled;66.38;21.92;Yes;0;0;0;0;0;0
95491;No;554;554;93;1044;0.06;0.71;Disabled;66.38;21.92;Yes;0;0;0;0;0;0
95520;No;554;554;93;1039;0.06;0.71;Disabled;66.38;21.92;Yes;0;0;0;0;0;0
95551;No;553;554;93;1035;0.06;0.71;Disabled;66.38;21.92;Yes;0;0;0;0;0;0
95581;No;553;553;93;1030;0.06;0.71;Disabled;66.38;21.92;Yes;0;0;0;0;0;0
95612;No;553;553;93;1028;0.06;0.71;Disabled;66.38;21.92;Yes;0;0;0;0;0;0
95641;No;553;553;93;1026;0.06;0.71;Disabled;66.38;21.92;Yes;0;0;0;0;0;0
95672;No;553;553;93;1024;0.06;0.71;Disabled;66.38;21.92;Yes;0;0;0;0;0;0
95700;No;553;553;93;1022;0.06;0.71;Disabled;66.38;21.92;Yes;0;0;0;0;0;0
95757;No;553;553;93;1020;0.06;0.71;Disabled;66.38;21.92;Yes;0;0;0;0;0;0
95791;No;553;553;93;1018;0.06;0.71;Disabled;66.38;21.92;Yes;0;0;0;0;0;0
95822;No;553;553;93;1016;0.06;0.71;Disabled;66.38;21.92;Yes;0;0;0;0;0;0
95852;No;553;553;93;1014;0.06;0.71;Disabled;66.38;21.92;Yes;0;0;0;0;0;0
95881;No;553;553;93;1012;0.06;0.71;Disabled;66.38;21.92;Yes;0;0;0;0;0;0
95912;No;553;553;93;1010;0.06;0.71;Disabled;66.38;21.92;Yes;0;0;0;0;0;0
95938;No;553;553;93;1008;0.06;0.71;Disabled;66.38;21.92;Yes;0;0;0;0;0;0
95971;No;553;553;93;1006;0.06;0.71;Disabled;66.38;21.92;Yes;0;0;0;0;0;0
95999;No;553;553;93;1005;0.06;0.71;Disabled;66.38;21.92;Yes;0;0;0;0;0;0
96056;No;553;553;93;1003;0.06;0.71;Disabled;66.38;21.92;Yes;0;0;0;0;0;0
96092;No;553;553;93;1001;0.06;0.71;Disabled;66.38;21.92;Yes;0;0;0;0;0;0
96122;No;553;553;93;999;0.06;0.71;Disabled;66.38;21.92;Yes;0;0;0;0;0;0
96151;No;553;553;93;997;0.06;0.71;Disabled;66.38;21.92;Yes;0;0;0;0;0;0
96182;No;553;553;93;994;0.06;0.71;Disabled;66.38;21.92;Yes;0;0;0;0;0;0
96211;No;553;553;93;991;0.06;0.71;Disabled;66.38;21.92;Yes;0;0;0;0;0;0
96239;No;553;553;93;988;0.07;0.71;Disabled;66.38;21.92;Yes;0;0;0;0;0;0
96269;No;553;553;93;986;0.07;0.71;Disabled;66.38;21.92;Yes;0;0;0;0;0;0
96299;No;553;553;93;983;0.07;0.71;Disabled;66.38;21.92;Yes;0;0;0;0;0;0
96331;No;553;553;93;980;0.07;0.71;Disabled;66.38;21.92;Yes;0;0;0;0;0;0
96362;No;553;553;93;977;0.07;0.71;Disabled;66.38;21.92;Yes;0;0;0;0;0;0
96389;No;553;553;93;974;0.07;0.71;Disabled;66.38;21.92;Yes;0;0;0;0;0;0
96421;No;553;553;93;971;0.07;0.71;Disabled;66.38;21.92;Yes;0;0;0;0;0;0
96452;No;553;553;93;968;0.07;0.71;Disabled;66.38;21.92;Yes;0;0;0;0;0;0
96478;No;553;553;93;966;0.07;0.71;Disabled;66.38;21.92;Yes;0;0;0;0;0;0
96510;No;553;553;93;963;0.07;0.71;Disabled;66.38;21.92;Yes;0;0;0;0;0;0
96540;No;553;553;93;960;0.07;0.71;Disabled;66.38;21.92;Yes;0;0;0;0;0;0
96570;No;553;553;93;957;0.07;0.71;Disabled;66.38;21.92;Yes;0;0;0;0;0;0
96600;No;553;553;93;954;0.07;0.71;Disabled;66.38;21.92;Yes;0;0;0;0;0;0
96655;No;552;553;93;952;0.07;0.71;Disabled;66.38;21.92;Yes;0;0;0;0;0;0
96697;No;552;552;93;949;0.07;0.71;Disabled;66.38;21.92;Yes;0;0;0;0;0;0
96722;No;552;552;93;947;0.07;0.71;Disabled;66.38;21.92;Yes;0;0;0;0;0;0
96752;No;552;552;93;945;0.07;0.71;Disabled;66.38;21.92;Yes;0;0;0;0;0;0
96779;No;552;552;93;943;0.07;0.71;Disabled;66.38;21.92;Yes;0;0;0;0;0;0
96809;No;552;552;93;942;0.07;0.71;Disabled;66.38;21.92;Yes;0;0;0;0;0;0
96841;No;552;552;93;940;0.07;0.71;Disabled;66.38;21.92;Yes;0;0;0;0;0;0
96870;No;552;552;93;938;0.08;0.71;Disabled;66.38;21.92;Yes;0;0;0;0;0;0
96898;No;552;552;93;936;0.08;0.71;Disabled;66.38;21.92;Yes;0;0;0;0;0;0
96954;No;552;552;93;934;0.08;0.71;Disabled;66.38;21.92;Yes;0;0;0;0;0;0
96992;No;552;552;93;932;0.08;0.71;Disabled;66.38;21.92;Yes;0;0;0;0;0;0
97021;No;552;552;93;930;0.08;0.71;Disabled;66.38;21.92;Yes;0;0;0;0;0;0
97049;No;552;552;93;928;0.08;0.71;Disabled;66.38;21.92;Yes;0;0;0;0;0;0
97079;No;552;552;93;927;0.08;0.71;Disabled;66.38;21.92;Yes;0;0;0;0;0;0
97108;No;552;552;93;925;0.08;0.71;Disabled;66.38;21.92;Yes;0;0;0;0;0;0
97139;No;552;552;93;923;0.08;0.71;Disabled;66.38;21.92;Yes;0;0;0;0;0;0
97172;No;552;552;93;921;0.08;0.71;Disabled;66.38;21.92;Yes;0;0;0;0;0;0
97201;No;552;552;93;919;0.09;0.71;Disabled;66.38;21.92;Yes;0;0;0;0;0;0
97254;No;552;552;93;918;0.09;0.71;Disabled;66.38;21.92;Yes;0;0;0;0;0;0
97292;No;552;552;93;917;0.09;0.71;Disabled;66.38;21.92;Yes;0;0;0;0;0;0
97321;No;552;552;93;916;0.09;0.71;Disabled;66.38;21.92;Yes;0;0;0;0;0;0
97352;No;552;552;93;916;0.09;0.71;Disabled;66.38;21.92;Yes;0;0;0;0;0;0
97379;No;552;552;93;915;0.09;0.71;Disabled;66.38;21.92;Yes;0;0;0;0;0;0
97410;No;552;552;93;914;0.09;0.71;Disabled;66.38;21.92;Yes;0;0;0;0;0;0
97441;No;552;552;93;914;0.09;0.71;Disabled;66.38;21.92;Yes;0;0;0;0;0;0
97469;No;552;552;93;913;0.09;0.71;Disabled;66.38;21.92;Yes;0;0;0;0;0;0
97500;No;552;552;93;912;0.09;0.71;Disabled;66.38;21.92;Yes;0;0;0;0;0;0
97555;No;552;552;93;912;0.09;0.71;Disabled;66.38;21.92;Yes;0;0;0;0;0;0
97589;No;552;552;93;911;0.09;0.71;Disabled;66.38;21.92;Yes;0;0;0;0;0;0
97622;No;552;552;93;910;0.09;0.71;Disabled;66.38;21.92;Yes;0;0;0;0;0;0
97652;No;552;552;93;910;0.09;0.71;Disabled;66.38;21.92;Yes;0;0;0;0;0;0
97682;No;552;552;93;909;0.10;0.71;Disabled;66.38;21.92;Yes;0;0;0;0;0;0
97709;No;552;551;93;908;0.10;0.71;Disabled;66.38;21.92;Yes;0;0;0;0;0;0
97739;No;552;551;93;907;0.10;0.71;Disabled;66.38;21.92;Yes;0;0;0;0;0;0
97772;No;551;551;93;907;0.10;0.71;Disabled;66.38;21.92;Yes;0;0;0;0;0;0
97799;No;551;551;93;906;0.10;0.71;Disabled;66.38;21.92;Yes;0;0;0;0;0;0
97854;No;551;551;93;904;0.10;0.71;Disabled;66.38;21.92;Yes;0;0;0;0;0;0
97889;No;551;551;93;902;0.10;0.71;Disabled;66.38;21.92;Yes;0;0;0;0;0;0
97921;No;551;551;93;899;0.10;0.71;Disabled;66.38;21.92;Yes;0;0;0;0;0;0
97953;No;551;551;93;897;0.10;0.71;Disabled;66.38;21.92;Yes;0;0;0;0;0;0
98008;No;551;551;93;895;0.10;0.71;Disabled;66.38;21.92;Yes;0;0;0;0;0;0
98040;No;551;551;93;892;0.10;0.71;Disabled;66.38;21.92;Yes;0;0;0;0;0;0
98073;No;551;551;93;890;0.10;0.71;Disabled;66.38;21.92;Yes;0;0;0;0;0;0
98102;No;551;551;93;888;0.10;0.71;Disabled;66.38;21.92;Yes;0;0;0;0;0;0
98154;No;551;551;93;886;0.10;0.71;Disabled;66.38;21.92;Yes;0;0;0;0;0;0
98192;No;551;551;93;884;0.10;0.71;Disabled;66.38;21.92;Yes;0;0;0;0;0;0
98222;No;551;551;93;881;0.10;0.71;Disabled;66.38;21.92;Yes;0;0;0;0;0;0
98252;No;551;551;93;879;0.10;0.71;Disabled;66.38;21.92;Yes;0;0;0;0;0;0
98281;No;551;551;93;877;0.11;0.71;Disabled;66.38;21.92;Yes;0;0;0;0;0;0
98311;No;551;551;93;874;0.11;0.71;Disabled;66.38;21.92;Yes;0;0;0;0;0;0
98342;No;551;551;93;872;0.11;0.71;Disabled;66.38;21.92;Yes;0;0;0;0;0;0
98371;No;551;551;93;870;0.11;0.71;Disabled;66.38;21.92;Yes;0;0;0;0;0;0
98401;No;551;551;93;868;0.11;0.71;Disabled;66.38;21.92;Yes;0;0;0;0;0;0
98456;No;551;551;93;866;0.11;0.71;Disabled;66.38;21.92;Yes;0;0;0;0;0;0
98492;No;551;551;93;865;0.11;0.71;Disabled;66.38;21.92;Yes;0;0;0;0;0;0
98522;No;551;551;93;863;0.11;0.71;Disabled;66.38;21.92;Yes;0;0;0;0;0;0
98549;No;551;550;93;862;0.11;0.71;Disabled;66.38;21.92;Yes;0;0;0;0;0;0
98581;No;551;550;93;860;0.11;0.71;Disabled;66.38;21.92;Yes;0;0;0;0;0;0
98613;No;550;550;93;858;0.11;0.71;Disabled;66.38;21.92;Yes;0;0;0;0;0;0
98639;No;550;550;93;857;0.11;0.71;Disabled;66.38;21.92;Yes;0;0;0;0;0;0
98669;No;550;550;93;856;0.11;0.71;Disabled;66.38;21.92;Yes;0;0;0;0;0;0
98702;No;550;550;93;854;0.11;0.71;Disabled;66.38;21.92;Yes;0;0;0;0;0;0
98754;No;550;550;93;852;0.11;0.71;Disabled;66.38;21.92;Yes;0;0;0;0;0;0
98792;No;550;550;93;851;0.11;0.71;Disabled;66.38;21.92;Yes;0;0;0;0;0;0
98822;No;550;550;93;850;0.11;0.71;Disabled;66.38;21.92;Yes;0;0;0;0;0;0
98848;No;550;550;93;848;0.12;0.71;Disabled;66.38;21.92;Yes;0;0;0;0;0;0
98879;No;550;550;93;846;0.12;0.71;Disabled;66.38;21.92;Yes;0;0;0;0;0;0
98911;No;550;550;93;845;0.12;0.71;Disabled;66.38;21.92;Yes;0;0;0;0;0;0
98942;No;550;550;93;843;0.12;0.71;Disabled;66.38;21.92;Yes;0;0;0;0;0;0
98969;No;550;550;93;842;0.12;0.71;Disabled;66.38;21.92;Yes;0;0;0;0;0;0
99002;No;550;550;93;842;0.12;0.71;Disabled;66.38;21.92;Yes;0;0;0;0;0;0
99055;No;550;550;93;841;0.12;0.71;Disabled;66.38;21.92;Yes;0;0;0;0;0;0
99092;No;550;550;93;841;0.11;0.71;Disabled;66.38;21.92;Yes;0;0;0;0;0;0
99122;No;550;550;93;840;0.11;0.71;Disabled;66.38;21.92;Yes;0;0;0;0;0;0
99151;No;550;550;93;840;0.11;0.71;Disabled;66.38;21.92;Yes;0;0;0;0;0;0
99182;No;550;550;93;840;0.11;0.71;Disabled;66.38;21.92;Yes;0;0;0;0;0;0
99209;No;550;550;93;840;0.11;0.71;Disabled;66.38;21.92;Yes;0;0;0;0;0;0
99257;No;550;550;93;839;0.11;0.71;Disabled;66.38;21.92;Yes;0;0;0;0;0;0
99269;No;550;550;93;839;0.10;0.71;Disabled;66.38;21.92;Yes;0;0;0;0;0;0
99304;No;550;550;93;838;0.10;0.71;Disabled;66.38;21.92;Yes;0;0;0;0;0;0
99355;No;550;550;93;838;0.10;0.71;Disabled;66.38;21.92;Yes;0;0;0;0;0;0
99389;No;550;550;93;838;0.10;0.71;Disabled;66.38;21.92;Yes;0;0;0;0;0;0
99419;No;550;550;93;838;0.10;0.71;Disabled;66.38;21.92;Yes;0;0;0;0;0;0
99452;No;550;550;93;837;0.10;0.71;Disabled;66.38;21.92;Yes;0;0;0;0;0;0
99482;No;550;550;93;837;0.09;0.71;Disabled;66.38;21.92;Yes;0;0;0;0;0;0
99509;No;549;550;93;836;0.09;0.71;Disabled;66.38;21.92;Yes;0;0;0;0;0;0
99539;No;549;549;93;836;0.09;0.71;Disabled;66.38;21.92;Yes;0;0;0;0;0;0
99572;No;549;549;93;838;0.09;0.71;Disabled;66.38;21.92;Yes;0;0;0;0;0;0
99599;No;549;549;93;839;0.09;0.71;Disabled;66.38;21.92;Yes;0;0;0;0;0;0
99656;No;549;549;93;840;0.09;0.71;Disabled;66.38;21.92;Yes;0;0;0;0;0;0
99692;No;549;549;93;841;0.09;0.71;Disabled;66.38;21.92;Yes;0;0;0;0;0;0
99721;No;549;549;93;842;0.09;0.71;Disabled;66.38;21.92;Yes;0;0;0;0;0;0
99751;No;549;549;93;844;0.09;0.71;Disabled;66.38;21.92;Yes;0;0;0;0;0;0
99782;No;549;549;93;844;0.09;0.71;Disabled;66.38;21.92;Yes;0;0;0;0;0;0
99812;No;549;549;93;846;0.09;0.71;Disabled;66.38;21.92;Yes;0;0;0;0;0;0
99839;No;549;549;93;847;0.09;0.71;Disabled;66.38;21.92;Yes;0;0;0;0;0;0
99872;No;549;549;93;848;0.09;0.71;Disabled;66.38;21.92;Yes;0;0;0;0;0;0
99899;No;549;549;93;849;0.09;0.71;Disabled;66.38;21.92;Yes;0;0;0;0;0;0
99957;No;549;549;93;850;0.09;0.71;Disabled;66.38;21.92;Yes;0;0;0;0;0;0
99993;No;549;549;93;852;0.09;0.71;Disabled;66.38;21.92;Yes;0;0;0;0;0;0
100019;No;549;549;93;853;0.09;0.71;Disabled;66.38;21.92;Yes;0;0;0;0;0;0
100049;No;549;549;93;854;0.09;0.71;Disabled;66.38;21.92;Yes;0;0;0;0;0;0
100079;No;549;549;93;855;0.09;0.71;Disabled;66.38;21.92;Yes;0;0;0;0;0;0
100109;No;549;549;93;856;0.09;0.71;Disabled;66.38;21.92;Yes;0;0;0;0;0;0
100139;No;549;548;93;856;0.09;0.71;Disabled;66.38;21.92;Yes;0;0;0;0;0;0
100171;No;549;548;93;856;0.09;0.71;Disabled;66.38;21.92;Yes;0;0;0;0;0;0
100203;No;548;548;93;856;0.09;0.71;Disabled;66.38;21.92;Yes;0;0;0;0;0;0
100257;No;548;548;93;856;0.09;0.71;Disabled;66.38;21.92;Yes;0;0;0;0;0;0
100292;No;548;548;93;856;0.09;0.71;Disabled;66.38;21.92;Yes;0;0;0;0;0;0
100322;No;548;548;93;856;0.09;0.71;Disabled;66.38;21.92;Yes;0;0;0;0;0;0
100350;No;548;548;93;856;0.10;0.71;Disabled;66.38;21.92;Yes;0;0;0;0;0;0
100382;No;548;548;93;856;0.10;0.71;Disabled;66.38;21.92;Yes;0;0;0;0;0;0
100410;No;548;548;93;856;0.10;0.71;Disabled;66.38;21.92;Yes;0;0;0;0;0;0
100443;No;548;548;93;856;0.10;0.71;Disabled;66.38;21.92;Yes;0;0;0;0;0;0
100471;No;548;548;93;856;0.10;0.71;Disabled;66.38;21.92;Yes;0;0;0;0;0;0
100504;No;548;548;93;856;0.10;0.71;Disabled;66.38;21.92;Yes;0;0;0;0;0;0
100577;No;548;548;93;855;0.10;0.71;Disabled;66.38;21.92;Yes;0;0;0;0;0;0
100621;No;548;548;93;855;0.10;0.71;Disabled;66.38;21.92;Yes;0;0;0;0;0;0
100649;No;548;548;93;855;0.10;0.71;Disabled;66.38;21.92;Yes;0;0;0;0;0;0
100680;No;548;547;93;855;0.11;0.71;Disabled;66.38;21.92;Yes;0;0;0;0;0;0
100712;No;548;547;93;855;0.11;0.71;Disabled;66.38;21.92;Yes;0;0;0;0;0;0
100740;No;548;547;93;855;0.11;0.71;Disabled;66.38;21.92;Yes;0;0;0;0;0;0
100773;No;547;547;93;854;0.11;0.71;Disabled;66.38;21.92;Yes;0;0;0;0;0;0
100801;No;547;547;93;854;0.11;0.71;Disabled;66.38;21.92;Yes;0;0;0;0;0;0
100857;No;547;547;93;854;0.11;0.71;Disabled;66.38;21.92;Yes;0;0;0;0;0;0
100891;No;547;547;93;854;0.11;0.71;Disabled;66.38;21.92;Yes;0;0;0;0;0;0
100921;No;547;547;93;854;0.11;0.71;Disabled;66.38;21.92;Yes;0;0;0;0;0;0
100949;No;547;547;93;853;0.11;0.71;Disabled;66.38;21.92;Yes;0;0;0;0;0;0
100980;No;547;547;92;853;0.11;0.71;Disabled;66.38;21.92;Yes;0;0;0;0;0;0
101010;No;547;547;92;853;0.12;0.71;Disabled;66.38;21.92;Yes;0;0;0;0;0;0
101041;No;547;547;92;852;0.12;0.71;Disabled;66.38;21.92;Yes;0;0;0;0;0;0
101071;No;547;547;92;852;0.12;0.71;Disabled;66.38;21.92;Yes;0;0;0;0;0;0
101100;No;547;547;92;852;0.12;0.71;Disabled;66.38;21.92;Yes;0;0;0;0;0;0
101157;No;546;546;92;852;0.12;0.71;Disabled;66.38;21.92;Yes;0;0;0;0;0;0
101192;No;546;546;92;852;0.12;0.71;Disabled;66.38;21.92;Yes;0;0;0;0;0;0
101222;No;546;546;92;851;0.12;0.71;Disabled;66.38;21.92;Yes;0;0;0;0;0;0
101253;No;546;546;92;851;0.12;0.71;Disabled;66.38;21.92;Yes;0;0;0;0;0;0
101282;No;546;546;92;851;0.12;0.71;Disabled;66.38;21.92;Yes;0;0;0;0;0;0
101310;No;546;546;92;859;0.12;0.71;Disabled;66.38;21.92;Yes;0;0;0;0;0;0
101342;No;546;546;92;867;0.12;0.71;Disabled;66.38;21.92;Yes;0;0;0;0;0;0
101372;No;546;546;92;876;0.12;0.71;Enabled;66.38;21.92;Yes;0;0;0;0;0;0
101400;No;546;546;92;884;0.13;0.71;Enabled;66.38;21.92;Yes;0;0;0;0;0;0
101456;No;546;546;92;892;0.13;0.71;Enabled;66.38;21.92;Yes;0;0;0;0;0;0
101491;No;546;546;92;900;0.13;0.71;Enabled;66.38;21.92;Yes;0;0;0;0;0;0
101521;No;546;546;92;909;0.13;0.71;Enabled;66.38;21.92;Yes;0;0;0;0;0;0
101550;No;546;546;92;917;0.13;0.71;Enabled;66.38;21.92;Yes;0;0;0;0;0;0
101582;No;546;546;92;926;0.13;0.71;Enabled;66.38;21.92;Yes;0;0;0;0;0;0
101611;No;546;546;92;934;0.13;0.71;Enabled;66.38;21.92;Yes;0;0;0;0;0;0
101642;No;546;546;92;942;0.13;0.71;Enabled;66.38;21.92;Yes;0;0;0;0;0;0
101672;No;545;546;92;950;0.14;0.71;Enabled;66.38;21.92;Yes;0;0;0;0;0;0
101701;No;545;545;92;959;0.14;0.71;Enabled;66.38;21.92;Yes;0;0;0;0;0;0
101757;No;545;545;92;967;0.14;0.71;Enabled;66.38;21.92;Yes;0;0;0;0;0;0
101791;No;545;545;92;976;0.14;0.71;Enabled;66.38;21.92;Yes;0;0;0;0;0;0
101849;No;545;545;92;984;0.14;0.71;Enabled;66.38;21.92;Yes;0;0;0;0;0;0
101881;No;545;545;92;992;0.14;0.71;Enabled;66.38;21.92;Yes;0;0;0;0;0;0
101912;No;545;545;92;997;0.14;0.71;Enabled;66.38;21.92;Yes;0;0;0;0;0;0
101940;No;545;545;92;1002;0.14;0.71;Enabled;66.38;21.92;Yes;0;0;0;0;0;0
101971;No;545;545;92;1008;0.15;0.71;Enabled;66.38;21.92;Yes;0;0;0;0;0;0
102002;No;545;545;92;1013;0.15;0.71;Enabled;66.38;21.92;Yes;0;0;0;0;0;0
102057;No;545;545;92;1018;0.15;0.71;Enabled;66.38;21.92;Yes;0;0;0;0;0;0
102090;No;545;545;92;1024;0.15;0.71;Enabled;66.38;21.92;Yes;0;0;0;0;0;0
102124;No;545;545;92;1029;0.15;0.71;Enabled;66.38;21.92;Yes;0;0;0;0;0;0
102151;No;545;545;92;1034;0.15;0.71;Enabled;66.38;21.92;Yes;0;0;0;0;0;0
102180;No;545;545;92;1040;0.15;0.71;Enabled;66.38;21.92;Yes;0;0;0;0;0;0
102210;No;545;545;92;1045;0.16;0.71;Enabled;66.38;21.92;Yes;0;0;0;0;0;0
102240;No;545;545;92;1050;0.16;0.71;Enabled;66.38;21.92;Yes;0;0;0;0;0;0
102271;No;545;545;92;1056;0.16;0.71;Enabled;66.38;21.92;Yes;0;0;0;0;0;0
102301;No;545;545;92;1061;0.16;0.71;Enabled;66.38;21.92;Yes;0;0;0;0;0;0
102356;No;545;545;92;1066;0.16;0.71;Enabled;66.38;21.92;Yes;0;0;0;0;0;0
102391;No;545;545;92;1072;0.16;0.71;Enabled;66.38;21.92;Yes;0;0;0;0;0;0
102422;No;544;545;92;1077;0.16;0.71;Enabled;66.38;21.92;Yes;0;0;0;0;0;0
102450;No;544;544;92;1082;0.17;0.71;Enabled;66.38;21.92;Yes;0;0;0;0;0;0
102482;No;544;544;92;1102;0.17;0.71;Enabled;66.38;21.92;Yes;0;0;0;0;0;0
102510;No;544;544;92;1121;0.20;0.71;Enabled;66.38;21.92;Yes;0;0;0;0;0;0
102541;No;544;544;92;1140;0.23;0.72;Enabled;66.38;21.92;Yes;0;0;0;0;0;0
102572;No;544;544;92;1160;0.27;0.72;Enabled;66.38;21.92;Yes;0;0;0;0;0;0
102601;No;544;544;92;1179;0.30;0.72;Enabled;66.38;21.92;Yes;0;0;0;0;0;0
102656;No;544;544;92;1198;0.34;0.72;Enabled;66.38;21.92;Yes;0;0;0;0;0;0
102690;No;544;544;92;1218;0.37;0.73;Enabled;66.38;21.92;Yes;0;0;0;0;0;0
102722;No;544;544;92;1237;0.40;0.73;Enabled;66.38;21.92;Yes;0;0;0;0;0;0
102751;No;544;544;92;1257;0.44;0.73;Enabled;66.38;21.92;Yes;0;0;0;0;0;0
102779;No;544;544;92;1276;0.47;0.73;Enabled;66.38;21.92;Yes;0;0;0;0;0;0
102811;No;544;544;92;1296;0.51;0.74;Enabled;66.38;21.92;Yes;0;0;0;0;0;0
102841;No;544;544;92;1315;0.54;0.74;Enabled;66.38;21.92;Yes;0;0;0;0;0;0
102872;No;544;544;92;1334;0.57;0.74;Enabled;66.38;21.92;Yes;0;0;0;0;0;0
102901;No;544;544;92;1354;0.61;0.75;Enabled;66.38;21.92;Yes;0;0;0;0;0;0
102957;No;544;544;92;1373;0.64;0.75;Enabled;66.38;21.92;Yes;0;0;0;0;0;0
102991;No;544;544;92;1392;0.68;0.75;Enabled;66.38;21.92;Yes;0;0;0;0;0;0
103021;No;544;544;92;1412;0.71;0.75;Enabled;66.38;21.92;Yes;0;0;0;0;0;0
103052;No;544;544;92;1415;0.74;0.75;Enabled;66.38;21.92;Yes;0;0;0;0;0;0
103099;No;544;544;92;1418;0.75;0.76;Enabled;66.38;21.92;Yes;0;0;0;0;0;0
103141;No;544;544;92;1422;0.76;0.76;Enabled;66.38;21.92;Yes;0;0;0;0;0;0
103171;No;544;544;92;1425;0.76;0.76;Enabled;66.38;21.92;Yes;0;0;0;0;0;0
103201;No;544;544;92;1428;0.77;0.76;Enabled;66.38;21.92;Yes;0;0;0;0;0;0
103257;No;544;544;92;1432;0.77;0.76;Enabled;66.38;21.92;Yes;0;0;0;0;0;0
103291;No;544;544;92;1435;0.78;0.75;Enabled;66.38;21.92;Yes;0;0;0;0;0;0
103322;No;544;544;92;1438;0.79;0.75;Enabled;66.38;21.92;Yes;0;0;0;0;0;0
103352;No;544;544;92;1442;0.79;0.75;Enabled;66.38;21.92;Yes;0;0;0;0;0;0
103380;No;544;544;92;1445;0.80;0.75;Enabled;66.38;21.92;Yes;0;0;0;0;0;0
103412;No;544;544;92;1448;0.81;0.75;Enabled;66.38;21.92;Yes;0;0;0;0;0;0
103442;No;544;544;92;1451;0.81;0.75;Enabled;66.38;21.92;Yes;0;0;0;0;0;0
103473;No;544;544;92;1455;0.82;0.75;Enabled;66.38;21.92;Yes;0;0;0;0;0;0
103499;No;544;544;92;1458;0.83;0.75;Enabled;66.38;21.92;Yes;0;0;0;0;0;0
103557;No;544;544;92;1461;0.83;0.75;Enabled;66.38;21.92;Yes;0;0;0;0;0;0
103591;No;544;544;92;1464;0.84;0.75;Enabled;66.38;21.92;Yes;0;0;0;0;0;0
103622;No;544;544;92;1468;0.84;0.75;Enabled;66.38;21.92;Yes;0;0;0;0;0;0
103655;No;544;544;92;1472;0.85;0.75;Enabled;66.38;21.92;Yes;0;0;0;0;0;0
103680;No;544;544;92;1476;0.85;0.75;Enabled;66.38;21.92;Yes;0;0;0;0;0;0
103711;No;544;544;92;1479;0.85;0.75;Enabled;66.38;21.92;Yes;0;0;0;0;0;0
103741;No;544;544;92;1483;0.85;0.75;Enabled;66.38;21.92;Yes;0;0;0;0;0;0
103772;No;544;544;92;1487;0.85;0.75;Enabled;66.38;21.92;Yes;0;0;0;0;0;0
103802;No;544;544;92;1491;0.85;0.75;Enabled;66.38;21.92;Yes;0;0;0;0;0;0
103857;No;544;544;92;1494;0.85;0.75;Enabled;66.38;21.92;Yes;0;0;0;0;0;0
103892;No;544;544;92;1498;0.84;0.74;Enabled;66.38;21.92;Yes;0;0;0;0;0;0
103920;No;544;544;92;1502;0.84;0.74;Enabled;66.38;21.92;Yes;0;0;0;0;0;0
103953;No;544;544;92;1506;0.84;0.74;Enabled;66.38;21.92;Yes;0;0;0;0;0;0
103983;No;544;544;92;1510;0.84;0.74;Enabled;66.38;21.92;Yes;0;0;0;0;0;0
104011;No;544;544;92;1514;0.84;0.74;Enabled;66.38;21.92;Yes;0;0;0;0;0;0
104043;No;544;544;92;1518;0.84;0.74;Enabled;66.38;21.92;Yes;0;0;0;0;0;0
104071;No;544;544;92;1522;0.84;0.74;Enabled;66.38;21.92;Yes;0;0;0;0;0;0
104100;No;544;544;92;1525;0.84;0.74;Enabled;66.38;21.92;Yes;0;0;0;0;0;0
104156;No;544;544;92;1529;0.84;0.74;Enabled;66.38;21.92;Yes;0;0;0;0;0;0
104190;No;544;544;92;1533;0.84;0.74;Enabled;66.38;21.92;Yes;0;0;0;0;0;0
104222;No;544;544;92;1533;0.84;0.74;Enabled;66.38;21.92;Yes;0;0;0;0;0;0
104252;No;544;544;92;1532;0.83;0.74;Enabled;66.38;21.92;Yes;0;0;0;0;0;0
104280;No;544;544;92;1532;0.83;0.74;Enabled;66.38;21.92;Yes;0;0;0;0;0;0
104310;No;544;544;92;1532;0.83;0.74;Enabled;66.38;21.92;Yes;0;0;0;0;0;0
104343;No;544;544;92;1532;0.83;0.74;Enabled;66.38;21.92;Yes;0;0;0;0;0;0
104379;No;544;544;92;1531;0.83;0.74;Enabled;66.38;21.92;Yes;0;0;0;0;0;0
104404;No;544;544;92;1531;0.83;0.74;Enabled;66.38;21.92;Yes;0;0;0;0;0;0
104460;No;544;544;92;1530;0.83;0.74;Enabled;66.38;21.92;Yes;0;0;0;0;0;0
104491;No;544;544;92;1530;0.83;0.74;Enabled;66.38;21.92;Yes;0;0;0;0;0;0
104522;No;544;544;92;1530;0.83;0.74;Enabled;66.38;21.92;Yes;0;0;0;0;0;0
104552;No;544;544;92;1530;0.83;0.74;Enabled;66.38;21.92;Yes;0;0;0;0;0;0
104580;No;544;544;92;1529;0.83;0.74;Enabled;66.38;21.92;Yes;0;0;0;0;0;0
104611;No;544;544;92;1529;0.83;0.74;Enabled;66.38;21.92;Yes;0;0;0;0;0;0
104642;No;544;544;92;1528;0.83;0.74;Enabled;66.38;21.92;Yes;0;0;0;0;0;0
104670;No;544;544;92;1528;0.82;0.74;Enabled;66.38;21.92;Yes;0;0;0;0;0;0
104700;No;544;544;92;1528;0.82;0.74;Enabled;66.38;21.92;Yes;0;0;0;0;0;0
104756;No;544;544;92;1528;0.82;0.74;Enabled;66.38;21.92;Yes;0;0;0;0;0;0
104793;No;544;544;92;1514;0.82;0.74;Enabled;66.38;21.92;Yes;0;0;0;0;0;0
104819;No;544;544;92;1500;0.82;0.74;Enabled;66.38;21.92;Yes;0;0;0;0;0;0
104850;No;544;544;92;1486;0.82;0.74;Enabled;66.38;21.92;Yes;0;0;0;0;0;0
104882;No;544;544;92;1472;0.82;0.74;Enabled;66.38;21.92;Yes;0;0;0;0;0;0
104912;No;544;544;92;1459;0.82;0.74;Enabled;66.38;21.92;Yes;0;0;0;0;0;0
104940;No;544;544;92;1445;0.82;0.74;Enabled;66.38;21.92;Yes;0;0;0;0;0;0
104971;No;544;544;92;1431;0.81;0.74;Enabled;66.38;21.92;Yes;0;0;0;0;0;0
105001;No;544;544;92;1418;0.81;0.74;Enabled;66.38;21.92;Yes;0;0;0;0;0;0
105057;No;544;544;92;1404;0.81;0.74;Enabled;66.38;21.92;Yes;0;0;0;0;0;0
105091;No;544;544;92;1390;0.81;0.74;Enabled;66.38;21.92;Yes;0;0;0;0;0;0
105122;No;544;544;92;1376;0.81;0.74;Enabled;66.38;21.92;Yes;0;0;0;0;0;0
105155;No;544;544;92;1362;0.81;0.74;Enabled;66.38;21.92;Yes;0;0;0;0;0;0
105180;No;544;544;92;1348;0.81;0.74;Enabled;66.38;21.92;Yes;0;0;0;0;0;0
105211;No;544;544;92;1335;0.81;0.74;Enabled;66.38;21.92;Yes;0;0;0;0;0;0
105242;No;544;544;92;1321;0.81;0.74;Enabled;66.38;21.92;Yes;0;0;0;0;0;0
105270;No;544;544;92;1307;0.80;0.74;Enabled;66.38;21.92;Yes;0;0;0;0;0;0
105303;No;544;544;92;1294;0.80;0.74;Enabled;66.38;21.92;Yes;0;0;0;0;0;0
105357;No;544;544;92;1276;0.80;0.74;Enabled;66.38;21.92;Yes;0;0;0;0;0;0
105393;No;544;544;92;1259;0.80;0.74;Enabled;66.38;21.92;Yes;0;0;0;0;0;0
105419;No;544;544;92;1242;0.80;0.74;Enabled;66.38;21.92;Yes;0;0;0;0;0;0
105450;No;544;544;92;1224;0.80;0.74;Enabled;66.38;21.92;Yes;0;0;0;0;0;0
105480;No;544;544;92;1207;0.80;0.74;Enabled;66.38;21.92;Yes;0;0;0;0;0;0
105512;No;544;544;92;1190;0.80;0.74;Enabled;66.38;21.92;Yes;0;0;0;0;0;0
105542;No;544;544;92;1172;0.80;0.74;Enabled;66.38;21.92;Yes;0;0;0;0;0;0
105572;No;544;544;92;1155;0.80;0.74;Enabled;66.38;21.92;Yes;0;0;0;0;0;0
105600;No;544;544;92;1138;0.80;0.74;Enabled;66.38;21.92;Yes;0;0;0;0;0;0
105678;No;544;544;92;1120;0.80;0.74;Enabled;66.38;21.92;Yes;0;0;0;0;0;0
105717;No;544;544;92;1103;0.80;0.74;Enabled;66.38;21.92;Yes;0;0;0;0;0;0
105752;No;544;544;92;1086;0.80;0.74;Enabled;66.38;21.92;Yes;0;0;0;0;0;0
105781;No;544;544;92;1069;0.79;0.74;Enabled;66.38;21.92;Yes;0;0;0;0;0;0
105811;No;544;544;92;1052;0.79;0.74;Enabled;66.38;21.92;Yes;0;0;0;0;0;0
105841;No;544;544;92;1034;0.79;0.74;Enabled;66.38;21.92;Yes;0;0;0;0;0;0
105873;No;544;544;92;1017;0.79;0.74;Enabled;66.38;21.92;Yes;0;0;0;0;0;0
105902;No;544;543;92;1000;0.79;0.74;Enabled;66.38;21.92;Yes;0;0;0;0;0;0
105957;No;544;543;92;995;0.79;0.74;Enabled;66.38;21.92;Yes;0;0;0;0;0;0
105991;No;543;543;92;991;0.79;0.74;Enabled;66.38;21.92;Yes;0;0;0;0;0;0
106022;No;543;543;92;986;0.79;0.74;Disabled;66.38;21.92;Yes;0;0;0;0;0;0
106051;No;543;543;92;982;0.79;0.74;Disabled;66.38;21.92;Yes;0;0;0;0;0;0
106082;No;543;543;92;978;0.79;0.74;Disabled;66.38;21.92;Yes;0;0;0;0;0;0
106110;No;543;543;92;974;0.79;0.74;Disabled;66.38;21.92;Yes;0;0;0;0;0;0
106140;No;543;543;92;970;0.79;0.74;Disabled;66.38;21.92;Yes;0;0;0;0;0;0
106171;No;543;543;92;965;0.79;0.74;Disabled;66.38;21.92;Yes;0;0;0;0;0;0
106201;No;543;543;92;961;0.79;0.74;Disabled;66.38;21.92;Yes;0;0;0;0;0;0
106259;No;543;543;92;956;0.79;0.74;Disabled;66.38;21.92;Yes;0;0;0;0;0;0
106292;No;543;543;92;952;0.79;0.74;Disabled;66.38;21.92;Yes;0;0;0;0;0;0
106322;No;543;543;92;948;0.79;0.74;Disabled;66.38;21.92;Yes;0;0;0;0;0;0
106353;No;543;543;92;944;0.79;0.74;Disabled;66.38;21.92;Yes;0;0;0;0;0;0
106381;No;543;543;92;940;0.78;0.74;Disabled;66.38;21.92;Yes;0;0;0;0;0;0
106412;No;543;543;92;935;0.78;0.74;Disabled;66.38;21.92;Yes;0;0;0;0;0;0
106441;No;543;543;92;931;0.78;0.74;Disabled;66.38;21.92;Yes;0;0;0;0;0;0
106472;No;543;543;92;926;0.78;0.74;Disabled;66.38;21.92;Yes;0;0;0;0;0;0
106502;No;543;543;92;926;0.78;0.74;Disabled;66.38;21.92;Yes;0;0;0;0;0;0
106558;No;543;543;92;925;0.78;0.74;Disabled;66.38;21.92;Yes;0;0;0;0;0;0
106592;No;543;543;92;924;0.78;0.74;Disabled;66.38;21.92;Yes;0;0;0;0;0;0
106621;No;543;543;92;924;0.78;0.74;Disabled;66.38;21.92;Yes;0;0;0;0;0;0
106652;No;543;543;92;923;0.78;0.74;Disabled;66.38;21.92;Yes;0;0;0;0;0;0
106682;No;543;543;92;922;0.78;0.74;Disabled;66.38;21.92;Yes;0;0;0;0;0;0
106712;No;543;543;92;922;0.78;0.74;Disabled;66.38;21.92;Yes;0;0;0;0;0;0
106740;No;543;543;92;921;0.78;0.74;Disabled;66.38;21.92;Yes;0;0;0;0;0;0
106773;No;543;543;92;920;0.78;0.74;Disabled;66.38;21.92;Yes;0;0;0;0;0;0
106801;No;543;543;92;920;0.78;0.74;Disabled;66.38;21.92;Yes;0;0;0;0;0;0
106857;No;543;543;92;919;0.78;0.74;Disabled;66.38;21.92;Yes;0;0;0;0;0;0
106891;No;543;543;92;918;0.78;0.74;Disabled;66.38;21.92;Yes;0;0;0;0;0;0
106937;No;542;543;92;918;0.78;0.74;Disabled;66.38;21.92;Yes;0;0;0;0;0;0
106949;No;542;542;92;917;0.78;0.73;Disabled;66.38;21.92;Yes;0;0;0;0;0;0
106981;No;542;542;92;916;0.78;0.73;Disabled;66.38;21.92;Yes;0;0;0;0;0;0
107009;No;542;542;92;916;0.78;0.73;Disabled;66.38;21.92;Yes;0;0;0;0;0;0
107039;No;542;542;92;915;0.78;0.73;Disabled;66.38;21.92;Yes;0;0;0;0;0;0
107071;No;542;542;92;914;0.78;0.73;Disabled;66.38;21.92;Yes;0;0;0;0;0;0
107102;No;542;542;92;913;0.78;0.73;Disabled;66.38;21.92;Yes;0;0;0;0;0;0
107159;No;542;542;92;912;0.78;0.73;Disabled;66.38;21.92;Yes;0;0;0;0;0;0
107192;No;542;542;92;912;0.78;0.73;Disabled;66.38;21.92;Yes;0;0;0;0;0;0
107219;No;542;542;92;910;0.78;0.73;Disabled;66.38;21.92;Yes;0;0;0;0;0;0
107249;No;542;542;92;910;0.77;0.73;Disabled;66.38;21.92;Yes;0;0;0;0;0;0
107281;No;542;542;92;909;0.77;0.73;Disabled;66.38;21.92;Yes;0;0;0;0;0;0
107310;No;542;542;92;908;0.77;0.73;Disabled;66.38;21.92;Yes;0;0;0;0;0;0
107340;No;542;542;92;907;0.77;0.73;Disabled;66.38;21.92;Yes;0;0;0;0;0;0
107371;No;542;542;92;906;0.77;0.73;Disabled;66.38;21.92;Yes;0;0;0;0;0;0
107401;No;542;542;92;905;0.77;0.73;Disabled;66.38;21.92;Yes;0;0;0;0;0;0
107457;No;542;542;92;904;0.77;0.73;Disabled;66.38;21.92;Yes;0;0;0;0;0;0
107491;No;542;542;92;903;0.77;0.73;Disabled;66.38;21.92;Yes;0;0;0;0;0;0
107522;No;542;542;92;902;0.77;0.73;Disabled;66.38;21.92;Yes;0;0;0;0;0;0
107551;No;542;542;92;902;0.77;0.73;Disabled;66.38;21.92;Yes;0;0;0;0;0;0
107581;No;542;542;92;901;0.77;0.73;Disabled;66.38;21.92;Yes;0;0;0;0;0;0
107610;No;542;542;92;900;0.77;0.73;Disabled;66.38;21.92;Yes;0;0;0;0;0;0
107641;No;542;542;92;896;0.77;0.73;Disabled;66.38;21.92;Yes;0;0;0;0;0;0
107671;No;542;542;92;893;0.77;0.73;Disabled;66.38;21.92;Yes;0;0;0;0;0;0
107702;No;542;542;92;889;0.77;0.73;Disabled;66.38;21.92;Yes;0;0;0;0;0;0
107756;No;542;542;92;886;0.76;0.73;Disabled;66.38;21.92;Yes;0;0;0;0;0;0
107791;No;542;542;92;882;0.76;0.73;Disabled;66.38;21.92;Yes;0;0;0;0;0;0
107822;No;542;542;92;879;0.76;0.73;Disabled;66.38;21.92;Yes;0;0;0;0;0;0
107851;No;542;542;92;875;0.76;0.73;Disabled;66.38;21.92;Yes;0;0;0;0;0;0
107882;No;542;542;92;872;0.76;0.73;Disabled;66.38;21.92;Yes;0;0;0;0;0;0
107911;No;542;542;92;868;0.76;0.73;Disabled;66.38;21.92;Yes;0;0;0;0;0;0
107941;No;542;542;92;864;0.76;0.73;Disabled;66.38;21.92;Yes;0;0;0;0;0;0
107972;No;542;542;92;861;0.76;0.73;Disabled;66.38;21.92;Yes;0;0;0;0;0;0
108004;No;542;542;92;858;0.76;0.73;Disabled;66.38;21.92;Yes;0;0;0;0;0;0
108056;No;541;542;92;854;0.76;0.73;Disabled;66.38;21.92;Yes;0;0;0;0;0;0
108091;No;541;541;92;850;0.76;0.73;Disabled;66.38;21.92;Yes;0;0;0;0;0;0
108121;No;541;541;92;847;0.76;0.73;Disabled;66.38;21.92;Yes;0;0;0;0;0;0
108154;No;541;541;92;844;0.75;0.73;Disabled;66.38;21.92;Yes;0;0;0;0;0;0
108182;No;541;541;92;840;0.75;0.73;Disabled;66.38;21.92;Yes;0;0;0;0;0;0
108219;No;541;541;92;840;0.75;0.73;Disabled;66.38;21.92;Yes;0;0;0;0;0;0
108242;No;541;541;92;840;0.75;0.73;Disabled;66.38;21.92;Yes;0;0;0;0;0;0
108269;No;541;541;92;840;0.74;0.73;Disabled;66.38;21.92;Yes;0;0;0;0;0;0
108300;No;541;541;92;840;0.73;0.73;Disabled;66.38;21.92;Yes;0;0;0;0;0;0
108358;No;541;541;92;839;0.73;0.73;Disabled;66.38;21.92;Yes;0;0;0;0;0;0
108391;No;541;541;92;839;0.72;0.73;Disabled;66.38;21.92;Yes;0;0;0;0;0;0
108422;No;541;541;92;839;0.72;0.73;Disabled;66.38;21.92;Yes;0;0;0;0;0;0
108450;No;541;541;92;839;0.71;0.73;Disabled;66.38;21.92;Yes;0;0;0;0;0;0
108479;No;541;541;92;839;0.71;0.73;Disabled;66.38;21.92;Yes;0;0;0;0;0;0
108510;No;541;541;92;839;0.70;0.73;Disabled;66.38;21.92;Yes;0;0;0;0;0;0
108540;No;541;541;92;838;0.69;0.73;Disabled;66.38;21.92;Yes;0;0;0;0;0;0
108571;No;541;541;92;838;0.69;0.73;Disabled;66.38;21.92;Yes;0;0;0;0;0;0
108601;No;541;541;92;838;0.68;0.73;Disabled;66.38;21.92;Yes;0;0;0;0;0;0
108658;No;541;541;92;838;0.67;0.73;Disabled;66.38;21.92;Yes;0;0;0;0;0;0
108692;No;541;541;92;838;0.67;0.73;Disabled;66.38;21.92;Yes;0;0;0;0;0;0
108720;No;541;541;92;838;0.66;0.73;Disabled;66.38;21.92;Yes;0;0;0;0;0;0
108751;No;541;541;92;838;0.66;0.73;Disabled;66.38;21.92;Yes;0;0;0;0;0;0
108780;No;541;541;92;836;0.65;0.73;Disabled;66.38;21.92;Yes;0;0;0;0;0;0
108811;No;541;541;92;835;0.63;0.73;Disabled;66.38;21.92;Yes;0;0;0;0;0;0
108841;No;541;541;92;833;0.60;0.73;Disabled;66.38;21.92;Yes;0;0;0;0;0;0
108872;No;541;541;92;832;0.58;0.73;Disabled;66.38;21.92;Yes;0;0;0;0;0;0
108904;No;540;540;92;830;0.56;0.73;Disabled;66.38;21.92;Yes;0;0;0;0;0;0
108956;No;540;540;92;829;0.54;0.73;Disabled;66.38;21.92;Yes;0;0;0;0;0;0
108991;No;540;540;92;827;0.51;0.73;Disabled;66.38;21.92;Yes;0;0;0;0;0;0
109023;No;540;540;92;826;0.49;0.73;Disabled;66.38;21.92;Yes;0;0;0;0;0;0
109050;No;540;540;92;824;0.47;0.73;Disabled;66.38;21.92;Yes;0;0;0;0;0;0
109083;No;540;540;92;823;0.44;0.73;Disabled;66.38;21.92;Yes;0;0;0;0;0;0
109113;No;540;540;92;821;0.42;0.73;Disabled;66.38;21.92;Yes;0;0;0;0;0;0
109140;No;540;540;92;820;0.40;0.73;Disabled;66.38;21.92;Yes;0;0;0;0;0;0
109172;No;540;540;92;818;0.38;0.73;Disabled;66.38;21.92;Yes;0;0;0;0;0;0
109202;No;540;540;92;817;0.35;0.73;Disabled;66.38;21.92;Yes;0;0;0;0;0;0
109257;No;540;540;92;815;0.33;0.73;Disabled;66.38;21.92;Yes;0;0;0;0;0;0
109291;No;540;540;92;814;0.31;0.73;Disabled;66.38;21.92;Yes;0;0;0;0;0;0
109321;No;540;540;92;812;0.28;0.73;Disabled;66.38;21.92;Yes;0;0;0;0;0;0
109352;No;540;540;92;812;0.26;0.73;Disabled;66.38;21.92;Yes;0;0;0;0;0;0
109381;No;540;540;92;812;0.25;0.73;Disabled;66.38;21.92;Yes;0;0;0;0;0;0
109413;No;540;540;92;811;0.24;0.73;Disabled;66.38;21.92;Yes;0;0;0;0;0;0
109444;No;540;540;92;810;0.24;0.73;Disabled;66.38;21.92;Yes;0;0;0;0;0;0
109472;No;540;540;92;810;0.23;0.73;Disabled;66.38;21.92;Yes;0;0;0;0;0;0
109559;No;540;540;92;810;0.22;0.73;Disabled;66.38;21.92;Yes;0;0;0;0;0;0
109592;No;540;540;92;809;0.21;0.73;Disabled;66.38;21.92;Yes;0;0;0;0;0;0
109621;No;540;540;92;809;0.21;0.73;Disabled;66.38;21.92;Yes;0;0;0;0;0;0
109649;No;540;540;92;808;0.20;0.73;Disabled;66.38;21.92;Yes;0;0;0;0;0;0
109679;No;540;540;92;808;0.19;0.73;Disabled;66.38;21.92;Yes;0;0;0;0;0;0
109711;No;540;540;92;808;0.18;0.73;Disabled;66.38;21.92;Yes;0;0;0;0;0;0
109741;No;540;539;92;807;0.17;0.73;Disabled;66.38;21.92;Yes;0;0;0;0;0;0
109772;No;539;539;92;807;0.17;0.73;Disabled;66.38;21.92;Yes;0;0;0;0;0;0
109801;No;539;539;92;806;0.16;0.73;Disabled;66.38;21.92;Yes;0;0;0;0;0;0
109857;No;539;539;92;806;0.15;0.73;Disabled;66.38;21.92;Yes;0;0;0;0;0;0
109894;No;539;539;92;806;0.14;0.73;Disabled;66.38;21.92;Yes;0;0;0;0;0;0
109921;No;539;539;92;805;0.14;0.73;Disabled;66.38;21.92;Yes;0;0;0;0;0;0
109952;No;539;539;92;804;0.13;0.73;Disabled;66.38;21.92;Yes;0;0;0;0;0;0
109984;No;539;539;92;804;0.13;0.73;Disabled;66.38;21.92;Yes;0;0;0;0;0;0
110010;No;539;539;92;803;0.12;0.73;Disabled;66.38;21.92;Yes;0;0;0;0;0;0
110041;No;539;539;92;802;0.12;0.73;Disabled;66.38;21.92;Yes;0;0;0;0;0;0
110072;No;539;539;92;802;0.12;0.73;Disabled;66.38;21.92;Yes;0;0;0;0;0;0
110106;No;539;539;92;801;0.12;0.73;Disabled;66.38;21.92;Yes;0;0;0;0;0;0
110158;No;539;539;92;800;0.12;0.73;Disabled;66.38;21.92;Yes;0;0;0;0;0;0
110191;No;539;539;92;799;0.12;0.73;Disabled;66.38;21.92;Yes;0;0;0;0;0;0
110222;No;539;539;92;798;0.11;0.73;Disabled;66.38;21.92;Yes;0;0;0;0;0;0
110251;No;539;539;92;798;0.11;0.73;Disabled;66.38;21.92;Yes;0;0;0;0;0;0
110281;No;539;539;92;797;0.11;0.73;Disabled;66.38;21.92;Yes;0;0;0;0;0;0
110312;No;539;539;92;796;0.11;0.73;Disabled;66.38;21.92;Yes;0;0;0;0;0;0
110340;No;539;539;92;796;0.11;0.73;Disabled;66.38;21.92;Yes;0;0;0;0;0;0
110372;No;538;538;92;795;0.11;0.72;Disabled;66.38;21.92;Yes;0;0;0;0;0;0
110404;No;538;538;92;794;0.10;0.72;Disabled;66.38;21.92;Yes;0;0;0;0;0;0
110457;No;538;538;92;794;0.10;0.72;Disabled;66.38;21.92;Yes;0;0;0;0;0;0
110491;No;538;538;92;793;0.10;0.72;Disabled;66.38;21.92;Yes;0;0;0;0;0;0
110521;No;538;538;92;792;0.10;0.72;Disabled;66.38;21.92;Yes;0;0;0;0;0;0
110552;No;538;538;92;792;0.10;0.72;Disabled;66.38;21.92;Yes;0;0;0;0;0;0
110581;No;538;538;92;792;0.10;0.72;Disabled;66.38;21.92;Yes;0;0;0;0;0;0
110612;No;538;538;92;792;0.10;0.72;Disabled;66.38;21.92;Yes;0;0;0;0;0;0
110640;No;538;538;92;791;0.10;0.72;Disabled;66.38;21.92;Yes;0;0;0;0;0;0
110670;No;538;538;92;791;0.10;0.72;Disabled;66.38;21.92;Yes;0;0;0;0;0;0
110705;No;538;538;92;790;0.11;0.72;Disabled;66.38;21.92;Yes;0;0;0;0;0;0
110778;No;538;538;92;790;0.11;0.72;Disabled;66.38;21.92;Yes;0;0;0;0;0;0
110818;No;538;538;92;790;0.11;0.72;Disabled;66.38;21.92;Yes;0;0;0;0;0;0
110849;No;538;538;92;790;0.11;0.72;Disabled;66.38;21.92;Yes;0;0;0;0;0;0
110879;No;538;538;92;789;0.11;0.72;Disabled;66.38;21.92;Yes;0;0;0;0;0;0
110909;No;538;538;92;789;0.11;0.72;Disabled;66.38;21.92;Yes;0;0;0;0;0;0
110941;No;538;538;92;789;0.11;0.72;Disabled;66.38;21.92;Yes;0;0;0;0;0;0
110971;No;537;538;92;788;0.11;0.72;Disabled;66.38;21.92;Yes;0;0;0;0;0;0
111005;No;537;537;92;788;0.11;0.72;Disabled;66.38;21.92;Yes;0;0;0;0;0;0
111056;No;537;537;92;788;0.12;0.72;Disabled;66.38;21.92;Yes;0;0;0;0;0;0
111092;No;537;537;92;788;0.12;0.72;Disabled;66.38;21.92;Yes;0;0;0;0;0;0
111121;No;537;537;92;787;0.12;0.72;Disabled;66.38;21.92;Yes;0;0;0;0;0;0
111152;No;537;537;92;786;0.12;0.72;Disabled;66.38;21.92;Yes;0;0;0;0;0;0
111181;No;537;537;92;786;0.12;0.72;Disabled;66.38;21.92;Yes;0;0;0;0;0;0
111211;No;537;537;92;785;0.12;0.72;Disabled;66.38;21.92;Yes;0;0;0;0;0;0
111240;No;537;537;92;784;0.12;0.72;Disabled;66.38;21.92;Yes;0;0;0;0;0;0
111271;No;537;537;92;784;0.12;0.72;Disabled;66.38;21.92;Yes;0;0;0;0;0;0
111300;No;537;537;92;783;0.12;0.72;Disabled;66.38;21.92;Yes;0;0;0;0;0;0
111356;No;537;537;92;782;0.12;0.72;Disabled;66.38;21.92;Yes;0;0;0;0;0;0
111393;No;537;537;92;782;0.12;0.72;Disabled;66.38;21.92;Yes;0;0;0;0;0;0
111419;No;537;537;92;781;0.13;0.72;Disabled;66.38;21.92;Yes;0;0;0;0;0;0
111452;No;536;537;92;780;0.13;0.72;Disabled;66.38;21.92;Yes;0;0;0;0;0;0
111481;No;536;536;92;780;0.13;0.72;Disabled;66.38;21.92;Yes;0;0;0;0;0;0
111512;No;536;536;92;779;0.13;0.72;Disabled;66.38;21.92;Yes;0;0;0;0;0;0
111541;No;536;536;92;779;0.13;0.72;Disabled;66.38;21.92;Yes;0;0;0;0;0;0
111571;No;536;536;92;778;0.13;0.72;Disabled;66.38;21.92;Yes;0;0;0;0;0;0
111602;No;536;536;92;778;0.13;0.72;Disabled;66.38;21.92;Yes;0;0;0;0;0;0
111656;No;536;536;92;777;0.13;0.72;Disabled;66.38;21.92;Yes;0;0;0;0;0;0
111691;No;536;536;92;790;0.13;0.72;Disabled;66.38;21.92;Yes;0;0;0;0;0;0
111722;No;536;536;92;802;0.13;0.72;Disabled;66.38;21.92;Yes;0;0;0;0;0;0
111751;No;536;536;92;815;0.13;0.72;Disabled;66.38;21.92;Yes;0;0;0;0;0;0
111783;No;536;536;92;828;0.14;0.72;Disabled;66.38;21.92;Yes;0;0;0;0;0;0
111810;No;536;536;92;840;0.14;0.72;Disabled;66.38;21.92;Yes;0;0;0;0;0;0
111842;No;536;536;92;853;0.14;0.72;Disabled;66.38;21.92;Yes;0;0;0;0;0;0
111870;No;536;536;92;866;0.14;0.72;Disabled;66.38;21.92;Yes;0;0;0;0;0;0
111901;No;536;536;92;878;0.14;0.72;Disabled;66.38;21.92;Yes;0;0;0;0;0;0
111958;No;536;536;92;891;0.14;0.72;Disabled;66.38;21.92;Yes;0;0;0;0;0;0
111991;No;536;536;92;904;0.14;0.72;Disabled;66.38;21.92;Yes;0;0;0;0;0;0
112021;No;536;536;92;917;0.14;0.72;Disabled;66.38;21.92;Yes;0;0;0;0;0;0
112058;No;536;536;92;930;0.14;0.72;Disabled;66.38;21.92;Yes;0;0;0;0;0;0
112081;No;536;536;92;942;0.14;0.72;Disabled;66.38;21.92;Yes;0;0;0;0;0;0
112111;No;536;536;92;955;0.14;0.72;Disabled;66.38;21.92;Yes;0;0;0;0;0;0
112142;No;536;535;92;968;0.14;0.72;Disabled;66.38;21.92;Yes;0;0;0;0;0;0
112171;No;536;535;92;980;0.15;0.72;Disabled;66.38;21.92;Yes;0;0;0;0;0;0
112203;No;535;535;92;993;0.15;0.72;Disabled;66.38;21.92;Yes;0;0;0;0;0;0
112257;No;535;535;92;1022;0.15;0.72;Disabled;66.38;21.92;Yes;0;0;0;0;0;0
112290;No;535;535;92;1051;0.18;0.72;Disabled;66.38;21.92;Yes;0;0;0;0;0;0
112320;No;535;535;92;1080;0.22;0.72;Disabled;66.38;21.92;Yes;0;0;0;0;0;0
112350;No;535;535;92;1110;0.25;0.72;Disabled;66.38;21.92;Yes;0;0;0;0;0;0
112381;No;535;535;92;1138;0.29;0.72;Disabled;66.38;21.92;Yes;0;0;0;0;0;0
112412;No;535;535;92;1168;0.33;0.73;Disabled;66.38;21.92;Yes;0;0;0;0;0;0
112441;No;535;535;92;1197;0.36;0.73;Disabled;66.38;21.92;Yes;0;0;0;0;0;0
112472;No;535;535;92;1226;0.40;0.73;Disabled;66.38;21.92;Yes;0;0;0;0;0;0
112504;No;535;535;92;1255;0.43;0.73;Disabled;66.38;21.92;Yes;0;0;0;0;0;0
112560;No;535;535;92;1284;0.47;0.73;Disabled;66.38;21.92;Yes;0;0;0;0;0;0
112591;No;535;535;92;1313;0.51;0.73;Disabled;66.38;21.92;Yes;0;0;0;0;0;0
112622;No;535;535;92;1342;0.54;0.74;Disabled;66.38;21.92;Yes;0;0;0;0;0;0
112651;No;535;535;92;1372;0.58;0.74;Disabled;66.38;21.92;Yes;0;0;0;0;0;0
112684;No;535;535;92;1401;0.61;0.74;Disabled;66.38;21.92;Yes;0;0;0;0;0;0
112713;No;535;535;92;1430;0.65;0.74;Disabled;66.38;21.92;Yes;0;0;0;0;0;0
112741;No;535;535;92;1459;0.69;0.74;Disabled;66.38;21.92;Yes;0;0;0;0;0;0
112772;No;535;535;92;1488;0.72;0.74;Disabled;66.38;21.92;Yes;0;0;0;0;0;0
112804;No;535;535;92;1493;0.76;0.75;Disabled;66.38;21.92;Yes;0;0;0;0;0;0
112857;No;535;535;92;1498;0.76;0.75;Disabled;66.38;21.92;Yes;0;0;0;0;0;0
112890;No;535;535;92;1502;0.76;0.75;Enabled;66.38;21.92;Yes;0;0;0;0;0;0
112921;No;535;535;92;1507;0.76;0.75;Enabled;66.38;21.92;Yes;0;0;0;0;0;0
112951;No;535;535;92;1512;0.77;0.75;Enabled;66.38;21.92;Yes;0;0;0;0;0;0
112982;No;535;535;92;1517;0.77;0.74;Enabled;66.38;21.92;Yes;0;0;0;0;0;0
113011;No;535;535;92;1522;0.77;0.74;Enabled;66.38;21.92;Yes;0;0;0;0;0;0
113042;No;535;535;92;1526;0.77;0.74;Enabled;66.38;21.92;Yes;0;0;0;0;0;0
113073;No;535;535;92;1531;0.77;0.74;Enabled;66.38;21.92;Yes;0;0;0;0;0;0
113101;No;535;535;92;1536;0.78;0.74;Enabled;66.38;21.92;Yes;0;0;0;0;0;0
113157;No;535;535;92;1541;0.78;0.74;Enabled;66.38;21.92;Yes;0;0;0;0;0;0
113190;No;535;535;92;1546;0.78;0.74;Enabled;66.38;21.92;Yes;0;0;0;0;0;0
113221;No;535;535;92;1550;0.78;0.74;Enabled;66.38;21.92;Yes;0;0;0;0;0;0
113251;No;535;535;92;1555;0.78;0.74;Enabled;66.38;21.92;Yes;0;0;0;0;0;0
113281;No;535;535;92;1560;0.79;0.74;Enabled;66.38;21.92;Yes;0;0;0;0;0;0
113311;No;535;535;92;1565;0.79;0.74;Enabled;66.38;21.92;Yes;0;0;0;0;0;0
113369;No;535;535;92;1570;0.79;0.74;Enabled;66.38;21.92;Yes;0;0;0;0;0;0
113401;No;535;535;92;1562;0.79;0.73;Enabled;66.38;21.92;Yes;0;0;0;0;0;0
113456;No;535;535;92;1555;0.79;0.73;Enabled;66.38;21.92;Yes;0;0;0;0;0;0
113490;No;535;535;92;1548;0.80;0.73;Enabled;66.38;21.92;Yes;0;0;0;0;0;0
113520;No;535;535;92;1541;0.80;0.74;Enabled;66.38;21.92;Yes;0;0;0;0;0;0
113550;No;535;535;92;1534;0.80;0.74;Enabled;66.38;21.92;Yes;0;0;0;0;0;0
113579;No;535;535;92;1526;0.80;0.74;Enabled;66.38;21.92;Yes;0;0;0;0;0;0
113610;No;535;535;92;1520;0.81;0.74;Enabled;66.38;21.92;Yes;0;0;0;0;0;0
113642;No;535;535;92;1512;0.81;0.74;Enabled;66.38;21.92;Yes;0;0;0;0;0;0
113669;No;535;535;92;1505;0.81;0.74;Enabled;66.38;21.92;Yes;0;0;0;0;0;0
113704;No;535;535;92;1498;0.82;0.75;Enabled;66.38;21.92;Yes;0;0;0;0;0;0
113757;No;535;535;92;1491;0.82;0.75;Enabled;66.38;21.92;Yes;0;0;0;0;0;0
113791;No;535;535;92;1484;0.82;0.75;Enabled;66.38;21.92;Yes;0;0;0;0;0;0
113820;No;535;535;92;1476;0.82;0.75;Enabled;66.38;21.92;Yes;0;0;0;0;0;0
113851;No;535;535;92;1469;0.83;0.75;Enabled;66.38;21.92;Yes;0;0;0;0;0;0
113881;No;535;535;92;1462;0.83;0.75;Enabled;66.38;21.92;Yes;0;0;0;0;0;0
113912;No;535;535;92;1455;0.83;0.75;Enabled;66.38;21.92;Yes;0;0;0;0;0;0
113940;No;535;535;92;1448;0.83;0.75;Enabled;66.38;21.92;Yes;0;0;0;0;0;0
113970;No;535;535;92;1444;0.84;0.76;Enabled;66.38;21.92;Yes;0;0;0;0;0;0
114001;No;535;535;92;1441;0.83;0.76;Enabled;66.38;21.92;Yes;0;0;0;0;0;0
114057;No;535;535;92;1438;0.83;0.76;Disabled;66.38;21.92;Yes;0;0;0;0;0;0
114091;No;535;535;92;1435;0.83;0.76;Disabled;66.38;21.92;Yes;0;0;0;0;0;0
114119;No;535;535;92;1432;0.83;0.76;Disabled;66.38;21.92;Yes;0;0;0;0;0;0
114150;No;535;535;92;1429;0.83;0.76;Disabled;66.38;21.92;Yes;0;0;0;0;0;0
114180;No;535;535;92;1426;0.83;0.76;Disabled;66.38;21.92;Yes;0;0;0;0;0;0
114211;No;535;535;92;1422;0.83;0.76;Disabled;66.38;21.92;Yes;0;0;0;0;0;0
114241;No;535;535;92;1419;0.83;0.76;Disabled;66.38;21.92;Yes;0;0;0;0;0;0
114272;No;535;535;92;1416;0.83;0.76;Disabled;66.38;21.92;Yes;0;0;0;0;0;0
114301;No;535;535;92;1413;0.83;0.75;Disabled;66.38;21.92;Yes;0;0;0;0;0;0
114357;No;535;535;92;1410;0.83;0.75;Disabled;66.38;21.92;Yes;0;0;0;0;0;0
114391;No;535;535;92;1407;0.83;0.75;Disabled;66.38;21.92;Yes;0;0;0;0;0;0
114419;No;535;535;92;1404;0.83;0.75;Disabled;66.38;21.92;Yes;0;0;0;0;0;0
114450;No;535;535;92;1400;0.82;0.75;Disabled;66.38;21.92;Yes;0;0;0;0;0;0
114481;No;535;535;92;1398;0.82;0.75;Disabled;66.38;21.92;Yes;0;0;0;0;0;0
114509;No;535;535;92;1394;0.82;0.75;Disabled;66.38;21.92;Yes;0;0;0;0;0;0
114541;No;535;535;92;1390;0.82;0.75;Disabled;66.38;21.92;Yes;0;0;0;0;0;0
114571;No;535;535;92;1386;0.82;0.75;Disabled;66.38;21.92;Yes;0;0;0;0;0;0
114617;No;535;535;92;1381;0.82;0.75;Disabled;66.38;21.92;Yes;0;0;0;0;0;0
114691;No;535;535;92;1377;0.82;0.75;Disabled;66.38;21.92;Yes;0;0;0;0;0;0
114723;No;535;535;92;1372;0.82;0.75;Disabled;66.38;21.92;Yes;0;0;0;0;0;0
114750;No;535;535;92;1368;0.82;0.75;Disabled;66.38;21.92;Yes;0;0;0;0;0;0
114781;No;535;535;92;1364;0.82;0.75;Disabled;66.38;21.92;Yes;0;0;0;0;0;0
114811;No;535;535;92;1359;0.82;0.75;Disabled;66.38;21.92;Yes;0;0;0;0;0;0
114842;No;535;535;92;1355;0.82;0.75;Disabled;66.38;21.92;Yes;0;0;0;0;0;0
114871;No;535;535;92;1350;0.82;0.75;Disabled;66.38;21.92;Yes;0;0;0;0;0;0
114902;No;535;535;92;1346;0.82;0.75;Disabled;66.38;21.92;Yes;0;0;0;0;0;0
114956;No;535;535;92;1342;0.82;0.75;Disabled;66.38;21.92;Yes;0;0;0;0;0;0
114991;No;535;535;92;1337;0.81;0.75;Disabled;66.38;21.92;Yes;0;0;0;0;0;0
115021;No;535;535;92;1333;0.81;0.75;Disabled;66.38;21.92;Yes;0;0;0;0;0;0
115051;No;535;535;92;1328;0.81;0.75;Disabled;66.38;21.92;Yes;0;0;0;0;0;0
115082;No;535;535;92;1324;0.81;0.75;Disabled;66.38;21.92;Yes;0;0;0;0;0;0
115110;No;535;535;92;1320;0.81;0.75;Disabled;66.38;21.92;Yes;0;0;0;0;0;0
115143;No;535;534;92;1319;0.81;0.75;Disabled;66.38;21.92;Yes;0;0;0;0;0;0
115171;No;535;534;92;1318;0.81;0.75;Disabled;66.38;21.92;Yes;0;0;0;0;0;0
115204;No;534;534;92;1318;0.81;0.75;Disabled;66.38;21.92;Yes;0;0;0;0;0;0
115257;No;534;534;92;1317;0.81;0.75;Disabled;66.38;21.92;Yes;0;0;0;0;0;0
115292;No;534;534;92;1317;0.81;0.75;Disabled;66.38;21.92;Yes;0;0;0;0;0;0
115322;No;534;534;92;1316;0.81;0.75;Disabled;66.38;21.92;Yes;0;0;0;0;0;0
115351;No;534;534;92;1316;0.81;0.75;Disabled;66.38;21.92;Yes;0;0;0;0;0;0
115380;No;534;534;92;1315;0.81;0.75;Disabled;66.38;21.92;Yes;0;0;0;0;0;0
115411;No;534;534;92;1314;0.80;0.75;Disabled;66.38;21.92;Yes;0;0;0;0;0;0
115443;No;534;534;92;1314;0.80;0.75;Disabled;66.38;21.92;Yes;0;0;0;0;0;0
115472;No;534;534;92;1314;0.80;0.75;Disabled;66.38;21.92;Yes;0;0;0;0;0;0
115509;No;534;534;92;1313;0.80;0.75;Disabled;66.38;21.92;Yes;0;0;0;0;0;0
115556;No;534;534;92;1312;0.80;0.75;Disabled;66.38;21.92;Yes;0;0;0;0;0;0
115592;No;534;534;92;1312;0.80;0.74;Disabled;66.38;21.92;Yes;0;0;0;0;0;0
115619;No;534;534;92;1311;0.80;0.74;Disabled;66.38;21.92;Yes;0;0;0;0;0;0
115652;No;534;534;92;1311;0.80;0.74;Disabled;66.38;21.92;Yes;0;0;0;0;0;0
115682;No;534;534;92;1310;0.80;0.74;Disabled;66.38;21.92;Yes;0;0;0;0;0;0
115709;No;534;534;92;1312;0.80;0.74;Disabled;66.38;21.92;Yes;0;0;0;0;0;0
115739;No;534;534;92;1314;0.80;0.74;Disabled;66.38;21.92;Yes;0;0;0;0;0;0
115771;No;534;534;92;1315;0.80;0.74;Disabled;66.38;21.92;Yes;0;0;0;0;0;0
115803;No;534;534;92;1317;0.79;0.74;Disabled;66.38;21.92;Yes;0;0;0;0;0;0
115856;No;534;534;92;1318;0.79;0.74;Disabled;66.38;21.92;Yes;0;0;0;0;0;0
115897;No;534;534;92;1320;0.79;0.74;Disabled;66.38;21.92;Yes;0;0;0;0;0;0
115918;No;534;534;92;1322;0.79;0.74;Disabled;66.38;21.92;Yes;0;0;0;0;0;0
115953;No;534;534;92;1324;0.79;0.74;Disabled;66.38;21.92;Yes;0;0;0;0;0;0
115979;No;534;534;92;1325;0.79;0.74;Disabled;66.38;21.92;Yes;0;0;0;0;0;0
116009;No;534;534;92;1327;0.79;0.74;Disabled;66.38;21.92;Yes;0;0;0;0;0;0
116042;No;534;534;92;1328;0.79;0.74;Disabled;66.38;21.92;Yes;0;0;0;0;0;0
116069;No;534;534;92;1330;0.79;0.74;Disabled;66.38;21.92;Yes;0;0;0;0;0;0
116104;No;534;534;92;1332;0.79;0.74;Disabled;66.38;21.92;Yes;0;0;0;0;0;0
116157;No;534;534;92;1334;0.79;0.74;Disabled;66.38;21.92;Yes;0;0;0;0;0;0
116191;No;534;534;92;1335;0.79;0.74;Disabled;66.38;21.92;Yes;0;0;0;0;0;0
116219;No;534;534;92;1337;0.79;0.74;Disabled;66.38;21.92;Yes;0;0;0;0;0;0
116252;No;534;534;92;1338;0.79;0.74;Disabled;66.38;21.92;Yes;0;0;0;0;0;0
116281;No;534;534;92;1353;0.79;0.74;Disabled;66.38;21.92;Yes;0;0;0;0;0;0
116312;No;534;534;92;1368;0.79;0.74;Disabled;66.38;21.92;Yes;0;0;0;0;0;0
116342;No;534;534;92;1383;0.79;0.74;Disabled;66.38;21.92;Yes;0;0;0;0;0;0
116371;No;534;534;92;1398;0.78;0.74;Disabled;66.38;21.92;Yes;0;0;0;0;0;0
116403;No;534;534;92;1413;0.78;0.74;Disabled;66.38;21.92;Yes;0;0;0;0;0;0
116457;No;534;534;92;1428;0.78;0.73;Disabled;66.38;21.92;Yes;0;0;0;0;0;0
116489;No;534;534;92;1442;0.78;0.73;Disabled;66.38;21.92;Yes;0;0;0;0;0;0
116521;No;534;534;92;1457;0.78;0.73;Disabled;66.38;21.92;Yes;0;0;0;0;0;0
116552;No;534;534;92;1472;0.78;0.73;Disabled;66.38;21.92;Yes;0;0;0;0;0;0
116581;No;534;534;92;1487;0.78;0.73;Disabled;66.38;21.92;Yes;0;0;0;0;0;0
116611;No;534;534;92;1502;0.78;0.73;Disabled;66.38;21.92;Yes;0;0;0;0;0;0
116642;No;534;534;92;1517;0.78;0.73;Disabled;66.38;21.92;Yes;0;0;0;0;0;0
116668;No;534;534;92;1532;0.78;0.73;Disabled;66.38;21.92;Yes;0;0;0;0;0;0
116702;No;534;534;92;1546;0.78;0.73;Disabled;66.38;21.92;Yes;0;0;0;0;0;0
116758;No;534;534;92;1561;0.78;0.73;Disabled;66.38;21.92;Yes;0;0;0;0;0;0
116789;No;534;534;92;1576;0.77;0.73;Disabled;66.38;21.92;Yes;0;0;0;0;0;0
116819;No;534;534;92;1591;0.77;0.73;Disabled;66.38;21.92;Yes;0;0;0;0;0;0
116852;No;534;534;92;1592;0.77;0.72;Disabled;66.38;21.92;Yes;0;0;0;0;0;0
116879;No;534;534;92;1592;0.77;0.72;Disabled;66.38;21.92;Yes;0;0;0;0;0;0
116910;No;534;534;92;1593;0.77;0.72;Enabled;66.38;21.92;Yes;0;0;0;0;0;0
116941;No;534;534;92;1594;0.77;0.72;Enabled;66.38;21.92;Yes;0;0;0;0;0;0
116970;No;534;534;92;1594;0.77;0.72;Enabled;66.38;21.92;Yes;0;0;0;0;0;0
117001;No;534;534;92;1595;0.77;0.72;Enabled;66.38;21.92;Yes;0;0;0;0;0;0
117057;No;534;534;92;1596;0.77;0.72;Enabled;66.38;21.92;Yes;0;0;0;0;0;0
117091;No;534;534;92;1596;0.77;0.72;Enabled;66.38;21.92;Yes;0;0;0;0;0;0
117122;No;534;534;92;1597;0.77;0.72;Enabled;66.38;21.92;Yes;0;0;0;0;0;0
117151;No;534;534;92;1598;0.77;0.72;Enabled;66.38;21.92;Yes;0;0;0;0;0;0
117209;No;534;534;92;1598;0.77;0.72;Enabled;66.38;21.92;Yes;0;0;0;0;0;0
117241;No;534;534;92;1599;0.77;0.72;Enabled;66.38;21.92;Yes;0;0;0;0;0;0
117271;No;534;534;92;1600;0.77;0.72;Enabled;66.38;21.92;Yes;0;0;0;0;0;0
117302;No;534;534;92;1600;0.76;0.72;Enabled;66.38;21.92;Yes;0;0;0;0;0;0
117331;No;534;534;92;1601;0.76;0.72;Enabled;66.38;21.92;Yes;0;0;0;0;0;0
117363;No;534;534;92;1601;0.76;0.72;Enabled;66.38;21.92;Yes;0;0;0;0;0;0
117392;No;534;534;92;1602;0.76;0.72;Enabled;66.38;21.92;Yes;0;0;0;0;0;0
117419;No;534;534;92;1578;0.76;0.72;Enabled;66.38;21.92;Yes;0;0;0;0;0;0
117452;No;534;534;92;1554;0.76;0.72;Enabled;66.38;21.92;Yes;0;0;0;0;0;0
117482;No;534;534;92;1530;0.76;0.72;Enabled;66.38;21.92;Yes;0;0;0;0;0;0
117509;No;534;534;92;1507;0.76;0.72;Enabled;66.38;21.92;Yes;0;0;0;0;0;0
117541;No;534;534;92;1483;0.76;0.72;Enabled;66.38;21.92;Yes;0;0;0;0;0;0
117572;No;534;534;92;1459;0.76;0.72;Enabled;66.38;21.92;Yes;0;0;0;0;0;0
117606;No;534;534;92;1436;0.76;0.72;Enabled;66.38;21.92;Yes;0;0;0;0;0;0
117652;No;534;534;92;1412;0.76;0.72;Enabled;66.38;21.92;Yes;0;0;0;0;0;0
117690;No;534;534;92;1388;0.76;0.72;Enabled;66.38;21.92;Yes;0;0;0;0;0;0
117721;No;534;534;92;1364;0.76;0.72;Enabled;66.38;21.92;Yes;0;0;0;0;0;0
117750;No;534;534;92;1340;0.76;0.72;Enabled;66.38;21.92;Yes;0;0;0;0;0;0
117783;No;534;534;92;1316;0.76;0.72;Enabled;66.38;21.92;Yes;0;0;0;0;0;0
117810;No;534;534;92;1293;0.76;0.72;Enabled;66.38;21.92;Yes;0;0;0;0;0;0
117842;No;534;534;92;1269;0.76;0.73;Enabled;66.38;21.92;Yes;0;0;0;0;0;0
117871;No;534;534;92;1245;0.76;0.73;Enabled;66.38;21.92;Yes;0;0;0;0;0;0
117904;No;534;534;92;1221;0.76;0.73;Enabled;66.38;21.92;Yes;0;0;0;0;0;0
117953;No;534;534;92;1198;0.76;0.73;Enabled;66.38;21.92;Yes;0;0;0;0;0;0
117989;No;534;534;92;1193;0.76;0.73;Enabled;66.38;21.92;Yes;0;0;0;0;0;0
118019;No;534;534;92;1189;0.76;0.73;Enabled;66.38;21.92;Yes;0;0;0;0;0;0
118050;No;535;535;92;1184;0.76;0.73;Enabled;66.38;21.92;Yes;0;0;0;0;0;0
118079;No;535;535;92;1180;0.76;0.73;Enabled;66.38;21.92;Yes;0;0;0;0;0;0
118111;No;535;535;92;1176;0.76;0.73;Enabled;66.38;21.92;Yes;0;0;0;0;0;0
118139;No;535;535;92;1172;0.75;0.73;Enabled;66.38;21.92;Yes;0;0;0;0;0;0
118172;No;535;535;92;1167;0.75;0.73;Enabled;66.38;21.92;Yes;0;0;0;0;0;0
118203;No;535;535;92;1163;0.75;0.73;Enabled;66.38;21.92;Yes;0;0;0;0;0;0
118252;No;535;535;92;1158;0.75;0.73;Enabled;66.38;21.92;Yes;0;0;0;0;0;0
118290;No;535;535;92;1154;0.75;0.73;Enabled;66.38;21.92;Yes;0;0;0;0;0;0
118321;No;535;535;92;1150;0.75;0.73;Enabled;66.38;21.92;Yes;0;0;0;0;0;0
118349;No;535;535;92;1145;0.75;0.73;Enabled;66.38;21.92;Yes;0;0;0;0;0;0
118381;No;535;535;92;1141;0.75;0.73;Enabled;66.38;21.92;Yes;0;0;0;0;0;0
118413;No;535;535;92;1136;0.75;0.72;Enabled;66.38;21.92;Yes;0;0;0;0;0;0
118457;No;535;535;92;1132;0.75;0.72;Enabled;66.38;21.92;Yes;0;0;0;0;0;0
118469;No;535;535;92;1128;0.75;0.72;Enabled;66.38;21.92;Yes;0;0;0;0;0;0
118504;No;535;535;92;1124;0.75;0.72;Enabled;66.38;21.92;Yes;0;0;0;0;0;0
118553;No;535;535;92;1115;0.75;0.72;Enabled;66.38;21.92;Yes;0;0;0;0;0;0
118591;No;535;535;92;1107;0.75;0.72;Enabled;66.38;21.92;Yes;0;0;0;0;0;0
118621;No;535;535;92;1098;0.75;0.72;Disabled;66.38;21.92;Yes;0;0;0;0;0;0
118649;No;535;535;92;1090;0.75;0.72;Disabled;66.38;21.92;Yes;0;0;0;0;0;0
118681;No;535;535;92;1082;0.75;0.72;Disabled;66.38;21.92;Yes;0;0;0;0;0;0
118710;No;535;535;92;1073;0.75;0.72;Disabled;66.38;21.92;Yes;0;0;0;0;0;0
118741;No;535;535;92;1065;0.75;0.72;Disabled;66.38;21.92;Yes;0;0;0;0;0;0
118770;No;535;535;92;1056;0.75;0.72;Disabled;66.38;21.92;Yes;0;0;0;0;0;0
118806;No;535;535;92;1048;0.75;0.72;Disabled;66.38;21.92;Yes;0;0;0;0;0;0
118853;No;535;535;92;1040;0.75;0.72;Disabled;66.38;21.92;Yes;0;0;0;0;0;0
118891;No;535;535;92;1031;0.75;0.72;Disabled;66.38;21.92;Yes;0;0;0;0;0;0
118922;No;535;535;92;1023;0.75;0.72;Disabled;66.38;21.92;Yes;0;0;0;0;0;0
118949;No;535;535;92;1014;0.75;0.72;Disabled;66.38;21.92;Yes;0;0;0;0;0;0
118979;No;535;535;92;1006;0.75;0.72;Disabled;66.38;21.92;Yes;0;0;0;0;0;0
119009;No;535;535;92;998;0.75;0.72;Disabled;66.38;21.92;Yes;0;0;0;0;0;0
119038;No;535;535;92;989;0.75;0.72;Disabled;66.38;21.92;Yes;0;0;0;0;0;0
119073;No;535;535;92;981;0.75;0.72;Disabled;66.38;21.92;Yes;0;0;0;0;0;0
119103;No;535;535;92;987;0.75;0.72;Disabled;66.38;21.92;Yes;0;0;0;0;0;0
119153;No;535;535;92;993;0.75;0.72;Disabled;66.38;21.92;Yes;0;0;0;0;0;0
119191;No;535;535;92;999;0.75;0.72;Disabled;66.38;21.92;Yes;0;0;0;0;0;0
119219;No;535;535;92;1005;0.75;0.72;Disabled;66.38;21.92;Yes;0;0;0;0;0;0
119249;No;535;535;92;1011;0.75;0.72;Disabled;66.38;21.92;Yes;0;0;0;0;0;0
119282;No;535;535;92;1017;0.75;0.72;Disabled;66.38;21.92;Yes;0;0;0;0;0;0
119312;No;535;535;92;1023;0.74;0.72;Disabled;66.38;21.92;Yes;0;0;0;0;0;0
119342;No;535;535;92;1029;0.74;0.72;Disabled;66.38;21.92;Yes;0;0;0;0;0;0
119370;No;535;535;92;1035;0.74;0.72;Disabled;66.38;21.92;Yes;0;0;0;0;0;0
119406;No;535;535;92;1041;0.74;0.72;Disabled;66.38;21.92;Yes;0;0;0;0;0;0
119453;No;535;535;92;1047;0.74;0.72;Disabled;66.38;21.92;Yes;0;0;0;0;0;0
119491;No;535;535;92;1053;0.74;0.72;Disabled;66.38;21.92;Yes;0;0;0;0;0;0
119519;No;535;535;92;1059;0.74;0.72;Disabled;66.38;21.92;Yes;0;0;0;0;0;0
119552;No;535;535;92;1065;0.74;0.72;Disabled;66.38;21.92;Yes;0;0;0;0;0;0
119583;No;535;535;92;1071;0.74;0.72;Disabled;66.38;21.92;Yes;0;0;0;0;0;0
119611;No;535;535;92;1077;0.74;0.72;Disabled;66.38;21.92;Yes;0;0;0;0;0;0
119642;No;535;535;92;1083;0.74;0.72;Disabled;66.38;21.92;Yes;0;0;0;0;0;0
119672;No;535;535;92;1098;0.74;0.72;Disabled;66.38;21.92;Yes;0;0;0;0;0;0
119706;No;535;535;92;1113;0.74;0.72;Disabled;66.38;21.92;Yes;0;0;0;0;0;0
119773;No;535;535;92;1128;0.74;0.72;Disabled;66.38;21.92;Yes;0;0;0;0;0;0
119789;No;535;535;92;1142;0.74;0.73;Disabled;66.38;21.92;Yes;0;0;0;0;0;0
119821;No;535;535;92;1158;0.74;0.73;Disabled;66.38;21.92;Yes;0;0;0;0;0;0
119851;No;535;535;92;1172;0.74;0.73;Disabled;66.38;21.92;Yes;0;0;0;0;0;0
119883;No;535;535;92;1187;0.74;0.73;Disabled;66.38;21.92;Yes;0;0;0;0;0;0
119909;No;535;535;92;1202;0.74;0.73;Disabled;66.38;21.92;Yes;0;0;0;0;0;0
119939;No;535;535;92;1217;0.74;0.73;Disabled;66.38;21.92;Yes;0;0;0;0;0;0
119972;No;535;535;92;1232;0.74;0.73;Disabled;66.38;21.92;Yes;0;0;0;0;0;0
120003;No;535;535;92;1246;0.74;0.73;Disabled;66.38;21.92;Yes;0;0;0;0;0;0
120053;No;535;535;92;1261;0.74;0.74;Disabled;66.38;21.92;Yes;0;0;0;0;0;0
120090;No;535;535;92;1276;0.73;0.74;Disabled;66.38;21.92;Yes;0;0;0;0;0;0
120123;No;535;535;92;1291;0.73;0.74;Disabled;66.38;21.92;Yes;0;0;0;0;0;0
120151;No;535;535;92;1306;0.73;0.74;Disabled;66.38;21.92;Yes;0;0;0;0;0;0
120179;No;535;535;92;1321;0.73;0.74;Disabled;66.38;21.92;Yes;0;0;0;0;0;0
120211;No;535;535;92;1336;0.73;0.74;Disabled;66.38;21.92;Yes;0;0;0;0;0;0
120241;No;535;535;92;1342;0.73;0.74;Disabled;66.38;21.92;Yes;0;0;0;0;0;0
120271;No;535;535;92;1348;0.72;0.74;Disabled;66.38;21.92;Yes;0;0;0;0;0;0
120307;No;535;535;92;1355;0.70;0.73;Enabled;66.38;21.92;Yes;0;0;0;0;0;0
120358;No;535;535;92;1361;0.69;0.71;Enabled;66.38;21.92;Yes;0;0;0;0;0;0
120392;No;535;535;92;1368;0.67;0.70;Enabled;66.38;21.92;Yes;0;0;0;0;0;0
120418;No;535;535;92;1374;0.65;0.69;Enabled;66.38;21.92;Yes;0;0;0;0;0;0
120452;No;535;535;92;1380;0.64;0.67;Enabled;66.38;21.92;Yes;0;0;0;0;0;0
120482;No;535;535;92;1387;0.62;0.66;Enabled;66.38;21.92;Yes;0;0;0;0;0;0
120511;No;535;535;92;1393;0.61;0.64;Enabled;66.38;21.92;Yes;0;0;0;0;0;0
120542;No;535;535;92;1400;0.59;0.63;Enabled;66.38;21.92;Yes;0;0;0;0;0;0
120572;No;535;535;92;1406;0.58;0.62;Enabled;66.38;21.92;Yes;0;0;0;0;0;0
120603;No;535;535;92;1412;0.56;0.60;Enabled;66.38;21.92;Yes;0;0;0;0;0;0
120656;No;535;535;92;1419;0.54;0.59;Enabled;66.38;21.92;Yes;0;0;0;0;0;0
120691;No;535;535;92;1425;0.53;0.57;Enabled;66.38;21.92;Yes;0;0;0;0;0;0
120719;No;535;535;92;1432;0.51;0.56;Enabled;66.38;21.92;Yes;0;0;0;0;0;0
120749;No;535;535;92;1438;0.50;0.55;Enabled;66.38;21.92;Yes;0;0;0;0;0;0
120780;No;536;535;92;1444;0.48;0.53;Enabled;66.38;21.92;Yes;0;0;0;0;0;0
120813;No;536;536;92;1439;0.46;0.52;Enabled;66.38;21.92;Yes;0;0;0;0;0;0
120839;No;536;536;92;1434;0.45;0.50;Enabled;66.38;21.92;Yes;0;0;0;0;0;0
120871;No;536;536;92;1428;0.43;0.49;Enabled;66.38;21.92;Yes;0;0;0;0;0;0
120903;No;536;536;92;1422;0.41;0.48;Enabled;66.38;21.92;Yes;0;0;0;0;0;0
120954;No;536;536;92;1417;0.39;0.46;Enabled;66.38;21.92;Yes;0;0;0;0;0;0
120992;No;536;536;92;1411;0.37;0.45;Enabled;66.38;21.92;Yes;0;0;0;0;0;0
121051;No;536;536;92;1406;0.35;0.43;Enabled;66.38;21.92;Yes;0;0;0;0;0;0
121082;No;536;536;92;1400;0.33;0.42;Enabled;66.38;21.92;Yes;0;0;0;0;0;0
121112;No;536;536;92;1394;0.31;0.41;Enabled;66.38;21.92;Yes;0;0;0;0;0;0
121142;No;536;536;92;1389;0.29;0.39;Enabled;66.38;21.92;Yes;0;0;0;0;0;0
121169;No;536;536;92;1383;0.27;0.38;Enabled;66.38;21.92;Yes;0;0;0;0;0;0
121203;No;536;536;92;1378;0.25;0.36;Enabled;66.38;21.92;Yes;0;0;0;0;0;0
121255;No;536;536;92;1372;0.23;0.35;Enabled;66.38;21.92;Yes;0;0;0;0;0;0
121291;No;536;536;92;1367;0.21;0.33;Enabled;66.38;21.92;Yes;0;0;0;0;0;0
121322;No;536;536;92;1361;0.19;0.32;Enabled;66.38;21.92;Yes;0;0;0;0;0;0
121351;No;536;536;92;1356;0.17;0.31;Enabled;66.38;21.92;Yes;0;0;0;0;0;0
121380;No;536;536;92;1350;0.15;0.29;Enabled;66.38;21.92;Yes;0;0;0;0;0;0
121412;No;536;536;92;1344;0.13;0.28;Enabled;66.38;21.92;Yes;0;0;0;0;0;0
121441;No;536;536;92;1339;0.13;0.26;Enabled;66.38;21.92;Yes;0;0;0;0;0;0
121472;No;536;536;92;1333;0.13;0.29;Enabled;66.38;21.92;Yes;0;0;0;0;0;0
121506;No;536;536;92;1328;0.13;0.31;Enabled;66.38;21.92;Yes;0;0;0;0;0;0
121556;No;536;536;92;1322;0.12;0.33;Enabled;66.38;21.92;Yes;0;0;0;0;0;0
121589;No;536;536;92;1316;0.12;0.36;Enabled;66.38;21.92;Yes;0;0;0;0;0;0
121619;No;536;536;92;1310;0.12;0.38;Enabled;66.38;21.92;Yes;0;0;0;0;0;0
121651;No;536;536;92;1305;0.12;0.40;Enabled;66.38;21.92;Yes;0;0;0;0;0;0
121683;No;536;536;92;1299;0.11;0.43;Enabled;66.38;21.92;Yes;0;0;0;0;0;0
121712;No;536;536;92;1294;0.11;0.45;Enabled;66.38;21.92;Yes;0;0;0;0;0;0
121742;No;536;536;92;1288;0.11;0.47;Enabled;66.38;21.92;Yes;0;0;0;0;0;0
121771;No;536;536;92;1282;0.11;0.49;Enabled;66.38;21.92;Yes;0;0;0;0;0;0
121806;No;536;536;92;1277;0.11;0.52;Enabled;66.38;21.92;Yes;0;0;0;0;0;0
121856;No;536;536;92;1271;0.10;0.54;Enabled;66.38;21.92;Yes;0;0;0;0;0;0
121894;No;537;536;92;1266;0.10;0.56;Enabled;66.38;21.92;Yes;0;0;0;0;0;0
121922;No;537;537;92;1260;0.10;0.59;Enabled;66.38;21.92;Yes;0;0;0;0;0;0
121952;No;537;537;92;1254;0.10;0.61;Enabled;66.38;21.92;Yes;0;0;0;0;0;0
121979;No;537;537;92;1256;0.09;0.63;Enabled;66.38;21.92;Yes;0;0;0;0;0;0
122009;No;537;537;92;1259;0.10;0.66;Enabled;66.38;21.92;Yes;0;0;0;0;0;0
122041;No;537;537;92;1261;0.10;0.66;Enabled;66.38;21.92;Yes;0;0;0;0;0;0
122069;No;537;537;92;1264;0.10;0.67;Enabled;66.38;21.92;Yes;0;0;0;0;0;0
122106;No;537;537;92;1266;0.11;0.67;Enabled;66.38;21.92;Yes;0;0;0;0;0;0
122155;No;537;537;92;1268;0.11;0.68;Enabled;66.38;21.92;Yes;0;0;0;0;0;0
122189;No;537;537;92;1271;0.11;0.68;Enabled;66.38;21.92;Yes;0;0;0;0;0;0
122222;No;537;537;92;1273;0.12;0.69;Enabled;66.38;21.92;Yes;0;0;0;0;0;0
122251;No;537;537;92;1276;0.12;0.69;Enabled;66.38;21.92;Yes;0;0;0;0;0;0
122297;No;537;537;92;1278;0.12;0.70;Enabled;66.38;21.92;Yes;0;0;0;0;0;0
122337;No;537;537;92;1280;0.13;0.70;Enabled;66.38;21.92;Yes;0;0;0;0;0;0
122369;No;537;537;92;1283;0.13;0.71;Enabled;66.38;21.92;Yes;0;0;0;0;0;0
122407;No;537;537;92;1285;0.13;0.71;Enabled;66.38;21.92;Yes;0;0;0;0;0;0
122454;No;537;537;92;1288;0.14;0.72;Enabled;66.38;21.92;Yes;0;0;0;0;0;0
122490;No;537;537;92;1290;0.14;0.72;Enabled;66.38;21.92;Yes;0;0;0;0;0;0
122520;No;538;538;92;1292;0.15;0.73;Enabled;66.38;21.92;Yes;0;0;0;0;0;0
122549;No;538;538;92;1294;0.15;0.73;Enabled;66.38;21.92;Yes;0;0;0;0;0;0
122581;No;538;538;92;1298;0.15;0.74;Enabled;66.38;21.92;Yes;0;0;0;0;0;0
122611;No;538;538;92;1301;0.16;0.74;Enabled;66.38;21.92;Yes;0;0;0;0;0;0
122640;No;538;538;92;1304;0.16;0.75;Enabled;66.38;21.92;Yes;0;0;0;0;0;0
122671;No;538;538;92;1307;0.16;0.75;Enabled;66.38;21.92;Yes;0;0;0;0;0;0
122703;No;538;538;92;1310;0.16;0.75;Enabled;66.38;21.92;Yes;0;0;0;0;0;0
122754;No;538;538;92;1314;0.17;0.75;Enabled;66.38;21.92;Yes;0;0;0;0;0;0
122792;No;538;538;92;1317;0.17;0.76;Enabled;66.38;21.92;Yes;0;0;0;0;0;0
122820;No;538;538;91;1320;0.17;0.76;Enabled;66.38;21.92;Yes;0;0;0;0;0;0
122853;No;538;538;91;1323;0.17;0.76;Enabled;66.38;21.92;Yes;0;0;0;0;0;0
122883;No;538;538;91;1326;0.18;0.76;Enabled;66.38;21.92;Yes;0;0;0;0;0;0
122911;No;538;538;91;1330;0.18;0.77;Enabled;66.38;21.92;Yes;0;0;0;0;0;0
122941;No;538;538;91;1333;0.18;0.77;Enabled;66.38;21.92;Yes;0;0;0;0;0;0
122972;No;538;538;91;1336;0.18;0.77;Enabled;66.38;21.92;Yes;0;0;0;0;0;0
123011;No;538;538;91;1339;0.19;0.77;Enabled;66.38;21.92;Yes;0;0;0;0;0;0
123057;No;538;538;91;1342;0.19;0.78;Enabled;66.38;21.92;Yes;0;0;0;0;0;0
123090;No;538;538;91;1346;0.19;0.78;Enabled;66.38;21.92;Yes;0;0;0;0;0;0
123121;No;538;538;91;1349;0.19;0.78;Enabled;66.38;21.92;Yes;0;0;0;0;0;0
123152;No;538;538;91;1352;0.20;0.78;Enabled;66.38;21.92;Yes;0;0;0;0;0;0
123181;No;538;539;91;1354;0.23;0.79;Enabled;66.38;21.92;Yes;0;0;0;0;0;0
123213;No;539;539;91;1357;0.27;0.79;Enabled;66.38;21.92;Yes;0;0;0;0;0;0
123244;No;539;539;91;1360;0.30;0.79;Enabled;66.38;21.92;Yes;0;0;0;0;0;0
123273;No;539;539;91;1363;0.34;0.79;Enabled;66.38;21.92;Yes;0;0;0;0;0;0
123307;No;539;539;91;1366;0.37;0.79;Enabled;66.38;21.92;Yes;0;0;0;0;0;0
123356;No;539;539;91;1368;0.41;0.79;Enabled;66.38;21.92;Yes;0;0;0;0;0;0
123391;No;539;539;91;1371;0.44;0.79;Enabled;66.38;21.92;Yes;0;0;0;0;0;0
123421;No;539;539;91;1374;0.48;0.79;Enabled;66.38;21.92;Yes;0;0;0;0;0;0
123451;No;539;539;91;1377;0.51;0.79;Enabled;66.38;21.92;Yes;0;0;0;0;0;0
123484;No;539;539;91;1380;0.55;0.79;Enabled;66.38;21.92;Yes;0;0;0;0;0;0
123510;No;539;539;91;1382;0.58;0.80;Enabled;66.38;21.92;Yes;0;0;0;0;0;0
123541;No;539;539;91;1385;0.62;0.80;Enabled;66.38;21.92;Yes;0;0;0;0;0;0
123579;No;539;539;91;1388;0.65;0.80;Enabled;66.38;21.92;Yes;0;0;0;0;0;0
123655;No;539;539;91;1391;0.69;0.80;Enabled;66.38;21.92;Yes;0;0;0;0;0;0
123690;No;539;540;91;1394;0.72;0.80;Enabled;66.38;21.92;Yes;0;0;0;0;0;0
123722;No;539;540;91;1396;0.76;0.80;Enabled;66.38;21.92;Yes;0;0;0;0;0;0
123752;No;540;540;91;1378;0.79;0.80;Enabled;66.38;21.92;Yes;0;0;0;0;0;0
123781;No;540;540;91;1360;0.80;0.80;Enabled;66.38;21.92;Yes;0;0;0;0;0;0
123809;No;540;540;91;1342;0.80;0.80;Enabled;66.38;21.92;Yes;0;0;0;0;0;0
123842;No;540;540;91;1324;0.80;0.80;Enabled;66.38;21.92;Yes;0;0;0;0;0;0
123872;No;540;540;91;1307;0.81;0.80;Enabled;66.38;21.92;Yes;0;0;0;0;0;0
123904;No;540;540;91;1289;0.81;0.80;Enabled;66.38;21.92;Yes;0;0;0;0;0;0
123954;No;540;540;91;1271;0.81;0.80;Enabled;66.38;21.92;Yes;0;0;0;0;0;0
123992;No;540;540;91;1253;0.82;0.79;Enabled;66.38;21.92;Yes;0;0;0;0;0;0
124023;No;540;540;91;1235;0.82;0.79;Enabled;66.38;21.92;Yes;0;0;0;0;0;0
124049;No;540;540;91;1217;0.82;0.79;Enabled;66.38;21.92;Yes;0;0;0;0;0;0
124082;No;540;540;91;1199;0.83;0.79;Enabled;66.38;21.92;Yes;0;0;0;0;0;0
124112;No;540;540;91;1181;0.83;0.79;Enabled;66.38;21.92;Yes;0;0;0;0;0;0
124140;No;540;540;91;1163;0.83;0.79;Enabled;66.38;21.92;Yes;0;0;0;0;0;0
124172;No;540;540;91;1145;0.84;0.79;Enabled;66.38;21.92;Yes;0;0;0;0;0;0
124204;No;540;540;91;1127;0.84;0.79;Enabled;66.38;21.92;Yes;0;0;0;0;0;0
124256;No;540;540;91;1109;0.84;0.79;Enabled;66.38;21.92;Yes;0;0;0;0;0;0
124291;No;541;540;91;1091;0.85;0.78;Enabled;66.38;21.92;Yes;0;0;0;0;0;0
124322;No;541;541;91;1092;0.85;0.78;Enabled;66.38;21.92;Yes;0;0;0;0;0;0
124351;No;541;541;91;1094;0.85;0.78;Enabled;66.38;21.92;Yes;0;0;0;0;0;0
124379;No;541;541;91;1096;0.85;0.78;Enabled;66.38;21.92;Yes;0;0;0;0;0;0
124410;No;541;541;91;1097;0.84;0.78;Enabled;66.38;21.92;Yes;0;0;0;0;0;0
124440;No;541;541;91;1099;0.84;0.78;Enabled;66.38;21.92;Yes;0;0;0;0;0;0
124471;No;541;541;91;1100;0.84;0.77;Enabled;66.38;21.92;Yes;0;0;0;0;0;0
124506;No;541;541;91;1102;0.84;0.77;Enabled;66.38;21.92;Yes;0;0;0;0;0;0
124591;No;541;541;91;1104;0.84;0.77;Enabled;66.38;21.92;Yes;0;0;0;0;0;0
124622;No;541;541;91;1105;0.83;0.77;Enabled;66.38;21.92;Yes;0;0;0;0;0;0
124651;No;541;541;91;1106;0.83;0.77;Enabled;66.38;21.92;Yes;0;0;0;0;0;0
124682;No;541;541;91;1108;0.83;0.76;Enabled;66.38;21.92;Yes;0;0;0;0;0;0
124710;No;541;541;91;1110;0.83;0.76;Enabled;66.38;21.92;Yes;0;0;0;0;0;0
124741;No;541;541;91;1111;0.83;0.76;Enabled;66.38;21.92;Yes;0;0;0;0;0;0
124772;No;542;541;91;1113;0.82;0.76;Enabled;66.38;21.92;Yes;0;0;0;0;0;0
124806;No;542;542;91;1114;0.82;0.76;Enabled;66.38;21.92;Yes;0;0;0;0;0;0
124878;No;542;542;91;1116;0.82;0.75;Enabled;66.38;21.92;Yes;0;0;0;0;0;0
124921;No;542;542;91;1118;0.82;0.75;Enabled;66.38;21.92;Yes;0;0;0;0;0;0
124951;No;542;542;91;1118;0.82;0.75;Enabled;66.38;21.92;Yes;0;0;0;0;0;0
124979;No;542;542;91;1119;0.81;0.75;Enabled;66.38;21.92;Yes;0;0;0;0;0;0
125009;No;542;542;91;1120;0.81;0.75;Enabled;66.38;21.92;Yes;0;0;0;0;0;0
125041;No;542;542;91;1120;0.81;0.75;Enabled;66.38;21.92;Yes;0;0;0;0;0;0
125069;No;542;542;91;1121;0.81;0.75;Enabled;66.38;21.92;Yes;0;0;0;0;0;0
125103;No;542;542;91;1122;0.80;0.74;Enabled;66.38;21.92;Yes;0;0;0;0;0;0
125155;No;542;542;91;1122;0.80;0.74;Enabled;66.38;21.92;Yes;0;0;0;0;0;0
125189;No;542;542;91;1123;0.80;0.74;Enabled;66.38;21.92;Yes;0;0;0;0;0;0
125220;No;542;542;91;1123;0.80;0.74;Enabled;66.38;21.92;Yes;0;0;0;0;0;0
125251;No;542;542;91;1124;0.79;0.74;Enabled;66.38;21.92;Yes;0;0;0;0;0;0
125280;No;542;542;91;1124;0.79;0.74;Enabled;66.38;21.92;Yes;0;0;0;0;0;0
125311;No;543;542;91;1125;0.79;0.74;Enabled;66.38;21.92;Yes;0;0;0;0;0;0
125341;No;543;543;91;1126;0.79;0.74;Enabled;66.38;21.92;Yes;0;0;0;0;0;0
125371;No;543;543;91;1126;0.78;0.74;Enabled;66.38;21.92;Yes;0;0;0;0;0;0
125406;No;543;543;91;1127;0.78;0.74;Enabled;66.38;21.92;Yes;0;0;0;0;0;0
125454;No;543;543;91;1128;0.78;0.74;Enabled;66.38;21.92;Yes;0;0;0;0;0;0
125492;No;543;543;91;1128;0.78;0.74;Enabled;66.38;21.92;Yes;0;0;0;0;0;0
125523;No;543;543;91;1129;0.77;0.73;Enabled;66.38;21.92;Yes;0;0;0;0;0;0
125551;No;543;543;91;1130;0.77;0.73;Enabled;66.38;21.92;Yes;0;0;0;0;0;0
125584;No;543;543;91;1130;0.77;0.73;Enabled;66.38;21.92;Yes;0;0;0;0;0;0
125610;No;543;543;91;1130;0.77;0.73;Enabled;66.38;21.92;Yes;0;0;0;0;0;0
125642;No;543;543;91;1131;0.77;0.74;Enabled;66.38;21.92;Yes;0;0;0;0;0;0
125671;No;543;543;91;1132;0.77;0.74;Enabled;66.38;21.92;Yes;0;0;0;0;0;0
125705;No;543;543;91;1132;0.77;0.74;Enabled;66.38;21.92;Yes;0;0;0;0;0;0
125755;No;544;543;91;1132;0.77;0.74;Enabled;66.38;21.92;Yes;0;0;0;0;0;0
125790;No;544;544;91;1133;0.77;0.74;Enabled;66.38;21.92;Yes;0;0;0;0;0;0
125819;No;544;544;91;1133;0.76;0.74;Enabled;66.38;21.92;Yes;0;0;0;0;0;0
125850;No;544;544;91;1134;0.76;0.74;Enabled;66.38;21.92;Yes;0;0;0;0;0;0
125880;No;544;544;91;1134;0.76;0.74;Enabled;66.38;21.92;Yes;0;0;0;0;0;0
125911;No;544;544;91;1135;0.76;0.74;Enabled;66.38;21.92;Yes;0;0;0;0;0;0
125940;No;544;544;91;1135;0.76;0.74;Enabled;66.38;21.92;Yes;0;0;0;0;0;0
125971;No;544;544;91;1136;0.76;0.74;Enabled;66.38;21.92;Yes;0;0;0;0;0;0
126007;No;544;544;91;1136;0.76;0.74;Enabled;66.38;21.92;Yes;0;0;0;0;0;0
126058;No;544;544;91;1137;0.76;0.74;Enabled;66.38;21.92;Yes;0;0;0;0;0;0
126093;No;544;544;91;1140;0.76;0.74;Enabled;66.38;21.92;Yes;0;0;0;0;0;0
126139;No;544;544;91;1142;0.76;0.74;Enabled;66.38;21.92;Yes;0;0;0;0;0;0
126181;No;544;544;91;1145;0.76;0.75;Enabled;66.38;21.92;Yes;0;0;0;0;0;0
126211;No;544;544;91;1148;0.76;0.75;Enabled;66.38;21.92;Yes;0;0;0;0;0;0
126242;No;544;544;91;1151;0.76;0.75;Enabled;66.38;21.92;Yes;0;0;0;0;0;0
126270;No;544;544;91;1154;0.75;0.75;Enabled;66.38;21.92;Yes;0;0;0;0;0;0
126305;No;544;544;91;1156;0.75;0.75;Enabled;66.38;21.92;Yes;0;0;0;0;0;0
126357;No;544;544;91;1160;0.75;0.76;Enabled;66.38;21.92;Yes;0;0;0;0;0;0
126393;No;544;544;91;1162;0.75;0.76;Enabled;66.38;21.92;Yes;0;0;0;0;0;0
126422;No;544;544;91;1165;0.75;0.76;Enabled;66.38;21.92;Yes;0;0;0;0;0;0
126450;No;545;544;91;1168;0.75;0.76;Enabled;66.38;21.92;Yes;0;0;0;0;0;0
126482;No;545;545;91;1171;0.75;0.77;Enabled;66.38;21.92;Yes;0;0;0;0;0;0
126510;No;545;545;91;1174;0.75;0.77;Enabled;66.38;21.92;Yes;0;0;0;0;0;0
126541;No;545;545;91;1176;0.75;0.77;Enabled;66.38;21.92;Yes;0;0;0;0;0;0
126570;No;545;545;91;1179;0.75;0.77;Enabled;66.38;21.92;Yes;0;0;0;0;0;0
126604;No;545;545;91;1182;0.75;0.78;Enabled;66.38;21.92;Yes;0;0;0;0;0;0
126655;No;545;545;91;1185;0.75;0.78;Enabled;66.38;21.92;Yes;0;0;0;0;0;0
126690;No;545;545;91;1182;0.75;0.78;Enabled;66.38;21.92;Yes;0;0;0;0;0;0
126722;No;545;545;91;1180;0.75;0.78;Enabled;66.38;21.92;Yes;0;0;0;0;0;0
126750;No;545;545;91;1177;0.75;0.78;Disabled;66.38;21.92;Yes;0;0;0;0;0;0
126781;No;545;545;91;1174;0.75;0.78;Disabled;66.38;21.92;Yes;0;0;0;0;0;0
126811;No;545;545;91;1172;0.75;0.78;Disabled;66.38;21.92;Yes;0;0;0;0;0;0
126839;No;545;545;91;1169;0.75;0.78;Disabled;66.38;21.92;Yes;0;0;0;0;0;0
126871;No;545;545;91;1166;0.75;0.78;Disabled;66.38;21.92;Yes;0;0;0;0;0;0
126903;No;545;545;92;1164;0.75;0.78;Disabled;66.38;21.92;Yes;0;0;0;0;0;0
126954;No;545;545;92;1161;0.75;0.78;Disabled;66.38;21.92;Yes;0;0;0;0;0;0
126992;No;545;545;92;1158;0.75;0.78;Disabled;66.38;21.92;Yes;0;0;0;0;0;0
127021;No;545;545;92;1156;0.75;0.79;Disabled;66.38;21.92;Yes;0;0;0;0;0;0
127052;No;545;545;92;1153;0.75;0.79;Disabled;66.38;21.92;Yes;0;0;0;0;0;0
127081;No;545;545;92;1150;0.74;0.79;Disabled;66.38;21.92;Yes;0;0;0;0;0;0
127111;No;545;545;92;1147;0.74;0.79;Disabled;66.38;21.92;Yes;0;0;0;0;0;0
127139;No;545;545;92;1145;0.74;0.79;Disabled;66.38;21.92;Yes;0;0;0;0;0;0
127171;No;545;545;92;1142;0.74;0.79;Disabled;66.38;21.92;Yes;0;0;0;0;0;0
127205;No;544;545;92;1139;0.74;0.79;Disabled;66.38;21.92;Yes;0;0;0;0;0;0
127255;No;544;544;92;1132;0.74;0.79;Disabled;66.38;21.92;Yes;0;0;0;0;0;0
127291;No;544;544;92;1126;0.74;0.79;Disabled;66.38;21.92;Yes;0;0;0;0;0;0
127320;No;544;544;92;1119;0.74;0.79;Disabled;66.38;21.92;Yes;0;0;0;0;0;0
127353;No;544;544;92;1113;0.74;0.79;Disabled;66.38;21.92;Yes;0;0;0;0;0;0
127380;No;544;544;92;1106;0.74;0.79;Disabled;66.38;21.92;Yes;0;0;0;0;0;0
127419;No;544;544;92;1100;0.74;0.79;Disabled;66.38;21.92;Yes;0;0;0;0;0;0
127442;No;544;544;92;1093;0.74;0.79;Disabled;66.38;21.92;Yes;0;0;0;0;0;0
127471;No;544;544;92;1086;0.74;0.79;Disabled;66.38;21.92;Yes;0;0;0;0;0;0
127505;No;544;544;92;1080;0.74;0.79;Disabled;66.38;21.92;Yes;0;0;0;0;0;0
127555;No;544;544;92;1073;0.74;0.79;Disabled;66.38;21.92;Yes;0;0;0;0;0;0
127590;No;544;544;92;1066;0.74;0.79;Disabled;66.38;21.92;Yes;0;0;0;0;0;0
127619;No;544;544;92;1060;0.74;0.79;Disabled;66.38;21.92;Yes;0;0;0;0;0;0
127650;No;544;544;92;1053;0.74;0.79;Disabled;66.38;21.92;Yes;0;0;0;0;0;0
127680;No;544;544;92;1046;0.74;0.79;Disabled;66.38;21.92;Yes;0;0;0;0;0;0
127711;No;544;544;92;1040;0.74;0.79;Disabled;66.38;21.92;Yes;0;0;0;0;0;0
127742;No;544;544;92;1033;0.74;0.79;Disabled;66.38;21.92;Yes;0;0;0;0;0;0
127772;No;544;544;92;1026;0.74;0.79;Disabled;66.38;21.92;Yes;0;0;0;0;0;0
127806;No;544;544;92;1020;0.74;0.79;Disabled;66.38;21.92;Yes;0;0;0;0;0;0
127856;No;544;544;92;1013;0.74;0.79;Disabled;66.38;21.92;Yes;0;0;0;0;0;0
127890;No;544;544;92;1006;0.74;0.79;Disabled;66.38;21.92;Yes;0;0;0;0;0;0
127919;No;544;544;92;999;0.74;0.79;Disabled;66.38;21.92;Yes;0;0;0;0;0;0
127951;No;544;544;92;992;0.74;0.79;Disabled;66.38;21.92;Yes;0;0;0;0;0;0
127981;No;544;544;92;986;0.74;0.79;Disabled;66.38;21.92;Yes;0;0;0;0;0;0
128014;No;544;544;92;978;0.74;0.79;Disabled;66.38;21.92;Yes;0;0;0;0;0;0
128041;No;544;544;92;972;0.74;0.79;Disabled;66.38;21.92;Yes;0;0;0;0;0;0
128071;No;544;544;92;965;0.74;0.79;Disabled;66.38;21.92;Yes;0;0;0;0;0;0
128103;No;544;544;92;958;0.74;0.79;Disabled;66.38;21.92;Yes;0;0;0;0;0;0
128155;No;544;544;92;951;0.74;0.79;Disabled;66.38;21.92;Yes;0;0;0;0;0;0
128189;No;544;544;92;944;0.74;0.79;Disabled;66.38;21.92;Yes;0;0;0;0;0;0
128221;No;544;544;92;938;0.73;0.79;Disabled;66.38;21.92;Yes;0;0;0;0;0;0
128251;No;544;544;92;930;0.73;0.79;Disabled;66.38;21.92;Yes;0;0;0;0;0;0
128282;No;544;544;92;924;0.73;0.79;Disabled;66.38;21.92;Yes;0;0;0;0;0;0
128311;No;544;544;92;917;0.73;0.79;Disabled;66.38;21.92;Yes;0;0;0;0;0;0
128340;No;544;544;92;910;0.73;0.79;Disabled;66.38;21.92;Yes;0;0;0;0;0;0
128372;No;544;544;92;914;0.73;0.79;Disabled;66.38;21.92;Yes;0;0;0;0;0;0
128404;No;544;544;92;919;0.73;0.79;Disabled;66.38;21.92;Yes;0;0;0;0;0;0
128455;No;544;544;92;924;0.73;0.79;Disabled;66.38;21.92;Yes;0;0;0;0;0;0
128493;No;544;544;92;928;0.73;0.79;Disabled;66.38;21.92;Yes;0;0;0;0;0;0
128521;No;544;544;92;932;0.73;0.79;Disabled;66.38;21.92;Yes;0;0;0;0;0;0
128551;No;544;544;92;937;0.73;0.79;Disabled;66.38;21.92;Yes;0;0;0;0;0;0
128582;No;544;544;92;942;0.73;0.79;Disabled;66.38;21.92;Yes;0;0;0;0;0;0
128611;No;544;544;92;946;0.73;0.79;Disabled;66.38;21.92;Yes;0;0;0;0;0;0
128640;No;544;544;92;951;0.73;0.79;Disabled;66.38;21.92;Yes;0;0;0;0;0;0
128671;No;544;544;92;955;0.73;0.79;Disabled;66.38;21.92;Yes;0;0;0;0;0;0
128755;No;544;544;92;960;0.73;0.78;Disabled;66.38;21.92;Yes;0;0;0;0;0;0
128790;No;544;544;92;964;0.73;0.78;Disabled;66.38;21.92;Yes;0;0;0;0;0;0
128821;No;544;544;92;969;0.73;0.78;Disabled;66.38;21.92;Yes;0;0;0;0;0;0
128849;No;544;544;92;973;0.73;0.78;Disabled;66.38;21.92;Yes;0;0;0;0;0;0
128881;No;544;544;92;978;0.73;0.78;Disabled;66.38;21.92;Yes;0;0;0;0;0;0
128911;No;544;544;92;982;0.73;0.78;Disabled;66.38;21.92;Yes;0;0;0;0;0;0
128942;No;544;544;92;987;0.73;0.78;Disabled;66.38;21.92;Yes;0;0;0;0;0;0
128971;No;544;544;92;986;0.73;0.78;Disabled;66.38;21.92;Yes;0;0;0;0;0;0
129005;No;544;544;92;986;0.73;0.78;Disabled;66.38;21.92;Yes;0;0;0;0;0;0
129055;No;544;544;92;986;0.73;0.78;Disabled;66.38;21.92;Yes;0;0;0;0;0;0
129089;No;544;544;92;985;0.73;0.78;Disabled;66.38;21.92;Yes;0;0;0;0;0;0
129120;No;544;544;92;985;0.73;0.78;Disabled;66.38;21.92;Yes;0;0;0;0;0;0
129152;No;544;544;92;985;0.73;0.78;Disabled;66.38;21.92;Yes;0;0;0;0;0;0
129181;No;544;544;92;984;0.73;0.78;Disabled;66.38;21.92;Yes;0;0;0;0;0;0
129213;No;544;544;92;984;0.73;0.78;Disabled;66.38;21.92;Yes;0;0;0;0;0;0
129240;No;544;544;92;984;0.73;0.78;Disabled;66.38;21.92;Yes;0;0;0;0;0;0
129272;No;544;544;92;983;0.73;0.78;Disabled;66.38;21.92;Yes;0;0;0;0;0;0
129304;No;544;544;92;983;0.73;0.78;Disabled;66.38;21.92;Yes;0;0;0;0;0;0
129355;No;544;544;92;982;0.73;0.78;Disabled;66.38;21.92;Yes;0;0;0;0;0;0
129391;No;544;544;92;982;0.73;0.78;Disabled;66.38;21.92;Yes;0;0;0;0;0;0
129421;No;544;544;92;982;0.73;0.78;Disabled;66.38;21.92;Yes;0;0;0;0;0;0
129451;No;544;544;92;982;0.73;0.78;Disabled;66.38;21.92;Yes;0;0;0;0;0;0
129482;No;544;544;92;981;0.73;0.78;Disabled;66.38;21.92;Yes;0;0;0;0;0;0
129510;No;544;544;92;981;0.73;0.78;Disabled;66.38;21.92;Yes;0;0;0;0;0;0
129540;No;544;544;92;986;0.73;0.78;Disabled;66.38;21.92;Yes;0;0;0;0;0;0
129570;No;544;544;92;992;0.73;0.78;Disabled;66.38;21.92;Yes;0;0;0;0;0;0
129604;No;544;544;92;997;0.73;0.78;Disabled;66.38;21.92;Yes;0;0;0;0;0;0
129655;No;543;544;92;1002;0.73;0.78;Disabled;66.38;21.92;Yes;0;0;0;0;0;0
129690;No;543;543;92;1008;0.73;0.78;Disabled;66.38;21.92;Yes;0;0;0;0;0;0
129721;No;543;543;92;1014;0.73;0.78;Disabled;66.38;21.92;Yes;0;0;0;0;0;0
129751;No;543;543;92;1019;0.73;0.77;Disabled;66.38;21.92;Yes;0;0;0;0;0;0
129782;No;543;543;93;1024;0.73;0.77;Disabled;66.38;21.92;Yes;0;0;0;0;0;0
129812;No;543;543;93;1030;0.73;0.77;Disabled;66.38;21.92;Yes;0;0;0;0;0;0
129840;No;543;543;93;1035;0.73;0.77;Disabled;66.38;21.92;Yes;0;0;0;0;0;0
129872;No;543;543;93;1041;0.73;0.77;Disabled;66.38;21.92;Yes;0;0;0;0;0;0
129902;No;543;543;93;1046;0.73;0.77;Disabled;66.38;21.92;Yes;0;0;0;0;0;0
129977;No;543;543;93;1052;0.72;0.77;Disabled;66.38;21.92;Yes;0;0;0;0;0;0
129990;No;543;543;93;1057;0.72;0.77;Disabled;66.38;21.92;Yes;0;0;0;0;0;0
130023;No;543;543;93;1062;0.72;0.77;Disabled;66.38;21.92;Yes;0;0;0;0;0;0
130051;No;543;543;93;1068;0.72;0.77;Disabled;66.38;21.92;Yes;0;0;0;0;0;0
130083;No;543;543;93;1074;0.72;0.77;Disabled;66.38;21.92;Yes;0;0;0;0;0;0
130111;No;543;543;93;1073;0.72;0.77;Disabled;66.38;21.92;Yes;0;0;0;0;0;0
130142;No;543;543;93;1072;0.72;0.77;Disabled;66.38;21.92;Yes;0;0;0;0;0;0
130171;No;543;543;93;1072;0.72;0.77;Disabled;66.38;21.92;Yes;0;0;0;0;0;0
130201;No;543;543;93;1072;0.72;0.77;Disabled;66.38;21.92;Yes;0;0;0;0;0;0
130255;No;543;543;93;1071;0.72;0.77;Disabled;66.38;21.92;Yes;0;0;0;0;0;0
130291;No;543;543;93;1071;0.72;0.77;Disabled;66.38;21.92;Yes;0;0;0;0;0;0
130321;No;543;543;93;1070;0.72;0.77;Disabled;66.38;21.92;Yes;0;0;0;0;0;0
130349;No;543;543;93;1070;0.72;0.77;Disabled;66.38;21.92;Yes;0;0;0;0;0;0
130380;No;543;543;93;1070;0.72;0.77;Disabled;66.38;21.92;Yes;0;0;0;0;0;0
130410;No;543;543;93;1069;0.72;0.77;Disabled;66.38;21.92;Yes;0;0;0;0;0;0
130441;No;543;543;93;1069;0.72;0.76;Disabled;66.38;21.92;Yes;0;0;0;0;0;0
130474;No;543;543;93;1068;0.72;0.76;Disabled;66.38;21.92;Yes;0;0;0;0;0;0
130505;No;543;543;93;1068;0.72;0.76;Disabled;66.38;21.92;Yes;0;0;0;0;0;0
130553;No;543;543;93;1067;0.72;0.76;Disabled;66.38;21.92;Yes;0;0;0;0;0;0
130593;No;543;543;93;1067;0.72;0.76;Disabled;66.38;21.92;Yes;0;0;0;0;0;0
130621;No;543;543;93;1066;0.72;0.76;Disabled;66.38;21.92;Yes;0;0;0;0;0;0
130651;No;543;543;93;1066;0.72;0.76;Disabled;66.38;21.92;Yes;0;0;0;0;0;0
130679;No;543;543;93;1065;0.72;0.76;Disabled;66.38;21.92;Yes;0;0;0;0;0;0
130712;No;543;543;93;1064;0.72;0.76;Disabled;66.38;21.92;Yes;0;0;0;0;0;0
130739;No;542;542;93;1062;0.72;0.76;Enabled;66.38;21.92;Yes;0;0;0;0;0;0
130771;No;542;542;93;1061;0.72;0.76;Enabled;66.38;21.92;Yes;0;0;0;0;0;0
130801;No;542;542;93;1060;0.72;0.76;Enabled;66.38;21.92;Yes;0;0;0;0;0;0
130859;No;542;542;93;1058;0.72;0.76;Enabled;66.38;21.92;Yes;0;0;0;0;0;0
130889;No;542;542;93;1057;0.72;0.76;Enabled;66.38;21.92;Yes;0;0;0;0;0;0
130921;No;542;542;93;1056;0.72;0.76;Enabled;66.38;21.92;Yes;0;0;0;0;0;0
130951;No;542;542;93;1054;0.72;0.76;Enabled;66.38;21.92;Yes;0;0;0;0;0;0
130982;No;542;542;93;1053;0.72;0.76;Enabled;66.38;21.92;Yes;0;0;0;0;0;0
131011;No;542;542;93;1052;0.72;0.76;Enabled;66.38;21.92;Yes;0;0;0;0;0;0
131039;No;542;542;93;1050;0.72;0.76;Enabled;66.38;21.92;Yes;0;0;0;0;0;0
131074;No;542;542;93;1049;0.72;0.76;Enabled;66.38;21.92;Yes;0;0;0;0;0;0
131104;No;542;542;93;1048;0.72;0.76;Enabled;66.38;21.92;Yes;0;0;0;0;0;0
131155;No;542;542;93;1046;0.72;0.76;Enabled;66.38;21.92;Yes;0;0;0;0;0;0
131190;No;542;542;93;1045;0.72;0.76;Enabled;66.38;21.92;Yes;0;0;0;0;0;0
131221;No;542;542;93;1044;0.72;0.76;Enabled;66.38;21.92;Yes;0;0;0;0;0;0
131259;No;542;542;93;1042;0.72;0.76;Enabled;66.38;21.92;Yes;0;0;0;0;0;0
131282;No;542;542;93;1040;0.72;0.76;Enabled;66.38;21.92;Yes;0;0;0;0;0;0
131312;No;542;542;93;1038;0.72;0.76;Disabled;66.38;21.92;Yes;0;0;0;0;0;0
131340;No;542;542;93;1036;0.72;0.76;Disabled;66.38;21.92;Yes;0;0;0;0;0;0
131371;No;542;542;93;1033;0.72;0.76;Disabled;66.38;21.92;Yes;0;0;0;0;0;0
131401;No;542;542;93;1031;0.72;0.76;Disabled;66.38;21.92;Yes;0;0;0;0;0;0
131455;No;542;542;93;1029;0.72;0.76;Disabled;66.38;21.92;Yes;0;0;0;0;0;0
131490;No;542;542;93;1027;0.72;0.76;Disabled;66.38;21.92;Yes;0;0;0;0;0;0
131521;No;542;542;93;1025;0.72;0.76;Disabled;66.38;21.92;Yes;0;0;0;0;0;0
131552;No;542;542;93;1023;0.72;0.76;Disabled;66.38;21.92;Yes;0;0;0;0;0;0
131581;No;542;542;93;1021;0.72;0.76;Disabled;66.38;21.92;Yes;0;0;0;0;0;0
131609;No;542;542;93;1019;0.72;0.76;Disabled;66.38;21.92;Yes;0;0;0;0;0;0
131641;No;542;542;93;1016;0.71;0.76;Disabled;66.38;21.92;Yes;0;0;0;0;0;0
131671;No;542;542;93;1014;0.71;0.76;Disabled;66.38;21.92;Yes;0;0;0;0;0;0
131705;No;542;542;93;1012;0.71;0.76;Disabled;66.38;21.92;Yes;0;0;0;0;0;0
131755;No;541;542;93;1010;0.71;0.76;Disabled;66.38;21.92;Yes;0;0;0;0;0;0
131789;No;541;541;93;1008;0.71;0.76;Disabled;66.38;21.92;Yes;0;0;0;0;0;0
131820;No;541;541;93;1005;0.71;0.76;Disabled;66.38;21.92;Yes;0;0;0;0;0;0
131850;No;541;541;93;1001;0.71;0.76;Disabled;66.38;21.92;Yes;0;0;0;0;0;0
131881;No;541;541;93;998;0.71;0.76;Disabled;66.38;21.92;Yes;0;0;0;0;0;0
131912;No;541;541;93;994;0.71;0.76;Disabled;66.38;21.92;Yes;0;0;0;0;0;0
131939;No;541;541;93;990;0.71;0.76;Disabled;66.38;21.92;Yes;0;0;0;0;0;0
131970;No;541;541;93;987;0.71;0.76;Disabled;66.38;21.92;Yes;0;0;0;0;0;0
132004;No;541;541;93;984;0.71;0.76;Disabled;66.38;21.92;Yes;0;0;0;0;0;0
132055;No;541;541;93;980;0.71;0.76;Disabled;66.38;21.92;Yes;0;0;0;0;0;0
132090;No;541;541;93;976;0.71;0.76;Disabled;66.38;21.92;Yes;0;0;0;0;0;0
132119;No;541;541;93;973;0.71;0.76;Disabled;66.38;21.92;Yes;0;0;0;0;0;0
132149;No;541;541;93;969;0.71;0.76;Disabled;66.38;21.92;Yes;0;0;0;0;0;0
132180;No;541;541;93;966;0.71;0.76;Disabled;66.38;21.92;Yes;0;0;0;0;0;0
132210;No;541;541;93;962;0.71;0.76;Disabled;66.38;21.92;Yes;0;0;0;0;0;0
132242;No;541;541;93;959;0.71;0.76;Disabled;66.38;21.92;Yes;0;0;0;0;0;0
132271;No;541;541;93;955;0.71;0.76;Disabled;66.38;21.92;Yes;0;0;0;0;0;0
132304;No;541;541;93;952;0.71;0.76;Disabled;66.38;21.92;Yes;0;0;0;0;0;0
132356;No;541;541;93;948;0.71;0.76;Disabled;66.38;21.92;Yes;0;0;0;0;0;0
132393;No;541;541;93;939;0.71;0.76;Disabled;66.38;21.92;Yes;0;0;0;0;0;0
132420;No;541;541;93;930;0.71;0.76;Disabled;66.38;21.92;Yes;0;0;0;0;0;0
132452;No;541;541;93;921;0.71;0.76;Disabled;66.38;21.92;Yes;0;0;0;0;0;0
132483;No;541;541;93;912;0.71;0.76;Disabled;66.38;21.92;Yes;0;0;0;0;0;0
132509;No;541;541;93;903;0.71;0.76;Disabled;66.38;21.92;Yes;0;0;0;0;0;0
132571;No;541;541;93;894;0.71;0.76;Disabled;66.38;21.92;Yes;0;0;0;0;0;0
132602;No;541;541;93;885;0.71;0.76;Disabled;66.38;21.92;Yes;0;0;0;0;0;0
132655;No;541;541;93;876;0.71;0.76;Disabled;66.38;21.92;Yes;0;0;0;0;0;0
132690;No;540;541;93;867;0.71;0.76;Disabled;66.38;21.92;Yes;0;0;0;0;0;0
132721;No;540;540;93;858;0.71;0.76;Disabled;66.38;21.92;Yes;0;0;0;0;0;0
132751;No;540;540;93;849;0.71;0.75;Disabled;66.38;21.92;Yes;0;0;0;0;0;0
132783;No;540;540;93;840;0.71;0.75;Disabled;66.38;21.92;Yes;0;0;0;0;0;0
132812;No;540;540;93;831;0.71;0.75;Disabled;66.38;21.92;Yes;0;0;0;0;0;0
132840;No;540;540;93;822;0.71;0.75;Disabled;66.38;21.92;Yes;0;0;0;0;0;0
132872;No;540;540;93;813;0.71;0.75;Disabled;66.38;21.92;Yes;0;0;0;0;0;0
132903;No;540;540;93;804;0.71;0.75;Disabled;66.38;21.92;Yes;0;0;0;0;0;0
132955;No;540;540;93;795;0.71;0.75;Disabled;66.38;21.92;Yes;0;0;0;0;0;0
132990;No;540;540;93;807;0.71;0.75;Disabled;66.38;21.92;Yes;0;0;0;0;0;0
133020;No;540;540;93;819;0.71;0.75;Disabled;66.38;21.92;Yes;0;0;0;0;0;0
133051;No;540;540;93;830;0.71;0.75;Disabled;66.38;21.92;Yes;0;0;0;0;0;0
133081;No;540;540;93;842;0.71;0.75;Disabled;66.38;21.92;Yes;0;0;0;0;0;0
133112;No;540;540;93;854;0.71;0.75;Disabled;66.38;21.92;Yes;0;0;0;0;0;0
133141;No;540;540;93;866;0.71;0.75;Disabled;66.38;21.92;Yes;0;0;0;0;0;0
133170;No;540;540;93;878;0.71;0.75;Disabled;66.38;21.92;Yes;0;0;0;0;0;0
133205;No;540;540;93;890;0.71;0.75;Disabled;66.38;21.92;Yes;0;0;0;0;0;0
133255;No;540;540;93;902;0.71;0.75;Disabled;66.38;21.92;Yes;0;0;0;0;0;0
133289;No;540;540;93;914;0.71;0.75;Disabled;66.38;21.92;Yes;0;0;0;0;0;0
133321;No;540;540;93;925;0.71;0.75;Disabled;66.38;21.92;Yes;0;0;0;0;0;0
133349;No;540;540;93;937;0.71;0.75;Disabled;66.38;21.92;Yes;0;0;0;0;0;0
133380;No;540;540;93;949;0.71;0.75;Disabled;66.38;21.92;Yes;0;0;0;0;0;0
133410;No;540;540;93;961;0.71;0.75;Disabled;66.38;21.92;Yes;0;0;0;0;0;0
133441;No;540;540;93;972;0.71;0.75;Disabled;66.38;21.92;Yes;0;0;0;0;0;0
133474;No;540;540;93;984;0.71;0.75;Disabled;66.38;21.92;Yes;0;0;0;0;0;0
133505;No;540;540;93;996;0.71;0.75;Disabled;66.38;21.92;Yes;0;0;0;0;0;0
133555;No;540;540;93;1007;0.71;0.75;Disabled;66.38;21.92;Yes;0;0;0;0;0;0
133589;No;540;540;93;1017;0.71;0.75;Disabled;66.38;21.92;Yes;0;0;0;0;0;0
133621;No;540;540;93;1028;0.71;0.75;Disabled;66.38;21.92;Yes;0;0;0;0;0;0
133652;No;540;540;93;1038;0.71;0.75;Disabled;66.38;21.92;Yes;0;0;0;0;0;0
133680;No;540;540;93;1048;0.71;0.75;Disabled;66.38;21.92;Yes;0;0;0;0;0;0
133710;No;540;540;93;1059;0.71;0.75;Disabled;66.38;21.92;Yes;0;0;0;0;0;0
133741;No;540;540;93;1069;0.71;0.75;Disabled;66.38;21.92;Yes;0;0;0;0;0;0
133774;No;540;540;93;1080;0.71;0.75;Disabled;66.38;21.92;Yes;0;0;0;0;0;0
133816;No;540;539;93;1090;0.71;0.75;Disabled;66.38;21.92;Yes;0;0;0;0;0;0
133892;No;540;539;93;1100;0.71;0.75;Disabled;66.38;21.92;Yes;0;0;0;0;0;0
133924;No;539;539;93;1110;0.71;0.75;Disabled;66.38;21.92;Yes;0;0;0;0;0;0
133955;No;539;539;93;1121;0.71;0.75;Disabled;66.38;21.92;Yes;0;0;0;0;0;0
133981;No;539;539;93;1132;0.71;0.75;Disabled;66.38;21.92;Yes;0;0;0;0;0;0
134011;No;539;539;93;1142;0.71;0.75;Disabled;66.38;21.92;Yes;0;0;0;0;0;0
134039;No;539;539;93;1152;0.71;0.75;Disabled;66.38;21.92;Yes;0;0;0;0;0;0
134073;No;539;539;93;1162;0.71;0.75;Disabled;66.38;21.92;Yes;0;0;0;0;0;0
134104;No;539;539;93;1173;0.71;0.75;Disabled;66.38;21.92;Yes;0;0;0;0;0;0
134156;No;539;539;93;1176;0.71;0.75;Disabled;66.38;21.92;Yes;0;0;0;0;0;0
134193;No;539;539;93;1180;0.71;0.75;Disabled;66.38;21.92;Yes;0;0;0;0;0;0
134221;No;539;539;93;1183;0.71;0.75;Disabled;66.38;21.92;Yes;0;0;0;0;0;0
134253;No;539;539;93;1186;0.71;0.75;Disabled;66.38;21.92;Yes;0;0;0;0;0;0
134280;No;539;539;93;1190;0.71;0.75;Disabled;66.38;21.92;Yes;0;0;0;0;0;0
134312;No;539;539;93;1193;0.71;0.75;Disabled;66.38;21.92;Yes;0;0;0;0;0;0
134343;No;539;539;93;1197;0.71;0.75;Disabled;66.38;21.92;Yes;0;0;0;0;0;0
134370;No;539;539;93;1200;0.71;0.75;Disabled;66.38;21.92;Yes;0;0;0;0;0;0
134404;No;539;539;93;1204;0.71;0.75;Disabled;66.38;21.92;Yes;0;0;0;0;0;0
134455;No;539;539;93;1207;0.71;0.75;Disabled;66.38;21.92;Yes;0;0;0;0;0;0
134490;No;539;539;93;1210;0.71;0.75;Disabled;66.38;21.92;Yes;0;0;0;0;0;0
134521;No;539;539;93;1214;0.71;0.75;Disabled;66.38;21.92;Yes;0;0;0;0;0;0
134550;No;539;539;93;1217;0.71;0.75;Disabled;66.38;21.92;Yes;0;0;0;0;0;0
134585;No;539;539;93;1220;0.71;0.74;Disabled;66.38;21.92;Yes;0;0;0;0;0;0
134612;No;539;539;93;1224;0.71;0.74;Disabled;66.38;21.92;Yes;0;0;0;0;0;0
134642;No;539;539;93;1227;0.71;0.74;Disabled;66.38;21.92;Yes;0;0;0;0;0;0
134674;No;539;539;93;1230;0.70;0.74;Disabled;66.38;21.92;Yes;0;0;0;0;0;0
134703;No;539;539;93;1230;0.70;0.74;Disabled;66.38;21.92;Yes;0;0;0;0;0;0
134756;No;539;539;93;1230;0.70;0.74;Disabled;66.38;21.92;Yes;0;0;0;0;0;0
134793;No;539;539;93;1229;0.70;0.75;Disabled;66.38;21.92;Yes;0;0;0;0;0;0
134820;No;539;539;93;1229;0.70;0.75;Disabled;66.38;21.92;Yes;0;0;0;0;0;0
134854;No;539;539;93;1228;0.70;0.75;Disabled;66.38;21.92;Yes;0;0;0;0;0;0
134881;No;539;539;93;1228;0.70;0.75;Disabled;66.38;21.92;Yes;0;0;0;0;0;0
134912;No;539;539;93;1228;0.70;0.75;Disabled;66.38;21.92;Yes;0;0;0;0;0;0
134942;No;539;539;93;1227;0.70;0.75;Disabled;66.38;21.92;Yes;0;0;0;0;0;0
134971;No;539;539;93;1226;0.70;0.75;Disabled;66.38;21.92;Yes;0;0;0;0;0;0
135004;No;539;539;93;1226;0.70;0.76;Disabled;66.38;21.92;Yes;0;0;0;0;0;0
135056;No;539;539;93;1226;0.70;0.76;Disabled;66.38;21.92;Yes;0;0;0;0;0;0
135096;No;538;539;93;1225;0.70;0.76;Disabled;66.38;21.92;Yes;0;0;0;0;0;0
135121;No;538;538;93;1225;0.70;0.76;Disabled;66.38;21.92;Yes;0;0;0;0;0;0
135154;No;538;538;93;1224;0.70;0.76;Disabled;66.38;21.92;Yes;0;0;0;0;0;0
135184;No;538;538;93;1224;0.70;0.77;Disabled;66.38;21.92;Yes;0;0;0;0;0;0
135212;No;538;538;93;1224;0.70;0.77;Disabled;66.38;21.92;Yes;0;0;0;0;0;0
135245;No;538;538;93;1223;0.70;0.77;Disabled;66.38;21.92;Yes;0;0;0;0;0;0
135272;No;538;538;93;1223;0.70;0.77;Disabled;66.38;21.92;Yes;0;0;0;0;0;0
135305;No;538;538;93;1223;0.70;0.77;Disabled;66.38;21.92;Yes;0;0;0;0;0;0
135356;No;538;538;93;1224;0.70;0.77;Enabled;66.38;21.92;Yes;0;0;0;0;0;0
135394;No;538;538;93;1224;0.70;0.77;Enabled;66.38;21.92;Yes;0;0;0;0;0;0
135424;No;538;538;93;1224;0.70;0.77;Enabled;66.38;21.92;Yes;0;0;0;0;0;0
135455;No;538;538;93;1224;0.70;0.77;Enabled;66.38;21.92;Yes;0;0;0;0;0;0
135482;No;538;538;93;1224;0.70;0.77;Enabled;66.38;21.92;Yes;0;0;0;0;0;0
135518;No;538;538;93;1224;0.70;0.77;Enabled;66.38;21.92;Yes;0;0;0;0;0;0
135541;No;538;538;93;1224;0.70;0.77;Enabled;66.38;21.92;Yes;0;0;0;0;0;0
135574;No;538;538;93;1224;0.70;0.77;Enabled;66.38;21.92;Yes;0;0;0;0;0;0
135604;No;538;538;93;1225;0.70;0.77;Enabled;66.38;21.92;Yes;0;0;0;0;0;0
135656;No;538;538;93;1225;0.70;0.77;Enabled;66.38;21.92;Yes;0;0;0;0;0;0
135691;No;538;538;93;1225;0.70;0.77;Enabled;66.38;21.92;Yes;0;0;0;0;0;0
135721;No;538;538;93;1225;0.70;0.77;Enabled;66.38;21.92;Yes;0;0;0;0;0;0
135750;No;538;538;93;1226;0.70;0.76;Enabled;66.38;21.92;Yes;0;0;0;0;0;0
135785;No;538;538;93;1226;0.70;0.76;Enabled;66.38;21.92;Yes;0;0;0;0;0;0
135811;No;538;538;93;1226;0.70;0.76;Enabled;66.38;21.92;Yes;0;0;0;0;0;0
135842;No;538;538;93;1232;0.70;0.76;Enabled;66.38;21.92;Yes;0;0;0;0;0;0
135871;No;538;538;93;1238;0.70;0.76;Enabled;66.38;21.92;Yes;0;0;0;0;0;0
135906;No;538;538;93;1244;0.70;0.76;Enabled;66.38;21.92;Yes;0;0;0;0;0;0
135955;No;538;538;93;1250;0.70;0.76;Enabled;66.38;21.92;Yes;0;0;0;0;0;0
135995;No;538;538;93;1255;0.70;0.76;Enabled;66.38;21.92;Yes;0;0;0;0;0;0
136024;No;538;538;93;1261;0.70;0.76;Enabled;66.38;21.92;Yes;0;0;0;0;0;0
136054;No;538;538;93;1267;0.70;0.76;Enabled;66.38;21.92;Yes;0;0;0;0;0;0
136081;No;538;538;93;1273;0.71;0.76;Enabled;66.38;21.92;Yes;0;0;0;0;0;0
136110;No;538;538;93;1279;0.71;0.76;Enabled;66.38;21.92;Yes;0;0;0;0;0;0
136145;No;538;538;93;1285;0.71;0.76;Enabled;66.38;21.92;Yes;0;0;0;0;0;0
136170;No;538;538;93;1291;0.71;0.76;Enabled;66.38;21.92;Yes;0;0;0;0;0;0
136204;No;538;538;93;1297;0.71;0.76;Enabled;66.38;21.92;Yes;0;0;0;0;0;0
136255;No;538;538;93;1302;0.71;0.76;Enabled;66.38;21.92;Yes;0;0;0;0;0;0
136293;No;538;538;93;1308;0.71;0.76;Enabled;66.38;21.92;Yes;0;0;0;0;0;0
136325;No;538;538;93;1314;0.71;0.76;Enabled;66.38;21.92;Yes;0;0;0;0;0;0
136351;No;538;538;93;1320;0.71;0.76;Enabled;66.38;21.92;Yes;0;0;0;0;0;0
136412;No;538;538;93;1326;0.71;0.76;Enabled;66.38;21.92;Yes;0;0;0;0;0;0
136444;No;538;538;93;1328;0.71;0.76;Enabled;66.38;21.92;Yes;0;0;0;0;0;0
136470;No;538;538;93;1329;0.72;0.76;Enabled;66.38;21.92;Yes;0;0;0;0;0;0
136506;No;538;538;93;1330;0.72;0.76;Enabled;66.38;21.92;Yes;0;0;0;0;0;0
136555;No;538;538;93;1332;0.72;0.76;Enabled;66.38;21.92;Yes;0;0;0;0;0;0
136594;No;538;538;93;1333;0.72;0.76;Enabled;66.38;21.92;Yes;0;0;0;0;0;0
136624;No;538;538;93;1334;0.72;0.76;Enabled;66.38;21.92;Yes;0;0;0;0;0;0
136650;No;538;538;93;1336;0.72;0.76;Enabled;66.38;21.92;Yes;0;0;0;0;0;0
136684;No;538;538;93;1337;0.73;0.76;Enabled;66.38;21.92;Yes;0;0;0;0;0;0
136711;No;538;538;93;1338;0.73;0.76;Enabled;66.38;21.92;Yes;0;0;0;0;0;0
136745;No;538;538;93;1339;0.73;0.76;Enabled;66.38;21.92;Yes;0;0;0;0;0;0
136772;No;538;538;93;1341;0.73;0.76;Enabled;66.38;21.92;Yes;0;0;0;0;0;0
136805;No;538;538;93;1342;0.73;0.76;Enabled;66.38;21.92;Yes;0;0;0;0;0;0
136855;No;538;538;93;1343;0.73;0.76;Enabled;66.38;21.92;Yes;0;0;0;0;0;0
136893;No;538;538;93;1344;0.74;0.76;Enabled;66.38;21.92;Yes;0;0;0;0;0;0
136924;No;538;538;93;1346;0.74;0.76;Enabled;66.38;21.92;Yes;0;0;0;0;0;0
136950;No;538;538;93;1347;0.74;0.76;Enabled;66.38;21.92;Yes;0;0;0;0;0;0
136984;No;538;538;93;1348;0.74;0.76;Enabled;66.38;21.92;Yes;0;0;0;0;0;0
137012;No;538;538;93;1349;0.74;0.76;Enabled;66.38;21.92;Yes;0;0;0;0;0;0
137044;No;538;538;93;1350;0.74;0.76;Enabled;66.38;21.92;Yes;0;0;0;0;0;0
137071;No;538;538;93;1350;0.74;0.76;Enabled;66.38;21.92;Yes;0;0;0;0;0;0
137103;No;538;538;93;1350;0.74;0.76;Enabled;66.38;21.92;Yes;0;0;0;0;0;0
137157;No;538;538;93;1351;0.74;0.76;Enabled;66.38;21.92;Yes;0;0;0;0;0;0
137193;No;538;538;93;1351;0.74;0.76;Enabled;66.38;21.92;Yes;0;0;0;0;0;0
137224;No;538;538;93;1352;0.75;0.76;Enabled;66.38;21.92;Yes;0;0;0;0;0;0
137252;No;538;538;92;1352;0.75;0.76;Enabled;66.38;21.92;Yes;0;0;0;0;0;0
137283;No;538;538;92;1352;0.75;0.76;Enabled;66.38;21.92;Yes;0;0;0;0;0;0
137313;No;538;538;92;1353;0.75;0.76;Enabled;66.38;21.92;Yes;0;0;0;0;0;0
137344;No;538;538;92;1354;0.75;0.76;Enabled;66.38;21.92;Yes;0;0;0;0;0;0
137373;No;538;538;92;1354;0.75;0.76;Enabled;66.38;21.92;Yes;0;0;0;0;0;0
137407;No;538;538;92;1354;0.75;0.76;Enabled;66.38;21.92;Yes;0;0;0;0;0;0
137455;No;538;538;92;1355;0.75;0.76;Enabled;66.38;21.92;Yes;0;0;0;0;0;0
137493;No;538;538;92;1355;0.75;0.75;Enabled;66.38;21.92;Yes;0;0;0;0;0;0
137523;No;538;538;92;1356;0.75;0.75;Enabled;66.38;21.92;Yes;0;0;0;0;0;0
137552;No;538;538;92;1356;0.75;0.75;Enabled;66.38;21.92;Yes;0;0;0;0;0;0
137583;No;538;538;92;1363;0.75;0.75;Enabled;66.38;21.92;Yes;0;0;0;0;0;0
137610;No;538;538;92;1370;0.75;0.75;Enabled;66.38;21.92;Yes;0;0;0;0;0;0
137659;No;538;538;92;1378;0.75;0.75;Enabled;66.38;21.92;Yes;0;0;0;0;0;0
137703;No;538;538;92;1384;0.76;0.75;Enabled;66.38;21.92;Yes;0;0;0;0;0;0
137756;No;538;538;92;1392;0.76;0.75;Enabled;66.38;21.92;Yes;0;0;0;0;0;0
137793;No;538;538;92;1398;0.76;0.75;Enabled;66.38;21.92;Yes;0;0;0;0;0;0
137825;No;538;538;92;1406;0.76;0.76;Enabled;66.38;21.92;Yes;0;0;0;0;0;0
137853;No;538;538;92;1412;0.77;0.76;Enabled;66.38;21.92;Yes;0;0;0;0;0;0
137882;No;538;538;92;1420;0.77;0.76;Enabled;66.38;21.92;Yes;0;0;0;0;0;0
137911;No;538;538;92;1427;0.77;0.76;Enabled;66.38;21.92;Yes;0;0;0;0;0;0
137943;No;538;538;92;1434;0.77;0.76;Enabled;66.38;21.92;Yes;0;0;0;0;0;0
137971;No;538;538;92;1441;0.78;0.76;Enabled;66.38;21.92;Yes;0;0;0;0;0;0
138008;No;538;538;92;1448;0.78;0.76;Enabled;66.38;21.92;Yes;0;0;0;0;0;0
138091;No;538;538;92;1455;0.78;0.76;Enabled;66.38;21.92;Yes;0;0;0;0;0;0
138122;No;538;538;92;1462;0.78;0.76;Enabled;66.38;21.92;Yes;0;0;0;0;0;0
138153;No;538;538;92;1469;0.79;0.76;Enabled;66.38;21.92;Yes;0;0;0;0;0;0
138183;No;538;538;92;1476;0.79;0.76;Enabled;66.38;21.92;Yes;0;0;0;0;0;0
138211;No;538;538;92;1470;0.79;0.76;Enabled;66.38;21.92;Yes;0;0;0;0;0;0
138240;No;538;538;92;1463;0.79;0.76;Enabled;66.38;21.92;Yes;0;0;0;0;0;0
138271;No;538;538;92;1456;0.79;0.74;Enabled;66.38;21.92;Yes;0;0;0;0;0;0
138302;No;538;538;92;1450;0.79;0.72;Enabled;66.38;21.92;Yes;0;0;0;0;0;0
138335;No;538;538;92;1443;0.79;0.70;Enabled;66.38;21.92;Yes;0;0;0;0;0;0
138365;No;538;538;92;1437;0.79;0.68;Enabled;66.38;21.92;Yes;0;0;0;0;0;0
138392;No;538;538;92;1430;0.78;0.66;Enabled;66.38;21.92;Yes;0;0;0;0;0;0
138427;No;538;538;92;1424;0.78;0.64;Enabled;66.38;21.92;Yes;0;0;0;0;0;0
138451;No;538;538;92;1417;0.78;0.62;Enabled;66.38;21.92;Yes;0;0;0;0;0;0
138483;No;538;538;92;1410;0.78;0.59;Enabled;66.38;21.92;Yes;0;0;0;0;0;0
138511;No;538;538;92;1404;0.78;0.57;Enabled;66.38;21.92;Yes;0;0;0;0;0;0
138542;No;538;538;92;1398;0.78;0.55;Enabled;66.38;21.92;Yes;0;0;0;0;0;0
138572;No;538;538;92;1391;0.77;0.53;Enabled;66.38;21.92;Yes;0;0;0;0;0;0
138604;No;538;538;92;1384;0.77;0.51;Enabled;66.38;21.92;Yes;0;0;0;0;0;0
138662;No;538;538;92;1378;0.77;0.49;Enabled;66.38;21.92;Yes;0;0;0;0;0;0
138693;No;538;538;92;1371;0.77;0.47;Enabled;66.38;21.92;Yes;0;0;0;0;0;0
138725;No;538;538;92;1365;0.77;0.45;Enabled;66.38;21.92;Yes;0;0;0;0;0;0
138753;No;538;539;92;1360;0.77;0.43;Enabled;66.38;21.92;Yes;0;0;0;0;0;0
138784;No;538;539;92;1354;0.77;0.41;Enabled;66.38;21.92;Yes;0;0;0;0;0;0
138811;No;539;539;92;1349;0.77;0.43;Enabled;66.38;21.92;Yes;0;0;0;0;0;0
138843;No;539;539;92;1344;0.77;0.44;Enabled;66.38;21.92;Yes;0;0;0;0;0;0
138874;No;539;539;92;1339;0.77;0.46;Enabled;66.38;21.92;Yes;0;0;0;0;0;0
138905;No;539;539;92;1334;0.76;0.48;Enabled;66.38;21.92;Yes;0;0;0;0;0;0
138972;No;539;539;92;1328;0.76;0.50;Enabled;66.38;21.92;Yes;0;0;0;0;0;0
138992;No;539;539;92;1323;0.76;0.52;Enabled;66.38;21.92;Yes;0;0;0;0;0;0
139023;No;539;539;92;1318;0.76;0.54;Enabled;66.38;21.92;Yes;0;0;0;0;0;0
139053;No;539;539;92;1312;0.76;0.56;Enabled;66.38;21.92;Yes;0;0;0;0;0;0
139083;No;539;539;92;1307;0.76;0.58;Enabled;66.38;21.92;Yes;0;0;0;0;0;0
139113;No;539;539;92;1302;0.76;0.60;Enabled;66.38;21.92;Yes;0;0;0;0;0;0
139144;No;539;539;92;1297;0.76;0.62;Enabled;66.38;21.92;Yes;0;0;0;0;0;0
139170;No;539;539;92;1292;0.76;0.64;Enabled;66.38;21.92;Yes;0;0;0;0;0;0
139203;No;539;539;92;1286;0.76;0.66;Enabled;66.38;21.92;Yes;0;0;0;0;0;0
139261;No;539;539;92;1281;0.76;0.68;Enabled;66.38;21.92;Yes;0;0;0;0;0;0
139292;No;539;539;92;1276;0.76;0.70;Enabled;66.38;21.92;Yes;0;0;0;0;0;0
139323;No;539;539;92;1273;0.76;0.71;Enabled;66.38;21.92;Yes;0;0;0;0;0;0
139353;No;539;539;92;1270;0.76;0.73;Enabled;66.38;21.92;Yes;0;0;0;0;0;0
139384;No;539;539;92;1268;0.76;0.74;Disabled;66.38;21.92;Yes;0;0;0;0;0;0
139410;No;539;539;92;1265;0.76;0.74;Disabled;66.38;21.92;Yes;0;0;0;0;0;0
139444;No;539;539;92;1262;0.76;0.74;Disabled;66.38;21.92;Yes;0;0;0;0;0;0
139474;No;539;539;92;1259;0.75;0.74;Disabled;66.38;21.92;Yes;0;0;0;0;0;0
139505;No;539;539;92;1256;0.75;0.74;Disabled;66.38;21.92;Yes;0;0;0;0;0;0
139561;No;539;539;92;1254;0.75;0.75;Disabled;66.38;21.92;Yes;0;0;0;0;0;0
139592;No;539;539;92;1250;0.75;0.75;Disabled;66.38;21.92;Yes;0;0;0;0;0;0
139627;No;539;539;92;1248;0.75;0.75;Disabled;66.38;21.92;Yes;0;0;0;0;0;0
139652;No;539;539;92;1245;0.75;0.75;Disabled;66.38;21.92;Yes;0;0;0;0;0;0
139682;No;539;539;92;1242;0.75;0.75;Disabled;66.38;21.92;Yes;0;0;0;0;0;0
139711;No;539;539;92;1239;0.75;0.76;Disabled;66.38;21.92;Yes;0;0;0;0;0;0
139742;No;539;539;92;1236;0.75;0.76;Disabled;66.38;21.92;Yes;0;0;0;0;0;0
139772;No;539;539;92;1234;0.75;0.76;Disabled;66.38;21.92;Yes;0;0;0;0;0;0
139805;No;539;539;92;1231;0.75;0.76;Disabled;66.38;21.92;Yes;0;0;0;0;0;0
139862;No;539;539;92;1228;0.75;0.76;Disabled;66.38;21.92;Yes;0;0;0;0;0;0
139893;No;539;539;92;1226;0.75;0.77;Disabled;66.38;21.92;Yes;0;0;0;0;0;0
139925;No;539;539;92;1224;0.75;0.77;Disabled;66.38;21.92;Yes;0;0;0;0;0;0
139951;No;539;539;92;1223;0.75;0.77;Disabled;66.38;21.92;Yes;0;0;0;0;0;0
139983;No;539;539;92;1221;0.75;0.77;Disabled;66.38;21.92;Yes;0;0;0;0;0;0
140011;No;539;539;92;1219;0.75;0.77;Disabled;66.38;21.92;Yes;0;0;0;0;0;0
140043;No;539;539;92;1218;0.75;0.77;Disabled;66.38;21.92;Yes;0;0;0;0;0;0
140073;No;539;539;92;1216;0.75;0.76;Disabled;66.38;21.92;Yes;0;0;0;0;0;0
140106;No;539;539;92;1214;0.75;0.76;Disabled;66.38;21.92;Yes;0;0;0;0;0;0
140162;No;539;539;92;1212;0.75;0.76;Disabled;66.38;21.92;Yes;0;0;0;0;0;0
140194;No;539;539;92;1211;0.75;0.76;Disabled;66.38;21.92;Yes;0;0;0;0;0;0
140251;No;539;539;92;1209;0.75;0.76;Disabled;66.38;21.92;Yes;0;0;0;0;0;0
140283;No;539;539;92;1207;0.75;0.76;Disabled;66.38;21.92;Yes;0;0;0;0;0;0
140313;No;539;539;92;1206;0.75;0.76;Disabled;66.38;21.92;Yes;0;0;0;0;0;0
140344;No;539;539;92;1204;0.75;0.76;Disabled;66.38;21.92;Yes;0;0;0;0;0;0
140372;No;539;539;92;1202;0.75;0.76;Disabled;66.38;21.92;Yes;0;0;0;0;0;0
140403;No;539;539;92;1200;0.75;0.76;Disabled;66.38;21.92;Yes;0;0;0;0;0;0
140464;No;539;539;92;1198;0.75;0.76;Disabled;66.38;21.92;Yes;0;0;0;0;0;0
140491;No;539;539;92;1198;0.75;0.76;Disabled;66.38;21.92;Yes;0;0;0;0;0;0
140523;No;539;539;92;1197;0.75;0.76;Disabled;66.38;21.92;Yes;0;0;0;0;0;0
140553;No;539;539;92;1196;0.75;0.76;Disabled;66.38;21.92;Yes;0;0;0;0;0;0
140582;No;539;539;92;1196;0.75;0.76;Disabled;66.38;21.92;Yes;0;0;0;0;0;0
140613;No;539;539;92;1194;0.75;0.76;Disabled;66.38;21.92;Yes;0;0;0;0;0;0
140644;No;539;539;92;1194;0.75;0.76;Disabled;66.38;21.92;Yes;0;0;0;0;0;0
140671;No;539;539;92;1193;0.75;0.76;Disabled;66.38;21.92;Yes;0;0;0;0;0;0
140706;No;539;539;92;1192;0.75;0.76;Disabled;66.38;21.92;Yes;0;0;0;0;0;0
140761;No;539;539;92;1192;0.75;0.76;Disabled;66.38;21.92;Yes;0;0;0;0;0;0
140793;No;539;539;92;1191;0.75;0.76;Disabled;66.38;21.92;Yes;0;0;0;0;0;0
140822;No;539;539;92;1190;0.75;0.75;Disabled;66.38;21.92;Yes;0;0;0;0;0;0
140853;No;539;539;92;1189;0.75;0.75;Disabled;66.38;21.92;Yes;0;0;0;0;0;0
140884;No;539;539;92;1188;0.74;0.75;Disabled;66.38;21.92;Yes;0;0;0;0;0;0
140912;No;539;539;92;1188;0.74;0.75;Disabled;66.38;21.92;Yes;0;0;0;0;0;0
140944;No;539;539;92;1187;0.74;0.75;Disabled;66.38;21.92;Yes;0;0;0;0;0;0
140972;No;539;539;92;1186;0.74;0.75;Disabled;66.38;21.92;Yes;0;0;0;0;0;0
141005;No;539;539;92;1185;0.74;0.75;Disabled;66.38;21.92;Yes;0;0;0;0;0;0
141063;No;539;538;92;1184;0.74;0.75;Disabled;66.38;21.92;Yes;0;0;0;0;0;0
141091;No;539;538;92;1182;0.74;0.75;Disabled;66.38;21.92;Yes;0;0;0;0;0;0
141123;No;539;538;92;1180;0.74;0.75;Disabled;66.38;21.92;Yes;0;0;0;0;0;0
141153;No;538;538;92;1179;0.74;0.75;Disabled;66.38;21.92;Yes;0;0;0;0;0;0
141182;No;538;538;92;1177;0.74;0.75;Disabled;66.38;21.92;Yes;0;0;0;0;0;0
141212;No;538;538;92;1175;0.74;0.75;Disabled;66.38;21.92;Yes;0;0;0;0;0;0
141243;No;538;538;92;1174;0.74;0.75;Disabled;66.38;21.92;Yes;0;0;0;0;0;0
141273;No;538;538;92;1172;0.74;0.75;Disabled;66.38;21.92;Yes;0;0;0;0;0;0
141304;No;538;538;92;1170;0.74;0.75;Disabled;66.38;21.92;Yes;0;0;0;0;0;0
141364;No;538;538;92;1169;0.74;0.75;Disabled;66.38;21.92;Yes;0;0;0;0;0;0
141391;No;538;538;92;1167;0.74;0.75;Disabled;66.38;21.92;Yes;0;0;0;0;0;0
141423;No;538;538;92;1166;0.74;0.75;Disabled;66.38;21.92;Yes;0;0;0;0;0;0
141453;No;538;538;92;1164;0.74;0.75;Disabled;66.38;21.92;Yes;0;0;0;0;0;0
141499;No;538;538;92;1162;0.74;0.75;Disabled;66.38;21.92;Yes;0;0;0;0;0;0
141543;No;538;538;92;1160;0.74;0.75;Disabled;66.38;21.92;Yes;0;0;0;0;0;0
141574;No;538;538;92;1159;0.74;0.75;Disabled;66.38;21.92;Yes;0;0;0;0;0;0
141604;No;538;538;92;1157;0.74;0.75;Disabled;66.38;21.92;Yes;0;0;0;0;0;0
141665;No;538;538;92;1156;0.74;0.75;Disabled;66.38;21.92;Yes;0;0;0;0;0;0
141690;No;538;538;92;1154;0.74;0.75;Disabled;66.38;21.92;Yes;0;0;0;0;0;0
141725;No;538;538;92;1152;0.74;0.75;Disabled;66.38;21.92;Yes;0;0;0;0;0;0
141752;No;538;538;92;1150;0.74;0.75;Disabled;66.38;21.92;Yes;0;0;0;0;0;0
141781;No;538;538;92;1148;0.74;0.75;Disabled;66.38;21.92;Yes;0;0;0;0;0;0
141810;No;538;538;92;1146;0.74;0.75;Disabled;66.38;21.92;Yes;0;0;0;0;0;0
141844;No;538;538;92;1144;0.74;0.75;Disabled;66.38;21.92;Yes;0;0;0;0;0;0
141871;No;538;538;92;1142;0.74;0.75;Disabled;66.38;21.92;Yes;0;0;0;0;0;0
141906;No;538;538;92;1141;0.74;0.75;Disabled;66.38;21.92;Yes;0;0;0;0;0;0
141964;No;538;538;92;1139;0.74;0.75;Disabled;66.38;21.92;Yes;0;0;0;0;0;0
141991;No;538;538;92;1137;0.74;0.75;Disabled;66.38;21.92;Yes;0;0;0;0;0;0
142022;No;538;538;92;1135;0.74;0.75;Disabled;66.38;21.92;Yes;0;0;0;0;0;0
142052;No;538;538;92;1133;0.73;0.75;Disabled;66.38;21.92;Yes;0;0;0;0;0;0
142081;No;538;538;92;1132;0.73;0.74;Disabled;66.38;21.92;Yes;0;0;0;0;0;0
142110;No;538;538;92;1130;0.73;0.74;Disabled;66.38;21.92;Yes;0;0;0;0;0;0
142144;No;538;538;92;1128;0.73;0.74;Disabled;66.38;21.92;Yes;0;0;0;0;0;0
142174;No;538;538;92;1126;0.73;0.74;Disabled;66.38;21.92;Yes;0;0;0;0;0;0
142205;No;538;538;92;1119;0.73;0.74;Disabled;66.38;21.92;Yes;0;0;0;0;0;0
142264;No;538;538;92;1112;0.73;0.74;Disabled;66.38;21.92;Yes;0;0;0;0;0;0
142291;No;538;538;92;1105;0.73;0.74;Disabled;66.38;21.92;Yes;0;0;0;0;0;0
142325;No;538;538;92;1098;0.73;0.74;Disabled;66.38;21.92;Yes;0;0;0;0;0;0
142351;No;538;538;92;1092;0.73;0.74;Disabled;66.38;21.92;Yes;0;0;0;0;0;0
142382;No;538;538;92;1084;0.73;0.74;Disabled;66.38;21.92;Yes;0;0;0;0;0;0
142413;No;538;538;92;1078;0.73;0.74;Disabled;66.38;21.92;Yes;0;0;0;0;0;0
142444;No;538;538;92;1071;0.73;0.74;Disabled;66.38;21.92;Yes;0;0;0;0;0;0
142474;No;537;538;92;1064;0.73;0.74;Disabled;66.38;21.92;Yes;0;0;0;0;0;0
142505;No;537;537;92;1057;0.73;0.74;Disabled;66.38;21.92;Yes;0;0;0;0;0;0
142565;No;537;537;92;1050;0.73;0.74;Disabled;66.38;21.92;Yes;0;0;0;0;0;0
142591;No;537;537;92;1043;0.73;0.74;Disabled;66.38;21.92;Yes;0;0;0;0;0;0
142621;No;537;537;92;1036;0.73;0.74;Disabled;66.38;21.92;Yes;0;0;0;0;0;0
142652;No;537;537;92;1029;0.73;0.74;Disabled;66.38;21.92;Yes;0;0;0;0;0;0
142682;No;537;537;92;1022;0.73;0.74;Disabled;66.38;21.92;Yes;0;0;0;0;0;0
142711;No;537;537;92;1016;0.73;0.74;Disabled;66.38;21.92;Yes;0;0;0;0;0;0
142742;No;537;537;92;1008;0.73;0.74;Disabled;66.38;21.92;Yes;0;0;0;0;0;0
142779;No;537;537;92;1006;0.73;0.74;Disabled;66.38;21.92;Yes;0;0;0;0;0;0
142804;No;537;537;92;1003;0.73;0.74;Disabled;66.38;21.92;Yes;0;0;0;0;0;0
142865;No;537;537;92;1000;0.73;0.74;Disabled;66.38;21.92;Yes;0;0;0;0;0;0
142894;No;537;537;92;997;0.73;0.74;Disabled;66.38;21.92;Yes;0;0;0;0;0;0
142922;No;537;537;92;994;0.73;0.74;Disabled;66.38;21.92;Yes;0;0;0;0;0;0
142955;No;537;537;92;992;0.73;0.74;Disabled;66.38;21.92;Yes;0;0;0;0;0;0
142985;No;537;537;92;989;0.73;0.74;Disabled;66.38;21.92;Yes;0;0;0;0;0;0
143013;No;537;537;92;986;0.73;0.74;Disabled;66.38;21.92;Yes;0;0;0;0;0;0
143045;No;537;537;92;983;0.73;0.74;Disabled;66.38;21.92;Yes;0;0;0;0;0;0
143074;No;537;537;92;980;0.73;0.74;Disabled;66.38;21.92;Yes;0;0;0;0;0;0
143104;No;537;537;92;978;0.73;0.74;Disabled;66.38;21.92;Yes;0;0;0;0;0;0
143165;No;537;537;92;974;0.73;0.74;Disabled;66.38;21.92;Yes;0;0;0;0;0;0
143192;No;537;537;92;972;0.73;0.74;Disabled;66.38;21.92;Yes;0;0;0;0;0;0
143222;No;537;537;92;969;0.73;0.73;Disabled;66.38;21.92;Yes;0;0;0;0;0;0
143254;No;537;537;92;966;0.73;0.73;Disabled;66.38;21.92;Yes;0;0;0;0;0;0
143282;No;537;537;92;963;0.73;0.73;Disabled;66.38;21.92;Yes;0;0;0;0;0;0
143313;No;537;537;92;960;0.73;0.73;Disabled;66.38;21.92;Yes;0;0;0;0;0;0
143345;No;537;537;92;959;0.73;0.73;Disabled;66.38;21.92;Yes;0;0;0;0;0;0
143373;No;537;537;92;957;0.73;0.73;Disabled;66.38;21.92;Yes;0;0;0;0;0;0
143405;No;537;537;92;956;0.73;0.73;Disabled;66.38;21.92;Yes;0;0;0;0;0;0
143464;No;537;537;92;954;0.73;0.73;Disabled;66.38;21.92;Yes;0;0;0;0;0;0
143491;No;537;537;92;952;0.73;0.73;Disabled;66.38;21.92;Yes;0;0;0;0;0;0
143525;No;537;537;92;951;0.73;0.73;Disabled;66.38;21.92;Yes;0;0;0;0;0;0
143551;No;537;537;92;949;0.72;0.73;Disabled;66.38;21.92;Yes;0;0;0;0;0;0
143584;No;537;537;93;948;0.72;0.73;Disabled;66.38;21.92;Yes;0;0;0;0;0;0
143611;No;537;537;93;946;0.72;0.73;Disabled;66.38;21.92;Yes;0;0;0;0;0;0
143641;No;537;537;93;944;0.72;0.73;Disabled;66.38;21.92;Yes;0;0;0;0;0;0
143676;No;537;537;93;942;0.72;0.73;Disabled;66.38;21.92;Yes;0;0;0;0;0;0
143704;No;537;537;93;941;0.72;0.73;Disabled;66.38;21.92;Yes;0;0;0;0;0;0
143763;No;536;536;93;939;0.72;0.73;Disabled;66.38;21.92;Yes;0;0;0;0;0;0
143792;No;536;536;93;938;0.72;0.73;Disabled;66.38;21.92;Yes;0;0;0;0;0;0
143824;No;536;536;93;936;0.72;0.73;Disabled;66.38;21.92;Yes;0;0;0;0;0;0
143852;No;536;536;93;934;0.72;0.73;Disabled;66.38;21.92;Yes;0;0;0;0;0;0
143884;No;536;536;93;933;0.72;0.73;Disabled;66.38;21.92;Yes;0;0;0;0;0;0
143914;No;536;536;93;931;0.72;0.73;Disabled;66.38;21.92;Yes;0;0;0;0;0;0
143945;No;536;536;93;930;0.72;0.73;Disabled;66.38;21.92;Yes;0;0;0;0;0;0
143972;No;536;536;93;928;0.72;0.73;Disabled;66.38;21.92;Yes;0;0;0;0;0;0
144006;No;536;536;93;927;0.72;0.73;Disabled;66.38;21.92;Yes;0;0;0;0;0;0
144087;No;536;536;93;926;0.72;0.73;Disabled;66.38;21.92;Yes;0;0;0;0;0;0
144121;No;536;536;93;924;0.72;0.73;Disabled;66.38;21.92;Yes;0;0;0;0;0;0
144152;No;536;536;93;922;0.72;0.73;Disabled;66.38;21.92;Yes;0;0;0;0;0;0
144182;No;536;536;93;921;0.72;0.73;Disabled;66.38;21.92;Yes;0;0;0;0;0;0
144210;No;536;536;93;920;0.72;0.73;Disabled;66.38;21.92;Yes;0;0;0;0;0;0
144245;No;536;536;93;918;0.72;0.73;Disabled;66.38;21.92;Yes;0;0;0;0;0;0
144274;No;536;536;93;917;0.72;0.73;Disabled;66.38;21.92;Yes;0;0;0;0;0;0
144304;No;536;536;93;915;0.72;0.73;Disabled;66.38;21.92;Yes;0;0;0;0;0;0
144364;No;536;536;93;914;0.72;0.73;Disabled;66.38;21.92;Yes;0;0;0;0;0;0
144393;No;536;536;93;912;0.72;0.73;Disabled;66.38;21.92;Yes;0;0;0;0;0;0
144425;No;536;536;93;911;0.72;0.73;Disabled;66.38;21.92;Yes;0;0;0;0;0;0
144451;No;536;536;93;910;0.72;0.73;Disabled;66.38;21.92;Yes;0;0;0;0;0;0
144485;No;536;536;93;908;0.72;0.73;Disabled;66.38;21.92;Yes;0;0;0;0;0;0
144513;No;536;536;93;905;0.72;0.73;Disabled;66.38;21.92;Yes;0;0;0;0;0;0
144545;No;536;536;93;902;0.72;0.73;Disabled;66.38;21.92;Yes;0;0;0;0;0;0
144572;No;536;536;93;898;0.72;0.73;Disabled;66.38;21.92;Yes;0;0;0;0;0;0
144606;No;536;536;93;895;0.72;0.73;Disabled;66.38;21.92;Yes;0;0;0;0;0;0
144665;No;536;536;93;892;0.72;0.73;Disabled;66.38;21.92;Yes;0;0;0;0;0;0
144692;No;536;536;93;889;0.72;0.73;Disabled;66.38;21.92;Yes;0;0;0;0;0;0
144723;No;536;536;93;886;0.72;0.73;Disabled;66.38;21.92;Yes;0;0;0;0;0;0
144754;No;536;536;93;882;0.72;0.73;Disabled;66.38;21.92;Yes;0;0;0;0;0;0
144784;No;536;536;93;879;0.72;0.73;Disabled;66.38;21.92;Yes;0;0;0;0;0;0
144813;No;536;536;93;876;0.72;0.73;Disabled;66.38;21.92;Yes;0;0;0;0;0;0
144845;No;536;536;93;873;0.72;0.73;Disabled;66.38;21.92;Yes;0;0;0;0;0;0
144872;No;536;536;93;870;0.72;0.73;Disabled;66.38;21.92;Yes;0;0;0;0;0;0
144907;No;535;536;93;866;0.72;0.73;Disabled;66.38;21.92;Yes;0;0;0;0;0;0
144965;No;535;535;93;863;0.72;0.73;Disabled;66.38;21.92;Yes;0;0;0;0;0;0
144992;No;535;535;93;860;0.72;0.73;Disabled;66.38;21.92;Yes;0;0;0;0;0;0
145025;No;535;535;93;857;0.72;0.73;Disabled;66.38;21.92;Yes;0;0;0;0;0;0
145051;No;535;535;93;854;0.72;0.73;Disabled;66.38;21.92;Yes;0;0;0;0;0;0
145082;No;535;535;93;849;0.72;0.73;Disabled;66.38;21.92;Yes;0;0;0;0;0;0
145111;No;535;535;93;845;0.72;0.73;Disabled;66.38;21.92;Yes;0;0;0;0;0;0
145142;No;535;535;93;840;0.72;0.73;Disabled;66.38;21.92;Yes;0;0;0;0;0;0
145171;No;535;535;93;836;0.72;0.73;Disabled;66.38;21.92;Yes;0;0;0;0;0;0
145206;No;535;535;93;832;0.71;0.73;Disabled;66.38;21.92;Yes;0;0;0;0;0;0
145266;No;535;535;93;827;0.71;0.73;Disabled;66.38;21.92;Yes;0;0;0;0;0;0
145291;No;535;535;93;823;0.71;0.73;Disabled;66.38;21.92;Yes;0;0;0;0;0;0
145337;No;535;535;93;818;0.71;0.73;Disabled;66.38;21.92;Yes;0;0;0;0;0;0
145352;No;535;535;93;814;0.71;0.73;Disabled;66.38;21.92;Yes;0;0;0;0;0;0
145384;No;535;535;93;809;0.71;0.73;Disabled;66.38;21.92;Yes;0;0;0;0;0;0
145411;No;535;535;93;805;0.71;0.73;Disabled;66.38;21.92;Yes;0;0;0;0;0;0
145445;No;535;535;93;800;0.71;0.73;Disabled;66.38;21.92;Yes;0;0;0;0;0;0
145472;No;535;535;93;796;0.71;0.73;Disabled;66.38;21.92;Yes;0;0;0;0;0;0
145506;No;535;535;93;792;0.71;0.72;Disabled;66.38;21.92;Yes;0;0;0;0;0;0
145564;No;535;535;93;787;0.71;0.72;Disabled;66.38;21.92;Yes;0;0;0;0;0;0
145591;No;535;535;93;783;0.71;0.72;Disabled;66.38;21.92;Yes;0;0;0;0;0;0
145626;No;535;535;93;778;0.71;0.72;Disabled;66.38;21.92;Yes;0;0;0;0;0;0
145653;No;535;535;93;775;0.70;0.72;Disabled;66.38;21.92;Yes;0;0;0;0;0;0
145684;No;535;535;93;772;0.68;0.72;Disabled;66.38;21.92;Yes;0;0;0;0;0;0
145712;No;535;535;93;770;0.66;0.72;Disabled;66.38;21.92;Yes;0;0;0;0;0;0
145745;No;535;535;93;767;0.64;0.72;Disabled;66.38;21.92;Yes;0;0;0;0;0;0
145774;No;535;535;93;764;0.62;0.72;Disabled;66.38;21.92;Yes;0;0;0;0;0;0
145807;No;534;534;93;761;0.60;0.72;Disabled;66.38;21.92;Yes;0;0;0;0;0;0
145866;No;534;534;93;758;0.58;0.72;Disabled;66.38;21.92;Yes;0;0;0;0;0;0
145894;No;534;534;93;755;0.56;0.72;Disabled;66.38;21.92;Yes;0;0;0;0;0;0
145921;No;534;534;93;752;0.54;0.72;Disabled;66.38;21.92;Yes;0;0;0;0;0;0
145951;No;534;534;93;750;0.52;0.72;Disabled;66.38;21.92;Yes;0;0;0;0;0;0
145981;No;534;534;93;746;0.49;0.72;Disabled;66.38;21.92;Yes;0;0;0;0;0;0
146010;No;534;534;93;744;0.47;0.72;Disabled;66.38;21.92;Yes;0;0;0;0;0;0
146044;No;534;534;93;741;0.45;0.72;Disabled;66.38;21.92;Yes;0;0;0;0;0;0
146076;No;534;534;93;738;0.43;0.72;Disabled;66.38;21.92;Yes;0;0;0;0;0;0
146104;No;534;534;93;735;0.41;0.72;Disabled;66.38;21.92;Yes;0;0;0;0;0;0
146166;No;534;534;93;732;0.39;0.72;Disabled;66.38;21.92;Yes;0;0;0;0;0;0
146197;No;534;534;93;729;0.37;0.72;Disabled;66.38;21.92;Yes;0;0;0;0;0;0
146223;No;534;534;93;726;0.35;0.72;Disabled;66.38;21.92;Yes;0;0;0;0;0;0
146254;No;534;534;93;723;0.34;0.72;Disabled;66.38;21.92;Yes;0;0;0;0;0;0
146286;No;534;534;93;720;0.32;0.72;Disabled;66.38;21.92;Yes;0;0;0;0;0;0
146314;No;534;534;93;718;0.31;0.72;Disabled;66.38;21.92;Yes;0;0;0;0;0;0
146344;No;534;534;93;714;0.30;0.72;Disabled;66.38;21.92;Yes;0;0;0;0;0;0
146371;No;534;534;93;712;0.29;0.72;Disabled;66.38;21.92;Yes;0;0;0;0;0;0
146406;No;534;534;93;709;0.28;0.72;Disabled;66.38;21.92;Yes;0;0;0;0;0;0
146464;No;534;534;92;706;0.27;0.72;Disabled;66.38;21.92;Yes;0;0;0;0;0;0
146491;No;534;534;92;703;0.25;0.72;Disabled;66.38;21.92;Yes;0;0;0;0;0;0
146525;No;534;534;92;700;0.24;0.72;Disabled;66.38;21.92;Yes;0;0;0;0;0;0
146551;No;534;534;92;697;0.23;0.72;Disabled;66.38;21.92;Yes;0;0;0;0;0;0
146582;No;534;534;92;694;0.22;0.72;Disabled;66.38;21.92;Yes;0;0;0;0;0;0
146620;No;533;534;92;691;0.21;0.72;Disabled;66.38;21.92;Yes;0;0;0;0;0;0
146643;No;533;533;92;688;0.19;0.72;Disabled;66.38;21.92;Yes;0;0;0;0;0;0
146673;No;533;533;92;685;0.18;0.72;Disabled;66.38;21.92;Yes;0;0;0;0;0;0
146705;No;533;533;92;682;0.17;0.72;Disabled;66.38;21.92;Yes;0;0;0;0;0;0
146765;No;533;533;92;679;0.16;0.72;Disabled;66.38;21.92;Yes;0;0;0;0;0;0
146791;No;533;533;92;680;0.15;0.72;Disabled;66.38;21.92;Yes;0;0;0;0;0;0
146822;No;533;533;92;682;0.15;0.72;Disabled;66.38;21.92;Yes;0;0;0;0;0;0
146851;No;533;533;92;683;0.15;0.72;Disabled;66.38;21.92;Yes;0;0;0;0;0;0
146882;No;533;533;92;684;0.15;0.72;Disabled;66.38;21.92;Yes;0;0;0;0;0;0
146914;No;533;533;92;685;0.15;0.72;Disabled;66.38;21.92;Yes;0;0;0;0;0;0
146944;No;533;533;92;686;0.15;0.72;Disabled;66.38;21.92;Yes;0;0;0;0;0;0
146971;No;533;533;92;688;0.15;0.72;Disabled;66.38;21.92;Yes;0;0;0;0;0;0
147007;No;533;533;92;689;0.16;0.72;Disabled;66.38;21.92;Yes;0;0;0;0;0;0
147064;No;533;533;92;690;0.16;0.72;Disabled;66.38;21.92;Yes;0;0;0;0;0;0
147093;No;533;533;92;692;0.16;0.72;Disabled;66.38;21.92;Yes;0;0;0;0;0;0
147125;No;533;533;92;693;0.16;0.72;Disabled;66.38;21.92;Yes;0;0;0;0;0;0
147151;No;533;533;92;694;0.16;0.72;Disabled;66.38;21.92;Yes;0;0;0;0;0;0
147181;No;533;533;92;695;0.16;0.72;Disabled;66.38;21.92;Yes;0;0;0;0;0;0
147211;No;533;533;92;696;0.16;0.72;Disabled;66.38;21.92;Yes;0;0;0;0;0;0
147241;No;533;533;92;698;0.16;0.72;Disabled;66.38;21.92;Yes;0;0;0;0;0;0
147272;No;533;533;92;699;0.17;0.72;Disabled;66.38;21.92;Yes;0;0;0;0;0;0
147304;No;532;532;92;700;0.17;0.72;Disabled;66.38;21.92;Yes;0;0;0;0;0;0
147365;No;532;532;92;702;0.17;0.72;Disabled;66.38;21.92;Yes;0;0;0;0;0;0
147393;No;532;532;92;704;0.17;0.72;Disabled;66.38;21.92;Yes;0;0;0;0;0;0
147424;No;532;532;92;707;0.17;0.72;Disabled;66.38;21.92;Yes;0;0;0;0;0;0
147455;No;532;532;92;709;0.17;0.72;Disabled;66.38;21.92;Yes;0;0;0;0;0;0
147483;No;532;532;92;711;0.18;0.72;Disabled;66.38;21.92;Yes;0;0;0;0;0;0
147511;No;532;532;92;714;0.18;0.72;Disabled;66.38;21.92;Yes;0;0;0;0;0;0
147542;No;532;532;92;716;0.18;0.72;Disabled;66.38;21.92;Yes;0;0;0;0;0;0
147571;No;532;532;92;718;0.19;0.72;Disabled;66.38;21.92;Yes;0;0;0;0;0;0
147606;No;532;532;92;720;0.19;0.72;Disabled;66.38;21.92;Yes;0;0;0;0;0;0
147666;No;532;532;92;722;0.19;0.72;Disabled;66.38;21.92;Yes;0;0;0;0;0;0
147692;No;532;532;92;725;0.19;0.72;Disabled;66.38;21.92;Yes;0;0;0;0;0;0
147721;No;532;532;92;727;0.20;0.72;Disabled;66.38;21.92;Yes;0;0;0;0;0;0
147752;No;532;532;92;729;0.20;0.72;Disabled;66.38;21.92;Yes;0;0;0;0;0;0
147781;No;532;532;92;732;0.20;0.71;Disabled;66.38;21.92;Yes;0;0;0;0;0;0
147811;No;532;532;92;734;0.20;0.71;Disabled;66.38;21.92;Yes;0;0;0;0;0;0
147842;No;532;532;92;736;0.21;0.71;Disabled;66.38;21.92;Yes;0;0;0;0;0;0
147872;No;531;532;92;738;0.21;0.71;Disabled;66.38;21.92;Yes;0;0;0;0;0;0
147967;No;531;531;92;774;0.21;0.71;Disabled;66.38;21.92;Yes;0;0;0;0;0;0
147991;No;531;531;92;809;0.24;0.71;Disabled;66.38;21.92;Yes;0;0;0;0;0;0
148025;No;531;531;92;844;0.27;0.72;Disabled;66.38;21.92;Yes;0;0;0;0;0;0
148050;No;531;531;92;879;0.30;0.72;Disabled;66.38;21.92;Yes;0;0;0;0;0;0
148082;No;531;531;92;914;0.33;0.72;Disabled;66.38;21.92;Yes;0;0;0;0;0;0
148111;No;531;531;92;950;0.37;0.73;Disabled;66.38;21.92;Yes;0;0;0;0;0;0
148163;No;531;531;92;985;0.40;0.73;Disabled;66.38;21.92;Yes;0;0;0;0;0;0
148332;No;530;531;92;1020;0.43;0.73;Disabled;66.38;21.92;Yes;0;0;0;0;0;0
148501;No;530;530;92;1055;0.46;0.74;Disabled;66.38;21.92;Yes;0;0;0;0;0;0
148699;No;530;530;92;1090;0.49;0.74;Disabled;66.38;21.92;Yes;0;0;0;0;0;0
148937;No;530;530;92;1126;0.52;0.75;Disabled;66.38;21.92;Yes;0;0;0;0;0;0
149104;No;530;530;92;1161;0.55;0.75;Disabled;66.38;21.92;Yes;0;0;0;0;0;0
149275;No;530;530;92;1196;0.58;0.75;Disabled;66.38;21.92;Yes;0;0;0;0;0;0
149476;No;530;530;92;1231;0.61;0.75;Disabled;66.38;21.92;Yes;0;0;0;0;0;0
149672;No;530;530;92;1266;0.65;0.76;Disabled;66.38;21.92;Yes;0;0;0;0;0;0
149906;No;530;530;92;1302;0.68;0.76;Disabled;66.38;21.92;Yes;0;0;0;0;0;0
150140;No;530;530;92;1337;0.71;0.77;Disabled;66.38;21.92;Yes;0;0;0;0;0;0
150309;No;530;530;92;1378;0.74;0.77;Disabled;66.38;21.92;Yes;0;0;0;0;0;0
150478;No;530;530;92;1419;0.74;0.77;Disabled;66.38;21.92;Yes;0;0;0;0;0;0
150749;No;531;531;92;1460;0.74;0.77;Enabled;66.38;21.92;Yes;0;0;0;0;0;0
150920;No;531;531;92;1502;0.73;0.77;Enabled;66.38;21.92;Yes;0;0;0;0;0;0
151155;No;531;531;92;1543;0.73;0.77;Enabled;66.38;21.92;Yes;0;0;0;0;0;0
151324;No;531;531;92;1584;0.73;0.76;Enabled;66.38;21.92;Yes;0;0;0;0;0;0
151496;No;531;532;92;1625;0.73;0.76;Enabled;66.38;21.92;Yes;0;0;0;0;0;0
151739;No;531;532;91;1666;0.73;0.76;Enabled;66.38;21.92;Yes;0;0;0;0;0;0
151909;No;532;532;91;1708;0.73;0.76;Enabled;66.38;21.92;Yes;0;0;0;0;0;0
152143;No;532;532;91;1749;0.73;0.75;Enabled;66.38;21.92;Yes;0;0;0;0;0;0
152342;No;532;532;91;1790;0.73;0.75;Enabled;66.38;21.92;Yes;0;0;0;0;0;0
152579;No;532;532;91;1831;0.73;0.75;Enabled;66.38;21.92;Yes;0;0;0;0;0;0
152749;No;532;533;91;1872;0.72;0.75;Enabled;66.38;21.92;Yes;0;0;0;0;0;0
152947;No;532;533;91;1914;0.72;0.75;Enabled;66.38;21.92;Yes;0;0;0;0;0;0
153184;No;533;533;91;1954;0.72;0.74;Enabled;66.38;21.92;Yes;0;0;0;0;0;0
153456;No;534;534;91;1996;0.72;0.74;Enabled;66.38;21.92;Yes;0;0;0;0;0;0
153626;No;534;534;91;2037;0.72;0.74;Enabled;66.38;21.92;Yes;0;0;0;0;0;0
153796;No;535;535;91;2087;0.72;0.74;Enabled;66.38;21.92;Yes;0;0;0;0;0;0
154058;No;536;536;91;2136;0.70;0.73;Enabled;66.38;21.92;Yes;0;0;0;0;0;0
154203;No;536;536;91;2186;0.68;0.71;Enabled;66.38;21.92;Yes;0;0;0;0;0;0
154234;No;537;537;91;2236;0.66;0.69;Enabled;66.38;21.92;Yes;0;0;0;0;0;0
154265;No;538;538;91;2286;0.65;0.67;Enabled;66.38;21.92;Yes;0;0;0;0;0;0
154299;No;539;538;91;2336;0.63;0.65;Enabled;66.38;21.92;Yes;0;0;0;0;0;0
154323;No;539;539;91;2385;0.61;0.63;Enabled;66.38;21.92;Yes;0;0;0;0;0;0
154352;No;540;540;91;2435;0.59;0.61;Enabled;66.38;21.92;Yes;0;0;0;0;0;0
154382;No;541;540;91;2485;0.57;0.59;Enabled;66.38;21.92;Yes;0;0;0;0;0;0
154413;No;542;541;91;2534;0.55;0.57;Enabled;66.38;21.92;Yes;0;0;0;0;0;0
154475;No;542;542;91;2584;0.54;0.55;Enabled;66.38;21.92;Yes;0;0;0;0;0;0
154504;No;543;542;91;2634;0.52;0.53;Enabled;66.38;21.92;Yes;0;0;0;0;0;0
154534;No;544;543;91;2684;0.50;0.51;Enabled;66.38;21.92;Yes;0;0;0;0;0;0
154564;No;544;544;91;2734;0.48;0.49;Enabled;66.38;21.92;Yes;0;0;0;0;0;0
154591;No;545;544;91;2783;0.46;0.46;Enabled;66.38;21.92;Yes;0;0;0;0;0;0
154626;No;546;545;91;2833;0.44;0.44;Enabled;66.38;21.92;Yes;0;0;0;0;0;0
154651;No;546;546;91;2883;0.42;0.42;Enabled;66.38;21.92;Yes;0;0;0;0;0;0
154681;No;547;546;91;2840;0.41;0.40;Enabled;66.38;21.92;Yes;0;0;0;0;0;0
154712;No;547;547;91;2798;0.39;0.38;Enabled;66.38;21.92;Yes;0;0;0;0;0;0
154773;No;548;547;91;2756;0.37;0.40;Enabled;66.38;21.92;Yes;0;0;0;0;0;0
154805;No;548;548;91;2714;0.36;0.43;Enabled;66.38;21.92;Yes;0;0;0;0;0;0
154834;No;549;548;91;2672;0.34;0.45;Enabled;66.38;21.92;Yes;0;0;0;0;0;0
154863;No;549;549;91;2630;0.32;0.47;Enabled;66.38;21.92;Yes;0;0;0;0;0;0
154894;No;550;549;91;2587;0.30;0.49;Enabled;66.38;21.92;Yes;0;0;0;0;0;0
154925;No;550;550;91;2545;0.29;0.51;Enabled;66.38;21.92;Yes;0;0;0;0;0;0
154954;No;551;550;91;2503;0.27;0.54;Enabled;66.38;21.92;Yes;0;0;0;0;0;0
154983;No;552;551;91;2461;0.25;0.56;Enabled;66.38;21.92;Yes;0;0;0;0;0;0
155014;No;552;552;91;2418;0.24;0.58;Enabled;66.38;21.92;Yes;0;0;0;0;0;0
155071;No;552;552;91;2376;0.22;0.60;Enabled;66.38;21.92;Yes;0;0;0;0;0;0
155106;No;553;552;91;2334;0.20;0.62;Enabled;66.38;21.92;Yes;0;0;0;0;0;0
155130;No;554;553;91;2292;0.19;0.65;Enabled;66.38;21.92;Yes;0;0;0;0;0;0
155161;No;554;554;91;2250;0.17;0.67;Enabled;66.38;21.92;Yes;0;0;0;0;0;0
155192;No;554;554;91;2208;0.15;0.69;Enabled;66.38;21.92;Yes;0;0;0;0;0;0
155226;No;554;554;91;2165;0.13;0.71;Enabled;66.38;21.92;Yes;0;0;0;0;0;0
155254;No;555;554;91;2136;0.12;0.74;Enabled;66.38;21.92;Yes;0;0;0;0;0;0
155284;No;555;555;91;2106;0.16;0.76;Enabled;66.38;21.92;Yes;0;0;0;0;0;0
155311;No;555;555;91;2076;0.19;0.76;Disabled;66.38;21.92;Yes;0;0;0;0;0;0
155373;No;556;555;91;2046;0.23;0.76;Disabled;66.38;21.92;Yes;0;0;0;0;0;0
155403;No;556;556;91;2017;0.27;0.75;Disabled;66.38;21.92;Yes;0;0;0;0;0;0
155434;No;556;556;91;1987;0.31;0.75;Disabled;66.38;21.92;Yes;0;0;0;0;0;0
155464;No;556;556;91;1958;0.35;0.75;Disabled;66.38;21.92;Yes;0;0;0;0;0;0
155492;No;557;556;91;1928;0.38;0.75;Disabled;66.38;21.92;Yes;0;0;0;0;0;0
155528;No;557;557;91;1898;0.42;0.75;Disabled;66.38;21.92;Yes;0;0;0;0;0;0
155551;No;557;557;91;1868;0.46;0.75;Disabled;66.38;21.92;Yes;0;0;0;0;0;0
155612;No;558;557;91;1839;0.50;0.75;Disabled;66.38;21.92;Yes;0;0;0;0;0;0
155673;No;558;558;91;1809;0.54;0.75;Disabled;66.38;21.92;Yes;0;0;0;0;0;0
155706;No;558;558;91;1779;0.57;0.75;Disabled;66.38;21.92;Yes;0;0;0;0;0;0
155734;No;558;558;91;1750;0.61;0.75;Disabled;66.38;21.92;Yes;0;0;0;0;0;0
155765;No;558;558;91;1720;0.65;0.75;Disabled;66.38;21.92;Yes;0;0;0;0;0;0
155794;No;559;558;91;1690;0.69;0.75;Disabled;66.38;21.92;Yes;0;0;0;0;0;0
155824;No;559;559;91;1660;0.72;0.75;Disabled;66.38;21.92;Yes;0;0;0;0;0;0
155852;No;559;559;91;1673;0.76;0.74;Disabled;66.38;21.92;Yes;0;0;0;0;0;0
155884;No;559;559;91;1686;0.76;0.74;Disabled;66.38;21.92;Yes;0;0;0;0;0;0
155912;No;559;559;91;1699;0.77;0.75;Disabled;66.38;21.92;Yes;0;0;0;0;0;0
155971;No;560;560;91;1712;0.77;0.75;Disabled;66.38;21.92;Yes;0;0;0;0;0;0
156005;No;560;560;91;1724;0.77;0.75;Disabled;66.38;21.92;Yes;0;0;0;0;0;0
156033;No;560;560;91;1737;0.77;0.75;Disabled;66.38;21.92;Yes;0;0;0;0;0;0
156062;No;560;560;91;1750;0.78;0.75;Disabled;66.38;21.92;Yes;0;0;0;0;0;0
156094;No;560;560;91;1763;0.78;0.75;Disabled;66.38;21.92;Yes;0;0;0;0;0;0
156124;No;560;561;91;1776;0.78;0.75;Disabled;66.38;21.92;Yes;0;0;0;0;0;0
156152;No;560;561;91;1788;0.78;0.76;Disabled;66.38;21.92;Yes;0;0;0;0;0;0
156185;No;561;561;91;1801;0.79;0.76;Disabled;66.38;21.92;Yes;0;0;0;0;0;0
156213;No;561;561;91;1814;0.79;0.76;Disabled;66.38;21.92;Yes;0;0;0;0;0;0
156272;No;561;561;91;1827;0.79;0.76;Disabled;66.38;21.92;Yes;0;0;0;0;0;0
156305;No;561;562;91;1840;0.79;0.76;Disabled;66.38;21.92;Yes;0;0;0;0;0;0
156333;No;561;562;91;1852;0.79;0.77;Disabled;66.38;21.92;Yes;0;0;0;0;0;0
156362;No;562;562;91;1865;0.80;0.77;Disabled;66.38;21.92;Yes;0;0;0;0;0;0
156394;No;562;562;91;1878;0.80;0.77;Disabled;66.38;21.92;Yes;0;0;0;0;0;0
156424;No;562;563;91;1872;0.80;0.77;Disabled;66.38;21.92;Yes;0;0;0;0;0;0
156451;No;562;563;91;1866;0.80;0.77;Disabled;66.38;21.92;Yes;0;0;0;0;0;0
156485;No;563;563;91;1860;0.80;0.77;Enabled;66.38;21.92;Yes;0;0;0;0;0;0
156513;No;563;563;91;1854;0.80;0.77;Enabled;66.38;21.92;Yes;0;0;0;0;0;0
156572;No;563;564;91;1848;0.80;0.77;Enabled;66.38;21.92;Yes;0;0;0;0;0;0
156603;No;563;564;91;1842;0.80;0.76;Enabled;66.38;21.92;Yes;0;0;0;0;0;0
156633;No;564;564;91;1837;0.80;0.76;Enabled;66.38;21.92;Yes;0;0;0;0;0;0
156663;No;564;564;91;1831;0.80;0.76;Enabled;66.38;21.92;Yes;0;0;0;0;0;0
156691;No;564;565;91;1825;0.79;0.76;Enabled;66.38;21.92;Yes;0;0;0;0;0;0
156725;No;564;565;91;1819;0.79;0.75;Enabled;66.38;21.92;Yes;0;0;0;0;0;0
156752;No;565;565;91;1813;0.79;0.75;Enabled;66.38;21.92;Yes;0;0;0;0;0;0
156786;No;565;565;91;1807;0.79;0.75;Enabled;66.38;21.92;Yes;0;0;0;0;0;0
156814;No;565;566;91;1801;0.79;0.75;Enabled;66.38;21.92;Yes;0;0;0;0;0;0
156904;No;565;566;91;1796;0.79;0.75;Enabled;66.38;21.92;Yes;0;0;0;0;0;0
156930;No;566;566;91;1790;0.79;0.74;Enabled;66.38;21.92;Yes;0;0;0;0;0;0
156965;No;566;566;91;1784;0.79;0.74;Enabled;66.38;21.92;Yes;0;0;0;0;0;0
156993;No;566;566;91;1778;0.79;0.74;Enabled;66.38;21.92;Yes;0;0;0;0;0;0
157023;No;566;567;91;1774;0.79;0.74;Enabled;66.38;21.92;Yes;0;0;0;0;0;0
157053;No;566;567;91;1770;0.78;0.73;Enabled;66.38;21.92;Yes;0;0;0;0;0;0
157083;No;567;567;91;1766;0.78;0.73;Enabled;66.38;21.92;Yes;0;0;0;0;0;0
157113;No;567;567;91;1762;0.78;0.73;Enabled;66.38;21.92;Yes;0;0;0;0;0;0
157174;No;567;567;91;1758;0.77;0.72;Enabled;66.38;21.92;Yes;0;0;0;0;0;0
157204;No;568;568;91;1754;0.77;0.72;Enabled;66.38;21.92;Yes;0;0;0;0;0;0
157230;No;568;568;91;1750;0.77;0.72;Enabled;66.38;21.92;Yes;0;0;0;0;0;0
157262;No;568;568;91;1746;0.76;0.71;Enabled;66.38;21.92;Yes;0;0;0;0;0;0
157294;No;568;568;91;1742;0.76;0.71;Enabled;66.38;21.92;Yes;0;0;0;0;0;0
157324;No;568;568;91;1739;0.76;0.71;Enabled;66.38;21.92;Yes;0;0;0;0;0;0
157350;No;569;568;91;1735;0.76;0.70;Enabled;66.38;21.92;Yes;0;0;0;0;0;0
157384;No;569;569;91;1731;0.75;0.70;Enabled;66.38;21.92;Yes;0;0;0;0;0;0
157413;No;569;569;91;1727;0.75;0.70;Enabled;66.38;21.92;Yes;0;0;0;0;0;0
157474;No;569;569;91;1723;0.75;0.69;Enabled;66.38;21.92;Yes;0;0;0;0;0;0
157504;No;570;569;91;1719;0.74;0.69;Enabled;66.38;21.92;Yes;0;0;0;0;0;0
157530;No;570;570;91;1715;0.74;0.69;Enabled;66.38;21.92;Yes;0;0;0;0;0;0
157562;No;570;570;91;1711;0.74;0.68;Enabled;66.38;21.92;Yes;0;0;0;0;0;0
157592;No;570;570;91;1708;0.73;0.68;Enabled;66.38;21.92;Yes;0;0;0;0;0;0
157623;No;570;570;91;1705;0.73;0.67;Enabled;66.38;21.92;Yes;0;0;0;0;0;0
157653;No;570;570;91;1702;0.73;0.68;Enabled;66.38;21.92;Yes;0;0;0;0;0;0
157685;No;571;570;91;1699;0.73;0.68;Enabled;66.38;21.92;Yes;0;0;0;0;0;0
157713;No;571;571;91;1696;0.72;0.68;Enabled;66.38;21.92;Yes;0;0;0;0;0;0
157774;No;571;571;91;1693;0.72;0.68;Enabled;66.38;21.92;Yes;0;0;0;0;0;0
157804;No;571;571;91;1690;0.72;0.68;Enabled;66.38;21.92;Yes;0;0;0;0;0;0
157830;No;572;571;91;1687;0.71;0.69;Enabled;66.38;21.92;Yes;0;0;0;0;0;0
157863;No;572;572;91;1684;0.71;0.69;Enabled;66.38;21.92;Yes;0;0;0;0;0;0
157893;No;572;572;91;1681;0.71;0.69;Enabled;66.38;21.92;Yes;0;0;0;0;0;0
157925;No;572;572;91;1678;0.71;0.69;Enabled;66.38;21.92;Yes;0;0;0;0;0;0
157953;No;572;572;91;1675;0.71;0.70;Enabled;66.38;21.92;Yes;0;0;0;0;0;0
157983;No;572;572;91;1672;0.70;0.70;Enabled;66.38;21.92;Yes;0;0;0;0;0;0
158013;No;573;572;91;1669;0.70;0.70;Enabled;66.38;21.92;Yes;0;0;0;0;0;0
158072;No;573;573;91;1666;0.70;0.70;Enabled;66.38;21.92;Yes;0;0;0;0;0;0
158104;No;573;573;91;1662;0.69;0.70;Enabled;66.38;21.92;Yes;0;0;0;0;0;0
158139;No;573;573;91;1660;0.69;0.71;Enabled;66.38;21.92;Yes;0;0;0;0;0;0
158162;No;573;573;91;1662;0.69;0.71;Enabled;66.38;21.92;Yes;0;0;0;0;0;0
158193;No;573;573;91;1664;0.69;0.71;Enabled;66.38;21.92;Yes;0;0;0;0;0;0
158223;No;574;574;91;1666;0.69;0.71;Enabled;66.38;21.92;Yes;0;0;0;0;0;0
158254;No;574;574;91;1669;0.69;0.71;Enabled;66.38;21.92;Yes;0;0;0;0;0;0
158284;No;574;574;91;1671;0.69;0.71;Enabled;66.38;21.92;Yes;0;0;0;0;0;0
158312;No;574;574;91;1674;0.69;0.71;Enabled;66.38;21.92;Yes;0;0;0;0;0;0
158372;No;574;574;91;1676;0.69;0.71;Enabled;66.38;21.92;Yes;0;0;0;0;0;0
158403;No;574;574;91;1678;0.70;0.71;Enabled;66.38;21.92;Yes;0;0;0;0;0;0
158430;No;574;574;91;1680;0.70;0.71;Enabled;66.38;21.92;Yes;0;0;0;0;0;0
158463;No;574;575;91;1683;0.70;0.71;Enabled;66.38;21.92;Yes;0;0;0;0;0;0
158491;No;575;575;91;1685;0.70;0.71;Enabled;66.38;21.92;Yes;0;0;0;0;0;0
158524;No;575;575;91;1688;0.70;0.71;Enabled;66.38;21.92;Yes;0;0;0;0;0;0
158553;No;575;575;91;1690;0.70;0.71;Enabled;66.38;21.92;Yes;0;0;0;0;0;0
158583;No;575;575;91;1692;0.70;0.71;Enabled;66.38;21.92;Yes;0;0;0;0;0;0
158613;No;575;575;91;1694;0.70;0.71;Enabled;66.38;21.92;Yes;0;0;0;0;0;0
158674;No;575;576;91;1697;0.70;0.71;Enabled;66.38;21.92;Yes;0;0;0;0;0;0
158704;No;575;576;91;1699;0.70;0.71;Enabled;66.38;21.92;Yes;0;0;0;0;0;0
158730;No;576;576;91;1696;0.70;0.71;Enabled;66.38;21.92;Yes;0;0;0;0;0;0
158763;No;576;576;91;1693;0.70;0.71;Enabled;66.38;21.92;Yes;0;0;0;0;0;0
158790;No;576;576;91;1690;0.70;0.72;Enabled;66.38;21.92;Yes;0;0;0;0;0;0
158824;No;576;576;91;1687;0.70;0.72;Enabled;66.38;21.92;Yes;0;0;0;0;0;0
158852;No;576;576;91;1684;0.70;0.72;Enabled;66.38;21.92;Yes;0;0;0;0;0;0
158884;No;576;576;91;1681;0.70;0.72;Enabled;66.38;21.92;Yes;0;0;0;0;0;0
158911;No;576;576;91;1678;0.70;0.73;Enabled;66.38;21.92;Yes;0;0;0;0;0;0
158973;No;577;577;91;1675;0.70;0.73;Enabled;66.38;21.92;Yes;0;0;0;0;0;0
159003;No;577;577;91;1672;0.70;0.73;Enabled;66.38;21.92;Yes;0;0;0;0;0;0
159031;No;577;577;91;1669;0.70;0.73;Enabled;66.38;21.92;Yes;0;0;0;0;0;0
159060;No;577;577;91;1666;0.70;0.73;Enabled;66.38;21.92;Yes;0;0;0;0;0;0
159091;No;577;577;91;1662;0.70;0.74;Enabled;66.38;21.92;Yes;0;0;0;0;0;0
159125;No;577;577;91;1660;0.70;0.74;Enabled;66.38;21.92;Yes;0;0;0;0;0;0
159153;No;577;577;91;1656;0.70;0.74;Enabled;66.38;21.92;Yes;0;0;0;0;0;0
159182;No;578;577;91;1653;0.70;0.74;Enabled;66.38;21.92;Yes;0;0;0;0;0;0
159214;No;578;578;91;1650;0.70;0.75;Enabled;66.38;21.92;Yes;0;0;0;0;0;0
159244;No;578;578;91;1647;0.70;0.75;Enabled;66.38;21.92;Yes;0;0;0;0;0;0
159271;No;578;578;91;1629;0.70;0.75;Enabled;66.38;21.92;Yes;0;0;0;0;0;0
159305;No;578;578;91;1611;0.70;0.75;Enabled;66.38;21.92;Yes;0;0;0;0;0;0
159364;No;578;578;91;1593;0.71;0.75;Enabled;66.38;21.92;Yes;0;0;0;0;0;0
159391;No;578;578;91;1575;0.71;0.75;Enabled;66.38;21.92;Yes;0;0;0;0;0;0
159451;No;578;578;91;1557;0.71;0.75;Enabled;66.38;21.92;Yes;0;0;0;0;0;0
159482;No;578;578;91;1539;0.71;0.75;Enabled;66.38;21.92;Yes;0;0;0;0;0;0
159513;No;579;578;91;1521;0.71;0.75;Enabled;66.38;21.92;Yes;0;0;0;0;0;0
159543;No;579;579;91;1503;0.71;0.75;Enabled;66.38;21.92;Yes;0;0;0;0;0;0
159573;No;579;579;91;1484;0.71;0.75;Enabled;66.38;21.92;Yes;0;0;0;0;0;0
159604;No;579;579;91;1466;0.71;0.75;Enabled;66.38;21.92;Yes;0;0;0;0;0;0
159664;No;579;579;91;1448;0.71;0.75;Enabled;66.38;21.92;Yes;0;0;0;0;0;0
159692;No;579;579;91;1430;0.71;0.74;Enabled;66.38;21.92;Yes;0;0;0;0;0;0
159725;No;579;579;91;1412;0.71;0.74;Enabled;66.38;21.92;Yes;0;0;0;0;0;0
159752;No;580;579;91;1394;0.71;0.74;Enabled;66.38;21.92;Yes;0;0;0;0;0;0
159784;No;580;580;91;1376;0.71;0.74;Enabled;66.38;21.92;Yes;0;0;0;0;0;0
159812;No;580;580;91;1358;0.71;0.74;Enabled;66.38;21.92;Yes;0;0;0;0;0;0
159842;No;580;580;91;1340;0.71;0.74;Enabled;66.38;21.92;Yes;0;0;0;0;0;0
159874;No;580;580;91;1338;0.71;0.74;Enabled;66.38;21.92;Yes;0;0;0;0;0;0
159904;No;580;580;91;1337;0.71;0.74;Enabled;66.38;21.92;Yes;0;0;0;0;0;0
159964;No;580;580;91;1335;0.71;0.74;Enabled;66.38;21.92;Yes;0;0;0;0;0;0
159992;No;580;580;91;1334;0.71;0.74;Enabled;66.38;21.92;Yes;0;0;0;0;0;0
160024;No;580;580;91;1332;0.71;0.74;Enabled;66.38;21.92;Yes;0;0;0;0;0;0
160056;No;580;580;91;1330;0.71;0.74;Enabled;66.38;21.92;Yes;0;0;0;0;0;0
160083;No;580;580;91;1329;0.71;0.74;Enabled;66.38;21.92;Yes;0;0;0;0;0;0
160112;No;580;581;91;1327;0.71;0.73;Enabled;66.38;21.92;Yes;0;0;0;0;0;0
160143;No;581;581;91;1326;0.70;0.73;Enabled;66.38;21.92;Yes;0;0;0;0;0;0
160173;No;581;581;91;1324;0.70;0.73;Enabled;66.38;21.92;Yes;0;0;0;0;0;0
160205;No;581;581;91;1322;0.70;0.73;Enabled;66.38;21.92;Yes;0;0;0;0;0;0
160264;No;581;581;91;1321;0.70;0.73;Enabled;66.38;21.92;Yes;0;0;0;0;0;0
160293;No;581;581;91;1319;0.70;0.73;Enabled;66.38;21.92;Yes;0;0;0;0;0;0
160324;No;581;581;91;1318;0.70;0.73;Enabled;66.38;21.92;Yes;0;0;0;0;0;0
160354;No;581;581;91;1316;0.70;0.73;Enabled;66.38;21.92;Yes;0;0;0;0;0;0
160382;No;581;581;91;1314;0.70;0.73;Enabled;66.38;21.92;Yes;0;0;0;0;0;0
160412;No;581;582;91;1313;0.70;0.73;Enabled;66.38;21.92;Yes;0;0;0;0;0;0
160444;No;581;582;91;1312;0.70;0.73;Enabled;66.38;21.92;Yes;0;0;0;0;0;0
160472;No;582;582;91;1312;0.70;0.73;Enabled;66.38;21.92;Yes;0;0;0;0;0;0
160503;No;582;582;91;1311;0.70;0.73;Enabled;66.38;21.92;Yes;0;0;0;0;0;0
160564;No;582;582;91;1310;0.70;0.73;Enabled;66.38;21.92;Yes;0;0;0;0;0;0
160593;No;582;582;91;1310;0.70;0.73;Enabled;66.38;21.92;Yes;0;0;0;0;0;0
160625;No;582;582;91;1309;0.70;0.73;Enabled;66.38;21.92;Yes;0;0;0;0;0;0
160652;No;582;582;91;1308;0.70;0.73;Enabled;66.38;21.92;Yes;0;0;0;0;0;0
160696;No;582;582;91;1308;0.70;0.74;Enabled;66.38;21.92;Yes;0;0;0;0;0;0
160710;No;582;582;91;1307;0.70;0.74;Enabled;66.38;21.92;Yes;0;0;0;0;0;0
160746;No;582;582;91;1306;0.70;0.74;Enabled;66.38;21.92;Yes;0;0;0;0;0;0
160774;No;582;582;91;1306;0.70;0.74;Enabled;66.38;21.92;Yes;0;0;0;0;0;0
160805;No;582;582;91;1305;0.70;0.74;Enabled;66.38;21.92;Yes;0;0;0;0;0;0
160864;No;583;582;91;1305;0.70;0.74;Enabled;66.38;21.92;Yes;0;0;0;0;0;0
160893;No;583;583;91;1304;0.70;0.74;Enabled;66.38;21.92;Yes;0;0;0;0;0;0
160923;No;583;583;91;1304;0.70;0.74;Enabled;66.38;21.92;Yes;0;0;0;0;0;0
160950;No;583;583;91;1303;0.70;0.74;Enabled;66.38;21.92;Yes;0;0;0;0;0;0
160984;No;583;583;91;1302;0.70;0.75;Enabled;66.38;21.92;Yes;0;0;0;0;0;0
161012;No;583;583;91;1302;0.70;0.75;Enabled;66.38;21.92;Yes;0;0;0;0;0;0
161042;No;583;583;91;1303;0.70;0.75;Enabled;66.38;21.92;Yes;0;0;0;0;0;0
161073;No;583;583;91;1303;0.70;0.75;Enabled;66.38;21.92;Yes;0;0;0;0;0;0
161105;No;583;583;91;1304;0.70;0.75;Enabled;66.38;21.92;Yes;0;0;0;0;0;0
161162;No;584;583;91;1304;0.70;0.75;Enabled;66.38;21.92;Yes;0;0;0;0;0;0
161191;No;584;584;91;1304;0.70;0.75;Enabled;66.38;21.92;Yes;0;0;0;0;0;0
161224;No;584;584;91;1305;0.70;0.75;Enabled;66.38;21.92;Yes;0;0;0;0;0;0
161252;No;584;584;91;1305;0.70;0.75;Enabled;66.38;21.92;Yes;0;0;0;0;0;0
161282;No;584;584;91;1306;0.70;0.75;Enabled;66.38;21.92;Yes;0;0;0;0;0;0
161310;No;584;584;91;1306;0.70;0.75;Enabled;66.38;21.92;Yes;0;0;0;0;0;0
161345;No;584;584;91;1306;0.70;0.75;Enabled;66.38;21.92;Yes;0;0;0;0;0;0
161372;No;584;584;91;1306;0.70;0.75;Enabled;66.38;21.92;Yes;0;0;0;0;0;0
161403;No;584;584;91;1307;0.70;0.75;Enabled;66.38;21.92;Yes;0;0;0;0;0;0
161447;No;584;584;91;1307;0.70;0.74;Enabled;66.38;21.92;Yes;0;0;0;0;0;0
161490;No;584;584;91;1308;0.70;0.74;Enabled;66.38;21.92;Yes;0;0;0;0;0;0
161525;No;584;584;91;1308;0.70;0.74;Enabled;66.38;21.92;Yes;0;0;0;0;0;0
161554;No;585;584;91;1308;0.70;0.74;Enabled;66.38;21.92;Yes;0;0;0;0;0;0
161582;No;585;585;91;1308;0.70;0.74;Enabled;66.38;21.92;Yes;0;0;0;0;0;0
161612;No;585;585;91;1309;0.70;0.74;Enabled;66.38;21.92;Yes;0;0;0;0;0;0
161644;No;585;585;91;1309;0.70;0.74;Enabled;66.38;21.92;Yes;0;0;0;0;0;0
161675;No;585;585;91;1309;0.70;0.74;Enabled;66.38;21.92;Yes;0;0;0;0;0;0
161705;No;585;585;91;1309;0.70;0.74;Enabled;66.38;21.92;Yes;0;0;0;0;0;0
161762;No;585;585;91;1310;0.70;0.74;Enabled;66.38;21.92;Yes;0;0;0;0;0;0
161793;No;585;585;91;1310;0.70;0.74;Enabled;66.38;21.92;Yes;0;0;0;0;0;0
161823;No;585;585;92;1310;0.70;0.74;Enabled;66.38;21.92;Yes;0;0;0;0;0;0
161850;No;585;585;92;1310;0.70;0.74;Enabled;66.38;21.92;Yes;0;0;0;0;0;0
161884;No;585;585;92;1310;0.70;0.74;Enabled;66.38;21.92;Yes;0;0;0;0;0;0
161914;No;586;585;92;1311;0.70;0.74;Enabled;66.38;21.92;Yes;0;0;0;0;0;0
161944;No;586;586;92;1311;0.70;0.74;Enabled;66.38;21.92;Yes;0;0;0;0;0;0
161978;No;586;586;92;1311;0.70;0.74;Enabled;66.38;21.92;Yes;0;0;0;0;0;0
162005;No;586;586;92;1311;0.70;0.74;Enabled;66.38;21.92;Yes;0;0;0;0;0;0
162063;No;586;586;92;1312;0.70;0.74;Enabled;66.38;21.92;Yes;0;0;0;0;0;0
162093;No;586;586;92;1312;0.70;0.74;Enabled;66.38;21.92;Yes;0;0;0;0;0;0
162125;No;586;586;92;1312;0.70;0.74;Enabled;66.38;21.92;Yes;0;0;0;0;0;0
162152;No;586;586;92;1312;0.70;0.74;Enabled;66.38;21.92;Yes;0;0;0;0;0;0
162183;No;586;586;92;1312;0.70;0.74;Enabled;66.38;21.92;Yes;0;0;0;0;0;0
162212;No;586;586;92;1312;0.70;0.74;Enabled;66.38;21.92;Yes;0;0;0;0;0;0
162244;No;586;586;92;1312;0.70;0.74;Enabled;66.38;21.92;Yes;0;0;0;0;0;0
162274;No;586;586;92;1312;0.70;0.74;Enabled;66.38;21.92;Yes;0;0;0;0;0;0
162306;No;586;586;92;1312;0.70;0.74;Enabled;66.38;21.92;Yes;0;0;0;0;0;0
162364;No;586;586;92;1312;0.70;0.74;Enabled;66.38;21.92;Yes;0;0;0;0;0;0
162392;No;586;587;92;1312;0.70;0.74;Enabled;66.38;21.92;Yes;0;0;0;0;0;0
162423;No;587;587;92;1312;0.70;0.74;Enabled;66.38;21.92;Yes;0;0;0;0;0;0
162453;No;587;587;92;1312;0.70;0.74;Enabled;66.38;21.92;Yes;0;0;0;0;0;0
162484;No;587;587;92;1312;0.70;0.74;Enabled;66.38;21.92;Yes;0;0;0;0;0;0
162514;No;587;587;92;1312;0.70;0.74;Enabled;66.38;21.92;Yes;0;0;0;0;0;0
162544;No;587;587;92;1312;0.70;0.74;Enabled;66.38;21.92;Yes;0;0;0;0;0;0
162574;No;587;587;92;1312;0.70;0.73;Enabled;66.38;21.92;Yes;0;0;0;0;0;0
162604;No;587;587;92;1312;0.70;0.73;Enabled;66.38;21.92;Yes;0;0;0;0;0;0
162662;No;587;587;92;1312;0.70;0.73;Enabled;66.38;21.92;Yes;0;0;0;0;0;0
162694;No;587;587;92;1312;0.69;0.73;Enabled;66.38;21.92;Yes;0;0;0;0;0;0
162726;No;587;587;92;1313;0.69;0.73;Enabled;66.38;21.92;Yes;0;0;0;0;0;0
162753;No;587;587;92;1313;0.69;0.73;Enabled;66.38;21.92;Yes;0;0;0;0;0;0
162785;No;587;587;92;1314;0.69;0.73;Enabled;66.38;21.92;Yes;0;0;0;0;0;0
162813;No;587;588;92;1314;0.69;0.73;Enabled;66.38;21.92;Yes;0;0;0;0;0;0
162844;No;588;588;92;1314;0.69;0.73;Enabled;66.38;21.92;Yes;0;0;0;0;0;0
162874;No;588;588;92;1314;0.69;0.73;Enabled;66.38;21.92;Yes;0;0;0;0;0;0
162905;No;588;588;92;1315;0.69;0.73;Enabled;66.38;21.92;Yes;0;0;0;0;0;0
162963;No;588;588;92;1315;0.69;0.73;Enabled;66.38;21.92;Yes;0;0;0;0;0;0
162994;No;588;588;92;1316;0.69;0.73;Enabled;66.38;21.92;Yes;0;0;0;0;0;0
163030;No;588;588;92;1316;0.69;0.73;Enabled;66.38;21.92;Yes;0;0;0;0;0;0
163053;No;588;588;92;1316;0.69;0.73;Enabled;66.38;21.92;Yes;0;0;0;0;0;0
163082;No;588;588;92;1317;0.69;0.73;Enabled;66.38;21.92;Yes;0;0;0;0;0;0
163114;No;588;588;92;1317;0.69;0.73;Enabled;66.38;21.92;Yes;0;0;0;0;0;0
163146;No;588;588;92;1318;0.69;0.73;Enabled;66.38;21.92;Yes;0;0;0;0;0;0
163172;No;588;588;92;1318;0.69;0.73;Enabled;66.38;21.92;Yes;0;0;0;0;0;0
163204;No;588;588;92;1318;0.69;0.73;Enabled;66.38;21.92;Yes;0;0;0;0;0;0
163293;No;588;588;92;1319;0.69;0.72;Enabled;66.38;21.92;Yes;0;0;0;0;0;0
163323;No;588;588;92;1320;0.69;0.72;Enabled;66.38;21.92;Yes;0;0;0;0;0;0
163350;No;588;588;92;1320;0.69;0.72;Enabled;66.38;21.92;Yes;0;0;0;0;0;0
163383;No;588;588;92;1321;0.69;0.72;Enabled;66.38;21.92;Yes;0;0;0;0;0;0
163412;No;589;588;92;1322;0.69;0.71;Enabled;66.38;21.92;Yes;0;0;0;0;0;0
163443;No;589;589;92;1322;0.69;0.70;Enabled;66.38;21.92;Yes;0;0;0;0;0;0
163473;No;589;589;92;1323;0.69;0.69;Enabled;66.38;21.92;Yes;0;0;0;0;0;0
163505;No;589;589;92;1324;0.69;0.68;Enabled;66.38;21.92;Yes;0;0;0;0;0;0
163562;No;589;589;92;1324;0.69;0.68;Enabled;66.38;21.92;Yes;0;0;0;0;0;0
163592;No;589;589;92;1325;0.69;0.67;Enabled;66.38;21.92;Yes;0;0;0;0;0;0
163623;No;589;589;92;1326;0.69;0.66;Enabled;66.38;21.92;Yes;0;0;0;0;0;0
163653;No;589;589;92;1326;0.69;0.65;Enabled;66.38;21.92;Yes;0;0;0;0;0;0
163684;No;589;589;92;1327;0.69;0.64;Enabled;66.38;21.92;Yes;0;0;0;0;0;0
163710;No;589;589;92;1328;0.69;0.63;Enabled;66.38;21.92;Yes;0;0;0;0;0;0
163744;No;589;589;92;1329;0.69;0.63;Enabled;66.38;21.92;Yes;0;0;0;0;0;0
163774;No;589;589;92;1329;0.69;0.62;Enabled;66.38;21.92;Yes;0;0;0;0;0;0
163804;No;589;589;92;1330;0.69;0.61;Enabled;66.38;21.92;Yes;0;0;0;0;0;0
163862;No;589;589;92;1331;0.69;0.60;Enabled;66.38;21.92;Yes;0;0;0;0;0;0
163894;No;589;589;92;1332;0.68;0.59;Enabled;66.38;21.92;Yes;0;0;0;0;0;0
163924;No;589;589;92;1334;0.66;0.59;Enabled;66.38;21.92;Yes;0;0;0;0;0;0
163952;No;590;590;92;1336;0.64;0.56;Enabled;66.38;21.92;Yes;0;0;0;0;0;0
163984;No;590;590;92;1337;0.62;0.53;Enabled;66.38;21.92;Yes;0;0;0;0;0;0
164013;No;590;590;92;1338;0.60;0.51;Enabled;66.38;21.92;Yes;0;0;0;0;0;0
164046;No;590;590;92;1340;0.58;0.48;Enabled;66.38;21.92;Yes;0;0;0;0;0;0
164074;No;590;590;92;1342;0.55;0.45;Enabled;66.38;21.92;Yes;0;0;0;0;0;0
164104;No;590;590;92;1343;0.53;0.43;Enabled;66.38;21.92;Yes;0;0;0;0;0;0
164162;No;590;590;92;1345;0.51;0.40;Enabled;66.38;21.92;Yes;0;0;0;0;0;0
164194;No;590;590;92;1346;0.49;0.37;Enabled;66.38;21.92;Yes;0;0;0;0;0;0
164225;No;590;590;92;1348;0.47;0.35;Enabled;66.38;21.92;Yes;0;0;0;0;0;0
164252;No;590;590;92;1349;0.44;0.32;Enabled;66.38;21.92;Yes;0;0;0;0;0;0
164282;No;590;590;92;1351;0.42;0.29;Enabled;66.38;21.92;Yes;0;0;0;0;0;0
164310;No;590;590;92;1352;0.40;0.27;Enabled;66.38;21.92;Yes;0;0;0;0;0;0
164345;No;590;590;92;1354;0.38;0.24;Enabled;66.38;21.92;Yes;0;0;0;0;0;0
164372;No;590;590;92;1356;0.36;0.21;Enabled;66.38;21.92;Yes;0;0;0;0;0;0
164403;No;590;590;92;1357;0.33;0.19;Enabled;66.38;21.92;Yes;0;0;0;0;0;0
164462;No;590;590;92;1359;0.31;0.16;Enabled;66.38;21.92;Yes;0;0;0;0;0;0
164492;No;590;590;92;1362;0.30;0.13;Enabled;66.38;21.92;Yes;0;0;0;0;0;0
164537;No;590;590;92;1364;0.29;0.14;Enabled;66.38;21.92;Yes;0;0;0;0;0;0
164552;No;590;590;92;1366;0.27;0.14;Enabled;66.38;21.92;Yes;0;0;0;0;0;0
164584;No;590;591;92;1368;0.26;0.14;Enabled;66.38;21.92;Yes;0;0;0;0;0;0
164612;No;591;591;92;1370;0.24;0.14;Enabled;66.38;21.92;Yes;0;0;0;0;0;0
164643;No;591;591;92;1373;0.23;0.15;Enabled;66.38;21.92;Yes;0;0;0;0;0;0
164670;No;591;591;92;1375;0.21;0.15;Enabled;66.38;21.92;Yes;0;0;0;0;0;0
164705;No;591;591;92;1377;0.20;0.15;Enabled;66.38;21.92;Yes;0;0;0;0;0;0
164762;No;591;591;92;1380;0.19;0.16;Enabled;66.38;21.92;Yes;0;0;0;0;0;0
164790;No;591;591;92;1382;0.17;0.16;Enabled;66.38;21.92;Yes;0;0;0;0;0;0
164824;No;591;591;92;1384;0.16;0.16;Enabled;66.38;21.92;Yes;0;0;0;0;0;0
164850;No;591;591;92;1386;0.14;0.16;Enabled;66.38;21.92;Yes;0;0;0;0;0;0
164882;No;591;591;92;1388;0.13;0.17;Enabled;66.38;21.92;Yes;0;0;0;0;0;0
164912;No;591;591;92;1391;0.12;0.17;Enabled;66.38;21.92;Yes;0;0;0;0;0;0
164944;No;591;591;92;1393;0.10;0.17;Enabled;66.38;21.92;Yes;0;0;0;0;0;0
164970;No;591;591;92;1395;0.09;0.18;Enabled;66.38;21.92;Yes;0;0;0;0;0;0
165005;No;591;591;92;1399;0.07;0.18;Enabled;66.38;21.92;Yes;0;0;0;0;0;0
165064;No;592;591;92;1402;0.08;0.18;Enabled;66.38;21.92;Yes;0;0;0;0;0;0
165093;No;592;592;92;1406;0.08;0.20;Enabled;66.38;21.92;Yes;0;0;0;0;0;0
165123;No;592;592;92;1409;0.08;0.23;Enabled;66.38;21.92;Yes;0;0;0;0;0;0
165155;No;592;592;92;1412;0.09;0.25;Enabled;66.38;21.92;Yes;0;0;0;0;0;0
165184;No;592;592;92;1416;0.09;0.27;Enabled;66.38;21.92;Yes;0;0;0;0;0;0
165212;No;592;592;92;1419;0.10;0.29;Enabled;66.38;21.92;Yes;0;0;0;0;0;0
165243;No;592;592;92;1423;0.10;0.32;Enabled;66.38;21.92;Yes;0;0;0;0;0;0
165273;No;592;592;92;1426;0.10;0.34;Enabled;66.38;21.92;Yes;0;0;0;0;0;0
165303;No;592;592;92;1430;0.11;0.36;Enabled;66.38;21.92;Yes;0;0;0;0;0;0
165364;No;592;592;92;1433;0.11;0.38;Enabled;66.38;21.92;Yes;0;0;0;0;0;0
165394;No;592;592;92;1436;0.12;0.41;Enabled;66.38;21.92;Yes;0;0;0;0;0;0
165424;No;592;592;92;1440;0.12;0.43;Enabled;66.38;21.92;Yes;0;0;0;0;0;0
165455;No;592;592;92;1444;0.12;0.45;Enabled;66.38;21.92;Yes;0;0;0;0;0;0
165483;No;592;592;92;1447;0.13;0.47;Enabled;66.38;21.92;Yes;0;0;0;0;0;0
165513;No;593;592;92;1450;0.13;0.50;Enabled;66.38;21.92;Yes;0;0;0;0;0;0
165573;No;593;593;92;1454;0.13;0.52;Enabled;66.38;21.92;Yes;0;0;0;0;0;0
165603;No;593;593;92;1456;0.14;0.54;Enabled;66.38;21.92;Yes;0;0;0;0;0;0
165662;No;593;593;92;1458;0.14;0.56;Enabled;66.38;21.92;Yes;0;0;0;0;0;0
165691;No;593;593;92;1461;0.15;0.57;Enabled;66.38;21.92;Yes;0;0;0;0;0;0
165724;No;593;593;92;1463;0.15;0.58;Enabled;66.38;21.92;Yes;0;0;0;0;0;0
165751;No;593;593;92;1466;0.15;0.60;Enabled;66.38;21.92;Yes;0;0;0;0;0;0
165783;No;593;593;92;1468;0.16;0.61;Enabled;66.38;21.92;Yes;0;0;0;0;0;0
165819;No;593;593;92;1470;0.16;0.62;Enabled;66.38;21.92;Yes;0;0;0;0;0;0
165842;No;593;593;92;1472;0.17;0.63;Enabled;66.38;21.92;Yes;0;0;0;0;0;0
165872;No;593;593;92;1475;0.17;0.64;Enabled;66.38;21.92;Yes;0;0;0;0;0;0
165907;No;594;593;92;1477;0.17;0.65;Enabled;66.38;21.92;Yes;0;0;0;0;0;0
165964;No;594;594;92;1480;0.18;0.66;Enabled;66.38;21.92;Yes;0;0;0;0;0;0
165991;No;594;594;92;1482;0.18;0.67;Enabled;66.38;21.92;Yes;0;0;0;0;0;0
166023;No;594;594;92;1484;0.19;0.68;Enabled;66.38;21.92;Yes;0;0;0;0;0;0
166050;No;594;594;92;1487;0.19;0.69;Enabled;66.38;21.92;Yes;0;0;0;0;0;0
166084;No;594;594;92;1489;0.19;0.70;Enabled;66.38;21.92;Yes;0;0;0;0;0;0
166115;No;594;594;92;1492;0.20;0.71;Enabled;66.38;21.92;Yes;0;0;0;0;0;0
166143;No;594;594;92;1494;0.20;0.73;Enabled;66.38;21.92;Yes;0;0;0;0;0;0
166171;No;594;594;92;1492;0.21;0.74;Enabled;66.38;21.92;Yes;0;0;0;0;0;0
166205;No;594;594;92;1492;0.22;0.75;Enabled;66.38;21.92;Yes;0;0;0;0;0;0
166263;No;594;594;92;1490;0.23;0.75;Enabled;66.38;21.92;Yes;0;0;0;0;0;0
166292;No;594;594;92;1489;0.24;0.75;Enabled;66.38;21.92;Yes;0;0;0;0;0;0
166327;No;594;594;92;1488;0.25;0.75;Enabled;66.38;21.92;Yes;0;0;0;0;0;0
166355;No;594;594;92;1487;0.26;0.75;Enabled;66.38;21.92;Yes;0;0;0;0;0;0
166384;No;594;594;92;1486;0.27;0.75;Enabled;66.38;21.92;Yes;0;0;0;0;0;0
166411;No;595;595;92;1484;0.28;0.75;Enabled;66.38;21.92;Yes;0;0;0;0;0;0
166443;No;595;595;92;1483;0.29;0.75;Enabled;66.38;21.92;Yes;0;0;0;0;0;0
166474;No;595;595;92;1482;0.30;0.75;Enabled;66.38;21.92;Yes;0;0;0;0;0;0
166504;No;595;595;92;1481;0.31;0.75;Enabled;66.38;21.92;Yes;0;0;0;0;0;0
166563;No;595;595;92;1480;0.32;0.75;Enabled;66.38;21.92;Yes;0;0;0;0;0;0
166591;No;595;595;92;1479;0.33;0.75;Enabled;66.38;21.92;Yes;0;0;0;0;0;0
166623;No;595;595;92;1478;0.34;0.75;Enabled;66.38;21.92;Yes;0;0;0;0;0;0
166653;No;595;595;92;1476;0.35;0.75;Enabled;66.38;21.92;Yes;0;0;0;0;0;0
166684;No;595;595;92;1475;0.37;0.75;Enabled;66.38;21.92;Yes;0;0;0;0;0;0
166713;No;595;595;92;1474;0.38;0.75;Enabled;66.38;21.92;Yes;0;0;0;0;0;0
166744;No;595;595;92;1459;0.39;0.75;Enabled;66.38;21.92;Yes;0;0;0;0;0;0
166773;No;595;595;92;1444;0.39;0.75;Enabled;66.38;21.92;Yes;0;0;0;0;0;0
166805;No;595;596;92;1429;0.39;0.75;Enabled;66.38;21.92;Yes;0;0;0;0;0;0
166861;No;596;596;92;1414;0.39;0.76;Enabled;66.38;21.92;Yes;0;0;0;0;0;0
166892;No;596;596;92;1399;0.39;0.76;Enabled;66.38;21.92;Yes;0;0;0;0;0;0
166925;No;596;596;92;1384;0.39;0.76;Enabled;66.38;21.92;Yes;0;0;0;0;0;0
166951;No;596;596;92;1369;0.40;0.76;Enabled;66.38;21.92;Yes;0;0;0;0;0;0
166982;No;596;596;92;1354;0.40;0.76;Enabled;66.38;21.92;Yes;0;0;0;0;0;0
167011;No;596;596;92;1338;0.40;0.77;Enabled;66.38;21.92;Yes;0;0;0;0;0;0
167044;No;596;596;92;1324;0.40;0.77;Enabled;66.38;21.92;Yes;0;0;0;0;0;0
167074;No;596;596;92;1308;0.40;0.77;Enabled;66.38;21.92;Yes;0;0;0;0;0;0
167146;No;596;596;92;1294;0.40;0.77;Enabled;66.38;21.92;Yes;0;0;0;0;0;0
167163;No;596;596;92;1278;0.40;0.78;Enabled;66.38;21.92;Yes;0;0;0;0;0;0
167195;No;596;596;92;1264;0.41;0.78;Enabled;66.38;21.92;Yes;0;0;0;0;0;0
167225;No;596;596;92;1248;0.41;0.78;Enabled;66.38;21.92;Yes;0;0;0;0;0;0
167252;No;596;596;92;1233;0.41;0.78;Enabled;66.38;21.92;Yes;0;0;0;0;0;0
167283;No;596;596;92;1218;0.41;0.78;Enabled;66.38;21.92;Yes;0;0;0;0;0;0
167314;No;596;596;92;1214;0.41;0.79;Enabled;66.38;21.92;Yes;0;0;0;0;0;0
167342;No;596;596;92;1210;0.42;0.79;Enabled;66.38;21.92;Yes;0;0;0;0;0;0
167371;No;596;596;92;1206;0.42;0.79;Disabled;66.38;21.92;Yes;0;0;0;0;0;0
167406;No;597;596;92;1202;0.42;0.79;Disabled;66.38;21.92;Yes;0;0;0;0;0;0
167462;No;597;597;92;1198;0.43;0.79;Disabled;66.38;21.92;Yes;0;0;0;0;0;0
167492;No;597;597;92;1193;0.43;0.79;Disabled;66.38;21.92;Yes;0;0;0;0;0;0
167524;No;597;597;92;1189;0.44;0.79;Disabled;66.38;21.92;Yes;0;0;0;0;0;0
167555;No;597;597;92;1185;0.44;0.79;Disabled;66.38;21.92;Yes;0;0;0;0;0;0
167584;No;597;597;92;1181;0.44;0.79;Disabled;66.38;21.92;Yes;0;0;0;0;0;0
167611;No;597;597;92;1177;0.45;0.79;Disabled;66.38;21.92;Yes;0;0;0;0;0;0
167641;No;597;597;92;1172;0.45;0.79;Disabled;66.38;21.92;Yes;0;0;0;0;0;0
167672;No;597;597;92;1168;0.46;0.79;Disabled;66.38;21.92;Yes;0;0;0;0;0;0
167706;No;597;597;92;1164;0.46;0.79;Disabled;66.38;21.92;Yes;0;0;0;0;0;0
167766;No;597;597;92;1160;0.46;0.79;Disabled;66.38;21.92;Yes;0;0;0;0;0;0
167793;No;597;597;92;1156;0.47;0.79;Disabled;66.38;21.92;Yes;0;0;0;0;0;0
167827;No;597;597;92;1152;0.47;0.79;Disabled;66.38;21.92;Yes;0;0;0;0;0;0
167853;No;598;597;92;1148;0.48;0.80;Disabled;66.38;21.92;Yes;0;0;0;0;0;0
167884;No;598;598;92;1148;0.48;0.80;Disabled;66.38;21.92;Yes;0;0;0;0;0;0
167915;No;598;598;92;1148;0.49;0.80;Disabled;66.38;21.92;Yes;0;0;0;0;0;0
167944;No;598;598;92;1149;0.51;0.80;Disabled;66.38;21.92;Yes;0;0;0;0;0;0
167971;No;598;598;92;1149;0.52;0.80;Disabled;66.38;21.92;Yes;0;0;0;0;0;0
168004;No;598;598;92;1150;0.54;0.80;Disabled;66.38;21.92;Yes;0;0;0;0;0;0
168062;No;598;598;92;1150;0.55;0.80;Disabled;66.38;21.92;Yes;0;0;0;0;0;0
168091;No;598;598;92;1150;0.57;0.80;Disabled;66.38;21.92;Yes;0;0;0;0;0;0
168124;No;598;598;92;1151;0.58;0.81;Disabled;66.38;21.92;Yes;0;0;0;0;0;0
168154;No;598;598;92;1151;0.60;0.81;Disabled;66.38;21.92;Yes;0;0;0;0;0;0
168183;No;598;598;92;1152;0.61;0.81;Disabled;66.38;21.92;Yes;0;0;0;0;0;0
168210;No;598;598;92;1152;0.63;0.81;Disabled;66.38;21.92;Yes;0;0;0;0;0;0
168243;No;598;598;92;1152;0.64;0.81;Disabled;66.38;21.92;Yes;0;0;0;0;0;0
168274;No;598;598;92;1153;0.66;0.81;Disabled;66.38;21.92;Yes;0;0;0;0;0;0
168305;No;598;598;92;1154;0.67;0.81;Disabled;66.38;21.92;Yes;0;0;0;0;0;0
168376;No;598;598;92;1154;0.68;0.82;Disabled;66.38;21.92;Yes;0;0;0;0;0;0
168392;No;598;598;92;1154;0.70;0.82;Disabled;66.38;21.92;Yes;0;0;0;0;0;0
168425;No;598;598;92;1155;0.71;0.82;Disabled;66.38;21.92;Yes;0;0;0;0;0;0
168451;No;599;599;92;1156;0.73;0.82;Disabled;66.38;21.92;Yes;0;0;0;0;0;0
168486;No;599;599;92;1156;0.73;0.82;Disabled;66.38;21.92;Yes;0;0;0;0;0;0
168513;No;599;599;92;1158;0.74;0.82;Enabled;66.38;21.92;Yes;0;0;0;0;0;0
168546;No;599;599;92;1158;0.74;0.82;Enabled;66.38;21.92;Yes;0;0;0;0;0;0
168573;No;599;599;92;1159;0.74;0.82;Enabled;66.38;21.92;Yes;0;0;0;0;0;0
168603;No;599;599;92;1160;0.75;0.82;Enabled;66.38;21.92;Yes;0;0;0;0;0;0
168661;No;599;599;92;1161;0.75;0.82;Enabled;66.38;21.92;Yes;0;0;0;0;0;0
168691;No;599;599;92;1162;0.75;0.81;Enabled;66.38;21.92;Yes;0;0;0;0;0;0
168723;No;599;599;92;1163;0.76;0.81;Enabled;66.38;21.92;Yes;0;0;0;0;0;0
168755;No;599;599;92;1164;0.76;0.81;Enabled;66.38;21.92;Yes;0;0;0;0;0;0
168781;No;599;599;92;1164;0.76;0.81;Enabled;66.38;21.92;Yes;0;0;0;0;0;0
168812;No;599;599;92;1166;0.77;0.81;Enabled;66.38;21.92;Yes;0;0;0;0;0;0
168844;No;599;599;92;1166;0.77;0.81;Enabled;66.38;21.92;Yes;0;0;0;0;0;0
168872;No;599;599;92;1167;0.77;0.81;Enabled;66.38;21.92;Yes;0;0;0;0;0;0
168906;No;599;599;92;1168;0.78;0.81;Enabled;66.38;21.92;Yes;0;0;0;0;0;0
168961;No;599;599;92;1169;0.78;0.81;Enabled;66.38;21.92;Yes;0;0;0;0;0;0
168991;No;599;599;92;1170;0.78;0.80;Enabled;66.38;21.92;Yes;0;0;0;0;0;0
169024;No;599;599;92;1171;0.79;0.80;Enabled;66.38;21.92;Yes;0;0;0;0;0;0
169051;No;599;599;92;1172;0.79;0.80;Enabled;66.38;21.92;Yes;0;0;0;0;0;0
169081;No;599;600;92;1172;0.79;0.80;Enabled;66.38;21.92;Yes;0;0;0;0;0;0
169111;No;599;600;92;1173;0.79;0.80;Enabled;66.38;21.92;Yes;0;0;0;0;0;0
169143;No;600;600;92;1174;0.79;0.80;Enabled;66.38;21.92;Yes;0;0;0;0;0;0
169175;No;600;600;92;1174;0.79;0.80;Enabled;66.38;21.92;Yes;0;0;0;0;0;0
169206;No;600;600;92;1175;0.79;0.80;Enabled;66.38;21.92;Yes;0;0;0;0;0;0
169262;No;600;600;92;1176;0.79;0.79;Enabled;66.38;21.92;Yes;0;0;0;0;0;0
169292;No;600;600;92;1177;0.79;0.79;Enabled;66.38;21.92;Yes;0;0;0;0;0;0
169325;No;600;600;92;1178;0.79;0.79;Enabled;66.38;21.92;Yes;0;0;0;0;0;0
169352;No;600;600;92;1178;0.79;0.79;Enabled;66.38;21.92;Yes;0;0;0;0;0;0
169381;No;600;600;92;1179;0.79;0.79;Enabled;66.38;21.92;Yes;0;0;0;0;0;0
169411;No;600;600;92;1180;0.79;0.79;Enabled;66.38;21.92;Yes;0;0;0;0;0;0
169443;No;600;600;92;1181;0.79;0.79;Enabled;66.38;21.92;Yes;0;0;0;0;0;0
169473;No;600;600;92;1182;0.79;0.79;Enabled;66.38;21.92;Yes;0;0;0;0;0;0
169506;No;600;600;92;1182;0.79;0.79;Enabled;66.38;21.92;Yes;0;0;0;0;0;0
169561;No;600;600;92;1183;0.79;0.78;Enabled;66.38;21.92;Yes;0;0;0;0;0;0
169591;No;600;600;92;1183;0.79;0.78;Enabled;66.38;21.92;Yes;0;0;0;0;0;0
169623;No;600;600;92;1183;0.79;0.78;Enabled;66.38;21.92;Yes;0;0;0;0;0;0
169659;No;600;600;92;1183;0.79;0.78;Enabled;66.38;21.92;Yes;0;0;0;0;0;0
169681;No;600;600;92;1183;0.79;0.78;Enabled;66.38;21.92;Yes;0;0;0;0;0;0
169713;No;600;600;92;1184;0.79;0.78;Enabled;66.38;21.92;Yes;0;0;0;0;0;0
169745;No;600;600;92;1184;0.79;0.78;Enabled;66.38;21.92;Yes;0;0;0;0;0;0
169774;No;600;600;92;1184;0.79;0.78;Enabled;66.38;21.92;Yes;0;0;0;0;0;0
169804;No;600;600;92;1184;0.79;0.78;Enabled;66.38;21.92;Yes;0;0;0;0;0;0
169864;No;600;600;92;1184;0.79;0.78;Enabled;66.38;21.92;Yes;0;0;0;0;0;0
169890;No;600;600;92;1184;0.79;0.78;Enabled;66.38;21.92;Yes;0;0;0;0;0;0
169927;No;600;600;92;1184;0.79;0.77;Enabled;66.38;21.92;Yes;0;0;0;0;0;0
169955;No;600;600;92;1184;0.79;0.77;Enabled;66.38;21.92;Yes;0;0;0;0;0;0
169983;No;600;600;92;1184;0.79;0.77;Enabled;66.38;21.92;Yes;0;0;0;0;0;0
170013;No;600;601;92;1184;0.79;0.77;Enabled;66.38;21.92;Yes;0;0;0;0;0;0
170045;No;600;601;92;1184;0.79;0.77;Enabled;66.38;21.92;Yes;0;0;0;0;0;0
170074;No;601;601;92;1184;0.79;0.77;Enabled;66.38;21.92;Yes;0;0;0;0;0;0
170104;No;601;601;92;1184;0.79;0.77;Enabled;66.38;21.92;Yes;0;0;0;0;0;0
170165;No;601;601;92;1185;0.79;0.77;Enabled;66.38;21.92;Yes;0;0;0;0;0;0
170191;No;601;601;92;1186;0.79;0.77;Enabled;66.38;21.92;Yes;0;0;0;0;0;0
170224;No;601;601;92;1186;0.79;0.77;Enabled;66.38;21.92;Yes;0;0;0;0;0;0
170251;No;601;601;92;1186;0.79;0.77;Enabled;66.38;21.92;Yes;0;0;0;0;0;0
170285;No;601;601;92;1187;0.79;0.77;Enabled;66.38;21.92;Yes;0;0;0;0;0;0
170312;No;601;601;92;1187;0.78;0.77;Enabled;66.38;21.92;Yes;0;0;0;0;0;0
170341;No;601;601;92;1188;0.78;0.77;Enabled;66.38;21.92;Yes;0;0;0;0;0;0
170373;No;601;601;92;1188;0.78;0.77;Enabled;66.38;21.92;Yes;0;0;0;0;0;0
170405;No;601;601;92;1188;0.78;0.77;Enabled;66.38;21.92;Yes;0;0;0;0;0;0
170461;No;601;601;92;1189;0.78;0.77;Enabled;66.38;21.92;Yes;0;0;0;0;0;0
170494;No;601;601;92;1190;0.78;0.76;Enabled;66.38;21.92;Yes;0;0;0;0;0;0
170532;No;601;601;92;1190;0.78;0.76;Enabled;66.38;21.92;Yes;0;0;0;0;0;0
170555;No;601;601;92;1190;0.78;0.76;Enabled;66.38;21.92;Yes;0;0;0;0;0;0
170581;No;601;601;92;1191;0.78;0.76;Enabled;66.38;21.92;Yes;0;0;0;0;0;0
170611;No;601;601;92;1191;0.78;0.76;Enabled;66.38;21.92;Yes;0;0;0;0;0;0
170642;No;601;601;92;1192;0.78;0.76;Enabled;66.38;21.92;Yes;0;0;0;0;0;0
170675;No;601;601;92;1192;0.78;0.76;Enabled;66.38;21.92;Yes;0;0;0;0;0;0
170705;No;601;601;92;1193;0.78;0.76;Enabled;66.38;21.92;Yes;0;0;0;0;0;0
170763;No;601;601;92;1194;0.78;0.76;Enabled;66.38;21.92;Yes;0;0;0;0;0;0
170793;No;601;601;92;1195;0.78;0.76;Disabled;66.38;21.92;Yes;0;0;0;0;0;0
170825;No;601;601;92;1196;0.78;0.76;Disabled;66.38;21.92;Yes;0;0;0;0;0;0
170851;No;601;601;92;1196;0.78;0.76;Disabled;66.38;21.92;Yes;0;0;0;0;0;0
170881;No;601;601;92;1197;0.77;0.76;Disabled;66.38;21.92;Yes;0;0;0;0;0;0
170912;No;601;601;92;1198;0.77;0.76;Disabled;66.38;21.92;Yes;0;0;0;0;0;0
170971;No;601;601;93;1199;0.77;0.76;Disabled;66.38;21.92;Yes;0;0;0;0;0;0
171005;No;601;601;93;1200;0.77;0.76;Disabled;66.38;21.92;Yes;0;0;0;0;0;0
171064;No;601;601;93;1200;0.77;0.76;Disabled;66.38;21.92;Yes;0;0;0;0;0;0
171090;No;601;601;93;1201;0.77;0.76;Disabled;66.38;21.92;Yes;0;0;0;0;0;0
171127;No;601;601;93;1202;0.77;0.76;Disabled;66.38;21.92;Yes;0;0;0;0;0;0
171153;No;601;601;93;1203;0.77;0.76;Disabled;66.38;21.92;Yes;0;0;0;0;0;0
171183;No;601;601;93;1204;0.77;0.76;Disabled;66.38;21.92;Yes;0;0;0;0;0;0
171211;No;601;601;93;1204;0.77;0.76;Disabled;66.38;21.92;Yes;0;0;0;0;0;0
171243;No;601;601;93;1205;0.77;0.76;Disabled;66.38;21.92;Yes;0;0;0;0;0;0
171273;No;601;601;93;1206;0.77;0.76;Disabled;66.38;21.92;Yes;0;0;0;0;0;0
171305;No;601;601;93;1206;0.77;0.76;Disabled;66.38;21.92;Yes;0;0;0;0;0;0
171362;No;601;601;93;1206;0.77;0.76;Disabled;66.38;21.92;Yes;0;0;0;0;0;0
171394;No;601;601;93;1206;0.77;0.76;Disabled;66.38;21.92;Yes;0;0;0;0;0;0
171424;No;601;601;93;1205;0.77;0.76;Disabled;66.38;21.92;Yes;0;0;0;0;0;0
171453;No;601;601;93;1205;0.77;0.76;Disabled;66.38;21.92;Yes;0;0;0;0;0;0
171484;No;601;601;93;1205;0.77;0.76;Disabled;66.38;21.92;Yes;0;0;0;0;0;0
171518;No;601;601;93;1205;0.77;0.76;Disabled;66.38;21.92;Yes;0;0;0;0;0;0
171542;No;601;601;93;1204;0.77;0.76;Disabled;66.38;21.92;Yes;0;0;0;0;0;0
171570;No;601;601;93;1204;0.77;0.76;Disabled;66.38;21.92;Yes;0;0;0;0;0;0
171603;No;601;601;93;1204;0.76;0.76;Disabled;66.38;21.92;Yes;0;0;0;0;0;0
171647;No;601;601;93;1204;0.76;0.76;Disabled;66.38;21.92;Yes;0;0;0;0;0;0
171692;No;601;601;93;1204;0.76;0.76;Disabled;66.38;21.92;Yes;0;0;0;0;0;0
171725;No;601;601;93;1204;0.76;0.76;Disabled;66.38;21.92;Yes;0;0;0;0;0;0
171751;No;601;601;93;1204;0.76;0.76;Disabled;66.38;21.92;Yes;0;0;0;0;0;0
171783;No;601;601;93;1203;0.76;0.76;Disabled;66.38;21.92;Yes;0;0;0;0;0;0
171812;No;601;601;93;1203;0.76;0.76;Disabled;66.38;21.92;Yes;0;0;0;0;0;0
171844;No;601;601;93;1203;0.76;0.76;Disabled;66.38;21.92;Yes;0;0;0;0;0;0
171875;No;601;601;93;1210;0.76;0.76;Disabled;66.38;21.92;Yes;0;0;0;0;0;0
171906;No;601;601;93;1216;0.76;0.76;Disabled;66.38;21.92;Yes;0;0;0;0;0;0
171964;No;601;601;93;1222;0.76;0.76;Enabled;66.38;21.92;Yes;0;0;0;0;0;0
171995;No;601;601;93;1229;0.76;0.76;Enabled;66.38;21.92;Yes;0;0;0;0;0;0
172025;No;601;601;93;1235;0.76;0.76;Enabled;66.38;21.92;Yes;0;0;0;0;0;0
172053;No;601;601;93;1242;0.76;0.76;Enabled;66.38;21.92;Yes;0;0;0;0;0;0
172083;No;601;601;93;1248;0.76;0.76;Enabled;66.38;21.92;Yes;0;0;0;0;0;0
172114;No;601;601;93;1254;0.76;0.76;Enabled;66.38;21.92;Yes;0;0;0;0;0;0
172144;No;601;601;93;1261;0.76;0.76;Enabled;66.38;21.92;Yes;0;0;0;0;0;0
172172;No;601;601;93;1267;0.76;0.76;Enabled;66.38;21.92;Yes;0;0;0;0;0;0
172210;No;601;601;93;1274;0.76;0.76;Enabled;66.38;21.92;Yes;0;0;0;0;0;0
172290;No;601;601;93;1280;0.76;0.76;Enabled;66.38;21.92;Yes;0;0;0;0;0;0
172324;No;601;601;93;1286;0.76;0.76;Enabled;66.38;21.92;Yes;0;0;0;0;0;0
172352;No;601;601;93;1293;0.76;0.76;Enabled;66.38;21.92;Yes;0;0;0;0;0;0
172382;No;601;601;93;1299;0.76;0.76;Enabled;66.38;21.92;Yes;0;0;0;0;0;0
172410;No;601;601;93;1306;0.76;0.76;Enabled;66.38;21.92;Yes;0;0;0;0;0;0
172443;No;601;601;93;1312;0.76;0.76;Enabled;66.38;21.92;Yes;0;0;0;0;0;0
172474;No;601;601;93;1306;0.76;0.76;Enabled;66.38;21.92;Yes;0;0;0;0;0;0
172505;No;601;601;93;1301;0.76;0.76;Enabled;66.38;21.92;Yes;0;0;0;0;0;0
172565;No;601;601;93;1295;0.76;0.76;Enabled;66.38;21.92;Yes;0;0;0;0;0;0
172592;No;601;601;93;1289;0.76;0.76;Enabled;66.38;21.92;Yes;0;0;0;0;0;0
172625;No;601;601;93;1284;0.76;0.76;Enabled;66.38;21.92;Yes;0;0;0;0;0;0
172653;No;601;601;93;1278;0.76;0.76;Enabled;66.38;21.92;Yes;0;0;0;0;0;0
172684;No;601;601;93;1272;0.76;0.76;Enabled;66.38;21.92;Yes;0;0;0;0;0;0
172716;No;601;601;93;1267;0.76;0.76;Enabled;66.38;21.92;Yes;0;0;0;0;0;0
172744;No;601;601;93;1261;0.76;0.76;Enabled;66.38;21.92;Yes;0;0;0;0;0;0
172772;No;601;601;93;1256;0.76;0.76;Enabled;66.38;21.92;Yes;0;0;0;0;0;0
172804;No;601;601;93;1250;0.76;0.75;Enabled;66.38;21.92;Yes;0;0;0;0;0;0
172862;No;601;601;93;1244;0.76;0.75;Enabled;66.38;21.92;Yes;0;0;0;0;0;0
172893;No;601;601;93;1238;0.76;0.75;Enabled;66.38;21.92;Yes;0;0;0;0;0;0
172923;No;601;601;93;1233;0.76;0.75;Enabled;66.38;21.92;Yes;0;0;0;0;0;0
172950;No;601;601;93;1227;0.76;0.75;Enabled;66.38;21.92;Yes;0;0;0;0;0;0
172984;No;601;601;93;1222;0.76;0.75;Enabled;66.38;21.92;Yes;0;0;0;0;0;0
173012;No;601;601;93;1216;0.76;0.75;Enabled;66.38;21.92;Yes;0;0;0;0;0;0
173044;No;601;601;93;1216;0.76;0.75;Enabled;66.38;21.92;Yes;0;0;0;0;0;0
173070;No;601;601;93;1216;0.76;0.75;Enabled;66.38;21.92;Yes;0;0;0;0;0;0
173103;No;601;601;93;1217;0.76;0.75;Enabled;66.38;21.92;Yes;0;0;0;0;0;0
173162;No;601;601;93;1217;0.76;0.75;Enabled;66.38;21.92;Yes;0;0;0;0;0;0
173193;No;601;601;93;1217;0.76;0.75;Enabled;66.38;21.92;Yes;0;0;0;0;0;0
173226;No;601;601;93;1218;0.76;0.75;Enabled;66.38;21.92;Yes;0;0;0;0;0;0
173255;No;601;601;93;1218;0.76;0.75;Enabled;66.38;21.92;Yes;0;0;0;0;0;0
173283;No;601;601;93;1218;0.76;0.75;Enabled;66.38;21.92;Yes;0;0;0;0;0;0
173313;No;601;601;93;1219;0.76;0.75;Enabled;66.38;21.92;Yes;0;0;0;0;0;0
173343;No;601;601;93;1219;0.75;0.75;Enabled;66.38;21.92;Yes;0;0;0;0;0;0
173374;No;601;601;93;1219;0.75;0.75;Enabled;66.38;21.92;Yes;0;0;0;0;0;0
173405;No;601;601;93;1220;0.75;0.75;Enabled;66.38;21.92;Yes;0;0;0;0;0;0
173464;No;601;601;93;1220;0.75;0.75;Enabled;66.38;21.92;Yes;0;0;0;0;0;0
173499;No;601;601;93;1220;0.75;0.75;Enabled;66.38;21.92;Yes;0;0;0;0;0;0
173525;No;601;601;93;1220;0.75;0.75;Enabled;66.38;21.92;Yes;0;0;0;0;0;0
173553;No;601;601;93;1221;0.75;0.75;Enabled;66.38;21.92;Yes;0;0;0;0;0;0
173582;No;601;601;93;1221;0.75;0.75;Enabled;66.38;21.92;Yes;0;0;0;0;0;0
173610;No;601;601;93;1221;0.75;0.75;Enabled;66.38;21.92;Yes;0;0;0;0;0;0
173644;No;601;601;93;1222;0.75;0.75;Enabled;66.38;21.92;Yes;0;0;0;0;0;0
173675;No;601;601;93;1222;0.75;0.75;Enabled;66.38;21.92;Yes;0;0;0;0;0;0
173703;No;601;601;93;1222;0.75;0.75;Enabled;66.38;21.92;Yes;0;0;0;0;0;0
173747;No;601;601;93;1222;0.75;0.75;Enabled;66.38;21.92;Yes;0;0;0;0;0;0
173791;No;601;601;93;1222;0.75;0.75;Enabled;66.38;21.92;Yes;0;0;0;0;0;0
173825;No;601;601;93;1222;0.75;0.75;Enabled;66.38;21.92;Yes;0;0;0;0;0;0
173853;No;601;601;93;1222;0.75;0.75;Enabled;66.38;21.92;Yes;0;0;0;0;0;0
173884;No;601;601;93;1222;0.75;0.75;Enabled;66.38;21.92;Yes;0;0;0;0;0;0
173912;No;601;601;93;1222;0.75;0.75;Enabled;66.38;21.92;Yes;0;0;0;0;0;0
173944;No;601;601;93;1222;0.75;0.75;Enabled;66.38;21.92;Yes;0;0;0;0;0;0
173975;No;601;601;93;1223;0.75;0.75;Enabled;66.38;21.92;Yes;0;0;0;0;0;0
174008;No;601;601;93;1223;0.75;0.75;Enabled;66.38;21.92;Yes;0;0;0;0;0;0
174063;No;601;601;93;1223;0.75;0.75;Enabled;66.38;21.92;Yes;0;0;0;0;0;0
174090;No;601;601;93;1223;0.75;0.75;Enabled;66.38;21.92;Yes;0;0;0;0;0;0
174125;No;601;601;93;1223;0.75;0.75;Enabled;66.38;21.92;Yes;0;0;0;0;0;0
174153;No;601;601;93;1223;0.75;0.75;Enabled;66.38;21.92;Yes;0;0;0;0;0;0
174186;No;601;601;93;1224;0.75;0.75;Enabled;66.38;21.92;Yes;0;0;0;0;0;0
174215;No;601;601;93;1224;0.75;0.75;Enabled;66.38;21.92;Yes;0;0;0;0;0;0
174247;No;601;601;93;1224;0.75;0.75;Enabled;66.38;21.92;Yes;0;0;0;0;0;0
174272;No;601;601;93;1225;0.75;0.75;Enabled;66.38;21.92;Yes;0;0;0;0;0;0
174305;No;601;601;93;1225;0.75;0.75;Enabled;66.38;21.92;Yes;0;0;0;0;0;0
174362;No;601;601;93;1226;0.75;0.75;Enabled;66.38;21.92;Yes;0;0;0;0;0;0
174394;No;601;601;93;1226;0.75;0.75;Enabled;66.38;21.92;Yes;0;0;0;0;0;0
174424;No;601;601;93;1226;0.75;0.75;Enabled;66.38;21.92;Yes;0;0;0;0;0;0
174452;No;601;601;93;1226;0.75;0.75;Enabled;66.38;21.92;Yes;0;0;0;0;0;0
174488;No;601;601;93;1227;0.75;0.75;Enabled;66.38;21.92;Yes;0;0;0;0;0;0
174509;No;601;601;93;1227;0.75;0.75;Enabled;66.38;21.92;Yes;0;0;0;0;0;0
174544;No;601;601;93;1228;0.75;0.75;Enabled;66.38;21.92;Yes;0;0;0;0;0;0
174570;No;601;601;93;1228;0.75;0.75;Enabled;66.38;21.92;Yes;0;0;0;0;0;0
174604;No;601;601;93;1228;0.75;0.75;Enabled;66.38;21.92;Yes;0;0;0;0;0;0
174662;No;601;601;93;1229;0.75;0.75;Enabled;66.38;21.92;Yes;0;0;0;0;0;0
174694;No;601;601;93;1229;0.75;0.75;Enabled;66.38;21.92;Yes;0;0;0;0;0;0
174724;No;601;601;93;1230;0.75;0.75;Enabled;66.38;21.92;Yes;0;0;0;0;0;0
174752;No;601;601;93;1230;0.75;0.75;Enabled;66.38;21.92;Yes;0;0;0;0;0;0
174812;No;601;601;93;1230;0.75;0.75;Enabled;66.38;21.92;Yes;0;0;0;0;0;0
174843;No;601;601;93;1230;0.75;0.75;Enabled;66.38;21.92;Yes;0;0;0;0;0;0
174874;No;601;601;93;1231;0.75;0.75;Enabled;66.38;21.92;Yes;0;0;0;0;0;0
174905;No;601;601;93;1231;0.75;0.75;Enabled;66.38;21.92;Yes;0;0;0;0;0;0
174965;No;601;601;93;1232;0.75;0.75;Enabled;66.38;21.92;Yes;0;0;0;0;0;0
174996;No;601;601;93;1232;0.75;0.75;Enabled;66.38;21.92;Yes;0;0;0;0;0;0
175024;No;601;601;93;1232;0.75;0.75;Enabled;66.38;21.92;Yes;0;0;0;0;0;0
175051;No;601;601;93;1233;0.75;0.75;Enabled;66.38;21.92;Yes;0;0;0;0;0;0
175082;No;601;601;93;1233;0.75;0.75;Enabled;66.38;21.92;Yes;0;0;0;0;0;0
175118;No;601;601;93;1234;0.75;0.75;Enabled;66.38;21.92;Yes;0;0;0;0;0;0
175144;No;601;601;93;1234;0.75;0.75;Enabled;66.38;21.92;Yes;0;0;0;0;0;0
175175;No;601;601;93;1234;0.74;0.75;Enabled;66.38;21.92;Yes;0;0;0;0;0;0
175205;No;601;601;93;1234;0.74;0.75;Enabled;66.38;21.92;Yes;0;0;0;0;0;0
175263;No;601;601;93;1235;0.74;0.75;Enabled;66.38;21.92;Yes;0;0;0;0;0;0
175295;No;601;601;93;1235;0.74;0.75;Enabled;66.38;21.92;Yes;0;0;0;0;0;0
175325;No;601;601;93;1236;0.74;0.75;Enabled;66.38;21.92;Yes;0;0;0;0;0;0
175352;No;601;601;93;1236;0.74;0.75;Enabled;66.38;21.92;Yes;0;0;0;0;0;0
175383;No;601;601;93;1235;0.74;0.75;Enabled;66.38;21.92;Yes;0;0;0;0;0;0
175415;No;601;601;93;1235;0.74;0.75;Enabled;66.38;21.92;Yes;0;0;0;0;0;0
175445;No;601;601;93;1235;0.74;0.75;Enabled;66.38;21.92;Yes;0;0;0;0;0;0
175474;No;601;600;93;1235;0.74;0.75;Enabled;66.38;21.92;Yes;0;0;0;0;0;0
175504;No;600;600;93;1235;0.74;0.75;Enabled;66.38;21.92;Yes;0;0;0;0;0;0
175592;No;600;600;93;1235;0.74;0.75;Enabled;66.38;21.92;Yes;0;0;0;0;0;0
175625;No;600;600;93;1234;0.74;0.75;Enabled;66.38;21.92;Yes;0;0;0;0;0;0
175653;No;600;600;93;1234;0.74;0.75;Enabled;66.38;21.92;Yes;0;0;0;0;0;0
175683;No;600;600;93;1234;0.74;0.75;Enabled;66.38;21.92;Yes;0;0;0;0;0;0
175712;No;600;600;93;1234;0.74;0.75;Enabled;66.38;21.92;Yes;0;0;0;0;0;0
175743;No;600;600;93;1234;0.74;0.75;Enabled;66.38;21.92;Yes;0;0;0;0;0;0
175773;No;600;600;93;1234;0.74;0.75;Enabled;66.38;21.92;Yes;0;0;0;0;0;0
175803;No;600;600;93;1234;0.74;0.74;Enabled;66.38;21.92;Yes;0;0;0;0;0;0
175847;No;600;600;93;1234;0.74;0.74;Enabled;66.38;21.92;Yes;0;0;0;0;0;0
175893;No;600;600;93;1234;0.74;0.74;Enabled;66.38;21.92;Yes;0;0;0;0;0;0
175925;No;600;600;93;1234;0.74;0.74;Enabled;66.38;21.92;Yes;0;0;0;0;0;0
175952;No;600;600;93;1234;0.74;0.74;Enabled;66.38;21.92;Yes;0;0;0;0;0;0
175983;No;600;600;93;1234;0.74;0.74;Enabled;66.38;21.92;Yes;0;0;0;0;0;0
176013;No;600;600;93;1235;0.74;0.74;Enabled;66.38;21.92;Yes;0;0;0;0;0;0
176056;No;600;600;93;1236;0.74;0.74;Enabled;66.38;21.92;Yes;0;0;0;0;0;0
176070;No;600;600;93;1236;0.74;0.75;Enabled;66.38;21.92;Yes;0;0;0;0;0;0
176105;No;600;600;93;1237;0.74;0.75;Enabled;66.38;21.92;Yes;0;0;0;0;0;0
176165;No;600;600;93;1237;0.74;0.75;Enabled;66.38;21.92;Yes;0;0;0;0;0;0
176194;No;600;600;93;1238;0.74;0.75;Enabled;66.38;21.92;Yes;0;0;0;0;0;0
176224;No;600;600;93;1238;0.74;0.75;Enabled;66.38;21.92;Yes;0;0;0;0;0;0
176252;No;600;600;93;1239;0.74;0.75;Enabled;66.38;21.92;Yes;0;0;0;0;0;0
176283;No;600;600;93;1240;0.74;0.75;Enabled;66.38;21.92;Yes;0;0;0;0;0;0
176314;No;600;600;93;1240;0.74;0.75;Enabled;66.38;21.92;Yes;0;0;0;0;0;0
176345;No;600;600;93;1240;0.73;0.75;Enabled;66.38;21.92;Yes;0;0;0;0;0;0
176372;No;600;600;93;1241;0.73;0.75;Enabled;66.38;21.92;Yes;0;0;0;0;0;0
176405;No;600;600;93;1242;0.73;0.75;Enabled;66.38;21.92;Yes;0;0;0;0;0;0
176464;No;600;600;93;1242;0.73;0.75;Enabled;66.38;21.92;Yes;0;0;0;0;0;0
176490;No;600;600;93;1243;0.73;0.75;Enabled;66.38;21.92;Yes;0;0;0;0;0;0
176524;No;600;600;93;1250;0.73;0.75;Enabled;66.38;21.92;Yes;0;0;0;0;0;0
176552;No;600;600;93;1256;0.73;0.75;Enabled;66.38;21.92;Yes;0;0;0;0;0;0
176585;No;600;600;93;1263;0.73;0.75;Disabled;66.38;21.92;Yes;0;0;0;0;0;0
176614;No;600;600;93;1269;0.73;0.75;Disabled;66.38;21.92;Yes;0;0;0;0;0;0
176645;No;600;600;93;1276;0.73;0.75;Disabled;66.38;21.92;Yes;0;0;0;0;0;0
176672;No;600;600;93;1282;0.73;0.75;Disabled;66.38;21.92;Yes;0;0;0;0;0;0
176703;No;600;600;93;1289;0.73;0.76;Disabled;66.38;21.92;Yes;0;0;0;0;0;0
176762;No;599;599;93;1296;0.73;0.76;Disabled;66.38;21.92;Yes;0;0;0;0;0;0
176794;No;599;599;93;1302;0.73;0.76;Disabled;66.38;21.92;Yes;0;0;0;0;0;0
176823;No;599;599;93;1309;0.73;0.76;Disabled;66.38;21.92;Yes;0;0;0;0;0;0
176853;No;599;599;93;1316;0.73;0.76;Disabled;66.38;21.92;Yes;0;0;0;0;0;0
176883;No;599;599;93;1322;0.73;0.76;Disabled;66.38;21.92;Yes;0;0;0;0;0;0
176915;No;599;599;93;1329;0.73;0.76;Disabled;66.38;21.92;Yes;0;0;0;0;0;0
176946;No;599;599;93;1336;0.73;0.76;Disabled;66.38;21.92;Yes;0;0;0;0;0;0
176976;No;599;599;93;1342;0.73;0.76;Disabled;66.38;21.92;Yes;0;0;0;0;0;0
177007;No;599;599;93;1349;0.73;0.76;Disabled;66.38;21.92;Yes;0;0;0;0;0;0
177065;No;599;599;93;1356;0.73;0.76;Disabled;66.38;21.92;Yes;0;0;0;0;0;0
177093;No;599;599;93;1355;0.73;0.76;Disabled;66.38;21.92;Yes;0;0;0;0;0;0
177123;No;599;599;93;1355;0.73;0.76;Disabled;66.38;21.92;Yes;0;0;0;0;0;0
177155;No;599;599;93;1354;0.73;0.76;Disabled;66.38;21.92;Yes;0;0;0;0;0;0
177182;No;599;599;93;1354;0.73;0.77;Disabled;66.38;21.92;Yes;0;0;0;0;0;0
177215;No;599;599;93;1353;0.73;0.77;Disabled;66.38;21.92;Yes;0;0;0;0;0;0
177242;No;599;599;93;1353;0.73;0.77;Disabled;66.38;21.92;Yes;0;0;0;0;0;0
177273;No;599;599;93;1352;0.73;0.77;Disabled;66.38;21.92;Yes;0;0;0;0;0;0
177306;No;599;599;93;1352;0.73;0.77;Disabled;66.38;21.92;Yes;0;0;0;0;0;0
177392;No;599;599;93;1352;0.73;0.78;Disabled;66.38;21.92;Yes;0;0;0;0;0;0
177424;No;599;599;93;1351;0.73;0.78;Disabled;66.38;21.92;Yes;0;0;0;0;0;0
177454;No;599;599;93;1351;0.73;0.78;Disabled;66.38;21.92;Yes;0;0;0;0;0;0
177485;No;599;599;93;1350;0.73;0.78;Disabled;66.38;21.92;Yes;0;0;0;0;0;0
177513;No;599;599;93;1350;0.73;0.79;Disabled;66.38;21.92;Yes;0;0;0;0;0;0
177545;No;599;599;93;1350;0.73;0.79;Disabled;66.38;21.92;Yes;0;0;0;0;0;0
177573;No;599;599;93;1349;0.73;0.79;Disabled;66.38;21.92;Yes;0;0;0;0;0;0
177604;No;599;599;93;1349;0.73;0.79;Disabled;66.38;21.92;Yes;0;0;0;0;0;0
177663;No;599;599;93;1348;0.73;0.79;Disabled;66.38;21.92;Yes;0;0;0;0;0;0
177692;No;599;599;93;1343;0.73;0.79;Disabled;66.38;21.92;Yes;0;0;0;0;0;0
177724;No;599;599;93;1338;0.73;0.80;Disabled;66.38;21.92;Yes;0;0;0;0;0;0
177753;No;599;599;93;1333;0.73;0.80;Enabled;66.38;21.92;Yes;0;0;0;0;0;0
177786;No;599;599;93;1328;0.73;0.80;Enabled;66.38;21.92;Yes;0;0;0;0;0;0
177812;No;599;599;93;1324;0.73;0.80;Enabled;66.38;21.92;Yes;0;0;0;0;0;0
177842;No;599;599;93;1318;0.73;0.80;Enabled;66.38;21.92;Yes;0;0;0;0;0;0
177873;No;599;599;93;1314;0.73;0.80;Enabled;66.38;21.92;Yes;0;0;0;0;0;0
177905;No;599;599;93;1308;0.73;0.79;Enabled;66.38;21.92;Yes;0;0;0;0;0;0
177963;No;599;599;93;1304;0.73;0.79;Enabled;66.38;21.92;Yes;0;0;0;0;0;0
177992;No;599;599;93;1298;0.73;0.79;Enabled;66.38;21.92;Yes;0;0;0;0;0;0
178024;No;599;599;93;1294;0.73;0.79;Enabled;66.38;21.92;Yes;0;0;0;0;0;0
178052;No;598;599;93;1288;0.73;0.79;Enabled;66.38;21.92;Yes;0;0;0;0;0;0
178085;No;598;598;93;1284;0.73;0.79;Enabled;66.38;21.92;Yes;0;0;0;0;0;0
178113;No;598;598;93;1279;0.73;0.79;Enabled;66.38;21.92;Yes;0;0;0;0;0;0
178142;No;598;598;93;1274;0.73;0.79;Enabled;66.38;21.92;Yes;0;0;0;0;0;0
178174;No;598;598;93;1269;0.73;0.79;Enabled;66.38;21.92;Yes;0;0;0;0;0;0
178204;No;598;598;93;1264;0.73;0.79;Enabled;66.38;21.92;Yes;0;0;0;0;0;0
178262;No;598;598;93;1262;0.73;0.79;Enabled;66.38;21.92;Yes;0;0;0;0;0;0
178293;No;598;598;93;1261;0.73;0.79;Enabled;66.38;21.92;Yes;0;0;0;0;0;0
178324;No;598;598;93;1259;0.73;0.79;Enabled;66.38;21.92;Yes;0;0;0;0;0;0
178352;No;598;598;93;1258;0.73;0.79;Enabled;66.38;21.92;Yes;0;0;0;0;0;0
178384;No;598;598;93;1256;0.73;0.79;Enabled;66.38;21.92;Yes;0;0;0;0;0;0
178414;No;598;598;93;1254;0.73;0.79;Enabled;66.38;21.92;Yes;0;0;0;0;0;0
178443;No;598;598;93;1253;0.73;0.79;Enabled;66.38;21.92;Yes;0;0;0;0;0;0
178475;No;598;598;93;1252;0.73;0.79;Enabled;66.38;21.92;Yes;0;0;0;0;0;0
178505;No;598;598;93;1250;0.73;0.79;Enabled;66.38;21.92;Yes;0;0;0;0;0;0
178565;No;598;598;93;1248;0.73;0.79;Enabled;66.38;21.92;Yes;0;0;0;0;0;0
178594;No;598;598;93;1247;0.73;0.78;Enabled;66.38;21.92;Yes;0;0;0;0;0;0
178652;No;598;598;93;1245;0.73;0.78;Enabled;66.38;21.92;Yes;0;0;0;0;0;0
178683;No;598;598;93;1244;0.73;0.78;Enabled;66.38;21.92;Yes;0;0;0;0;0;0
178711;No;598;598;93;1242;0.73;0.78;Enabled;66.38;21.92;Yes;0;0;0;0;0;0
178741;No;598;598;93;1240;0.73;0.78;Enabled;66.38;21.92;Yes;0;0;0;0;0;0
178771;No;598;598;93;1239;0.73;0.78;Enabled;66.38;21.92;Yes;0;0;0;0;0;0
178806;No;598;598;93;1238;0.73;0.78;Enabled;66.38;21.92;Yes;0;0;0;0;0;0
178862;No;598;598;93;1237;0.73;0.78;Enabled;66.38;21.92;Yes;0;0;0;0;0;0
178894;No;598;598;93;1236;0.73;0.78;Enabled;66.38;21.92;Yes;0;0;0;0;0;0
178925;No;598;598;93;1236;0.73;0.78;Enabled;66.38;21.92;Yes;0;0;0;0;0;0
178952;No;598;598;93;1236;0.73;0.78;Enabled;66.38;21.92;Yes;0;0;0;0;0;0
178984;No;598;598;93;1235;0.73;0.78;Enabled;66.38;21.92;Yes;0;0;0;0;0;0
179010;No;598;598;93;1234;0.73;0.78;Enabled;66.38;21.92;Yes;0;0;0;0;0;0
179041;No;598;598;93;1234;0.73;0.77;Enabled;66.38;21.92;Yes;0;0;0;0;0;0
179071;No;598;598;93;1234;0.73;0.77;Enabled;66.38;21.92;Yes;0;0;0;0;0;0
179105;No;598;598;93;1233;0.73;0.77;Enabled;66.38;21.92;Yes;0;0;0;0;0;0
179163;No;598;598;93;1232;0.73;0.77;Enabled;66.38;21.92;Yes;0;0;0;0;0;0
179194;No;598;598;93;1232;0.73;0.77;Enabled;66.38;21.92;Yes;0;0;0;0;0;0
179223;No;598;598;93;1231;0.73;0.77;Enabled;66.38;21.92;Yes;0;0;0;0;0;0
179254;No;598;598;93;1231;0.74;0.77;Enabled;66.38;21.92;Yes;0;0;0;0;0;0
179285;No;598;598;93;1230;0.74;0.77;Enabled;66.38;21.92;Yes;0;0;0;0;0;0
179311;No;598;598;93;1230;0.74;0.77;Enabled;66.38;21.92;Yes;0;0;0;0;0;0
179345;No;598;598;93;1229;0.74;0.77;Enabled;66.38;21.92;Yes;0;0;0;0;0;0
179375;No;598;598;93;1229;0.74;0.77;Enabled;66.38;21.92;Yes;0;0;0;0;0;0
179405;No;598;598;93;1229;0.74;0.77;Enabled;66.38;21.92;Yes;0;0;0;0;0;0
179463;No;598;598;93;1229;0.74;0.77;Enabled;66.38;21.92;Yes;0;0;0;0;0;0
179493;No;598;598;93;1229;0.74;0.77;Enabled;66.38;21.92;Yes;0;0;0;0;0;0
179525;No;598;598;93;1229;0.74;0.77;Enabled;66.38;21.92;Yes;0;0;0;0;0;0
179553;No;598;598;93;1229;0.74;0.77;Enabled;66.38;21.92;Yes;0;0;0;0;0;0
179584;No;598;598;93;1229;0.74;0.77;Enabled;66.38;21.92;Yes;0;0;0;0;0;0
179610;No;598;598;93;1229;0.74;0.76;Enabled;66.38;21.92;Yes;0;0;0;0;0;0
179645;No;598;598;93;1229;0.74;0.76;Enabled;66.38;21.92;Yes;0;0;0;0;0;0
179673;No;598;598;93;1228;0.74;0.76;Enabled;66.38;21.92;Yes;0;0;0;0;0;0
179706;No;598;598;93;1228;0.74;0.76;Enabled;66.38;21.92;Yes;0;0;0;0;0;0
179763;No;598;598;93;1228;0.74;0.76;Enabled;66.38;21.92;Yes;0;0;0;0;0;0
179795;No;598;598;93;1228;0.74;0.76;Enabled;66.38;21.92;Yes;0;0;0;0;0;0
179825;No;598;598;93;1228;0.75;0.76;Enabled;66.38;21.92;Yes;0;0;0;0;0;0
179851;No;598;598;93;1228;0.75;0.76;Enabled;66.38;21.92;Yes;0;0;0;0;0;0
179896;No;598;598;93;1228;0.75;0.76;Enabled;66.38;21.92;Yes;0;0;0;0;0;0
179911;No;598;598;93;1228;0.75;0.76;Enabled;66.38;21.92;Yes;0;0;0;0;0;0
179943;No;598;598;93;1228;0.75;0.76;Enabled;66.38;21.92;Yes;0;0;0;0;0;0
179973;No;598;598;93;1228;0.75;0.76;Enabled;66.38;21.92;Yes;0;0;0;0;0;0
180006;No;598;598;93;1229;0.75;0.76;Enabled;66.38;21.92;Yes;0;0;0;0;0;0
180031;No;598;598;93;1229;0.75;0.76;Enabled;66.38;21.92;Yes;0;0;0;0;0;0
180061;No;598;598;93;1229;0.75;0.76;Enabled;66.38;21.92;Yes;0;0;0;0;0;0
180091;No;598;598;93;1229;0.75;0.76;Enabled;66.38;21.92;Yes;0;0;0;0;0;0
180123;No;598;598;93;1229;0.75;0.76;Enabled;66.38;21.92;Yes;0;0;0;0;0;0
180152;No;598;598;93;1229;0.75;0.75;Enabled;66.38;21.92;Yes;0;0;0;0;0;0
180184;No;598;598;93;1230;0.75;0.75;Enabled;66.38;21.92;Yes;0;0;0;0;0;0
180212;No;598;598;93;1230;0.75;0.75;Enabled;66.38;21.92;Yes;0;0;0;0;0;0
180245;No;598;598;93;1230;0.75;0.75;Enabled;66.38;21.92;Yes;0;0;0;0;0;0
180272;No;598;598;93;1230;0.75;0.75;Enabled;66.38;21.92;Yes;0;0;0;0;0;0
180304;No;598;598;93;1230;0.75;0.75;Enabled;66.38;21.92;Yes;0;0;0;0;0;0
180348;No;598;598;93;1230;0.75;0.75;Enabled;66.38;21.92;Yes;0;0;0;0;0;0
180392;No;598;598;93;1230;0.76;0.75;Enabled;66.38;21.92;Yes;0;0;0;0;0;0
180423;No;598;598;93;1230;0.76;0.75;Enabled;66.38;21.92;Yes;0;0;0;0;0;0
180451;No;598;598;93;1230;0.76;0.75;Enabled;66.38;21.92;Yes;0;0;0;0;0;0
180488;No;598;598;93;1230;0.76;0.75;Enabled;66.38;21.92;Yes;0;0;0;0;0;0
180512;No;598;598;93;1230;0.76;0.75;Enabled;66.38;21.92;Yes;0;0;0;0;0;0
180543;No;597;598;93;1230;0.76;0.75;Enabled;66.38;21.92;Yes;0;0;0;0;0;0
180574;No;597;597;93;1229;0.76;0.75;Enabled;66.38;21.92;Yes;0;0;0;0;0;0
180604;No;597;597;93;1228;0.76;0.75;Enabled;66.38;21.92;Yes;0;0;0;0;0;0
180649;No;597;597;93;1228;0.76;0.75;Enabled;66.38;21.92;Yes;0;0;0;0;0;0
180692;No;597;597;93;1227;0.76;0.75;Enabled;66.38;21.92;Yes;0;0;0;0;0;0
180726;No;597;597;93;1227;0.76;0.75;Enabled;66.38;21.92;Yes;0;0;0;0;0;0
180753;No;597;597;92;1226;0.76;0.75;Enabled;66.38;21.92;Yes;0;0;0;0;0;0
180784;No;597;597;92;1226;0.76;0.75;Enabled;66.38;21.92;Yes;0;0;0;0;0;0
180811;No;597;597;92;1225;0.76;0.75;Enabled;66.38;21.92;Yes;0;0;0;0;0;0
180844;No;597;597;92;1225;0.76;0.75;Enabled;66.38;21.92;Yes;0;0;0;0;0;0
180874;No;597;597;92;1224;0.76;0.75;Enabled;66.38;21.92;Yes;0;0;0;0;0;0
180905;No;597;597;92;1224;0.76;0.75;Enabled;66.38;21.92;Yes;0;0;0;0;0;0
180948;No;597;597;92;1223;0.76;0.74;Enabled;66.38;21.92;Yes;0;0;0;0;0;0
180993;No;597;597;92;1222;0.76;0.74;Enabled;66.38;21.92;Yes;0;0;0;0;0;0
181026;No;597;597;92;1222;0.76;0.74;Enabled;66.38;21.92;Yes;0;0;0;0;0;0
181056;No;597;597;92;1222;0.76;0.74;Enabled;66.38;21.92;Yes;0;0;0;0;0;0
181084;No;597;597;92;1222;0.76;0.74;Enabled;66.38;21.92;Yes;0;0;0;0;0;0
181111;No;597;597;92;1222;0.76;0.74;Enabled;66.38;21.92;Yes;0;0;0;0;0;0
181145;No;597;597;92;1222;0.76;0.74;Enabled;66.38;21.92;Yes;0;0;0;0;0;0
181179;No;597;597;92;1222;0.76;0.74;Enabled;66.38;21.92;Yes;0;0;0;0;0;0
181205;No;597;597;92;1222;0.76;0.74;Enabled;66.38;21.92;Yes;0;0;0;0;0;0
181250;No;597;597;92;1222;0.76;0.74;Enabled;66.38;21.92;Yes;0;0;0;0;0;0
181289;No;597;597;92;1222;0.76;0.74;Enabled;66.38;21.92;Yes;0;0;0;0;0;0
181324;No;597;597;92;1222;0.76;0.74;Enabled;66.38;21.92;Yes;0;0;0;0;0;0
181350;No;597;597;92;1222;0.76;0.74;Enabled;66.38;21.92;Yes;0;0;0;0;0;0
181383;No;597;597;92;1223;0.76;0.74;Enabled;66.38;21.92;Yes;0;0;0;0;0;0
181414;No;597;597;92;1223;0.76;0.74;Enabled;66.38;21.92;Yes;0;0;0;0;0;0
181446;No;597;597;92;1223;0.76;0.74;Enabled;66.38;21.92;Yes;0;0;0;0;0;0
181473;No;597;597;92;1223;0.76;0.74;Enabled;66.38;21.92;Yes;0;0;0;0;0;0
181505;No;597;597;92;1223;0.76;0.74;Enabled;66.38;21.92;Yes;0;0;0;0;0;0
181550;No;597;597;92;1223;0.76;0.74;Enabled;66.38;21.92;Yes;0;0;0;0;0;0
181591;No;597;597;92;1224;0.76;0.74;Enabled;66.38;21.92;Yes;0;0;0;0;0;0
181626;No;597;597;92;1224;0.76;0.74;Enabled;66.38;21.92;Yes;0;0;0;0;0;0
181653;No;597;597;92;1224;0.76;0.74;Enabled;66.38;21.92;Yes;0;0;0;0;0;0
181683;No;597;597;92;1224;0.76;0.74;Enabled;66.38;21.92;Yes;0;0;0;0;0;0
181713;No;597;597;92;1224;0.76;0.74;Enabled;66.38;21.92;Yes;0;0;0;0;0;0
181743;No;597;597;92;1224;0.76;0.74;Enabled;66.38;21.92;Yes;0;0;0;0;0;0
181771;No;597;597;92;1224;0.76;0.74;Enabled;66.38;21.92;Yes;0;0;0;0;0;0
181808;No;597;597;92;1224;0.75;0.74;Enabled;66.38;21.92;Yes;0;0;0;0;0;0
181863;No;597;597;92;1224;0.75;0.74;Enabled;66.38;21.92;Yes;0;0;0;0;0;0
181891;No;597;597;92;1224;0.75;0.73;Enabled;66.38;21.92;Yes;0;0;0;0;0;0
181923;No;597;597;92;1224;0.75;0.73;Enabled;66.38;21.92;Yes;0;0;0;0;0;0
181952;No;597;597;92;1224;0.75;0.73;Enabled;66.38;21.92;Yes;0;0;0;0;0;0
181984;No;597;597;92;1224;0.75;0.73;Enabled;66.38;21.92;Yes;0;0;0;0;0;0
182013;No;597;597;92;1224;0.75;0.73;Enabled;66.38;21.92;Yes;0;0;0;0;0;0
182045;No;597;597;92;1225;0.75;0.73;Enabled;66.38;21.92;Yes;0;0;0;0;0;0
182071;No;597;597;92;1225;0.75;0.73;Enabled;66.38;21.92;Yes;0;0;0;0;0;0
182106;No;597;597;92;1225;0.75;0.73;Enabled;66.38;21.92;Yes;0;0;0;0;0;0
182163;No;597;597;92;1225;0.75;0.73;Enabled;66.38;21.92;Yes;0;0;0;0;0;0
182191;No;597;597;92;1225;0.75;0.73;Enabled;66.38;21.92;Yes;0;0;0;0;0;0
182223;No;597;597;92;1226;0.75;0.73;Enabled;66.38;21.92;Yes;0;0;0;0;0;0
182254;No;597;597;92;1226;0.73;0.73;Enabled;66.38;21.92;Yes;0;0;0;0;0;0
182284;No;597;597;92;1227;0.71;0.73;Enabled;66.38;21.92;Yes;0;0;0;0;0;0
182311;No;597;597;92;1228;0.69;0.73;Enabled;66.38;21.92;Yes;0;0;0;0;0;0
182346;No;597;597;92;1229;0.67;0.72;Enabled;66.38;21.92;Yes;0;0;0;0;0;0
182373;No;597;597;92;1230;0.65;0.72;Enabled;66.38;21.92;Yes;0;0;0;0;0;0
182407;No;597;597;92;1230;0.63;0.72;Enabled;66.38;21.92;Yes;0;0;0;0;0;0
182493;No;597;597;92;1231;0.61;0.72;Enabled;66.38;21.92;Yes;0;0;0;0;0;0
182524;No;597;597;92;1232;0.58;0.72;Enabled;66.38;21.92;Yes;0;0;0;0;0;0
182550;No;597;597;92;1232;0.56;0.72;Enabled;66.38;21.92;Yes;0;0;0;0;0;0
182586;No;597;597;92;1233;0.54;0.72;Enabled;66.38;21.92;Yes;0;0;0;0;0;0
182613;No;597;597;92;1234;0.52;0.71;Enabled;66.38;21.92;Yes;0;0;0;0;0;0
182646;No;597;597;92;1235;0.50;0.71;Enabled;66.38;21.92;Yes;0;0;0;0;0;0
182671;No;597;597;92;1236;0.48;0.71;Enabled;66.38;21.92;Yes;0;0;0;0;0;0
182704;No;597;597;92;1236;0.46;0.71;Enabled;66.38;21.92;Yes;0;0;0;0;0;0
182746;No;597;597;92;1237;0.44;0.71;Enabled;66.38;21.92;Yes;0;0;0;0;0;0
182792;No;597;597;92;1238;0.42;0.71;Enabled;66.38;21.92;Yes;0;0;0;0;0;0
182827;No;597;597;92;1238;0.40;0.71;Enabled;66.38;21.92;Yes;0;0;0;0;0;0
182855;No;597;597;92;1238;0.42;0.70;Enabled;66.38;21.92;Yes;0;0;0;0;0;0
182887;No;597;597;92;1238;0.44;0.71;Enabled;66.38;21.92;Yes;0;0;0;0;0;0
182912;No;597;597;92;1238;0.45;0.71;Enabled;66.38;21.92;Yes;0;0;0;0;0;0
182943;No;597;597;92;1238;0.47;0.71;Enabled;66.38;21.92;Yes;0;0;0;0;0;0
182973;No;597;597;92;1238;0.49;0.71;Enabled;66.38;21.92;Yes;0;0;0;0;0;0
183004;No;597;597;92;1238;0.50;0.71;Enabled;66.38;21.92;Yes;0;0;0;0;0;0
183050;No;597;597;92;1238;0.52;0.71;Enabled;66.38;21.92;Yes;0;0;0;0;0;0
183092;No;597;597;92;1237;0.54;0.71;Enabled;66.38;21.92;Yes;0;0;0;0;0;0
183124;No;597;597;92;1237;0.55;0.71;Enabled;66.38;21.92;Yes;0;0;0;0;0;0
183150;No;597;597;92;1237;0.57;0.71;Enabled;66.38;21.92;Yes;0;0;0;0;0;0
183186;No;597;597;92;1237;0.59;0.72;Enabled;66.38;21.92;Yes;0;0;0;0;0;0
183211;No;597;597;92;1237;0.60;0.72;Enabled;66.38;21.92;Yes;0;0;0;0;0;0
183247;No;597;597;92;1237;0.62;0.72;Enabled;66.38;21.92;Yes;0;0;0;0;0;0
183271;No;597;597;92;1237;0.64;0.72;Enabled;66.38;21.92;Yes;0;0;0;0;0;0
183304;No;597;597;92;1237;0.66;0.72;Enabled;66.38;21.92;Yes;0;0;0;0;0;0
183349;No;597;597;92;1237;0.67;0.72;Enabled;66.38;21.92;Yes;0;0;0;0;0;0
183394;No;597;597;92;1237;0.69;0.72;Enabled;66.38;21.92;Yes;0;0;0;0;0;0
183427;No;597;597;92;1237;0.69;0.72;Enabled;66.38;21.92;Yes;0;0;0;0;0;0
183455;No;597;597;92;1237;0.69;0.72;Enabled;66.38;21.92;Yes;0;0;0;0;0;0
183483;No;597;597;92;1237;0.69;0.72;Enabled;66.38;21.92;Yes;0;0;0;0;0;0
183513;No;597;597;92;1237;0.69;0.72;Enabled;66.38;21.92;Yes;0;0;0;0;0;0
183544;No;597;597;92;1237;0.69;0.72;Enabled;66.38;21.92;Yes;0;0;0;0;0;0
183572;No;597;597;92;1237;0.69;0.72;Enabled;66.38;21.92;Yes;0;0;0;0;0;0
183606;No;597;597;92;1237;0.70;0.73;Enabled;66.38;21.92;Yes;0;0;0;0;0;0
183648;No;597;597;92;1238;0.70;0.73;Enabled;66.38;21.92;Yes;0;0;0;0;0;0
183691;No;597;597;92;1238;0.70;0.73;Enabled;66.38;21.92;Yes;0;0;0;0;0;0
183737;No;597;597;92;1238;0.70;0.73;Enabled;66.38;21.92;Yes;0;0;0;0;0;0
183750;No;597;597;92;1238;0.70;0.73;Enabled;66.38;21.92;Yes;0;0;0;0;0;0
183786;No;597;597;92;1238;0.70;0.73;Enabled;66.38;21.92;Yes;0;0;0;0;0;0
183814;No;597;597;92;1238;0.70;0.73;Enabled;66.38;21.92;Yes;0;0;0;0;0;0
183844;No;597;597;92;1238;0.70;0.73;Enabled;66.38;21.92;Yes;0;0;0;0;0;0
183871;No;597;597;92;1238;0.70;0.73;Enabled;66.38;21.92;Yes;0;0;0;0;0;0
183906;No;597;597;92;1238;0.70;0.73;Enabled;66.38;21.92;Yes;0;0;0;0;0;0
183949;No;597;597;92;1238;0.70;0.73;Enabled;66.38;21.92;Yes;0;0;0;0;0;0
183992;No;597;597;92;1238;0.71;0.73;Enabled;66.38;21.92;Yes;0;0;0;0;0;0
184023;No;597;597;92;1237;0.71;0.70;Enabled;66.38;21.92;Yes;0;0;0;0;0;0
184053;No;597;597;92;1237;0.71;0.66;Enabled;66.38;21.92;Yes;0;0;0;0;0;0
184084;No;597;597;92;1237;0.71;0.63;Enabled;66.38;21.92;Yes;0;0;0;0;0;0
184114;No;597;597;92;1237;0.71;0.60;Enabled;66.38;21.92;Yes;0;0;0;0;0;0
184145;No;597;597;92;1236;0.71;0.56;Enabled;66.38;21.92;Yes;0;0;0;0;0;0
184174;No;597;597;92;1236;0.71;0.53;Enabled;66.38;21.92;Yes;0;0;0;0;0;0
184206;No;597;597;92;1236;0.71;0.50;Enabled;66.38;21.92;Yes;0;0;0;0;0;0
184251;No;597;597;92;1236;0.71;0.47;Enabled;66.38;21.92;Yes;0;0;0;0;0;0
184293;No;597;597;92;1236;0.72;0.43;Enabled;66.38;21.92;Yes;0;0;0;0;0;0
184324;No;597;597;92;1236;0.72;0.40;Enabled;66.38;21.92;Yes;0;0;0;0;0;0
184354;No;597;597;92;1236;0.72;0.37;Enabled;66.38;21.92;Yes;0;0;0;0;0;0
184385;No;597;597;92;1236;0.72;0.34;Enabled;66.38;21.92;Yes;0;0;0;0;0;0
184414;No;597;597;92;1235;0.72;0.30;Enabled;66.38;21.92;Yes;0;0;0;0;0;0
184445;No;597;597;92;1235;0.72;0.27;Enabled;66.38;21.92;Yes;0;0;0;0;0;0
184473;No;597;597;92;1235;0.72;0.24;Enabled;66.38;21.92;Yes;0;0;0;0;0;0
184504;No;597;597;92;1235;0.72;0.21;Enabled;66.38;21.92;Yes;0;0;0;0;0;0
184555;No;597;597;92;1236;0.73;0.17;Enabled;66.38;21.92;Yes;0;0;0;0;0;0
184593;No;597;597;92;1236;0.73;0.16;Enabled;66.38;21.92;Yes;0;0;0;0;0;0
184625;No;597;597;92;1236;0.74;0.15;Enabled;66.38;21.92;Yes;0;0;0;0;0;0
184652;No;597;597;92;1236;0.74;0.14;Enabled;66.38;21.92;Yes;0;0;0;0;0;0
184685;No;597;597;92;1237;0.75;0.13;Enabled;66.38;21.92;Yes;0;0;0;0;0;0
184714;No;597;597;92;1237;0.75;0.12;Enabled;66.38;21.92;Yes;0;0;0;0;0;0
184745;No;597;597;92;1238;0.76;0.11;Enabled;66.38;21.92;Yes;0;0;0;0;0;0
184773;No;597;597;92;1238;0.76;0.10;Enabled;66.38;21.92;Yes;0;0;0;0;0;0
184805;No;597;597;92;1238;0.76;0.08;Enabled;66.38;21.92;Yes;0;0;0;0;0;0
184849;No;597;597;92;1238;0.77;0.07;Enabled;66.38;21.92;Yes;0;0;0;0;0;0
184890;No;597;597;92;1239;0.77;0.06;Enabled;66.38;21.92;Yes;0;0;0;0;0;0
184923;No;597;597;92;1239;0.78;0.05;Enabled;66.38;21.92;Yes;0;0;0;0;0;0
184952;No;597;597;92;1240;0.78;0.04;Enabled;66.38;21.92;Yes;0;0;0;0;0;0
184984;No;597;597;92;1240;0.79;0.03;Enabled;66.38;21.92;Yes;0;0;0;0;0;0
185044;No;597;597;92;1240;0.79;0.02;Enabled;66.38;21.92;Yes;0;0;0;0;0;0
185071;No;597;597;92;1240;0.80;0.01;Enabled;66.38;21.92;Yes;0;0;0;0;0;0
185105;No;597;597;92;1241;0.80;-0.00;Enabled;66.38;21.92;Yes;0;0;0;0;0;0
185148;No;597;597;92;1241;0.80;-0.01;Enabled;66.38;21.92;Yes;0;0;0;0;0;0
185191;No;597;597;92;1242;0.80;-0.01;Enabled;66.38;21.92;Yes;0;0;0;0;0;0
185227;No;597;597;92;1242;0.80;-0.01;Enabled;66.38;21.92;Yes;0;0;0;0;0;0
185255;No;597;597;92;1242;0.80;-0.00;Enabled;66.38;21.92;Yes;0;0;0;0;0;0
185282;No;597;597;92;1243;0.80;0.00;Enabled;66.38;21.92;Yes;0;0;0;0;0;0
185315;No;597;597;92;1243;0.80;0.00;Enabled;66.38;21.92;Yes;0;0;0;0;0;0
185344;No;597;597;92;1244;0.80;0.01;Enabled;66.38;21.92;Yes;0;0;0;0;0;0
185377;No;597;597;92;1244;0.79;0.01;Enabled;66.38;21.92;Yes;0;0;0;0;0;0
185405;No;597;597;92;1244;0.79;0.01;Enabled;66.38;21.92;Yes;0;0;0;0;0;0
185448;No;597;597;92;1245;0.79;0.02;Enabled;66.38;21.92;Yes;0;0;0;0;0;0
185489;No;597;597;92;1245;0.79;0.02;Enabled;66.38;21.92;Yes;0;0;0;0;0;0
185525;No;597;597;92;1246;0.79;0.02;Enabled;66.38;21.92;Yes;0;0;0;0;0;0
185553;No;597;597;92;1246;0.79;0.02;Enabled;66.38;21.92;Yes;0;0;0;0;0;0
185583;No;597;597;92;1246;0.79;0.03;Enabled;66.38;21.92;Yes;0;0;0;0;0;0
185614;No;597;597;92;1246;0.79;0.03;Enabled;66.38;21.92;Yes;0;0;0;0;0;0
185645;No;597;597;92;1247;0.79;0.03;Enabled;66.38;21.92;Yes;0;0;0;0;0;0
185674;No;597;597;92;1247;0.79;0.04;Enabled;66.38;21.92;Yes;0;0;0;0;0;0
185707;No;597;597;92;1248;0.79;0.04;Enabled;66.38;21.92;Yes;0;0;0;0;0;0
185764;No;597;597;92;1248;0.78;0.05;Enabled;66.38;21.92;Yes;0;0;0;0;0;0
185792;No;597;597;92;1248;0.78;0.05;Enabled;66.38;21.92;Yes;0;0;0;0;0;0
185824;No;597;597;92;1249;0.78;0.06;Enabled;66.38;21.92;Yes;0;0;0;0;0;0
185854;No;597;597;92;1249;0.78;0.07;Enabled;66.38;21.92;Yes;0;0;0;0;0;0
185884;No;597;597;92;1250;0.78;0.07;Enabled;66.38;21.92;Yes;0;0;0;0;0;0
185913;No;597;597;92;1250;0.78;0.08;Enabled;66.38;21.92;Yes;0;0;0;0;0;0
185943;No;597;597;92;1250;0.77;0.08;Enabled;66.38;21.92;Yes;0;0;0;0;0;0
185974;No;597;597;92;1251;0.77;0.09;Enabled;66.38;21.92;Yes;0;0;0;0;0;0
186005;No;597;597;92;1251;0.77;0.10;Enabled;66.38;21.92;Yes;0;0;0;0;0;0
186050;No;597;597;92;1252;0.77;0.10;Enabled;66.38;21.92;Yes;0;0;0;0;0;0
186093;No;597;598;92;1252;0.77;0.11;Enabled;66.38;21.92;Yes;0;0;0;0;0;0
186123;No;597;598;92;1252;0.76;0.12;Enabled;66.38;21.92;Yes;0;0;0;0;0;0
186152;No;597;598;92;1252;0.76;0.12;Enabled;66.38;21.92;Yes;0;0;0;0;0;0
186184;No;598;598;92;1253;0.76;0.13;Enabled;66.38;21.92;Yes;0;0;0;0;0;0
186212;No;598;598;92;1253;0.76;0.13;Enabled;66.38;21.92;Yes;0;0;0;0;0;0
186244;No;598;598;92;1253;0.76;0.14;Enabled;66.38;21.92;Yes;0;0;0;0;0;0
186274;No;598;598;92;1253;0.76;0.15;Enabled;66.38;21.92;Yes;0;0;0;0;0;0
186349;No;598;598;92;1252;0.76;0.16;Enabled;66.38;21.92;Yes;0;0;0;0;0;0
186392;No;598;598;92;1252;0.75;0.18;Enabled;66.38;21.92;Yes;0;0;0;0;0;0
186426;No;598;598;92;1252;0.75;0.20;Enabled;66.38;21.92;Yes;0;0;0;0;0;0
186454;No;598;598;92;1252;0.75;0.21;Enabled;66.38;21.92;Yes;0;0;0;0;0;0
186487;No;598;598;92;1252;0.75;0.23;Enabled;66.38;21.92;Yes;0;0;0;0;0;0
186514;No;598;598;92;1252;0.75;0.25;Enabled;66.38;21.92;Yes;0;0;0;0;0;0
186546;No;598;598;92;1251;0.75;0.26;Enabled;66.38;21.92;Yes;0;0;0;0;0;0
186573;No;598;598;92;1251;0.75;0.28;Enabled;66.38;21.92;Yes;0;0;0;0;0;0
186605;No;598;598;92;1251;0.75;0.29;Enabled;66.38;21.92;Yes;0;0;0;0;0;0
186650;No;598;598;92;1250;0.75;0.31;Enabled;66.38;21.92;Yes;0;0;0;0;0;0
186692;No;598;598;92;1250;0.74;0.33;Enabled;66.38;21.92;Yes;0;0;0;0;0;0
186726;No;598;598;92;1250;0.74;0.34;Enabled;66.38;21.92;Yes;0;0;0;0;0;0
186754;No;598;598;92;1250;0.74;0.36;Enabled;66.38;21.92;Yes;0;0;0;0;0;0
186785;No;598;598;92;1250;0.74;0.38;Enabled;66.38;21.92;Yes;0;0;0;0;0;0
186811;No;598;598;92;1250;0.74;0.39;Enabled;66.38;21.92;Yes;0;0;0;0;0;0
186845;No;598;598;92;1250;0.74;0.41;Enabled;66.38;21.92;Yes;0;0;0;0;0;0
186873;No;598;598;92;1250;0.74;0.43;Enabled;66.38;21.92;Yes;0;0;0;0;0;0
186905;No;598;598;92;1250;0.74;0.44;Enabled;66.38;21.92;Yes;0;0;0;0;0;0
186953;No;598;598;92;1251;0.74;0.45;Enabled;66.38;21.92;Yes;0;0;0;0;0;0
186992;No;598;598;92;1251;0.74;0.47;Enabled;66.38;21.92;Yes;0;0;0;0;0;0
187026;No;598;598;92;1252;0.74;0.48;Enabled;66.38;21.92;Yes;0;0;0;0;0;0
187053;No;598;598;92;1252;0.74;0.50;Enabled;66.38;21.92;Yes;0;0;0;0;0;0
187085;No;598;598;92;1252;0.74;0.51;Enabled;66.38;21.92;Yes;0;0;0;0;0;0
187111;No;598;598;92;1252;0.74;0.52;Enabled;66.38;21.92;Yes;0;0;0;0;0;0
187143;No;598;598;92;1253;0.74;0.54;Enabled;66.38;21.92;Yes;0;0;0;0;0;0
187174;No;598;598;92;1253;0.74;0.55;Enabled;66.38;21.92;Yes;0;0;0;0;0;0
187206;No;598;598;92;1254;0.74;0.56;Enabled;66.38;21.92;Yes;0;0;0;0;0;0
187250;No;598;598;92;1254;0.73;0.58;Enabled;66.38;21.92;Yes;0;0;0;0;0;0
187290;No;598;598;92;1254;0.73;0.59;Enabled;66.38;21.92;Yes;0;0;0;0;0;0
187325;No;598;598;92;1254;0.73;0.61;Enabled;66.38;21.92;Yes;0;0;0;0;0;0
187354;No;599;598;92;1255;0.73;0.62;Enabled;66.38;21.92;Yes;0;0;0;0;0;0
187383;No;599;599;92;1255;0.73;0.63;Enabled;66.38;21.92;Yes;0;0;0;0;0;0
187413;No;599;599;92;1255;0.73;0.65;Enabled;66.38;21.92;Yes;0;0;0;0;0;0
187446;No;599;599;92;1255;0.74;0.66;Enabled;66.38;21.92;Yes;0;0;0;0;0;0
187473;No;599;599;92;1254;0.74;0.67;Enabled;66.38;21.92;Yes;0;0;0;0;0;0
187504;No;599;599;92;1254;0.74;0.68;Enabled;66.38;21.92;Yes;0;0;0;0;0;0
187551;No;599;599;92;1254;0.75;0.69;Enabled;66.38;21.92;Yes;0;0;0;0;0;0
187594;No;599;599;92;1254;0.75;0.69;Enabled;66.38;21.92;Yes;0;0;0;0;0;0
187623;No;599;599;92;1254;0.75;0.70;Enabled;66.38;21.92;Yes;0;0;0;0;0;0
187654;No;599;599;92;1254;0.76;0.71;Enabled;66.38;21.92;Yes;0;0;0;0;0;0
187684;No;599;599;92;1254;0.76;0.72;Enabled;66.38;21.92;Yes;0;0;0;0;0;0
187714;No;599;599;92;1254;0.76;0.73;Enabled;66.38;21.92;Yes;0;0;0;0;0;0
187742;No;599;599;92;1254;0.76;0.74;Enabled;66.38;21.92;Yes;0;0;0;0;0;0
187772;No;599;599;92;1253;0.77;0.74;Enabled;66.38;21.92;Yes;0;0;0;0;0;0
187803;No;599;599;92;1253;0.77;0.75;Enabled;66.38;21.92;Yes;0;0;0;0;0;0
187849;No;599;599;92;1253;0.77;0.76;Enabled;66.38;21.92;Yes;0;0;0;0;0;0
187893;No;599;599;92;1253;0.78;0.77;Enabled;66.38;21.92;Yes;0;0;0;0;0;0
187926;No;599;599;92;1253;0.78;0.78;Enabled;66.38;21.92;Yes;0;0;0;0;0;0
187953;No;599;599;92;1252;0.78;0.79;Enabled;66.38;21.92;Yes;0;0;0;0;0;0
187985;No;599;599;92;1252;0.79;0.79;Enabled;66.38;21.92;Yes;0;0;0;0;0;0
188014;No;599;599;92;1252;0.79;0.80;Enabled;66.38;21.92;Yes;0;0;0;0;0;0
188043;No;599;599;92;1252;0.79;0.80;Enabled;66.38;21.92;Yes;0;0;0;0;0;0
188071;No;599;599;92;1251;0.79;0.80;Enabled;66.38;21.92;Yes;0;0;0;0;0;0
188104;No;599;599;92;1251;0.79;0.80;Enabled;66.38;21.92;Yes;0;0;0;0;0;0
188148;No;599;599;92;1250;0.78;0.80;Enabled;66.38;21.92;Yes;0;0;0;0;0;0
188193;No;599;599;92;1250;0.78;0.80;Enabled;66.38;21.92;Yes;0;0;0;0;0;0
188226;No;599;599;92;1250;0.78;0.80;Enabled;66.38;21.92;Yes;0;0;0;0;0;0
188251;No;599;599;92;1250;0.78;0.80;Enabled;66.38;21.92;Yes;0;0;0;0;0;0
188284;No;599;599;92;1249;0.78;0.79;Enabled;66.38;21.92;Yes;0;0;0;0;0;0
188314;No;599;600;92;1249;0.78;0.79;Enabled;66.38;21.92;Yes;0;0;0;0;0;0
188344;No;599;600;92;1248;0.78;0.79;Enabled;66.38;21.92;Yes;0;0;0;0;0;0
188374;No;600;600;92;1248;0.78;0.79;Enabled;66.38;21.92;Yes;0;0;0;0;0;0
188405;No;600;600;92;1248;0.78;0.79;Enabled;66.38;21.92;Yes;0;0;0;0;0;0
188450;No;600;600;92;1248;0.78;0.79;Enabled;66.38;21.92;Yes;0;0;0;0;0;0
188491;No;600;600;92;1247;0.78;0.79;Enabled;66.38;21.92;Yes;0;0;0;0;0;0
188525;No;600;600;92;1247;0.78;0.79;Enabled;66.38;21.92;Yes;0;0;0;0;0;0
188552;No;600;600;92;1246;0.78;0.79;Enabled;66.38;21.92;Yes;0;0;0;0;0;0
188582;No;600;600;92;1246;0.78;0.79;Enabled;66.38;21.92;Yes;0;0;0;0;0;0
188613;No;600;600;92;1246;0.78;0.79;Enabled;66.38;21.92;Yes;0;0;0;0;0;0
188642;No;600;600;92;1245;0.77;0.79;Enabled;66.38;21.92;Yes;0;0;0;0;0;0
188675;No;600;600;92;1244;0.77;0.79;Enabled;66.38;21.92;Yes;0;0;0;0;0;0
188703;No;600;600;92;1244;0.77;0.79;Enabled;66.38;21.92;Yes;0;0;0;0;0;0
188750;No;600;600;92;1244;0.77;0.79;Enabled;66.38;21.92;Yes;0;0;0;0;0;0
188793;No;600;600;92;1243;0.77;0.79;Enabled;66.38;21.92;Yes;0;0;0;0;0;0
188827;No;600;600;92;1243;0.77;0.79;Enabled;66.38;21.92;Yes;0;0;0;0;0;0
188883;No;600;600;92;1242;0.77;0.79;Enabled;66.38;21.92;Yes;0;0;0;0;0;0
188916;No;600;600;92;1242;0.77;0.78;Enabled;66.38;21.92;Yes;0;0;0;0;0;0
188943;No;600;600;92;1241;0.76;0.78;Enabled;66.38;21.92;Yes;0;0;0;0;0;0
188974;No;600;600;92;1241;0.76;0.78;Enabled;66.38;21.92;Yes;0;0;0;0;0;0
189005;No;600;600;92;1240;0.76;0.78;Enabled;66.38;21.92;Yes;0;0;0;0;0;0
189050;No;600;600;92;1240;0.76;0.78;Enabled;66.38;21.92;Yes;0;0;0;0;0;0
189089;No;600;600;92;1240;0.76;0.78;Enabled;66.38;21.92;Yes;0;0;0;0;0;0
189126;No;600;600;92;1239;0.76;0.78;Enabled;66.38;21.92;Yes;0;0;0;0;0;0
189153;No;600;600;92;1239;0.76;0.78;Enabled;66.38;21.92;Yes;0;0;0;0;0;0
189186;No;600;600;92;1239;0.76;0.78;Enabled;66.38;21.92;Yes;0;0;0;0;0;0
189214;No;600;600;92;1239;0.76;0.78;Enabled;66.38;21.92;Yes;0;0;0;0;0;0
189242;No;600;600;92;1239;0.75;0.79;Enabled;66.38;21.92;Yes;0;0;0;0;0;0
189272;No;600;600;92;1240;0.75;0.79;Enabled;66.38;21.92;Yes;0;0;0;0;0;0
189304;No;600;600;92;1240;0.75;0.79;Enabled;66.38;21.92;Yes;0;0;0;0;0;0
189364;No;600;600;92;1240;0.75;0.79;Enabled;66.38;21.92;Yes;0;0;0;0;0;0
189394;No;600;600;92;1240;0.75;0.80;Enabled;66.38;21.92;Yes;0;0;0;0;0;0
189426;No;600;600;92;1240;0.75;0.80;Enabled;66.38;21.92;Yes;0;0;0;0;0;0
189454;No;600;600;92;1240;0.75;0.80;Enabled;66.38;21.92;Yes;0;0;0;0;0;0
189484;No;600;601;92;1240;0.75;0.80;Enabled;66.38;21.92;Yes;0;0;0;0;0;0
189513;No;600;601;92;1240;0.75;0.81;Enabled;66.38;21.92;Yes;0;0;0;0;0;0
189546;No;601;601;92;1240;0.75;0.81;Enabled;66.38;21.92;Yes;0;0;0;0;0;0
189574;No;601;601;92;1240;0.75;0.81;Enabled;66.38;21.92;Yes;0;0;0;0;0;0
189607;No;601;601;92;1240;0.75;0.81;Enabled;66.38;21.92;Yes;0;0;0;0;0;0
189664;No;601;601;92;1240;0.75;0.81;Enabled;66.38;21.92;Yes;0;0;0;0;0;0
189695;No;601;601;92;1240;0.74;0.82;Enabled;66.38;21.92;Yes;0;0;0;0;0;0
189723;No;601;601;92;1241;0.74;0.82;Enabled;66.38;21.92;Yes;0;0;0;0;0;0
189753;No;601;601;92;1241;0.74;0.82;Enabled;66.38;21.92;Yes;0;0;0;0;0;0
189784;No;601;601;92;1241;0.74;0.82;Enabled;66.38;21.92;Yes;0;0;0;0;0;0
189813;No;601;601;92;1242;0.74;0.82;Enabled;66.38;21.92;Yes;0;0;0;0;0;0
189841;No;601;601;92;1242;0.74;0.82;Enabled;66.38;21.92;Yes;0;0;0;0;0;0
189874;No;601;601;92;1242;0.74;0.82;Enabled;66.38;21.92;Yes;0;0;0;0;0;0
189906;No;601;601;92;1242;0.74;0.81;Enabled;66.38;21.92;Yes;0;0;0;0;0;0
189950;No;601;601;92;1242;0.74;0.81;Enabled;66.38;21.92;Yes;0;0;0;0;0;0
189991;No;601;601;92;1242;0.74;0.81;Enabled;66.38;21.92;Yes;0;0;0;0;0;0
190025;No;601;601;92;1243;0.74;0.81;Enabled;66.38;21.92;Yes;0;0;0;0;0;0
190053;No;601;601;92;1243;0.73;0.81;Enabled;66.38;21.92;Yes;0;0;0;0;0;0
190084;No;601;601;92;1243;0.73;0.81;Enabled;66.38;21.92;Yes;0;0;0;0;0;0
190114;No;601;601;92;1243;0.73;0.81;Enabled;66.38;21.92;Yes;0;0;0;0;0;0
190173;No;601;601;92;1244;0.73;0.80;Enabled;66.38;21.92;Yes;0;0;0;0;0;0
190205;No;601;601;92;1244;0.73;0.80;Enabled;66.38;21.92;Yes;0;0;0;0;0;0
190250;No;601;601;92;1244;0.73;0.80;Enabled;66.38;21.92;Yes;0;0;0;0;0;0
190292;No;601;601;92;1244;0.73;0.80;Enabled;66.38;21.92;Yes;0;0;0;0;0;0
190324;No;601;601;92;1244;0.73;0.80;Enabled;66.38;21.92;Yes;0;0;0;0;0;0
190352;No;601;601;92;1245;0.69;0.80;Enabled;66.38;21.92;Yes;0;0;0;0;0;0
190381;No;601;601;92;1245;0.65;0.80;Enabled;66.38;21.92;Yes;0;0;0;0;0;0
190413;No;601;601;92;1245;0.61;0.79;Enabled;66.38;21.92;Yes;0;0;0;0;0;0
190445;No;601;601;92;1246;0.57;0.79;Enabled;66.38;21.92;Yes;0;0;0;0;0;0
190472;No;601;601;92;1246;0.53;0.79;Enabled;66.38;21.92;Yes;0;0;0;0;0;0
190505;No;602;601;92;1246;0.49;0.79;Enabled;66.38;21.92;Yes;0;0;0;0;0;0
190559;No;602;602;92;1246;0.45;0.79;Enabled;66.38;21.92;Yes;0;0;0;0;0;0
190595;No;602;602;92;1246;0.41;0.79;Enabled;66.38;21.92;Yes;0;0;0;0;0;0
190625;No;602;602;92;1246;0.37;0.79;Enabled;66.38;21.92;Yes;0;0;0;0;0;0
190651;No;602;602;92;1247;0.33;0.78;Enabled;66.38;21.92;Yes;0;0;0;0;0;0
190681;No;602;602;92;1247;0.29;0.78;Enabled;66.38;21.92;Yes;0;0;0;0;0;0
190712;No;602;602;92;1247;0.25;0.78;Enabled;66.38;21.92;Yes;0;0;0;0;0;0
190743;No;602;602;92;1248;0.21;0.78;Enabled;66.38;21.92;Yes;0;0;0;0;0;0
190775;No;602;602;92;1248;0.17;0.78;Enabled;66.38;21.92;Yes;0;0;0;0;0;0
190806;No;602;602;92;1248;0.12;0.78;Enabled;66.38;21.92;Yes;0;0;0;0;0;0
190850;No;602;602;92;1248;0.08;0.78;Enabled;66.38;21.92;Yes;0;0;0;0;0;0
190890;No;602;602;92;1248;0.04;0.77;Enabled;66.38;21.92;Yes;0;0;0;0;0;0
190926;No;602;602;92;1249;0.05;0.77;Enabled;66.38;21.92;Yes;0;0;0;0;0;0
190954;No;602;602;92;1249;0.05;0.77;Enabled;66.38;21.92;Yes;0;0;0;0;0;0
190986;No;602;602;92;1249;0.05;0.76;Enabled;66.38;21.92;Yes;0;0;0;0;0;0
191014;No;602;602;92;1249;0.06;0.76;Enabled;66.38;21.92;Yes;0;0;0;0;0;0
191044;No;602;602;92;1250;0.06;0.76;Enabled;66.38;21.92;Yes;0;0;0;0;0;0
191072;No;602;602;92;1250;0.06;0.75;Enabled;66.38;21.92;Yes;0;0;0;0;0;0
191103;No;602;602;92;1250;0.07;0.75;Enabled;66.38;21.92;Yes;0;0;0;0;0;0
191149;No;602;602;92;1250;0.07;0.74;Enabled;66.38;21.92;Yes;0;0;0;0;0;0
191191;No;602;602;92;1250;0.07;0.74;Enabled;66.38;21.92;Yes;0;0;0;0;0;0
191226;No;602;602;92;1250;0.08;0.74;Enabled;66.38;21.92;Yes;0;0;0;0;0;0
191257;No;602;602;92;1251;0.08;0.73;Enabled;66.38;21.92;Yes;0;0;0;0;0;0
191283;No;602;602;92;1251;0.08;0.73;Enabled;66.38;21.92;Yes;0;0;0;0;0;0
191318;No;602;602;92;1251;0.09;0.72;Enabled;66.38;21.92;Yes;0;0;0;0;0;0
191342;No;602;602;92;1251;0.09;0.72;Enabled;66.38;21.92;Yes;0;0;0;0;0;0
191373;No;602;602;92;1252;0.09;0.72;Enabled;66.38;21.92;Yes;0;0;0;0;0;0
191409;No;602;602;92;1252;0.10;0.71;Enabled;66.38;21.92;Yes;0;0;0;0;0;0
191493;No;602;602;92;1252;0.10;0.71;Enabled;66.38;21.92;Yes;0;0;0;0;0;0
191524;No;602;602;92;1252;0.13;0.70;Enabled;66.38;21.92;Yes;0;0;0;0;0;0
191552;No;602;602;92;1252;0.17;0.66;Enabled;66.38;21.92;Yes;0;0;0;0;0;0
191584;No;602;602;92;1252;0.20;0.62;Enabled;66.38;21.92;Yes;0;0;0;0;0;0
191612;No;602;603;92;1253;0.23;0.58;Enabled;66.38;21.92;Yes;0;0;0;0;0;0
191644;No;603;603;92;1253;0.27;0.55;Enabled;66.38;21.92;Yes;0;0;0;0;0;0
191673;No;603;603;92;1253;0.30;0.51;Enabled;66.38;21.92;Yes;0;0;0;0;0;0
191704;No;603;603;92;1254;0.33;0.47;Enabled;66.38;21.92;Yes;0;0;0;0;0;0
191766;No;603;603;92;1254;0.37;0.43;Enabled;66.38;21.92;Yes;0;0;0;0;0;0
191791;No;603;603;92;1254;0.40;0.39;Enabled;66.38;21.92;Yes;0;0;0;0;0;0
191825;No;603;603;92;1254;0.43;0.35;Enabled;66.38;21.92;Yes;0;0;0;0;0;0
191852;No;603;603;92;1254;0.47;0.31;Enabled;66.38;21.92;Yes;0;0;0;0;0;0
191884;No;603;603;92;1254;0.50;0.27;Enabled;66.38;21.92;Yes;0;0;0;0;0;0
191914;No;603;603;92;1255;0.54;0.23;Enabled;66.38;21.92;Yes;0;0;0;0;0;0
191946;No;603;603;92;1255;0.57;0.19;Enabled;66.38;21.92;Yes;0;0;0;0;0;0
191974;No;603;603;92;1255;0.60;0.15;Enabled;66.38;21.92;Yes;0;0;0;0;0;0
192005;No;603;603;92;1255;0.64;0.11;Enabled;66.38;21.92;Yes;0;0;0;0;0;0
192051;No;603;603;92;1255;0.67;0.07;Enabled;66.38;21.92;Yes;0;0;0;0;0;0
192092;No;603;603;92;1255;0.68;0.03;Enabled;66.38;21.92;Yes;0;0;0;0;0;0
192124;No;603;603;92;1255;0.69;0.03;Enabled;66.38;21.92;Yes;0;0;0;0;0;0
192154;No;603;603;92;1255;0.70;0.03;Enabled;66.38;21.92;Yes;0;0;0;0;0;0
192184;No;603;603;92;1255;0.71;0.03;Enabled;66.38;21.92;Yes;0;0;0;0;0;0
192214;No;603;603;92;1255;0.72;0.03;Enabled;66.38;21.92;Yes;0;0;0;0;0;0
192244;No;603;603;92;1255;0.73;0.03;Enabled;66.38;21.92;Yes;0;0;0;0;0;0
192274;No;603;603;92;1254;0.74;0.03;Enabled;66.38;21.92;Yes;0;0;0;0;0;0
192305;No;603;603;92;1254;0.75;0.03;Enabled;66.38;21.92;Yes;0;0;0;0;0;0
192362;No;603;603;92;1254;0.76;0.03;Enabled;66.38;21.92;Yes;0;0;0;0;0;0
192394;No;604;604;92;1254;0.77;0.03;Enabled;66.38;21.92;Yes;0;0;0;0;0;0
192425;No;604;604;92;1254;0.78;0.03;Enabled;66.38;21.92;Yes;0;0;0;0;0;0
192453;No;604;604;92;1254;0.79;0.03;Enabled;66.38;21.92;Yes;0;0;0;0;0;0
192486;No;604;604;92;1254;0.80;0.03;Enabled;66.38;21.92;Yes;0;0;0;0;0;0
192514;No;604;604;92;1254;0.81;0.03;Enabled;66.38;21.92;Yes;0;0;0;0;0;0
192542;No;604;604;92;1254;0.82;0.03;Enabled;66.38;21.92;Yes;0;0;0;0;0;0
192573;No;604;604;92;1254;0.83;0.03;Enabled;66.38;21.92;Yes;0;0;0;0;0;0
192606;No;604;604;92;1254;0.84;0.03;Enabled;66.38;21.92;Yes;0;0;0;0;0;0
192664;No;604;604;92;1254;0.84;0.03;Enabled;66.38;21.92;Yes;0;0;0;0;0;0
192698;No;604;604;92;1254;0.84;0.04;Enabled;66.38;21.92;Yes;0;0;0;0;0;0
192726;No;604;604;92;1254;0.84;0.05;Enabled;66.38;21.92;Yes;0;0;0;0;0;0
192753;No;604;604;92;1254;0.84;0.07;Enabled;66.38;21.92;Yes;0;0;0;0;0;0
192782;No;604;604;92;1254;0.84;0.08;Enabled;66.38;21.92;Yes;0;0;0;0;0;0
192812;No;604;604;92;1254;0.84;0.09;Enabled;66.38;21.92;Yes;0;0;0;0;0;0
192842;No;604;604;92;1254;0.84;0.11;Enabled;66.38;21.92;Yes;0;0;0;0;0;0
192874;No;604;604;92;1253;0.84;0.12;Enabled;66.38;21.92;Yes;0;0;0;0;0;0
192903;No;604;604;92;1253;0.84;0.14;Enabled;66.38;21.92;Yes;0;0;0;0;0;0
192949;No;604;604;92;1253;0.84;0.15;Enabled;66.38;21.92;Yes;0;0;0;0;0;0
192990;No;604;604;92;1253;0.84;0.16;Enabled;66.38;21.92;Yes;0;0;0;0;0;0
193026;No;604;604;92;1253;0.84;0.18;Enabled;66.38;21.92;Yes;0;0;0;0;0;0
193054;No;604;604;92;1253;0.84;0.19;Enabled;66.38;21.92;Yes;0;0;0;0;0;0
193083;No;604;604;92;1253;0.84;0.21;Enabled;66.38;21.92;Yes;0;0;0;0;0;0
193114;No;604;604;92;1253;0.84;0.22;Enabled;66.38;21.92;Yes;0;0;0;0;0;0
193142;No;604;604;92;1253;0.84;0.23;Enabled;66.38;21.92;Yes;0;0;0;0;0;0
193173;No;604;604;92;1252;0.84;0.25;Enabled;66.38;21.92;Yes;0;0;0;0;0;0
193206;No;605;605;92;1252;0.84;0.26;Enabled;66.38;21.92;Yes;0;0;0;0;0;0
193253;No;605;605;92;1252;0.83;0.26;Enabled;66.38;21.92;Yes;0;0;0;0;0;0
193293;No;605;605;92;1251;0.83;0.26;Enabled;66.38;21.92;Yes;0;0;0;0;0;0
193324;No;605;605;92;1251;0.83;0.26;Enabled;66.38;21.92;Yes;0;0;0;0;0;0
193351;No;605;605;92;1250;0.83;0.25;Enabled;66.38;21.92;Yes;0;0;0;0;0;0
193383;No;605;605;92;1250;0.83;0.25;Enabled;66.38;21.92;Yes;0;0;0;0;0;0
193414;No;605;605;92;1250;0.83;0.25;Enabled;66.38;21.92;Yes;0;0;0;0;0;0
193444;No;605;605;92;1249;0.83;0.25;Enabled;66.38;21.92;Yes;0;0;0;0;0;0
193474;No;605;605;92;1248;0.83;0.25;Enabled;66.38;21.92;Yes;0;0;0;0;0;0
193503;No;605;605;92;1248;0.83;0.25;Enabled;66.38;21.92;Yes;0;0;0;0;0;0
193549;No;605;605;92;1248;0.83;0.25;Enabled;66.38;21.92;Yes;0;0;0;0;0;0
193590;No;605;605;92;1247;0.83;0.24;Enabled;66.38;21.92;Yes;0;0;0;0;0;0
193623;No;605;605;92;1247;0.83;0.24;Enabled;66.38;21.92;Yes;0;0;0;0;0;0
193651;No;605;605;92;1246;0.83;0.24;Enabled;66.38;21.92;Yes;0;0;0;0;0;0
193682;No;605;605;92;1246;0.83;0.24;Enabled;66.38;21.92;Yes;0;0;0;0;0;0
193714;No;605;605;92;1246;0.83;0.24;Enabled;66.38;21.92;Yes;0;0;0;0;0;0
193744;No;605;605;92;1245;0.83;0.24;Enabled;66.38;21.92;Yes;0;0;0;0;0;0
193772;No;605;605;92;1245;0.83;0.24;Enabled;66.38;21.92;Yes;0;0;0;0;0;0
193804;No;605;605;92;1244;0.83;0.24;Enabled;66.38;21.92;Yes;0;0;0;0;0;0
193849;No;605;605;92;1244;0.83;0.25;Enabled;66.38;21.92;Yes;0;0;0;0;0;0
193893;No;605;605;92;1244;0.83;0.26;Enabled;66.38;21.92;Yes;0;0;0;0;0;0
193925;No;605;605;92;1244;0.82;0.27;Enabled;66.38;21.92;Yes;0;0;0;0;0;0
193954;No;605;605;92;1244;0.82;0.27;Enabled;66.38;21.92;Yes;0;0;0;0;0;0
194011;No;605;606;92;1243;0.82;0.28;Enabled;66.38;21.92;Yes;0;0;0;0;0;0
194043;No;605;606;92;1243;0.82;0.29;Enabled;66.38;21.92;Yes;0;0;0;0;0;0
194073;No;606;606;92;1242;0.82;0.30;Enabled;66.38;21.92;Yes;0;0;0;0;0;0
194105;No;606;606;92;1242;0.82;0.30;Enabled;66.38;21.92;Yes;0;0;0;0;0;0
194162;No;606;606;92;1242;0.82;0.31;Enabled;66.38;21.92;Yes;0;0;0;0;0;0
194193;No;606;606;92;1242;0.81;0.32;Enabled;66.38;21.92;Yes;0;0;0;0;0;0
194224;No;606;606;92;1242;0.81;0.33;Enabled;66.38;21.92;Yes;0;0;0;0;0;0
194254;No;606;606;92;1241;0.81;0.34;Enabled;66.38;21.92;Yes;0;0;0;0;0;0
194283;No;606;606;92;1241;0.81;0.34;Enabled;66.38;21.92;Yes;0;0;0;0;0;0
194315;No;606;606;92;1240;0.81;0.35;Enabled;66.38;21.92;Yes;0;0;0;0;0;0
194343;No;606;606;92;1241;0.81;0.36;Enabled;66.38;21.92;Yes;0;0;0;0;0;0
194376;No;606;606;92;1241;0.81;0.37;Enabled;66.38;21.92;Yes;0;0;0;0;0;0
194404;No;606;606;92;1241;0.80;0.37;Enabled;66.38;21.92;Yes;0;0;0;0;0;0
194462;No;606;606;92;1241;0.80;0.38;Enabled;66.38;21.92;Yes;0;0;0;0;0;0
194493;No;606;606;92;1242;0.80;0.38;Enabled;66.38;21.92;Yes;0;0;0;0;0;0
194525;No;606;606;92;1242;0.80;0.39;Enabled;66.38;21.92;Yes;0;0;0;0;0;0
194551;No;606;606;92;1242;0.80;0.39;Enabled;66.38;21.92;Yes;0;0;0;0;0;0
194583;No;606;606;92;1242;0.80;0.40;Enabled;66.38;21.92;Yes;0;0;0;0;0;0
194614;No;606;606;92;1242;0.80;0.41;Enabled;66.38;21.92;Yes;0;0;0;0;0;0
194642;No;606;606;92;1242;0.80;0.41;Enabled;66.38;21.92;Yes;0;0;0;0;0;0
194673;No;606;606;92;1243;0.80;0.42;Enabled;66.38;21.92;Yes;0;0;0;0;0;0
194703;No;606;606;92;1243;0.80;0.42;Enabled;66.38;21.92;Yes;0;0;0;0;0;0
194763;No;606;606;92;1243;0.80;0.43;Enabled;66.38;21.92;Yes;0;0;0;0;0;0
194796;No;606;606;92;1244;0.80;0.43;Enabled;66.38;21.92;Yes;0;0;0;0;0;0
194824;No;606;606;92;1244;0.79;0.44;Enabled;66.38;21.92;Yes;0;0;0;0;0;0
194855;No;606;606;92;1244;0.79;0.44;Enabled;66.38;21.92;Yes;0;0;0;0;0;0
194887;No;606;606;92;1244;0.79;0.45;Enabled;66.38;21.92;Yes;0;0;0;0;0;0
194912;No;606;606;92;1244;0.79;0.45;Enabled;66.38;21.92;Yes;0;0;0;0;0;0
194943;No;606;606;92;1243;0.79;0.46;Enabled;66.38;21.92;Yes;0;0;0;0;0;0
194973;No;606;606;92;1243;0.79;0.45;Enabled;66.38;21.92;Yes;0;0;0;0;0;0
195004;No;606;606;92;1242;0.79;0.44;Enabled;66.38;21.92;Yes;0;0;0;0;0;0
195050;No;606;606;92;1242;0.79;0.42;Enabled;66.38;21.92;Yes;0;0;0;0;0;0
195089;No;606;606;92;1242;0.78;0.41;Enabled;66.38;21.92;Yes;0;0;0;0;0;0
195125;No;606;606;92;1241;0.78;0.40;Enabled;66.38;21.92;Yes;0;0;0;0;0;0
195152;No;606;606;92;1241;0.78;0.39;Enabled;66.38;21.92;Yes;0;0;0;0;0;0
195184;No;606;606;92;1240;0.78;0.38;Enabled;66.38;21.92;Yes;0;0;0;0;0;0
195215;No;606;606;92;1240;0.78;0.36;Enabled;66.38;21.92;Yes;0;0;0;0;0;0
195257;No;606;606;92;1240;0.77;0.35;Enabled;66.38;21.92;Yes;0;0;0;0;0;0
195272;No;606;606;92;1239;0.77;0.34;Enabled;66.38;21.92;Yes;0;0;0;0;0;0
195304;No;606;606;92;1239;0.77;0.33;Enabled;66.38;21.92;Yes;0;0;0;0;0;0
195350;No;606;606;92;1238;0.77;0.32;Enabled;66.38;21.92;Yes;0;0;0;0;0;0
195390;No;606;606;92;1238;0.77;0.30;Enabled;66.38;21.92;Yes;0;0;0;0;0;0
195423;No;606;606;92;1238;0.77;0.29;Enabled;66.38;21.92;Yes;0;0;0;0;0;0
195454;No;607;606;92;1237;0.76;0.28;Enabled;66.38;21.92;Yes;0;0;0;0;0;0
195482;No;607;607;92;1237;0.76;0.27;Enabled;66.38;21.92;Yes;0;0;0;0;0;0
195513;No;607;607;92;1237;0.76;0.25;Enabled;66.38;21.92;Yes;0;0;0;0;0;0
195542;No;607;607;92;1237;0.76;0.25;Enabled;66.38;21.92;Yes;0;0;0;0;0;0
195574;No;607;607;92;1237;0.75;0.25;Enabled;66.38;21.92;Yes;0;0;0;0;0;0
195605;No;607;607;92;1237;0.75;0.25;Enabled;66.38;21.92;Yes;0;0;0;0;0;0
195662;No;607;607;92;1238;0.75;0.25;Enabled;66.38;21.92;Yes;0;0;0;0;0;0
195693;No;607;607;92;1238;0.75;0.25;Enabled;66.38;21.92;Yes;0;0;0;0;0;0
195723;No;607;607;92;1238;0.74;0.25;Enabled;66.38;21.92;Yes;0;0;0;0;0;0
195752;No;607;607;92;1238;0.74;0.25;Enabled;66.38;21.92;Yes;0;0;0;0;0;0
195784;No;607;607;92;1238;0.74;0.25;Enabled;66.38;21.92;Yes;0;0;0;0;0;0
195813;No;607;607;92;1238;0.74;0.25;Enabled;66.38;21.92;Yes;0;0;0;0;0;0
195845;No;607;607;92;1238;0.73;0.25;Enabled;66.38;21.92;Yes;0;0;0;0;0;0
195872;No;607;607;92;1238;0.73;0.25;Enabled;66.38;21.92;Yes;0;0;0;0;0;0
195903;No;607;607;92;1238;0.73;0.24;Enabled;66.38;21.92;Yes;0;0;0;0;0;0
195961;No;607;607;92;1238;0.73;0.24;Enabled;66.38;21.92;Yes;0;0;0;0;0;0
195992;No;607;607;92;1238;0.72;0.24;Enabled;66.38;21.92;Yes;0;0;0;0;0;0
196023;No;607;607;92;1238;0.72;0.24;Enabled;66.38;21.92;Yes;0;0;0;0;0;0
196053;No;607;607;92;1239;0.72;0.24;Enabled;66.38;21.92;Yes;0;0;0;0;0;0
196083;No;607;607;92;1239;0.72;0.24;Enabled;66.38;21.92;Yes;0;0;0;0;0;0
196112;No;607;607;92;1240;0.72;0.25;Enabled;66.38;21.92;Yes;0;0;0;0;0;0
196143;No;607;607;92;1240;0.72;0.26;Enabled;66.38;21.92;Yes;0;0;0;0;0;0
196174;No;607;607;92;1241;0.72;0.28;Enabled;66.38;21.92;Yes;0;0;0;0;0;0
196206;No;607;607;92;1241;0.72;0.29;Enabled;66.38;21.92;Yes;0;0;0;0;0;0
196255;No;607;607;92;1242;0.72;0.30;Enabled;66.38;21.92;Yes;0;0;0;0;0;0
196294;No;607;607;92;1242;0.72;0.31;Enabled;66.38;21.92;Yes;0;0;0;0;0;0
196324;No;607;607;92;1242;0.72;0.32;Enabled;66.38;21.92;Yes;0;0;0;0;0;0
196353;No;607;607;92;1243;0.72;0.34;Enabled;66.38;21.92;Yes;0;0;0;0;0;0
196382;No;607;607;92;1244;0.72;0.35;Enabled;66.38;21.92;Yes;0;0;0;0;0;0
196413;No;607;607;92;1244;0.72;0.36;Enabled;66.38;21.92;Yes;0;0;0;0;0;0
196443;No;607;607;92;1244;0.71;0.37;Enabled;66.38;21.92;Yes;0;0;0;0;0;0
196474;No;607;607;92;1245;0.71;0.38;Enabled;66.38;21.92;Yes;0;0;0;0;0;0
196504;No;607;607;92;1246;0.71;0.40;Enabled;66.38;21.92;Yes;0;0;0;0;0;0
196594;No;607;607;92;1246;0.71;0.41;Enabled;66.38;21.92;Yes;0;0;0;0;0;0
196622;No;607;607;92;1246;0.71;0.42;Enabled;66.38;21.92;Yes;0;0;0;0;0;0
196654;No;607;607;92;1246;0.71;0.43;Enabled;66.38;21.92;Yes;0;0;0;0;0;0
196681;No;607;607;92;1245;0.69;0.45;Enabled;66.38;21.92;Yes;0;0;0;0;0;0
196715;No;607;607;92;1244;0.66;0.47;Enabled;66.38;21.92;Yes;0;0;0;0;0;0
196743;No;608;607;92;1244;0.64;0.49;Enabled;66.38;21.92;Yes;0;0;0;0;0;0
196773;No;608;608;92;1243;0.61;0.51;Enabled;66.38;21.92;Yes;0;0;0;0;0;0
196806;No;608;608;92;1242;0.59;0.53;Enabled;66.38;21.92;Yes;0;0;0;0;0;0
196851;No;608;608;92;1241;0.56;0.55;Enabled;66.38;21.92;Yes;0;0;0;0;0;0
196893;No;608;608;92;1240;0.54;0.57;Enabled;66.38;21.92;Yes;0;0;0;0;0;0
196924;No;608;608;92;1240;0.51;0.59;Enabled;66.38;21.92;Yes;0;0;0;0;0;0
196951;No;608;608;92;1239;0.49;0.61;Enabled;66.38;21.92;Yes;0;0;0;0;0;0
196982;No;608;608;92;1238;0.46;0.63;Enabled;66.38;21.92;Yes;0;0;0;0;0;0
197015;No;608;608;92;1238;0.44;0.66;Enabled;66.38;21.92;Yes;0;0;0;0;0;0
197043;No;608;608;92;1237;0.41;0.68;Enabled;66.38;21.92;Yes;0;0;0;0;0;0
197076;No;608;608;92;1236;0.39;0.70;Enabled;66.38;21.92;Yes;0;0;0;0;0;0
197105;No;608;608;92;1236;0.36;0.72;Enabled;66.38;21.92;Yes;0;0;0;0;0;0
197151;No;608;608;92;1235;0.34;0.74;Enabled;66.38;21.92;Yes;0;0;0;0;0;0
197192;No;608;608;92;1234;0.31;0.76;Enabled;66.38;21.92;Yes;0;0;0;0;0;0
197224;No;608;608;92;1233;0.29;0.78;Enabled;66.38;21.92;Yes;0;0;0;0;0;0
197254;No;608;608;92;1233;0.29;0.80;Enabled;66.38;21.92;Yes;0;0;0;0;0;0
197282;No;608;608;92;1232;0.30;0.80;Enabled;66.38;21.92;Yes;0;0;0;0;0;0
197314;No;608;608;92;1231;0.31;0.81;Enabled;66.38;21.92;Yes;0;0;0;0;0;0
197344;No;608;608;92;1230;0.31;0.81;Enabled;66.38;21.92;Yes;0;0;0;0;0;0
197373;No;608;608;92;1230;0.32;0.81;Enabled;66.38;21.92;Yes;0;0;0;0;0;0
197404;No;608;608;92;1229;0.33;0.81;Enabled;66.38;21.92;Yes;0;0;0;0;0;0
197451;No;608;608;92;1228;0.33;0.82;Enabled;66.38;21.92;Yes;0;0;0;0;0;0
197493;No;608;608;92;1228;0.34;0.82;Enabled;66.38;21.92;Yes;0;0;0;0;0;0
197523;No;608;608;92;1227;0.34;0.82;Enabled;66.38;21.92;Yes;0;0;0;0;0;0
197553;No;608;608;92;1226;0.35;0.83;Enabled;66.38;21.92;Yes;0;0;0;0;0;0
197581;No;608;608;92;1226;0.36;0.83;Enabled;66.38;21.92;Yes;0;0;0;0;0;0
197612;No;608;608;92;1225;0.36;0.83;Enabled;66.38;21.92;Yes;0;0;0;0;0;0
197642;No;608;608;92;1224;0.37;0.83;Enabled;66.38;21.92;Yes;0;0;0;0;0;0
197673;No;608;608;92;1224;0.37;0.83;Enabled;66.38;21.92;Yes;0;0;0;0;0;0
197703;No;608;608;92;1223;0.38;0.84;Enabled;66.38;21.92;Yes;0;0;0;0;0;0
197749;No;608;608;92;1222;0.39;0.84;Enabled;66.38;21.92;Yes;0;0;0;0;0;0
197796;No;608;608;92;1230;0.39;0.84;Enabled;66.38;21.92;Yes;0;0;0;0;0;0
197853;No;608;608;92;1238;0.41;0.85;Enabled;66.38;21.92;Yes;0;0;0;0;0;0
197884;No;608;608;92;1245;0.42;0.84;Disabled;66.38;21.92;Yes;0;0;0;0;0;0
197916;No;608;608;92;1252;0.44;0.84;Disabled;66.38;21.92;Yes;0;0;0;0;0;0
197943;No;608;608;92;1260;0.45;0.84;Disabled;66.38;21.92;Yes;0;0;0;0;0;0
197976;No;608;608;92;1268;0.46;0.84;Disabled;66.38;21.92;Yes;0;0;0;0;0;0
198005;No;608;608;92;1275;0.48;0.84;Disabled;66.38;21.92;Yes;0;0;0;0;0;0
198059;No;608;608;93;1282;0.49;0.84;Disabled;66.38;21.92;Yes;0;0;0;0;0;0
198093;No;608;608;93;1290;0.51;0.84;Disabled;66.38;21.92;Yes;0;0;0;0;0;0
198122;No;608;608;93;1298;0.52;0.84;Disabled;66.38;21.92;Yes;0;0;0;0;0;0
198153;No;608;608;93;1305;0.54;0.84;Disabled;66.38;21.92;Yes;0;0;0;0;0;0
198183;No;608;608;93;1313;0.55;0.84;Disabled;66.38;21.92;Yes;0;0;0;0;0;0
198214;No;608;608;93;1320;0.57;0.84;Disabled;66.38;21.92;Yes;0;0;0;0;0;0
198243;No;608;608;93;1328;0.58;0.84;Disabled;66.38;21.92;Yes;0;0;0;0;0;0
198273;No;608;608;93;1335;0.60;0.84;Disabled;66.38;21.92;Yes;0;0;0;0;0;0
198304;No;608;608;93;1343;0.61;0.84;Disabled;66.38;21.92;Yes;0;0;0;0;0;0
198352;No;608;608;93;1350;0.63;0.84;Disabled;66.38;21.92;Yes;0;0;0;0;0;0
198396;No;608;608;93;1349;0.64;0.84;Disabled;66.38;21.92;Yes;0;0;0;0;0;0
198423;No;608;608;93;1348;0.64;0.84;Disabled;66.38;21.92;Yes;0;0;0;0;0;0
198453;No;608;608;93;1346;0.65;0.84;Disabled;66.38;21.92;Yes;0;0;0;0;0;0
198484;No;608;608;93;1345;0.65;0.84;Disabled;66.38;21.92;Yes;0;0;0;0;0;0
198512;No;608;608;93;1344;0.65;0.84;Disabled;66.38;21.92;Yes;0;0;0;0;0;0
198544;No;608;608;93;1343;0.66;0.84;Disabled;66.38;21.92;Yes;0;0;0;0;0;0
198574;No;608;608;93;1342;0.66;0.84;Disabled;66.38;21.92;Yes;0;0;0;0;0;0
198604;No;608;608;93;1340;0.66;0.84;Disabled;66.38;21.92;Yes;0;0;0;0;0;0
198649;No;608;608;93;1339;0.67;0.84;Disabled;66.38;21.92;Yes;0;0;0;0;0;0
198691;No;608;608;93;1338;0.67;0.84;Disabled;66.38;21.92;Yes;0;0;0;0;0;0
198722;No;608;608;93;1337;0.67;0.84;Disabled;66.38;21.92;Yes;0;0;0;0;0;0
198752;No;608;608;93;1336;0.68;0.84;Disabled;66.38;21.92;Yes;0;0;0;0;0;0
198783;No;608;608;93;1334;0.68;0.84;Disabled;66.38;21.92;Yes;0;0;0;0;0;0
198813;No;608;608;93;1333;0.68;0.84;Disabled;66.38;21.92;Yes;0;0;0;0;0;0
198842;No;608;608;93;1332;0.68;0.84;Disabled;66.38;21.92;Yes;0;0;0;0;0;0
198874;No;608;608;93;1330;0.69;0.84;Disabled;66.38;21.92;Yes;0;0;0;0;0;0
198904;No;608;608;93;1329;0.69;0.84;Disabled;66.38;21.92;Yes;0;0;0;0;0;0
198948;No;608;608;93;1323;0.69;0.84;Disabled;66.38;21.92;Yes;0;0;0;0;0;0
198992;No;608;608;93;1317;0.69;0.85;Disabled;66.38;21.92;Yes;0;0;0;0;0;0
199022;No;608;608;93;1310;0.69;0.84;Enabled;66.38;21.92;Yes;0;0;0;0;0;0
199054;No;608;608;93;1304;0.69;0.84;Enabled;66.38;21.92;Yes;0;0;0;0;0;0
199096;No;608;608;93;1298;0.69;0.84;Enabled;66.38;21.92;Yes;0;0;0;0;0;0
199112;No;608;608;93;1292;0.69;0.84;Enabled;66.38;21.92;Yes;0;0;0;0;0;0
199142;No;608;608;93;1286;0.69;0.84;Enabled;66.38;21.92;Yes;0;0;0;0;0;0
199173;No;608;608;93;1280;0.69;0.84;Enabled;66.38;21.92;Yes;0;0;0;0;0;0
199204;No;608;608;93;1273;0.69;0.84;Enabled;66.38;21.92;Yes;0;0;0;0;0;0
199248;No;608;608;93;1267;0.69;0.84;Enabled;66.38;21.92;Yes;0;0;0;0;0;0
199291;No;608;608;93;1261;0.69;0.84;Enabled;66.38;21.92;Yes;0;0;0;0;0;0
199325;No;608;608;93;1254;0.69;0.84;Enabled;66.38;21.92;Yes;0;0;0;0;0;0
199354;No;608;608;93;1248;0.69;0.84;Enabled;66.38;21.92;Yes;0;0;0;0;0;0
199384;No;608;608;93;1242;0.69;0.83;Enabled;66.38;21.92;Yes;0;0;0;0;0;0
199413;No;608;608;93;1236;0.69;0.83;Enabled;66.38;21.92;Yes;0;0;0;0;0;0
199444;No;608;608;93;1230;0.69;0.83;Enabled;66.38;21.92;Yes;0;0;0;0;0;0
199472;No;608;608;93;1224;0.69;0.83;Enabled;66.38;21.92;Yes;0;0;0;0;0;0
199504;No;608;608;93;1222;0.69;0.83;Enabled;66.38;21.92;Yes;0;0;0;0;0;0
199550;No;608;608;93;1222;0.69;0.83;Enabled;66.38;21.92;Yes;0;0;0;0;0;0
199593;No;608;608;93;1221;0.69;0.83;Enabled;66.38;21.92;Yes;0;0;0;0;0;0
199624;No;608;608;93;1220;0.69;0.83;Enabled;66.38;21.92;Yes;0;0;0;0;0;0
199654;No;608;608;93;1219;0.69;0.83;Enabled;66.38;21.92;Yes;0;0;0;0;0;0
199682;No;608;608;93;1218;0.69;0.83;Enabled;66.38;21.92;Yes;0;0;0;0;0;0
199714;No;608;608;93;1217;0.69;0.83;Enabled;66.38;21.92;Yes;0;0;0;0;0;0
199745;No;608;608;93;1216;0.69;0.83;Enabled;66.38;21.92;Yes;0;0;0;0;0;0
199773;No;608;608;93;1215;0.69;0.83;Enabled;66.38;21.92;Yes;0;0;0;0;0;0
199803;No;608;608;93;1214;0.69;0.82;Enabled;66.38;21.92;Yes;0;0;0;0;0;0
199849;No;608;608;93;1214;0.69;0.82;Enabled;66.38;21.92;Yes;0;0;0;0;0;0
199896;No;608;608;93;1212;0.69;0.82;Enabled;66.38;21.92;Yes;0;0;0;0;0;0
199924;No;608;608;93;1212;0.69;0.82;Enabled;66.38;21.92;Yes;0;0;0;0;0;0
199953;No;608;608;93;1211;0.69;0.82;Enabled;66.38;21.92;Yes;0;0;0;0;0;0
199985;No;608;608;93;1210;0.69;0.82;Enabled;66.38;21.92;Yes;0;0;0;0;0;0
200013;No;608;608;93;1209;0.69;0.82;Enabled;66.38;21.92;Yes;0;0;0;0;0;0
200043;No;608;608;93;1208;0.69;0.82;Enabled;66.38;21.92;Yes;0;0;0;0;0;0
200074;No;608;608;93;1208;0.69;0.82;Enabled;66.38;21.92;Yes;0;0;0;0;0;0
200105;No;608;608;93;1207;0.69;0.82;Enabled;66.38;21.92;Yes;0;0;0;0;0;0
200150;No;608;608;93;1206;0.69;0.82;Enabled;66.38;21.92;Yes;0;0;0;0;0;0
200192;No;608;608;93;1206;0.69;0.81;Enabled;66.38;21.92;Yes;0;0;0;0;0;0
200223;No;608;608;93;1205;0.69;0.81;Enabled;66.38;21.92;Yes;0;0;0;0;0;0
200253;No;608;608;93;1204;0.69;0.81;Enabled;66.38;21.92;Yes;0;0;0;0;0;0
200284;No;608;608;93;1204;0.69;0.81;Enabled;66.38;21.92;Yes;0;0;0;0;0;0
200313;No;608;608;93;1204;0.69;0.81;Enabled;66.38;21.92;Yes;0;0;0;0;0;0
200344;No;608;608;93;1203;0.69;0.81;Enabled;66.38;21.92;Yes;0;0;0;0;0;0
200378;No;608;608;93;1202;0.69;0.81;Enabled;66.38;21.92;Yes;0;0;0;0;0;0
200405;No;608;608;93;1202;0.69;0.81;Enabled;66.38;21.92;Yes;0;0;0;0;0;0
200451;No;608;608;93;1201;0.69;0.81;Enabled;66.38;21.92;Yes;0;0;0;0;0;0
200494;No;608;608;93;1200;0.69;0.81;Enabled;66.38;21.92;Yes;0;0;0;0;0;0
200524;No;608;608;93;1200;0.69;0.81;Enabled;66.38;21.92;Yes;0;0;0;0;0;0
200553;No;608;608;93;1200;0.69;0.81;Enabled;66.38;21.92;Yes;0;0;0;0;0;0
200584;No;608;608;93;1199;0.69;0.80;Enabled;66.38;21.92;Yes;0;0;0;0;0;0
200612;No;608;608;93;1198;0.69;0.80;Enabled;66.38;21.92;Yes;0;0;0;0;0;0
200644;No;608;608;93;1198;0.69;0.80;Enabled;66.38;21.92;Yes;0;0;0;0;0;0
200674;No;608;608;93;1198;0.69;0.80;Enabled;66.38;21.92;Yes;0;0;0;0;0;0
200707;No;608;608;93;1198;0.69;0.80;Enabled;66.38;21.92;Yes;0;0;0;0;0;0
200763;No;608;608;93;1198;0.70;0.79;Enabled;66.38;21.92;Yes;0;0;0;0;0;0
200796;No;608;608;93;1198;0.70;0.78;Enabled;66.38;21.92;Yes;0;0;0;0;0;0
200823;No;608;608;93;1198;0.70;0.78;Enabled;66.38;21.92;Yes;0;0;0;0;0;0
200854;No;608;608;93;1197;0.71;0.77;Enabled;66.38;21.92;Yes;0;0;0;0;0;0
200882;No;608;608;93;1197;0.71;0.76;Enabled;66.38;21.92;Yes;0;0;0;0;0;0
200912;No;608;608;93;1197;0.71;0.76;Enabled;66.38;21.92;Yes;0;0;0;0;0;0
200943;No;608;608;93;1197;0.71;0.75;Enabled;66.38;21.92;Yes;0;0;0;0;0;0
200973;No;608;608;93;1197;0.71;0.75;Enabled;66.38;21.92;Yes;0;0;0;0;0;0
201005;No;608;608;93;1197;0.72;0.74;Enabled;66.38;21.92;Yes;0;0;0;0;0;0
201033;No;608;608;93;1196;0.72;0.73;Enabled;66.38;21.92;Yes;0;0;0;0;0;0
201061;No;608;608;93;1196;0.72;0.73;Enabled;66.38;21.92;Yes;0;0;0;0;0;0
201092;No;608;608;93;1196;0.73;0.72;Enabled;66.38;21.92;Yes;0;0;0;0;0;0
201123;No;608;608;93;1196;0.73;0.71;Enabled;66.38;21.92;Yes;0;0;0;0;0;0
201155;No;608;608;93;1196;0.73;0.71;Enabled;66.38;21.92;Yes;0;0;0;0;0;0
201184;No;608;608;93;1196;0.73;0.70;Enabled;66.38;21.92;Yes;0;0;0;0;0;0
201212;No;608;608;93;1196;0.74;0.69;Enabled;66.38;21.92;Yes;0;0;0;0;0;0
201243;No;608;608;93;1196;0.74;0.70;Enabled;66.38;21.92;Yes;0;0;0;0;0;0
201274;No;608;608;93;1196;0.75;0.70;Enabled;66.38;21.92;Yes;0;0;0;0;0;0
201305;No;608;608;93;1196;0.75;0.71;Enabled;66.38;21.92;Yes;0;0;0;0;0;0
201363;No;608;608;93;1195;0.76;0.71;Enabled;66.38;21.92;Yes;0;0;0;0;0;0
201393;No;608;608;93;1195;0.77;0.72;Enabled;66.38;21.92;Yes;0;0;0;0;0;0
201424;No;608;608;93;1195;0.77;0.72;Enabled;66.38;21.92;Yes;0;0;0;0;0;0
201454;No;608;608;93;1195;0.78;0.72;Enabled;66.38;21.92;Yes;0;0;0;0;0;0
201483;No;608;608;93;1195;0.78;0.73;Enabled;66.38;21.92;Yes;0;0;0;0;0;0
201514;No;608;608;93;1195;0.79;0.73;Enabled;66.38;21.92;Yes;0;0;0;0;0;0
201544;No;608;608;93;1194;0.79;0.74;Enabled;66.38;21.92;Yes;0;0;0;0;0;0
201574;No;608;608;93;1194;0.80;0.74;Enabled;66.38;21.92;Yes;0;0;0;0;0;0
201605;No;608;608;93;1194;0.80;0.75;Enabled;66.38;21.92;Yes;0;0;0;0;0;0
201693;No;608;608;93;1194;0.81;0.75;Enabled;66.38;21.92;Yes;0;0;0;0;0;0
201723;No;608;608;93;1194;0.82;0.75;Enabled;66.38;21.92;Yes;0;0;0;0;0;0
201754;No;608;608;93;1194;0.82;0.76;Enabled;66.38;21.92;Yes;0;0;0;0;0;0
201786;No;608;608;93;1194;0.83;0.76;Enabled;66.38;21.92;Yes;0;0;0;0;0;0
201812;No;608;608;93;1194;0.83;0.77;Enabled;66.38;21.92;Yes;0;0;0;0;0;0
201844;No;608;608;93;1195;0.82;0.77;Enabled;66.38;21.92;Yes;0;0;0;0;0;0
201874;No;608;608;93;1195;0.82;0.77;Enabled;66.38;21.92;Yes;0;0;0;0;0;0
201905;No;608;608;93;1196;0.82;0.78;Enabled;66.38;21.92;Yes;0;0;0;0;0;0
201963;No;608;608;93;1196;0.82;0.78;Enabled;66.38;21.92;Yes;0;0;0;0;0;0
201994;No;608;608;93;1196;0.82;0.78;Enabled;66.38;21.92;Yes;0;0;0;0;0;0
202024;No;608;608;93;1196;0.82;0.79;Enabled;66.38;21.92;Yes;0;0;0;0;0;0
202052;No;608;608;93;1197;0.82;0.79;Enabled;66.38;21.92;Yes;0;0;0;0;0;0
202083;No;608;608;93;1197;0.82;0.79;Enabled;66.38;21.92;Yes;0;0;0;0;0;0
202112;No;608;608;93;1198;0.82;0.79;Enabled;66.38;21.92;Yes;0;0;0;0;0;0
202142;No;608;608;93;1198;0.82;0.80;Enabled;66.38;21.92;Yes;0;0;0;0;0;0
202173;No;608;608;93;1198;0.82;0.80;Enabled;66.38;21.92;Yes;0;0;0;0;0;0
202203;No;608;608;93;1198;0.82;0.80;Enabled;66.38;21.92;Yes;0;0;0;0;0;0
202249;No;608;608;93;1199;0.81;0.80;Enabled;66.38;21.92;Yes;0;0;0;0;0;0
202294;No;608;608;93;1199;0.81;0.81;Enabled;66.38;21.92;Yes;0;0;0;0;0;0
202325;No;608;608;93;1199;0.81;0.81;Enabled;66.38;21.92;Yes;0;0;0;0;0;0
202351;No;608;608;93;1200;0.81;0.81;Enabled;66.38;21.92;Yes;0;0;0;0;0;0
202383;No;608;608;93;1200;0.81;0.82;Enabled;66.38;21.92;Yes;0;0;0;0;0;0
202411;No;608;608;93;1200;0.81;0.81;Enabled;66.38;21.92;Yes;0;0;0;0;0;0
202442;No;608;608;93;1200;0.81;0.81;Enabled;66.38;21.92;Yes;0;0;0;0;0;0
202472;No;608;608;93;1201;0.81;0.81;Enabled;66.38;21.92;Yes;0;0;0;0;0;0
202506;No;608;608;93;1201;0.80;0.81;Enabled;66.38;21.92;Yes;0;0;0;0;0;0
202562;No;608;608;93;1201;0.80;0.81;Enabled;66.38;21.92;Yes;0;0;0;0;0;0
202593;No;608;608;93;1202;0.80;0.81;Enabled;66.38;21.92;Yes;0;0;0;0;0;0
202624;No;608;608;93;1202;0.80;0.80;Enabled;66.38;21.92;Yes;0;0;0;0;0;0
202655;No;608;608;93;1202;0.80;0.80;Enabled;66.38;21.92;Yes;0;0;0;0;0;0
202681;No;608;608;93;1202;0.80;0.80;Enabled;66.38;21.92;Yes;0;0;0;0;0;0
202713;No;608;608;93;1202;0.80;0.80;Enabled;66.38;21.92;Yes;0;0;0;0;0;0
202745;No;608;608;93;1203;0.79;0.80;Enabled;66.38;21.92;Yes;0;0;0;0;0;0
202771;No;608;608;93;1203;0.79;0.80;Enabled;66.38;21.92;Yes;0;0;0;0;0;0
202806;No;608;608;93;1204;0.79;0.79;Enabled;66.38;21.92;Yes;0;0;0;0;0;0
202861;No;608;608;93;1204;0.79;0.79;Enabled;66.38;21.92;Yes;0;0;0;0;0;0
202892;No;608;608;93;1204;0.79;0.79;Enabled;66.38;21.92;Yes;0;0;0;0;0;0
202937;No;608;608;93;1204;0.79;0.79;Enabled;66.38;21.92;Yes;0;0;0;0;0;0
202952;No;608;608;93;1203;0.79;0.79;Enabled;66.38;21.92;Yes;0;0;0;0;0;0
202983;No;608;608;93;1202;0.79;0.79;Enabled;66.38;21.92;Yes;0;0;0;0;0;0
203015;No;608;608;93;1202;0.79;0.79;Enabled;66.38;21.92;Yes;0;0;0;0;0;0
203044;No;608;608;93;1202;0.79;0.79;Enabled;66.38;21.92;Yes;0;0;0;0;0;0
203073;No;608;608;93;1201;0.78;0.79;Enabled;66.38;21.92;Yes;0;0;0;0;0;0
203103;No;608;608;93;1200;0.78;0.79;Enabled;66.38;21.92;Yes;0;0;0;0;0;0
203162;No;608;608;93;1200;0.78;0.79;Enabled;66.38;21.92;Yes;0;0;0;0;0;0
203191;No;608;608;93;1200;0.78;0.79;Enabled;66.38;21.92;Yes;0;0;0;0;0;0
203224;No;608;608;93;1199;0.78;0.79;Enabled;66.38;21.92;Yes;0;0;0;0;0;0
203254;No;608;608;93;1199;0.78;0.79;Enabled;66.38;21.92;Yes;0;0;0;0;0;0
203284;No;608;608;93;1198;0.78;0.79;Enabled;66.38;21.92;Yes;0;0;0;0;0;0
203314;No;608;608;93;1198;0.78;0.79;Enabled;66.38;21.92;Yes;0;0;0;0;0;0
203344;No;608;608;93;1197;0.78;0.79;Enabled;66.38;21.92;Yes;0;0;0;0;0;0
203371;No;608;608;93;1197;0.78;0.79;Enabled;66.38;21.92;Yes;0;0;0;0;0;0
203405;No;608;608;93;1196;0.78;0.79;Enabled;66.38;21.92;Yes;0;0;0;0;0;0
203461;No;608;608;93;1196;0.78;0.79;Enabled;66.38;21.92;Yes;0;0;0;0;0;0
203491;No;608;608;93;1202;0.78;0.79;Enabled;66.38;21.92;Yes;0;0;0;0;0;0
203523;No;608;608;93;1208;0.78;0.79;Enabled;66.38;21.92;Yes;0;0;0;0;0;0
203554;No;608;608;93;1213;0.78;0.79;Disabled;66.38;21.92;Yes;0;0;0;0;0;0
203584;No;608;608;93;1219;0.78;0.79;Disabled;66.38;21.92;Yes;0;0;0;0;0;0
203612;No;608;608;93;1225;0.78;0.79;Disabled;66.38;21.92;Yes;0;0;0;0;0;0
203641;No;607;608;93;1231;0.77;0.79;Disabled;66.38;21.92;Yes;0;0;0;0;0;0
203671;No;607;607;93;1236;0.77;0.79;Disabled;66.38;21.92;Yes;0;0;0;0;0;0
203705;No;607;607;93;1242;0.77;0.79;Disabled;66.38;21.92;Yes;0;0;0;0;0;0
203763;No;607;607;93;1248;0.77;0.79;Disabled;66.38;21.92;Yes;0;0;0;0;0;0
203794;No;607;607;93;1254;0.77;0.79;Disabled;66.38;21.92;Yes;0;0;0;0;0;0
203824;No;607;607;93;1260;0.77;0.79;Disabled;66.38;21.92;Yes;0;0;0;0;0;0
203854;No;607;607;93;1266;0.77;0.79;Disabled;66.38;21.92;Yes;0;0;0;0;0;0
203883;No;607;607;93;1272;0.77;0.79;Disabled;66.38;21.92;Yes;0;0;0;0;0;0
203914;No;607;607;93;1278;0.77;0.79;Disabled;66.38;21.92;Yes;0;0;0;0;0;0
203942;No;607;607;93;1283;0.77;0.79;Disabled;66.38;21.92;Yes;0;0;0;0;0;0
203973;No;607;607;93;1289;0.77;0.79;Disabled;66.38;21.92;Yes;0;0;0;0;0;0
204004;No;607;607;93;1295;0.77;0.79;Disabled;66.38;21.92;Yes;0;0;0;0;0;0
204064;No;607;607;93;1290;0.77;0.79;Disabled;66.38;21.92;Yes;0;0;0;0;0;0
204091;No;607;607;93;1285;0.77;0.79;Disabled;66.38;21.92;Yes;0;0;0;0;0;0
204125;No;607;607;93;1280;0.77;0.79;Disabled;66.38;21.92;Yes;0;0;0;0;0;0
204152;No;607;607;93;1276;0.77;0.79;Disabled;66.38;21.92;Yes;0;0;0;0;0;0
204183;No;607;607;93;1271;0.77;0.79;Disabled;66.38;21.92;Yes;0;0;0;0;0;0
204219;No;607;607;93;1266;0.77;0.79;Disabled;66.38;21.92;Yes;0;0;0;0;0;0
204242;No;607;607;93;1261;0.77;0.79;Disabled;66.38;21.92;Yes;0;0;0;0;0;0
204273;No;607;607;93;1256;0.77;0.80;Disabled;66.38;21.92;Yes;0;0;0;0;0;0
204305;No;607;607;93;1251;0.77;0.80;Disabled;66.38;21.92;Yes;0;0;0;0;0;0
204364;No;607;607;93;1246;0.76;0.80;Disabled;66.38;21.92;Yes;0;0;0;0;0;0
204391;No;607;607;93;1242;0.76;0.80;Disabled;66.38;21.92;Yes;0;0;0;0;0;0
204423;No;607;607;93;1237;0.76;0.80;Disabled;66.38;21.92;Yes;0;0;0;0;0;0
204451;No;607;607;93;1232;0.76;0.80;Disabled;66.38;21.92;Yes;0;0;0;0;0;0
204483;No;607;607;93;1227;0.76;0.80;Disabled;66.38;21.92;Yes;0;0;0;0;0;0
204513;No;607;607;93;1222;0.76;0.81;Disabled;66.38;21.92;Yes;0;0;0;0;0;0
204545;No;607;607;93;1217;0.76;0.81;Disabled;66.38;21.92;Yes;0;0;0;0;0;0
204572;No;607;607;93;1212;0.76;0.81;Disabled;66.38;21.92;Yes;0;0;0;0;0;0
204606;No;607;607;93;1212;0.76;0.81;Disabled;66.38;21.92;Yes;0;0;0;0;0;0
204664;No;607;607;93;1212;0.76;0.81;Disabled;66.38;21.92;Yes;0;0;0;0;0;0
204694;No;607;607;93;1212;0.76;0.81;Enabled;66.38;21.92;Yes;0;0;0;0;0;0
204721;No;607;607;93;1211;0.76;0.81;Enabled;66.38;21.92;Yes;0;0;0;0;0;0
204753;No;607;607;93;1211;0.76;0.81;Enabled;66.38;21.92;Yes;0;0;0;0;0;0
204785;No;607;607;93;1210;0.76;0.81;Enabled;66.38;21.92;Yes;0;0;0;0;0;0
204811;No;607;607;93;1210;0.76;0.81;Enabled;66.38;21.92;Yes;0;0;0;0;0;0
204841;No;607;607;93;1210;0.76;0.81;Enabled;66.38;21.92;Yes;0;0;0;0;0;0
204871;No;607;607;93;1209;0.76;0.81;Enabled;66.38;21.92;Yes;0;0;0;0;0;0
204904;No;607;607;93;1209;0.76;0.81;Enabled;66.38;21.92;Yes;0;0;0;0;0;0
204965;No;607;607;93;1208;0.76;0.81;Enabled;66.38;21.92;Yes;0;0;0;0;0;0
204993;No;607;607;93;1208;0.76;0.81;Enabled;66.38;21.92;Yes;0;0;0;0;0;0
205023;No;607;607;93;1208;0.76;0.81;Enabled;66.38;21.92;Yes;0;0;0;0;0;0
205055;No;607;607;93;1207;0.76;0.80;Enabled;66.38;21.92;Yes;0;0;0;0;0;0
205084;No;607;607;93;1207;0.76;0.80;Enabled;66.38;21.92;Yes;0;0;0;0;0;0
205114;No;607;607;93;1206;0.76;0.80;Enabled;66.38;21.92;Yes;0;0;0;0;0;0
205141;No;607;607;93;1206;0.76;0.80;Enabled;66.38;21.92;Yes;0;0;0;0;0;0
205173;No;607;607;93;1206;0.76;0.80;Enabled;66.38;21.92;Yes;0;0;0;0;0;0
205205;No;607;607;93;1206;0.76;0.80;Enabled;66.38;21.92;Yes;0;0;0;0;0;0
205266;No;607;607;93;1206;0.76;0.80;Enabled;66.38;21.92;Yes;0;0;0;0;0;0
205294;No;607;607;93;1206;0.76;0.80;Enabled;66.38;21.92;Yes;0;0;0;0;0;0
205321;No;607;607;93;1206;0.76;0.80;Enabled;66.38;21.92;Yes;0;0;0;0;0;0
205351;No;607;607;93;1206;0.76;0.80;Enabled;66.38;21.92;Yes;0;0;0;0;0;0
205383;No;607;607;93;1206;0.76;0.80;Enabled;66.38;21.92;Yes;0;0;0;0;0;0
205412;No;607;607;93;1206;0.76;0.80;Enabled;66.38;21.92;Yes;0;0;0;0;0;0
205443;No;607;607;93;1207;0.76;0.80;Enabled;66.38;21.92;Yes;0;0;0;0;0;0
205473;No;607;607;93;1207;0.76;0.80;Enabled;66.38;21.92;Yes;0;0;0;0;0;0
205555;No;607;607;93;1207;0.76;0.80;Enabled;66.38;21.92;Yes;0;0;0;0;0;0
205594;No;607;607;93;1207;0.76;0.80;Enabled;66.38;21.92;Yes;0;0;0;0;0;0
205624;No;607;607;93;1207;0.76;0.80;Enabled;66.38;21.92;Yes;0;0;0;0;0;0
205655;No;607;607;93;1207;0.76;0.79;Enabled;66.38;21.92;Yes;0;0;0;0;0;0
205681;No;607;607;93;1207;0.76;0.79;Enabled;66.38;21.92;Yes;0;0;0;0;0;0
205714;No;607;607;93;1207;0.76;0.79;Enabled;66.38;21.92;Yes;0;0;0;0;0;0
205741;No;607;607;93;1207;0.76;0.79;Enabled;66.38;21.92;Yes;0;0;0;0;0;0
205772;No;607;607;93;1208;0.76;0.79;Enabled;66.38;21.92;Yes;0;0;0;0;0;0
205803;No;607;607;93;1210;0.76;0.79;Enabled;66.38;21.92;Yes;0;0;0;0;0;0
205850;No;607;607;93;1211;0.76;0.79;Enabled;66.38;21.92;Yes;0;0;0;0;0;0
205893;No;607;607;93;1212;0.76;0.79;Enabled;66.38;21.92;Yes;0;0;0;0;0;0
205924;No;607;607;93;1214;0.76;0.78;Enabled;66.38;21.92;Yes;0;0;0;0;0;0
205951;No;607;607;93;1215;0.76;0.78;Enabled;66.38;21.92;Yes;0;0;0;0;0;0
205981;No;607;607;93;1216;0.76;0.78;Enabled;66.38;21.92;Yes;0;0;0;0;0;0
206012;No;607;607;93;1217;0.76;0.77;Enabled;66.38;21.92;Yes;0;0;0;0;0;0
206043;No;607;607;93;1219;0.76;0.77;Enabled;66.38;21.92;Yes;0;0;0;0;0;0
206075;No;607;607;93;1220;0.76;0.77;Enabled;66.38;21.92;Yes;0;0;0;0;0;0
206105;No;607;607;93;1221;0.76;0.76;Enabled;66.38;21.92;Yes;0;0;0;0;0;0
206165;No;607;607;93;1222;0.76;0.76;Enabled;66.38;21.92;Yes;0;0;0;0;0;0
206193;No;607;607;93;1224;0.76;0.76;Enabled;66.38;21.92;Yes;0;0;0;0;0;0
206225;No;607;607;93;1225;0.75;0.75;Enabled;66.38;21.92;Yes;0;0;0;0;0;0
206254;No;607;607;93;1226;0.75;0.75;Enabled;66.38;21.92;Yes;0;0;0;0;0;0
206283;No;607;607;93;1228;0.75;0.75;Enabled;66.38;21.92;Yes;0;0;0;0;0;0
206314;No;607;607;93;1229;0.75;0.74;Enabled;66.38;21.92;Yes;0;0;0;0;0;0
206345;No;607;607;93;1229;0.75;0.74;Enabled;66.38;21.92;Yes;0;0;0;0;0;0
206372;No;607;607;93;1230;0.75;0.74;Enabled;66.38;21.92;Yes;0;0;0;0;0;0
206406;No;607;607;93;1230;0.75;0.74;Enabled;66.38;21.92;Yes;0;0;0;0;0;0
206464;No;607;607;93;1230;0.75;0.74;Enabled;66.38;21.92;Yes;0;0;0;0;0;0
206494;No;607;607;93;1230;0.75;0.74;Enabled;66.38;21.92;Yes;0;0;0;0;0;0
206527;No;607;607;93;1231;0.75;0.74;Enabled;66.38;21.92;Yes;0;0;0;0;0;0
206554;No;607;606;93;1231;0.75;0.74;Enabled;66.38;21.92;Yes;0;0;0;0;0;0
206581;No;607;606;92;1232;0.75;0.74;Enabled;66.38;21.92;Yes;0;0;0;0;0;0
206614;No;607;606;92;1232;0.75;0.74;Enabled;66.38;21.92;Yes;0;0;0;0;0;0
206644;No;606;606;92;1232;0.75;0.74;Enabled;66.38;21.92;Yes;0;0;0;0;0;0
206675;No;606;606;92;1232;0.74;0.74;Enabled;66.38;21.92;Yes;0;0;0;0;0;0
206706;No;606;606;92;1233;0.74;0.74;Enabled;66.38;21.92;Yes;0;0;0;0;0;0
206778;No;606;606;92;1233;0.74;0.74;Enabled;66.38;21.92;Yes;0;0;0;0;0;0
206794;No;606;606;92;1234;0.74;0.75;Enabled;66.38;21.92;Yes;0;0;0;0;0;0
206825;No;606;606;92;1234;0.74;0.75;Enabled;66.38;21.92;Yes;0;0;0;0;0;0
206852;No;606;606;92;1234;0.74;0.75;Enabled;66.38;21.92;Yes;0;0;0;0;0;0
206883;No;606;606;92;1234;0.74;0.75;Enabled;66.38;21.92;Yes;0;0;0;0;0;0
206914;No;606;606;92;1235;0.74;0.75;Enabled;66.38;21.92;Yes;0;0;0;0;0;0
206944;No;606;606;92;1236;0.74;0.75;Enabled;66.38;21.92;Yes;0;0;0;0;0;0
206971;No;606;606;92;1237;0.74;0.75;Enabled;66.38;21.92;Yes;0;0;0;0;0;0
207006;No;606;606;92;1238;0.73;0.75;Enabled;66.38;21.92;Yes;0;0;0;0;0;0
207063;No;606;606;92;1238;0.73;0.75;Enabled;66.38;21.92;Yes;0;0;0;0;0;0
207092;No;607;606;92;1239;0.73;0.75;Enabled;66.38;21.92;Yes;0;0;0;0;0;0
207123;No;607;607;92;1240;0.73;0.75;Enabled;66.38;21.92;Yes;0;0;0;0;0;0
207155;No;607;607;92;1241;0.73;0.75;Enabled;66.38;21.92;Yes;0;0;0;0;0;0
207183;No;607;607;92;1242;0.73;0.75;Enabled;66.38;21.92;Yes;0;0;0;0;0;0
207213;No;607;607;92;1242;0.73;0.75;Enabled;66.38;21.92;Yes;0;0;0;0;0;0
207241;No;607;607;92;1243;0.72;0.75;Enabled;66.38;21.92;Yes;0;0;0;0;0;0
207272;No;607;607;92;1244;0.72;0.75;Enabled;66.38;21.92;Yes;0;0;0;0;0;0
207306;No;607;607;92;1245;0.72;0.75;Enabled;66.38;21.92;Yes;0;0;0;0;0;0
207364;No;607;607;92;1246;0.72;0.75;Enabled;66.38;21.92;Yes;0;0;0;0;0;0
207394;No;607;607;92;1246;0.72;0.75;Enabled;66.38;21.92;Yes;0;0;0;0;0;0
207425;No;607;607;92;1247;0.72;0.75;Enabled;66.38;21.92;Yes;0;0;0;0;0;0
207452;No;607;607;92;1248;0.71;0.75;Enabled;66.38;21.92;Yes;0;0;0;0;0;0
207485;No;607;607;92;1248;0.71;0.75;Enabled;66.38;21.92;Yes;0;0;0;0;0;0
207512;No;607;607;92;1248;0.71;0.75;Enabled;66.38;21.92;Yes;0;0;0;0;0;0
207543;No;607;607;92;1249;0.71;0.75;Enabled;66.38;21.92;Yes;0;0;0;0;0;0
207571;No;607;607;92;1249;0.71;0.75;Enabled;66.38;21.92;Yes;0;0;0;0;0;0
207606;No;607;607;92;1250;0.71;0.76;Enabled;66.38;21.92;Yes;0;0;0;0;0;0
207663;No;607;607;92;1250;0.71;0.76;Enabled;66.38;21.92;Yes;0;0;0;0;0;0
207695;No;607;607;92;1250;0.72;0.76;Enabled;66.38;21.92;Yes;0;0;0;0;0;0
207721;No;607;607;92;1250;0.72;0.76;Enabled;66.38;21.92;Yes;0;0;0;0;0;0
207753;No;607;607;92;1251;0.72;0.76;Enabled;66.38;21.92;Yes;0;0;0;0;0;0
207781;No;607;607;92;1251;0.72;0.76;Enabled;66.38;21.92;Yes;0;0;0;0;0;0
207815;No;607;607;92;1252;0.72;0.76;Enabled;66.38;21.92;Yes;0;0;0;0;0;0
207844;No;607;607;92;1252;0.72;0.76;Enabled;66.38;21.92;Yes;0;0;0;0;0;0
207874;No;607;607;92;1252;0.72;0.77;Enabled;66.38;21.92;Yes;0;0;0;0;0;0
207906;No;607;607;92;1252;0.72;0.77;Enabled;66.38;21.92;Yes;0;0;0;0;0;0
207963;No;607;607;92;1253;0.72;0.77;Enabled;66.38;21.92;Yes;0;0;0;0;0;0
207994;No;607;607;92;1253;0.72;0.77;Enabled;66.38;21.92;Yes;0;0;0;0;0;0
208022;No;607;607;92;1253;0.72;0.77;Enabled;66.38;21.92;Yes;0;0;0;0;0;0
208063;No;607;607;92;1254;0.72;0.77;Enabled;66.38;21.92;Yes;0;0;0;0;0;0
208082;No;607;607;92;1256;0.72;0.77;Enabled;66.38;21.92;Yes;0;0;0;0;0;0
208114;No;607;607;92;1257;0.72;0.77;Enabled;66.38;21.92;Yes;0;0;0;0;0;0
208142;No;607;607;92;1258;0.72;0.77;Enabled;66.38;21.92;Yes;0;0;0;0;0;0
208174;No;607;607;92;1260;0.72;0.77;Enabled;66.38;21.92;Yes;0;0;0;0;0;0
208206;No;607;607;92;1261;0.72;0.77;Enabled;66.38;21.92;Yes;0;0;0;0;0;0
208266;No;607;607;92;1262;0.72;0.77;Enabled;66.38;21.92;Yes;0;0;0;0;0;0
208294;No;607;607;92;1263;0.72;0.77;Enabled;66.38;21.92;Yes;0;0;0;0;0;0
208324;No;607;607;92;1264;0.72;0.77;Enabled;66.38;21.92;Yes;0;0;0;0;0;0
208355;No;607;607;92;1266;0.72;0.77;Enabled;66.38;21.92;Yes;0;0;0;0;0;0
208381;No;607;607;92;1267;0.72;0.78;Enabled;66.38;21.92;Yes;0;0;0;0;0;0
208413;No;607;607;92;1268;0.72;0.78;Enabled;66.38;21.92;Yes;0;0;0;0;0;0
208443;No;607;607;92;1270;0.72;0.78;Enabled;66.38;21.92;Yes;0;0;0;0;0;0
208474;No;607;607;92;1271;0.72;0.78;Enabled;66.38;21.92;Yes;0;0;0;0;0;0
208506;No;607;607;92;1272;0.72;0.78;Enabled;66.38;21.92;Yes;0;0;0;0;0;0
208564;No;607;607;92;1273;0.72;0.78;Enabled;66.38;21.92;Yes;0;0;0;0;0;0
208594;No;607;607;92;1274;0.72;0.78;Enabled;66.38;21.92;Yes;0;0;0;0;0;0
208623;No;607;607;92;1274;0.72;0.78;Enabled;66.38;21.92;Yes;0;0;0;0;0;0
208655;No;607;607;92;1273;0.72;0.78;Enabled;66.38;21.92;Yes;0;0;0;0;0;0
208683;No;607;607;92;1272;0.72;0.78;Disabled;66.38;21.92;Yes;0;0;0;0;0;0
208714;No;607;607;92;1272;0.72;0.78;Disabled;66.38;21.92;Yes;0;0;0;0;0;0
208741;No;607;607;92;1271;0.72;0.78;Disabled;66.38;21.92;Yes;0;0;0;0;0;0
208773;No;607;607;92;1270;0.72;0.78;Disabled;66.38;21.92;Yes;0;0;0;0;0;0
208805;No;607;607;92;1270;0.72;0.77;Disabled;66.38;21.92;Yes;0;0;0;0;0;0
208863;No;607;607;92;1269;0.72;0.77;Disabled;66.38;21.92;Yes;0;0;0;0;0;0
208895;No;607;607;92;1268;0.72;0.77;Disabled;66.38;21.92;Yes;0;0;0;0;0;0
208923;No;607;607;92;1268;0.72;0.77;Disabled;66.38;21.92;Yes;0;0;0;0;0;0
208953;No;607;607;92;1267;0.72;0.77;Disabled;66.38;21.92;Yes;0;0;0;0;0;0
208982;No;607;607;92;1266;0.72;0.77;Disabled;66.38;21.92;Yes;0;0;0;0;0;0
209013;No;607;607;92;1266;0.71;0.77;Disabled;66.38;21.92;Yes;0;0;0;0;0;0
209042;No;607;607;92;1265;0.71;0.77;Disabled;66.38;21.92;Yes;0;0;0;0;0;0
209073;No;607;607;92;1264;0.71;0.77;Disabled;66.38;21.92;Yes;0;0;0;0;0;0
209105;No;607;607;92;1264;0.71;0.77;Disabled;66.38;21.92;Yes;0;0;0;0;0;0
209165;No;607;607;92;1263;0.71;0.77;Disabled;66.38;21.92;Yes;0;0;0;0;0;0
209191;No;607;607;92;1265;0.71;0.77;Disabled;66.38;21.92;Yes;0;0;0;0;0;0
209222;No;607;607;92;1266;0.71;0.77;Disabled;66.38;21.92;Yes;0;0;0;0;0;0
209252;No;606;607;92;1268;0.71;0.77;Enabled;66.38;21.92;Yes;0;0;0;0;0;0
209285;No;606;606;92;1269;0.71;0.77;Enabled;66.38;21.92;Yes;0;0;0;0;0;0
209312;No;606;606;92;1270;0.71;0.77;Enabled;66.38;21.92;Yes;0;0;0;0;0;0
209371;No;606;606;92;1272;0.71;0.77;Enabled;66.38;21.92;Yes;0;0;0;0;0;0
209404;No;606;606;92;1274;0.71;0.77;Enabled;66.38;21.92;Yes;0;0;0;0;0;0
209463;No;606;606;92;1275;0.71;0.77;Enabled;66.38;21.92;Yes;0;0;0;0;0;0
209493;No;606;606;92;1276;0.71;0.77;Enabled;66.38;21.92;Yes;0;0;0;0;0;0
209523;No;606;606;92;1278;0.71;0.77;Enabled;66.38;21.92;Yes;0;0;0;0;0;0
209554;No;606;606;92;1279;0.71;0.77;Enabled;66.38;21.92;Yes;0;0;0;0;0;0
209584;No;606;606;92;1281;0.71;0.77;Enabled;66.38;21.92;Yes;0;0;0;0;0;0
209614;No;606;606;92;1282;0.71;0.77;Enabled;66.38;21.92;Yes;0;0;0;0;0;0
209644;No;606;606;92;1284;0.71;0.77;Enabled;66.38;21.92;Yes;0;0;0;0;0;0
209674;No;606;606;92;1285;0.71;0.77;Enabled;66.38;21.92;Yes;0;0;0;0;0;0
209705;No;606;606;92;1286;0.71;0.77;Enabled;66.38;21.92;Yes;0;0;0;0;0;0
209762;No;606;606;92;1288;0.71;0.77;Enabled;66.38;21.92;Yes;0;0;0;0;0;0
209794;No;606;606;92;1296;0.71;0.77;Enabled;66.38;21.92;Yes;0;0;0;0;0;0
209824;No;606;606;92;1303;0.71;0.77;Enabled;66.38;21.92;Yes;0;0;0;0;0;0
209851;No;606;606;92;1311;0.71;0.77;Disabled;66.38;21.92;Yes;0;0;0;0;0;0
209883;No;606;606;92;1318;0.71;0.77;Disabled;66.38;21.92;Yes;0;0;0;0;0;0
209911;No;606;606;92;1326;0.71;0.77;Disabled;66.38;21.92;Yes;0;0;0;0;0;0
209942;No;606;606;92;1334;0.71;0.77;Disabled;66.38;21.92;Yes;0;0;0;0;0;0
209971;No;606;606;92;1341;0.71;0.77;Disabled;66.38;21.92;Yes;0;0;0;0;0;0
210005;No;606;606;92;1349;0.71;0.77;Disabled;66.38;21.92;Yes;0;0;0;0;0;0
210064;No;606;606;92;1356;0.71;0.77;Disabled;66.38;21.92;Yes;0;0;0;0;0;0
210092;No;606;606;92;1364;0.71;0.77;Disabled;66.38;21.92;Yes;0;0;0;0;0;0
210121;No;606;606;92;1372;0.71;0.77;Disabled;66.38;21.92;Yes;0;0;0;0;0;0
210151;No;606;606;92;1379;0.71;0.77;Disabled;66.38;21.92;Yes;0;0;0;0;0;0
210183;No;606;606;92;1387;0.71;0.77;Disabled;66.38;21.92;Yes;0;0;0;0;0;0
210215;No;606;606;92;1394;0.71;0.77;Disabled;66.38;21.92;Yes;0;0;0;0;0;0
210242;No;606;606;92;1402;0.71;0.77;Disabled;66.38;21.92;Yes;0;0;0;0;0;0
210274;No;606;606;92;1410;0.71;0.77;Disabled;66.38;21.92;Yes;0;0;0;0;0;0
210304;No;606;606;92;1417;0.71;0.77;Disabled;66.38;21.92;Yes;0;0;0;0;0;0
210365;No;606;606;92;1411;0.71;0.77;Disabled;66.38;21.92;Yes;0;0;0;0;0;0
210392;No;606;606;92;1406;0.71;0.77;Disabled;66.38;21.92;Yes;0;0;0;0;0;0
210423;No;606;606;92;1400;0.71;0.77;Disabled;66.38;21.92;Yes;0;0;0;0;0;0
210455;No;606;606;92;1394;0.71;0.77;Disabled;66.38;21.92;Yes;0;0;0;0;0;0
210484;No;606;606;92;1388;0.72;0.77;Disabled;66.38;21.92;Yes;0;0;0;0;0;0
210514;No;606;606;92;1382;0.72;0.77;Disabled;66.38;21.92;Yes;0;0;0;0;0;0
210544;No;606;606;92;1376;0.72;0.77;Disabled;66.38;21.92;Yes;0;0;0;0;0;0
210572;No;606;606;92;1370;0.72;0.77;Disabled;66.38;21.92;Yes;0;0;0;0;0;0
210608;No;606;606;92;1365;0.72;0.77;Disabled;66.38;21.92;Yes;0;0;0;0;0;0
210691;No;606;606;92;1359;0.73;0.77;Disabled;66.38;21.92;Yes;0;0;0;0;0;0
210721;No;606;606;92;1353;0.73;0.77;Disabled;66.38;21.92;Yes;0;0;0;0;0;0
210752;No;606;606;92;1347;0.73;0.77;Disabled;66.38;21.92;Yes;0;0;0;0;0;0
210783;No;606;606;92;1342;0.73;0.77;Disabled;66.38;21.92;Yes;0;0;0;0;0;0
210811;No;606;606;92;1336;0.74;0.77;Disabled;66.38;21.92;Yes;0;0;0;0;0;0
210842;No;606;606;92;1330;0.74;0.78;Disabled;66.38;21.92;Yes;0;0;0;0;0;0
210873;No;606;606;92;1324;0.74;0.78;Disabled;66.38;21.92;Yes;0;0;0;0;0;0
210905;No;606;606;92;1318;0.74;0.78;Disabled;66.38;21.92;Yes;0;0;0;0;0;0
210965;No;606;606;92;1317;0.74;0.78;Disabled;66.38;21.92;Yes;0;0;0;0;0;0
210994;No;606;606;92;1316;0.74;0.78;Disabled;66.38;21.92;Yes;0;0;0;0;0;0
211024;No;606;606;92;1314;0.74;0.77;Enabled;66.38;21.92;Yes;0;0;0;0;0;0
211051;No;606;606;92;1313;0.74;0.77;Enabled;66.38;21.92;Yes;0;0;0;0;0;0
211081;No;606;606;92;1312;0.74;0.77;Enabled;66.38;21.92;Yes;0;0;0;0;0;0
211114;No;606;606;92;1311;0.74;0.77;Enabled;66.38;21.92;Yes;0;0;0;0;0;0
211144;No;606;606;92;1310;0.75;0.76;Enabled;66.38;21.92;Yes;0;0;0;0;0;0
211171;No;606;606;92;1308;0.75;0.76;Enabled;66.38;21.92;Yes;0;0;0;0;0;0
211205;No;606;606;92;1307;0.75;0.76;Enabled;66.38;21.92;Yes;0;0;0;0;0;0
211265;No;606;606;92;1306;0.75;0.76;Enabled;66.38;21.92;Yes;0;0;0;0;0;0
211291;No;606;606;92;1305;0.75;0.75;Enabled;66.38;21.92;Yes;0;0;0;0;0;0
211322;No;606;606;92;1304;0.75;0.75;Enabled;66.38;21.92;Yes;0;0;0;0;0;0
211355;No;606;606;92;1302;0.75;0.75;Enabled;66.38;21.92;Yes;0;0;0;0;0;0
211382;No;606;606;92;1301;0.75;0.75;Enabled;66.38;21.92;Yes;0;0;0;0;0;0
211413;No;606;606;92;1300;0.75;0.74;Enabled;66.38;21.92;Yes;0;0;0;0;0;0
211444;No;606;606;92;1299;0.75;0.74;Enabled;66.38;21.92;Yes;0;0;0;0;0;0
211474;No;606;606;92;1298;0.75;0.74;Enabled;66.38;21.92;Yes;0;0;0;0;0;0
211503;No;606;606;92;1297;0.75;0.74;Enabled;66.38;21.92;Yes;0;0;0;0;0;0
211563;No;606;606;92;1296;0.75;0.73;Enabled;66.38;21.92;Yes;0;0;0;0;0;0
211591;No;606;606;92;1296;0.75;0.73;Enabled;66.38;21.92;Yes;0;0;0;0;0;0
211623;No;606;606;92;1296;0.75;0.73;Enabled;66.38;21.92;Yes;0;0;0;0;0;0
211655;No;606;606;92;1295;0.75;0.74;Enabled;66.38;21.92;Yes;0;0;0;0;0;0
211681;No;606;606;92;1294;0.75;0.74;Enabled;66.38;21.92;Yes;0;0;0;0;0;0
211715;No;606;606;92;1294;0.75;0.74;Enabled;66.38;21.92;Yes;0;0;0;0;0;0
211742;No;606;606;92;1294;0.75;0.74;Enabled;66.38;21.92;Yes;0;0;0;0;0;0
211771;No;606;606;92;1293;0.75;0.74;Enabled;66.38;21.92;Yes;0;0;0;0;0;0
211806;No;606;606;92;1293;0.75;0.74;Enabled;66.38;21.92;Yes;0;0;0;0;0;0
211861;No;606;606;92;1292;0.75;0.74;Enabled;66.38;21.92;Yes;0;0;0;0;0;0
211898;No;606;606;92;1292;0.75;0.74;Enabled;66.38;21.92;Yes;0;0;0;0;0;0
211924;No;606;606;92;1291;0.74;0.74;Enabled;66.38;21.92;Yes;0;0;0;0;0;0
211954;No;606;606;92;1291;0.74;0.74;Enabled;66.38;21.92;Yes;0;0;0;0;0;0
211984;No;606;606;92;1290;0.74;0.74;Enabled;66.38;21.92;Yes;0;0;0;0;0;0
212013;No;606;606;92;1290;0.74;0.74;Enabled;66.38;21.92;Yes;0;0;0;0;0;0
212044;No;606;606;92;1289;0.74;0.74;Enabled;66.38;21.92;Yes;0;0;0;0;0;0
212074;No;606;606;92;1291;0.74;0.74;Enabled;66.38;21.92;Yes;0;0;0;0;0;0
212105;No;606;606;92;1292;0.74;0.74;Enabled;66.38;21.92;Yes;0;0;0;0;0;0
212164;No;606;606;92;1294;0.74;0.74;Enabled;66.38;21.92;Yes;0;0;0;0;0;0
212192;No;606;606;92;1296;0.74;0.75;Enabled;66.38;21.92;Yes;0;0;0;0;0;0
212225;No;606;606;92;1297;0.74;0.75;Enabled;66.38;21.92;Yes;0;0;0;0;0;0
212251;No;606;606;92;1299;0.74;0.75;Enabled;66.38;21.92;Yes;0;0;0;0;0;0
212282;No;606;606;92;1300;0.74;0.75;Enabled;66.38;21.92;Yes;0;0;0;0;0;0
212315;No;606;606;92;1302;0.74;0.75;Enabled;66.38;21.92;Yes;0;0;0;0;0;0
212341;No;606;606;92;1304;0.74;0.75;Enabled;66.38;21.92;Yes;0;0;0;0;0;0
212372;No;606;606;92;1305;0.74;0.75;Enabled;66.38;21.92;Yes;0;0;0;0;0;0
212406;No;606;606;92;1307;0.74;0.75;Enabled;66.38;21.92;Yes;0;0;0;0;0;0
212464;No;606;606;92;1308;0.74;0.75;Enabled;66.38;21.92;Yes;0;0;0;0;0;0
212494;No;606;606;92;1310;0.74;0.76;Enabled;66.38;21.92;Yes;0;0;0;0;0;0
212525;No;606;606;92;1312;0.74;0.76;Enabled;66.38;21.92;Yes;0;0;0;0;0;0
212553;No;606;606;92;1313;0.74;0.76;Enabled;66.38;21.92;Yes;0;0;0;0;0;0
212585;No;606;606;92;1315;0.73;0.76;Enabled;66.38;21.92;Yes;0;0;0;0;0;0
212613;No;605;606;92;1316;0.73;0.76;Enabled;66.38;21.92;Yes;0;0;0;0;0;0
212645;No;605;605;92;1315;0.73;0.76;Enabled;66.38;21.92;Yes;0;0;0;0;0;0
212671;No;605;605;92;1314;0.73;0.76;Enabled;66.38;21.92;Yes;0;0;0;0;0;0
212706;No;605;605;92;1313;0.73;0.76;Disabled;66.38;21.92;Yes;0;0;0;0;0;0
212761;No;605;605;92;1312;0.73;0.76;Disabled;66.38;21.92;Yes;0;0;0;0;0;0
212791;No;605;605;92;1310;0.73;0.76;Disabled;66.38;21.92;Yes;0;0;0;0;0;0
212821;No;605;605;92;1309;0.73;0.76;Disabled;66.38;21.92;Yes;0;0;0;0;0;0
212852;No;605;605;92;1308;0.73;0.76;Disabled;66.38;21.92;Yes;0;0;0;0;0;0
212881;No;605;605;92;1306;0.73;0.76;Disabled;66.38;21.92;Yes;0;0;0;0;0;0
212911;No;605;605;92;1305;0.73;0.76;Disabled;66.38;21.92;Yes;0;0;0;0;0;0
212942;No;605;605;92;1304;0.73;0.76;Disabled;66.38;21.92;Yes;0;0;0;0;0;0
212971;No;605;605;92;1303;0.73;0.76;Disabled;66.38;21.92;Yes;0;0;0;0;0;0
213005;No;605;605;92;1302;0.73;0.76;Disabled;66.38;21.92;Yes;0;0;0;0;0;0
213062;No;605;605;92;1300;0.73;0.76;Disabled;66.38;21.92;Yes;0;0;0;0;0;0
213093;No;605;605;92;1299;0.73;0.76;Disabled;66.38;21.92;Yes;0;0;0;0;0;0
213124;No;605;605;92;1298;0.73;0.76;Disabled;66.38;21.92;Yes;0;0;0;0;0;0
213151;No;605;605;92;1296;0.73;0.76;Disabled;66.38;21.92;Yes;0;0;0;0;0;0
213212;No;605;605;92;1295;0.73;0.76;Disabled;66.38;21.92;Yes;0;0;0;0;0;0
213242;No;605;605;92;1295;0.73;0.76;Disabled;66.38;21.92;Yes;0;0;0;0;0;0
213273;No;605;605;92;1295;0.73;0.76;Disabled;66.38;21.92;Yes;0;0;0;0;0;0
213305;No;605;605;92;1295;0.73;0.76;Enabled;66.38;21.92;Yes;0;0;0;0;0;0
213364;No;605;605;92;1295;0.73;0.77;Enabled;66.38;21.92;Yes;0;0;0;0;0;0
213394;No;605;605;92;1295;0.73;0.77;Enabled;66.38;21.92;Yes;0;0;0;0;0;0
213424;No;605;605;92;1294;0.73;0.77;Enabled;66.38;21.92;Yes;0;0;0;0;0;0
213454;No;605;605;92;1294;0.73;0.77;Enabled;66.38;21.92;Yes;0;0;0;0;0;0
213483;No;605;605;92;1294;0.73;0.77;Enabled;66.38;21.92;Yes;0;0;0;0;0;0
213514;No;605;605;92;1294;0.73;0.77;Enabled;66.38;21.92;Yes;0;0;0;0;0;0
213543;No;605;605;92;1294;0.73;0.77;Enabled;66.38;21.92;Yes;0;0;0;0;0;0
213573;No;605;605;92;1294;0.73;0.78;Enabled;66.38;21.92;Yes;0;0;0;0;0;0
213605;No;605;605;92;1294;0.73;0.78;Enabled;66.38;21.92;Yes;0;0;0;0;0;0
213664;No;605;605;92;1294;0.73;0.78;Enabled;66.38;21.92;Yes;0;0;0;0;0;0
213692;No;605;605;92;1294;0.73;0.78;Enabled;66.38;21.92;Yes;0;0;0;0;0;0
213723;No;605;605;92;1294;0.73;0.78;Enabled;66.38;21.92;Yes;0;0;0;0;0;0
213753;No;605;605;92;1293;0.73;0.78;Enabled;66.38;21.92;Yes;0;0;0;0;0;0
213785;No;605;605;92;1293;0.73;0.78;Enabled;66.38;21.92;Yes;0;0;0;0;0;0
213812;No;605;605;92;1294;0.73;0.79;Enabled;66.38;21.92;Yes;0;0;0;0;0;0
213843;No;605;605;92;1294;0.73;0.79;Enabled;66.38;21.92;Yes;0;0;0;0;0;0
213874;No;605;605;92;1294;0.73;0.79;Enabled;66.38;21.92;Yes;0;0;0;0;0;0
213905;No;605;605;92;1295;0.73;0.79;Enabled;66.38;21.92;Yes;0;0;0;0;0;0
213963;No;605;605;92;1295;0.73;0.79;Enabled;66.38;21.92;Yes;0;0;0;0;0;0
213992;No;605;605;92;1296;0.73;0.79;Enabled;66.38;21.92;Yes;0;0;0;0;0;0
214024;No;605;605;92;1296;0.73;0.79;Enabled;66.38;21.92;Yes;0;0;0;0;0;0
214054;No;605;605;93;1296;0.73;0.79;Enabled;66.38;21.92;Yes;0;0;0;0;0;0
214082;No;604;605;93;1296;0.73;0.79;Enabled;66.38;21.92;Yes;0;0;0;0;0;0
214115;No;604;604;93;1297;0.73;0.79;Enabled;66.38;21.92;Yes;0;0;0;0;0;0
214143;No;604;604;93;1297;0.73;0.79;Enabled;66.38;21.92;Yes;0;0;0;0;0;0
214175;No;604;604;93;1298;0.73;0.79;Enabled;66.38;21.92;Yes;0;0;0;0;0;0
214205;No;604;604;93;1298;0.72;0.79;Enabled;66.38;21.92;Yes;0;0;0;0;0;0
214263;No;604;604;93;1298;0.72;0.79;Enabled;66.38;21.92;Yes;0;0;0;0;0;0
214294;No;604;604;93;1299;0.72;0.79;Enabled;66.38;21.92;Yes;0;0;0;0;0;0
214327;No;604;604;93;1299;0.72;0.79;Enabled;66.38;21.92;Yes;0;0;0;0;0;0
214351;No;604;604;93;1300;0.72;0.79;Enabled;66.38;21.92;Yes;0;0;0;0;0;0
214382;No;604;604;93;1300;0.72;0.79;Enabled;66.38;21.92;Yes;0;0;0;0;0;0
214415;No;604;604;93;1300;0.72;0.79;Enabled;66.38;21.92;Yes;0;0;0;0;0;0
214456;No;604;604;93;1300;0.72;0.79;Enabled;66.38;21.92;Yes;0;0;0;0;0;0
214473;No;604;604;93;1300;0.72;0.79;Enabled;66.38;21.92;Yes;0;0;0;0;0;0
214503;No;604;604;93;1300;0.72;0.79;Enabled;66.38;21.92;Yes;0;0;0;0;0;0
214550;No;604;604;93;1300;0.72;0.79;Enabled;66.38;21.92;Yes;0;0;0;0;0;0
214594;No;604;604;93;1300;0.72;0.79;Enabled;66.38;21.92;Yes;0;0;0;0;0;0
214622;No;604;604;93;1300;0.72;0.79;Enabled;66.38;21.92;Yes;0;0;0;0;0;0
214654;No;604;604;93;1300;0.72;0.79;Enabled;66.38;21.92;Yes;0;0;0;0;0;0
214684;No;604;604;93;1300;0.72;0.79;Enabled;66.38;21.92;Yes;0;0;0;0;0;0
214712;No;604;604;93;1300;0.72;0.79;Enabled;66.38;21.92;Yes;0;0;0;0;0;0
214742;No;604;604;93;1300;0.72;0.79;Enabled;66.38;21.92;Yes;0;0;0;0;0;0
214774;No;604;604;93;1300;0.72;0.79;Enabled;66.38;21.92;Yes;0;0;0;0;0;0
214805;No;604;604;93;1300;0.72;0.79;Enabled;66.38;21.92;Yes;0;0;0;0;0;0
214863;No;604;604;93;1300;0.72;0.79;Enabled;66.38;21.92;Yes;0;0;0;0;0;0
214894;No;604;604;93;1300;0.72;0.79;Enabled;66.38;21.92;Yes;0;0;0;0;0;0
214923;No;604;604;93;1300;0.72;0.79;Enabled;66.38;21.92;Yes;0;0;0;0;0;0
214955;No;604;604;93;1300;0.72;0.79;Enabled;66.38;21.92;Yes;0;0;0;0;0;0
214982;No;604;604;93;1300;0.72;0.79;Enabled;66.38;21.92;Yes;0;0;0;0;0;0
215014;No;604;604;93;1300;0.72;0.79;Enabled;66.38;21.92;Yes;0;0;0;0;0;0
215045;No;604;604;93;1300;0.72;0.79;Enabled;66.38;21.92;Yes;0;0;0;0;0;0
215072;No;604;604;93;1300;0.72;0.79;Enabled;66.38;21.92;Yes;0;0;0;0;0;0
215106;No;604;604;93;1300;0.72;0.79;Enabled;66.38;21.92;Yes;0;0;0;0;0;0
215164;No;603;603;93;1300;0.72;0.79;Enabled;66.38;21.92;Yes;0;0;0;0;0;0
215193;No;603;603;93;1300;0.72;0.79;Enabled;66.38;21.92;Yes;0;0;0;0;0;0
215224;No;603;603;93;1300;0.72;0.79;Enabled;66.38;21.92;Yes;0;0;0;0;0;0
215254;No;603;603;93;1300;0.72;0.79;Enabled;66.38;21.92;Yes;0;0;0;0;0;0
215282;No;603;603;93;1300;0.72;0.78;Enabled;66.38;21.92;Yes;0;0;0;0;0;0
215315;No;603;603;93;1300;0.72;0.78;Enabled;66.38;21.92;Yes;0;0;0;0;0;0
215343;No;603;603;93;1300;0.72;0.78;Enabled;66.38;21.92;Yes;0;0;0;0;0;0
215375;No;603;603;93;1300;0.72;0.78;Enabled;66.38;21.92;Yes;0;0;0;0;0;0
215406;No;603;603;93;1299;0.72;0.78;Enabled;66.38;21.92;Yes;0;0;0;0;0;0
215463;No;603;603;93;1299;0.72;0.78;Enabled;66.38;21.92;Yes;0;0;0;0;0;0
215494;No;603;603;93;1299;0.72;0.78;Enabled;66.38;21.92;Yes;0;0;0;0;0;0
215524;No;603;603;93;1300;0.72;0.78;Enabled;66.38;21.92;Yes;0;0;0;0;0;0
215552;No;603;603;93;1300;0.72;0.78;Enabled;66.38;21.92;Yes;0;0;0;0;0;0
215584;No;603;603;93;1300;0.72;0.78;Enabled;66.38;21.92;Yes;0;0;0;0;0;0
215613;No;603;603;93;1300;0.72;0.78;Enabled;66.38;21.92;Yes;0;0;0;0;0;0
215643;No;603;603;93;1300;0.72;0.78;Enabled;66.38;21.92;Yes;0;0;0;0;0;0
215675;No;603;603;93;1300;0.72;0.78;Enabled;66.38;21.92;Yes;0;0;0;0;0;0
215705;No;603;603;93;1300;0.72;0.78;Enabled;66.38;21.92;Yes;0;0;0;0;0;0
215793;No;603;603;93;1301;0.72;0.78;Enabled;66.38;21.92;Yes;0;0;0;0;0;0
215822;No;603;603;93;1301;0.72;0.78;Enabled;66.38;21.92;Yes;0;0;0;0;0;0
215853;No;603;603;93;1301;0.72;0.78;Enabled;66.38;21.92;Yes;0;0;0;0;0;0
215884;No;603;603;93;1301;0.72;0.78;Enabled;66.38;21.92;Yes;0;0;0;0;0;0
215914;No;603;602;93;1302;0.72;0.78;Enabled;66.38;21.92;Yes;0;0;0;0;0;0
215944;No;602;602;93;1302;0.72;0.78;Enabled;66.38;21.92;Yes;0;0;0;0;0;0
215974;No;602;602;93;1302;0.72;0.78;Enabled;66.38;21.92;Yes;0;0;0;0;0;0
216006;No;602;602;93;1302;0.72;0.78;Enabled;66.38;21.92;Yes;0;0;0;0;0;0
216064;No;602;602;93;1302;0.72;0.78;Enabled;66.38;21.92;Yes;0;0;0;0;0;0
216094;No;602;602;93;1302;0.72;0.78;Enabled;66.38;21.92;Yes;0;0;0;0;0;0
216122;No;602;602;93;1302;0.72;0.78;Enabled;66.38;21.92;Yes;0;0;0;0;0;0
216154;No;602;602;93;1302;0.72;0.78;Enabled;66.38;21.92;Yes;0;0;0;0;0;0
216184;No;602;602;93;1302;0.72;0.78;Enabled;66.38;21.92;Yes;0;0;0;0;0;0
216214;No;602;602;93;1302;0.72;0.78;Enabled;66.38;21.92;Yes;0;0;0;0;0;0
216244;No;602;602;93;1302;0.72;0.78;Enabled;66.38;21.92;Yes;0;0;0;0;0;0
216272;No;602;602;93;1302;0.72;0.78;Enabled;66.38;21.92;Yes;0;0;0;0;0;0
216303;No;602;602;93;1302;0.72;0.78;Enabled;66.38;21.92;Yes;0;0;0;0;0;0
216349;No;602;602;93;1302;0.72;0.78;Enabled;66.38;21.92;Yes;0;0;0;0;0;0
216391;No;602;602;93;1302;0.72;0.78;Enabled;66.38;21.92;Yes;0;0;0;0;0;0
216423;No;602;602;93;1302;0.72;0.78;Enabled;66.38;21.92;Yes;0;0;0;0;0;0
216454;No;602;602;93;1302;0.72;0.77;Enabled;66.38;21.92;Yes;0;0;0;0;0;0
216483;No;602;602;93;1302;0.72;0.77;Enabled;66.38;21.92;Yes;0;0;0;0;0;0
216515;No;602;602;93;1302;0.72;0.77;Enabled;66.38;21.92;Yes;0;0;0;0;0;0
216544;No;602;602;93;1302;0.72;0.77;Enabled;66.38;21.92;Yes;0;0;0;0;0;0
216573;No;602;602;93;1302;0.72;0.77;Enabled;66.38;21.92;Yes;0;0;0;0;0;0
216604;No;602;602;93;1302;0.72;0.77;Enabled;66.38;21.92;Yes;0;0;0;0;0;0
216664;No;601;602;93;1302;0.72;0.77;Enabled;66.38;21.92;Yes;0;0;0;0;0;0
216693;No;601;601;93;1301;0.72;0.77;Enabled;66.38;21.92;Yes;0;0;0;0;0;0
216722;No;601;601;93;1300;0.72;0.77;Enabled;66.38;21.92;Yes;0;0;0;0;0;0
216753;No;601;601;93;1298;0.72;0.77;Disabled;66.38;21.92;Yes;0;0;0;0;0;0
216785;No;601;601;93;1298;0.72;0.77;Disabled;66.38;21.92;Yes;0;0;0;0;0;0
216815;No;601;601;93;1296;0.72;0.77;Disabled;66.38;21.92;Yes;0;0;0;0;0;0
216844;No;601;601;93;1295;0.72;0.77;Disabled;66.38;21.92;Yes;0;0;0;0;0;0
216872;No;601;601;93;1294;0.72;0.77;Disabled;66.38;21.92;Yes;0;0;0;0;0;0
216904;No;601;601;93;1293;0.72;0.77;Disabled;66.38;21.92;Yes;0;0;0;0;0;0
216963;No;601;601;93;1292;0.72;0.77;Disabled;66.38;21.92;Yes;0;0;0;0;0;0
216994;No;600;601;93;1291;0.72;0.77;Disabled;66.38;21.92;Yes;0;0;0;0;0;0
217053;No;600;600;93;1290;0.72;0.77;Disabled;66.38;21.92;Yes;0;0;0;0;0;0
217085;No;600;600;93;1289;0.72;0.77;Disabled;66.38;21.92;Yes;0;0;0;0;0;0
217112;No;600;600;93;1288;0.72;0.77;Disabled;66.38;21.92;Yes;0;0;0;0;0;0
217143;No;600;600;93;1286;0.72;0.77;Disabled;66.38;21.92;Yes;0;0;0;0;0;0
217173;No;600;600;93;1286;0.72;0.77;Disabled;66.38;21.92;Yes;0;0;0;0;0;0
217204;No;600;600;93;1284;0.72;0.77;Disabled;66.38;21.92;Yes;0;0;0;0;0;0
217265;No;600;600;93;1283;0.72;0.77;Disabled;66.38;21.92;Yes;0;0;0;0;0;0
217294;No;600;600;93;1284;0.72;0.77;Disabled;66.38;21.92;Yes;0;0;0;0;0;0
217325;No;600;600;93;1284;0.72;0.77;Disabled;66.38;21.92;Yes;0;0;0;0;0;0
217354;No;600;600;93;1284;0.72;0.77;Disabled;66.38;21.92;Yes;0;0;0;0;0;0
217385;No;600;600;93;1284;0.72;0.77;Disabled;66.38;21.92;Yes;0;0;0;0;0;0
217412;No;600;600;93;1284;0.72;0.77;Disabled;66.38;21.92;Yes;0;0;0;0;0;0
217444;No;600;600;93;1285;0.72;0.77;Disabled;66.38;21.92;Yes;0;0;0;0;0;0
217471;No;600;600;93;1285;0.72;0.77;Disabled;66.38;21.92;Yes;0;0;0;0;0;0
217506;No;600;600;93;1285;0.72;0.77;Disabled;66.38;21.92;Yes;0;0;0;0;0;0
217564;No;600;599;93;1285;0.72;0.77;Disabled;66.38;21.92;Yes;0;0;0;0;0;0
217594;No;599;599;93;1286;0.72;0.77;Disabled;66.38;21.92;Yes;0;0;0;0;0;0
217624;No;599;599;93;1286;0.72;0.76;Disabled;66.38;21.92;Yes;0;0;0;0;0;0
217651;No;599;599;93;1286;0.72;0.76;Disabled;66.38;21.92;Yes;0;0;0;0;0;0
217683;No;599;599;93;1286;0.72;0.76;Disabled;66.38;21.92;Yes;0;0;0;0;0;0
217715;No;599;599;93;1286;0.72;0.76;Disabled;66.38;21.92;Yes;0;0;0;0;0;0
217742;No;599;599;93;1287;0.72;0.76;Disabled;66.38;21.92;Yes;0;0;0;0;0;0
217771;No;599;599;93;1287;0.72;0.76;Disabled;66.38;21.92;Yes;0;0;0;0;0;0
217806;No;599;599;93;1287;0.72;0.76;Disabled;66.38;21.92;Yes;0;0;0;0;0;0
217863;No;599;599;93;1288;0.72;0.76;Disabled;66.38;21.92;Yes;0;0;0;0;0;0
217895;No;599;599;93;1288;0.72;0.76;Disabled;66.38;21.92;Yes;0;0;0;0;0;0
217923;No;599;599;93;1288;0.72;0.76;Disabled;66.38;21.92;Yes;0;0;0;0;0;0
217955;No;599;599;93;1289;0.72;0.76;Disabled;66.38;21.92;Yes;0;0;0;0;0;0
217981;No;599;599;93;1289;0.72;0.76;Disabled;66.38;21.92;Yes;0;0;0;0;0;0
218011;No;599;599;93;1290;0.72;0.76;Disabled;66.38;21.92;Yes;0;0;0;0;0;0
218045;No;599;599;93;1290;0.72;0.76;Disabled;66.38;21.92;Yes;0;0;0;0;0;0
218075;No;599;599;93;1290;0.72;0.76;Disabled;66.38;21.92;Yes;0;0;0;0;0;0
218103;No;599;598;93;1291;0.72;0.76;Disabled;66.38;21.92;Yes;0;0;0;0;0;0
218151;No;598;598;93;1291;0.72;0.76;Disabled;66.38;21.92;Yes;0;0;0;0;0;0
218191;No;598;598;93;1292;0.72;0.76;Disabled;66.38;21.92;Yes;0;0;0;0;0;0
218223;No;598;598;93;1292;0.72;0.76;Disabled;66.38;21.92;Yes;0;0;0;0;0;0
218254;No;598;598;93;1292;0.72;0.76;Disabled;66.38;21.92;Yes;0;0;0;0;0;0
218296;No;598;598;93;1293;0.72;0.76;Disabled;66.38;21.92;Yes;0;0;0;0;0;0
218312;No;598;598;93;1293;0.72;0.76;Disabled;66.38;21.92;Yes;0;0;0;0;0;0
218343;No;598;598;93;1294;0.72;0.76;Disabled;66.38;21.92;Yes;0;0;0;0;0;0
218375;No;598;598;93;1294;0.72;0.76;Disabled;66.38;21.92;Yes;0;0;0;0;0;0
218405;No;598;598;93;1293;0.72;0.76;Disabled;66.38;21.92;Yes;0;0;0;0;0;0
218463;No;598;598;93;1292;0.71;0.76;Disabled;66.38;21.92;Yes;0;0;0;0;0;0
218494;No;598;598;93;1292;0.70;0.76;Disabled;66.38;21.92;Yes;0;0;0;0;0;0
218525;No;598;598;93;1291;0.69;0.76;Disabled;66.38;21.92;Yes;0;0;0;0;0;0
218552;No;598;598;93;1290;0.68;0.75;Disabled;66.38;21.92;Yes;0;0;0;0;0;0
218583;No;598;598;93;1289;0.67;0.75;Disabled;66.38;21.92;Yes;0;0;0;0;0;0
218613;No;598;598;93;1288;0.66;0.75;Disabled;66.38;21.92;Yes;0;0;0;0;0;0
218645;No;598;598;93;1288;0.65;0.74;Disabled;66.38;21.92;Yes;0;0;0;0;0;0
218673;No;597;598;93;1287;0.63;0.74;Disabled;66.38;21.92;Yes;0;0;0;0;0;0
218705;No;597;597;93;1286;0.62;0.74;Disabled;66.38;21.92;Yes;0;0;0;0;0;0
218763;No;597;597;93;1285;0.61;0.73;Disabled;66.38;21.92;Yes;0;0;0;0;0;0
218795;No;597;597;93;1284;0.60;0.73;Disabled;66.38;21.92;Yes;0;0;0;0;0;0
218824;No;597;597;93;1284;0.59;0.73;Disabled;66.38;21.92;Yes;0;0;0;0;0;0
218854;No;597;597;93;1283;0.58;0.72;Disabled;66.38;21.92;Yes;0;0;0;0;0;0
218884;No;597;597;93;1282;0.57;0.72;Disabled;66.38;21.92;Yes;0;0;0;0;0;0
218912;No;597;597;93;1281;0.56;0.72;Disabled;66.38;21.92;Yes;0;0;0;0;0;0
218945;No;597;597;93;1280;0.54;0.71;Disabled;66.38;21.92;Yes;0;0;0;0;0;0
218972;No;597;597;93;1280;0.53;0.71;Disabled;66.38;21.92;Yes;0;0;0;0;0;0
219003;No;597;597;93;1279;0.50;0.71;Disabled;66.38;21.92;Yes;0;0;0;0;0;0
219049;No;596;596;93;1278;0.47;0.67;Disabled;66.38;21.92;Yes;0;0;0;0;0;0
219090;No;596;596;93;1278;0.44;0.62;Disabled;66.38;21.92;Yes;0;0;0;0;0;0
219123;No;596;596;93;1277;0.41;0.58;Disabled;66.38;21.92;Yes;0;0;0;0;0;0
219155;No;596;596;93;1276;0.38;0.54;Disabled;66.38;21.92;Yes;0;0;0;0;0;0
219182;No;596;596;93;1276;0.35;0.50;Disabled;66.38;21.92;Yes;0;0;0;0;0;0
219212;No;596;596;93;1275;0.31;0.45;Disabled;66.38;21.92;Yes;0;0;0;0;0;0
219244;No;596;596;93;1274;0.28;0.41;Disabled;66.38;21.92;Yes;0;0;0;0;0;0
219273;No;596;596;93;1274;0.25;0.37;Disabled;66.38;21.92;Yes;0;0;0;0;0;0
219307;No;596;596;93;1273;0.22;0.32;Disabled;66.38;21.92;Yes;0;0;0;0;0;0
219365;No;596;596;93;1272;0.19;0.28;Disabled;66.38;21.92;Yes;0;0;0;0;0;0
219392;No;596;596;93;1272;0.16;0.24;Disabled;66.38;21.92;Yes;0;0;0;0;0;0
219422;No;596;596;93;1271;0.13;0.20;Disabled;66.38;21.92;Yes;0;0;0;0;0;0
219453;No;596;595;93;1270;0.09;0.15;Disabled;66.38;21.92;Yes;0;0;0;0;0;0
219484;No;596;595;93;1270;0.06;0.11;Disabled;66.38;21.92;Yes;0;0;0;0;0;0
219512;No;595;595;93;1269;0.03;0.07;Disabled;66.38;21.92;Yes;0;0;0;0;0;0
219544;No;595;595;93;1268;0.00;0.03;Disabled;66.38;21.92;Yes;0;0;0;0;0;0
219578;No;595;595;93;1268;0.00;-0.02;Disabled;66.38;21.92;Yes;0;0;0;0;0;0
219606;No;595;595;93;1267;0.00;-0.02;Disabled;66.38;21.92;Yes;0;0;0;0;0;0
219665;No;595;595;93;1266;-0.00;-0.02;Disabled;66.38;21.92;Yes;0;0;0;0;0;0
219692;No;595;595;93;1266;-0.00;-0.02;Disabled;66.38;21.92;Yes;0;0;0;0;0;0
219724;No;595;595;93;1265;-0.00;-0.02;Disabled;66.38;21.92;Yes;0;0;0;0;0;0
219753;No;595;595;93;1264;-0.00;-0.02;Disabled;66.38;21.92;Yes;0;0;0;0;0;0
219784;No;595;595;93;1264;-0.00;-0.02;Disabled;66.38;21.92;Yes;0;0;0;0;0;0
219812;No;595;595;93;1263;-0.00;-0.02;Disabled;66.38;21.92;Yes;0;0;0;0;0;0
219844;No;594;594;93;1262;-0.01;-0.02;Disabled;66.38;21.92;Yes;0;0;0;0;0;0
219871;No;594;594;93;1262;-0.01;-0.02;Disabled;66.38;21.92;Yes;0;0;0;0;0;0
219906;No;594;594;93;1261;-0.01;-0.02;Disabled;66.38;21.92;Yes;0;0;0;0;0;0
219965;No;594;594;93;1260;-0.01;-0.02;Disabled;66.38;21.92;Yes;0;0;0;0;0;0
219995;No;594;594;93;1259;-0.01;-0.02;Disabled;66.38;21.92;Yes;0;0;0;0;0;0
220026;No;594;594;93;1259;-0.01;-0.03;Disabled;66.38;21.92;Yes;0;0;0;0;0;0
220053;No;594;594;93;1258;-0.01;-0.03;Disabled;66.38;21.92;Yes;0;0;0;0;0;0
220086;No;594;594;93;1257;-0.01;-0.03;Disabled;66.38;21.92;Yes;0;0;0;0;0;0
220114;No;594;594;93;1256;-0.01;-0.03;Disabled;66.38;21.92;Yes;0;0;0;0;0;0
220141;No;594;594;93;1256;-0.01;-0.03;Disabled;66.38;21.92;Yes;0;0;0;0;0;0
220173;No;594;594;93;1255;-0.01;-0.03;Disabled;66.38;21.92;Yes;0;0;0;0;0;0
220204;No;594;594;93;1255;-0.01;-0.03;Disabled;66.38;21.92;Yes;0;0;0;0;0;0
220249;No;594;593;93;1254;-0.01;-0.03;Disabled;66.38;21.92;Yes;0;0;0;0;0;0
220261;No;593;593;93;1253;-0.01;-0.03;Disabled;66.38;21.92;Yes;0;0;0;0;0;0
220293;No;593;593;93;1253;-0.01;-0.03;Disabled;66.38;21.92;Yes;0;0;0;0;0;0
220322;No;593;593;93;1252;-0.01;-0.03;Disabled;66.38;21.92;Yes;0;0;0;0;0;0
220355;No;593;593;93;1252;-0.01;-0.03;Disabled;66.38;21.92;Yes;0;0;0;0;0;0
220383;No;593;593;93;1251;-0.02;-0.03;Disabled;66.38;21.92;Yes;0;0;0;0;0;0
220413;No;593;593;93;1250;-0.02;-0.03;Disabled;66.38;21.92;Yes;0;0;0;0;0;0
220446;No;593;593;93;1250;-0.02;-0.03;Disabled;66.38;21.92;Yes;0;0;0;0;0;0
220474;No;593;593;93;1249;-0.02;-0.03;Disabled;66.38;21.92;Yes;0;0;0;0;0;0
220504;No;593;593;93;1248;-0.02;-0.03;Disabled;66.38;21.92;Yes;0;0;0;0;0;0
220557;No;593;592;93;1248;-0.02;-0.03;Disabled;66.38;21.92;Yes;0;0;0;0;0;0
220594;No;593;592;93;1247;-0.02;-0.03;Disabled;66.38;21.92;Yes;0;0;0;0;0;0
220622;No;592;592;93;1246;-0.02;-0.03;Disabled;66.38;21.92;Yes;0;0;0;0;0;0
220653;No;592;592;93;1246;-0.02;-0.03;Disabled;66.38;21.92;Yes;0;0;0;0;0;0
220683;No;592;592;93;1245;-0.02;-0.03;Disabled;66.38;21.92;Yes;0;0;0;0;0;0
220712;No;592;592;93;1245;-0.02;-0.03;Disabled;66.38;21.92;Yes;0;0;0;0;0;0
220744;No;592;592;93;1244;-0.02;-0.03;Disabled;66.38;21.92;Yes;0;0;0;0;0;0
220772;No;592;592;93;1244;-0.02;-0.03;Disabled;66.38;21.92;Yes;0;0;0;0;0;0
220804;No;592;592;93;1243;-0.02;-0.03;Disabled;66.38;21.92;Yes;0;0;0;0;0;0
220870;No;592;592;93;1242;-0.02;-0.03;Disabled;66.38;21.92;Yes;0;0;0;0;0;0
220893;No;592;592;93;1242;-0.02;-0.03;Disabled;66.38;21.92;Yes;0;0;0;0;0;0
220923;No;592;592;93;1242;-0.02;-0.03;Disabled;66.38;21.92;Yes;0;0;0;0;0;0
220951;No;592;592;93;1241;-0.01;-0.03;Disabled;66.38;21.92;Yes;0;0;0;0;0;0
220982;No;592;592;93;1240;-0.01;-0.02;Disabled;66.38;21.92;Yes;0;0;0;0;0;0
221013;No;592;592;93;1240;-0.01;-0.02;Disabled;66.38;21.92;Yes;0;0;0;0;0;0
221044;No;591;591;93;1239;-0.01;-0.02;Disabled;66.38;21.92;Yes;0;0;0;0;0;0
221074;No;591;591;93;1239;-0.01;-0.02;Disabled;66.38;21.92;Yes;0;0;0;0;0;0
221104;No;591;591;93;1238;-0.01;-0.02;Disabled;66.38;21.92;Yes;0;0;0;0;0;0
221130;No;591;591;93;1238;-0.01;-0.02;Disabled;66.38;21.92;Yes;0;0;0;0;0;0
221162;No;591;591;93;1237;-0.01;-0.02;Disabled;66.38;21.92;Yes;0;0;0;0;0;0
221192;No;591;591;93;1236;-0.01;-0.02;Disabled;66.38;21.92;Yes;0;0;0;0;0;0
221222;No;591;591;93;1235;-0.01;-0.02;Disabled;66.38;21.92;Yes;0;0;0;0;0;0
221255;No;591;591;93;1234;-0.01;-0.02;Disabled;66.38;21.92;Yes;0;0;0;0;0;0
221286;No;591;591;93;1233;-0.01;-0.02;Disabled;66.38;21.92;Yes;0;0;0;0;0;0
221313;No;591;591;93;1232;-0.01;-0.02;Disabled;66.38;21.92;Yes;0;0;0;0;0;0
221372;No;591;590;93;1231;-0.01;-0.02;Disabled;66.38;21.92;Yes;0;0;0;0;0;0
221402;No;590;590;93;1230;-0.01;-0.02;Disabled;66.38;21.92;Yes;0;0;0;0;0;0
221433;No;590;590;93;1228;-0.01;-0.02;Disabled;66.38;21.92;Yes;0;0;0;0;0;0
221462;No;590;590;93;1227;-0.01;-0.02;Disabled;66.38;21.92;Yes;0;0;0;0;0;0
221493;No;590;590;93;1226;-0.01;-0.02;Disabled;66.38;21.92;Yes;0;0;0;0;0;0
221523;No;590;590;93;1225;-0.01;-0.02;Disabled;66.38;21.92;Yes;0;0;0;0;0;0
221552;No;590;590;93;1224;-0.01;-0.02;Disabled;66.38;21.92;Yes;0;0;0;0;0;0
221581;No;590;590;93;1223;-0.01;-0.02;Disabled;66.38;21.92;Yes;0;0;0;0;0;0
221611;No;590;590;93;1222;-0.01;-0.02;Disabled;66.38;21.92;Yes;0;0;0;0;0;0
221672;No;590;590;93;1221;-0.01;-0.02;Disabled;66.38;21.92;Yes;0;0;0;0;0;0
221704;No;590;590;93;1220;-0.01;-0.02;Disabled;66.38;21.92;Yes;0;0;0;0;0;0
221734;No;590;590;93;1218;-0.01;-0.02;Disabled;66.38;21.92;Yes;0;0;0;0;0;0
221763;No;590;590;93;1217;-0.01;-0.02;Disabled;66.38;21.92;Yes;0;0;0;0;0;0
221794;No;590;589;93;1216;-0.01;-0.02;Disabled;66.38;21.92;Yes;0;0;0;0;0;0
221823;No;589;589;93;1215;-0.01;-0.02;Disabled;66.38;21.92;Yes;0;0;0;0;0;0
221854;No;589;589;93;1214;-0.01;-0.02;Disabled;66.38;21.92;Yes;0;0;0;0;0;0
221882;No;589;589;93;1212;-0.01;-0.02;Disabled;66.38;21.92;Yes;0;0;0;0;0;0
221913;No;589;589;93;1211;-0.01;-0.02;Disabled;66.38;21.92;Yes;0;0;0;0;0;0
221974;No;589;589;93;1210;-0.01;-0.02;Disabled;66.38;21.92;Yes;0;0;0;0;0;0
222003;No;589;589;93;1209;-0.01;-0.02;Disabled;66.38;21.92;Yes;0;0;0;0;0;0
222034;No;589;589;93;1208;-0.01;-0.02;Disabled;66.38;21.92;Yes;0;0;0;0;0;0
222063;No;589;589;93;1206;-0.01;-0.02;Disabled;66.38;21.92;Yes;0;0;0;0;0;0
222093;No;589;589;93;1206;-0.01;-0.01;Disabled;66.38;21.92;Yes;0;0;0;0;0;0
222137;No;589;589;93;1204;-0.01;-0.01;Disabled;66.38;21.92;Yes;0;0;0;0;0;0
222152;No;588;589;93;1203;-0.01;-0.01;Disabled;66.38;21.92;Yes;0;0;0;0;0;0
222184;No;588;588;93;1202;-0.01;-0.01;Disabled;66.38;21.92;Yes;0;0;0;0;0;0
222214;No;588;588;93;1201;-0.01;-0.01;Disabled;66.38;21.92;Yes;0;0;0;0;0;0
222274;No;588;588;93;1200;-0.01;-0.01;Disabled;66.38;21.92;Yes;0;0;0;0;0;0
222306;No;588;588;93;1198;-0.01;-0.01;Disabled;66.38;21.92;Yes;0;0;0;0;0;0
222334;No;588;588;93;1197;-0.01;-0.01;Disabled;66.38;21.92;Yes;0;0;0;0;0;0
222366;No;588;588;93;1196;-0.01;-0.01;Disabled;66.38;21.92;Yes;0;0;0;0;0;0
222394;No;588;588;93;1195;-0.01;-0.01;Disabled;66.38;21.92;Yes;0;0;0;0;0;0
222423;No;588;588;93;1194;-0.01;-0.01;Disabled;66.38;21.92;Yes;0;0;0;0;0;0
222453;No;588;588;93;1193;-0.01;-0.01;Disabled;66.38;21.92;Yes;0;0;0;0;0;0
222482;No;588;588;93;1192;-0.01;-0.01;Disabled;66.38;21.92;Yes;0;0;0;0;0;0
222516;No;588;588;93;1191;-0.01;-0.01;Disabled;66.38;21.92;Yes;0;0;0;0;0;0
222575;No;588;588;93;1190;-0.01;-0.01;Disabled;66.38;21.92;Yes;0;0;0;0;0;0
222603;No;587;588;93;1188;-0.01;-0.01;Disabled;66.38;21.92;Yes;0;0;0;0;0;0
222634;No;587;587;93;1188;-0.00;-0.01;Disabled;66.38;21.92;Yes;0;0;0;0;0;0
222663;No;587;587;93;1186;-0.00;-0.01;Disabled;66.38;21.92;Yes;0;0;0;0;0;0
222694;No;587;587;93;1185;-0.00;-0.01;Disabled;66.38;21.92;Yes;0;0;0;0;0;0
222726;No;587;587;93;1184;-0.00;-0.01;Disabled;66.38;21.92;Yes;0;0;0;0;0;0
222755;No;587;587;93;1183;-0.00;-0.01;Disabled;66.38;21.92;Yes;0;0;0;0;0;0
222784;No;587;587;93;1182;-0.00;-0.01;Disabled;66.38;21.92;Yes;0;0;0;0;0;0
222812;No;587;587;93;1181;-0.00;-0.01;Disabled;66.38;21.92;Yes;0;0;0;0;0;0
222874;No;587;587;93;1180;-0.00;-0.01;Disabled;66.38;21.92;Yes;0;0;0;0;0;0
222906;No;587;587;93;1179;-0.00;-0.01;Disabled;66.38;21.92;Yes;0;0;0;0;0;0
222934;No;587;587;93;1178;-0.00;-0.01;Disabled;66.38;21.92;Yes;0;0;0;0;0;0
222963;No;587;587;93;1176;-0.00;-0.01;Disabled;66.38;21.92;Yes;0;0;0;0;0;0
222994;No;586;586;93;1175;-0.00;-0.01;Disabled;66.38;21.92;Yes;0;0;0;0;0;0
223023;No;586;586;93;1174;-0.00;-0.01;Disabled;66.38;21.92;Yes;0;0;0;0;0;0
223053;No;586;586;93;1172;-0.00;-0.01;Disabled;66.38;21.92;Yes;0;0;0;0;0;0
223082;No;586;586;93;1171;-0.00;-0.01;Disabled;66.38;21.92;Yes;0;0;0;0;0;0
223114;No;586;586;93;1170;-0.00;-0.01;Disabled;66.38;21.92;Yes;0;0;0;0;0;0
223176;No;586;586;93;1168;-0.00;-0.01;Disabled;66.38;21.92;Yes;0;0;0;0;0;0
223204;No;586;586;93;1167;-0.00;-0.01;Disabled;66.38;21.92;Yes;0;0;0;0;0;0
223232;No;586;586;93;1166;-0.00;-0.01;Disabled;66.38;21.92;Yes;0;0;0;0;0;0
223266;No;586;586;93;1165;0.00;-0.01;Disabled;66.38;21.92;Yes;0;0;0;0;0;0
223293;No;586;586;93;1163;0.00;-0.01;Disabled;66.38;21.92;Yes;0;0;0;0;0;0
223323;No;586;586;93;1162;0.00;-0.01;Disabled;66.38;21.92;Yes;0;0;0;0;0;0
223354;No;586;586;93;1161;0.00;-0.01;Disabled;66.38;21.92;Yes;0;0;0;0;0;0
223381;No;586;586;93;1160;0.00;-0.01;Disabled;66.38;21.92;Yes;0;0;0;0;0;0
223418;No;586;586;93;1158;0.00;-0.01;Disabled;66.38;21.92;Yes;0;0;0;0;0;0
223475;No;586;585;93;1157;0.00;-0.01;Disabled;66.38;21.92;Yes;0;0;0;0;0;0
223503;No;586;585;93;1155;0.00;-0.01;Disabled;66.38;21.92;Yes;0;0;0;0;0;0
223532;No;585;585;93;1154;0.00;-0.01;Disabled;66.38;21.92;Yes;0;0;0;0;0;0
223564;No;585;585;93;1152;0.00;-0.01;Disabled;66.38;21.92;Yes;0;0;0;0;0;0
223594;No;585;585;93;1150;0.00;-0.01;Disabled;66.38;21.92;Yes;0;0;0;0;0;0
223623;No;585;585;93;1149;0.00;-0.01;Disabled;66.38;21.92;Yes;0;0;0;0;0;0
223653;No;585;585;93;1147;0.00;-0.01;Disabled;66.38;21.92;Yes;0;0;0;0;0;0
223683;No;585;585;92;1146;0.00;-0.01;Disabled;66.38;21.92;Yes;0;0;0;0;0;0
223713;No;585;585;92;1144;0.00;-0.01;Disabled;66.38;21.92;Yes;0;0;0;0;0;0
223774;No;585;585;92;1143;0.00;-0.01;Disabled;66.38;21.92;Yes;0;0;0;0;0;0
223803;No;585;585;92;1141;0.00;-0.00;Disabled;66.38;21.92;Yes;0;0;0;0;0;0
223831;No;585;585;92;1140;0.00;-0.00;Disabled;66.38;21.92;Yes;0;0;0;0;0;0
223862;No;585;585;92;1138;0.00;-0.00;Disabled;66.38;21.92;Yes;0;0;0;0;0;0
223893;No;584;585;92;1136;0.00;-0.00;Disabled;66.38;21.92;Yes;0;0;0;0;0;0
223924;No;584;584;92;1135;0.00;-0.00;Disabled;66.38;21.92;Yes;0;0;0;0;0;0
223954;No;584;584;92;1133;0.00;-0.00;Disabled;66.38;21.92;Yes;0;0;0;0;0;0
223983;No;584;584;92;1132;0.00;-0.00;Disabled;66.38;21.92;Yes;0;0;0;0;0;0
224016;No;584;584;92;1130;0.00;-0.00;Disabled;66.38;21.92;Yes;0;0;0;0;0;0
224075;No;584;584;92;1129;0.00;-0.00;Disabled;66.38;21.92;Yes;0;0;0;0;0;0
224106;No;584;584;92;1128;0.00;-0.00;Disabled;66.38;21.92;Yes;0;0;0;0;0;0
224134;No;584;584;92;1126;0.00;-0.00;Disabled;66.38;21.92;Yes;0;0;0;0;0;0
224163;No;584;584;92;1125;0.00;-0.00;Disabled;66.38;21.92;Yes;0;0;0;0;0;0
224194;No;584;584;92;1124;0.00;-0.00;Disabled;66.38;21.92;Yes;0;0;0;0;0;0
224224;No;584;584;92;1122;0.00;-0.00;Disabled;66.38;21.92;Yes;0;0;0;0;0;0
224253;No;584;584;92;1121;0.00;-0.00;Disabled;66.38;21.92;Yes;0;0;0;0;0;0
224283;No;584;584;92;1120;0.00;-0.00;Disabled;66.38;21.92;Yes;0;0;0;0;0;0
224313;No;583;584;92;1118;0.00;-0.00;Disabled;66.38;21.92;Yes;0;0;0;0;0;0
224375;No;583;583;92;1117;0.00;-0.00;Disabled;66.38;21.92;Yes;0;0;0;0;0;0
224405;No;583;583;92;1116;0.00;-0.00;Disabled;66.38;21.92;Yes;0;0;0;0;0;0
224433;No;583;583;92;1114;0.00;-0.00;Disabled;66.38;21.92;Yes;0;0;0;0;0;0
224465;No;583;583;92;1113;0.00;-0.00;Disabled;66.38;21.92;Yes;0;0;0;0;0;0
224492;No;583;583;92;1112;0.00;-0.00;Disabled;66.38;21.92;Yes;0;0;0;0;0;0
224524;No;583;583;92;1110;0.00;-0.00;Disabled;66.38;21.92;Yes;0;0;0;0;0;0
224554;No;583;583;92;1109;0.01;-0.00;Disabled;66.38;21.92;Yes;0;0;0;0;0;0
224583;No;583;583;92;1109;0.01;-0.00;Disabled;66.38;21.92;Yes;0;0;0;0;0;0
224613;No;583;583;92;1109;0.01;-0.00;Disabled;66.38;21.92;Yes;0;0;0;0;0;0
224697;No;583;583;92;1109;0.01;-0.00;Disabled;66.38;21.92;Yes;0;0;0;0;0;0
224731;No;582;583;92;1109;0.01;-0.00;Disabled;66.38;21.92;Yes;0;0;0;0;0;0
224763;No;582;582;92;1109;0.01;-0.00;Disabled;66.38;21.92;Yes;0;0;0;0;0;0
224793;No;582;582;92;1110;0.01;-0.00;Disabled;66.38;21.92;Yes;0;0;0;0;0;0
224824;No;582;582;92;1110;0.01;-0.00;Disabled;66.38;21.92;Yes;0;0;0;0;0;0
224854;No;582;582;92;1110;0.01;-0.00;Disabled;66.38;21.92;Yes;0;0;0;0;0;0
224882;No;582;582;92;1110;0.01;-0.00;Disabled;66.38;21.92;Yes;0;0;0;0;0;0
224912;No;582;582;92;1110;0.01;-0.00;Disabled;66.38;21.92;Yes;0;0;0;0;0;0
224973;No;582;582;92;1110;0.01;-0.00;Disabled;66.38;21.92;Yes;0;0;0;0;0;0
225004;No;582;582;92;1110;0.01;-0.00;Disabled;66.38;21.92;Yes;0;0;0;0;0;0
225034;No;582;582;92;1110;0.01;0.00;Disabled;66.38;21.92;Yes;0;0;0;0;0;0
225063;No;582;582;92;1110;0.01;0.00;Disabled;66.38;21.92;Yes;0;0;0;0;0;0
225095;No;582;582;92;1110;0.01;0.00;Disabled;66.38;21.92;Yes;0;0;0;0;0;0
225126;No;582;582;92;1110;0.01;0.00;Disabled;66.38;21.92;Yes;0;0;0;0;0;0
225155;No;582;582;92;1110;0.01;0.00;Disabled;66.38;21.92;Yes;0;0;0;0;0;0
225183;No;581;582;92;1110;0.01;0.00;Disabled;66.38;21.92;Yes;0;0;0;0;0;0
225213;No;581;581;92;1109;0.01;0.00;Disabled;66.38;21.92;Yes;0;0;0;0;0;0
225275;No;581;581;92;1108;0.01;0.00;Disabled;66.38;21.92;Yes;0;0;0;0;0;0
225306;No;581;581;92;1108;0.01;0.00;Disabled;66.38;21.92;Yes;0;0;0;0;0;0
225333;No;581;581;92;1108;0.01;0.00;Disabled;66.38;21.92;Yes;0;0;0;0;0;0
225362;No;581;581;92;1107;0.01;0.00;Disabled;66.38;21.92;Yes;0;0;0;0;0;0
225393;No;581;581;92;1106;0.01;0.00;Disabled;66.38;21.92;Yes;0;0;0;0;0;0
225423;No;581;581;92;1106;0.01;0.00;Disabled;66.38;21.92;Yes;0;0;0;0;0;0
225452;No;581;581;92;1105;0.01;0.00;Disabled;66.38;21.92;Yes;0;0;0;0;0;0
225484;No;581;581;92;1104;0.01;0.00;Disabled;66.38;21.92;Yes;0;0;0;0;0;0
225512;No;580;581;92;1104;0.01;0.00;Disabled;66.38;21.92;Yes;0;0;0;0;0;0
225577;No;580;580;92;1103;0.01;0.00;Disabled;66.38;21.92;Yes;0;0;0;0;0;0
225606;No;580;580;92;1103;0.01;0.00;Disabled;66.38;21.92;Yes;0;0;0;0;0;0
225633;No;580;580;92;1102;0.01;0.00;Disabled;66.38;21.92;Yes;0;0;0;0;0;0
225662;No;580;580;92;1102;0.01;0.00;Disabled;66.38;21.92;Yes;0;0;0;0;0;0
225692;No;580;580;92;1101;0.01;0.00;Disabled;66.38;21.92;Yes;0;0;0;0;0;0
225723;No;580;580;92;1100;0.01;0.00;Disabled;66.38;21.92;Yes;0;0;0;0;0;0
225754;No;580;580;92;1100;0.01;0.01;Disabled;66.38;21.92;Yes;0;0;0;0;0;0
225782;No;580;580;92;1099;0.01;0.01;Disabled;66.38;21.92;Yes;0;0;0;0;0;0
225813;No;580;580;92;1099;0.01;0.01;Disabled;66.38;21.92;Yes;0;0;0;0;0;0
225875;No;580;580;92;1098;0.01;0.01;Disabled;66.38;21.92;Yes;0;0;0;0;0;0
225906;No;580;580;92;1098;0.01;0.01;Disabled;66.38;21.92;Yes;0;0;0;0;0;0
225934;No;580;580;92;1097;0.01;0.01;Disabled;66.38;21.92;Yes;0;0;0;0;0;0
225978;No;580;580;92;1096;0.01;0.01;Disabled;66.38;21.92;Yes;0;0;0;0;0;0
225993;No;580;580;92;1096;0.01;0.01;Disabled;66.38;21.92;Yes;0;0;0;0;0;0
226024;No;580;579;92;1095;0.01;0.01;Disabled;66.38;21.92;Yes;0;0;0;0;0;0
226054;No;580;579;92;1095;0.01;0.01;Disabled;66.38;21.92;Yes;0;0;0;0;0;0
226083;No;579;579;92;1094;0.01;0.01;Disabled;66.38;21.92;Yes;0;0;0;0;0;0
226114;No;579;579;92;1094;0.01;0.01;Disabled;66.38;21.92;Yes;0;0;0;0;0;0
226173;No;579;579;92;1093;0.01;0.01;Disabled;66.38;21.92;Yes;0;0;0;0;0;0
226204;No;579;579;92;1092;0.01;0.01;Disabled;66.38;21.92;Yes;0;0;0;0;0;0
226234;No;579;579;92;1092;0.01;0.01;Disabled;66.38;21.92;Yes;0;0;0;0;0;0
226266;No;579;579;92;1091;0.01;0.01;Disabled;66.38;21.92;Yes;0;0;0;0;0;0
226295;No;579;579;92;1091;0.01;0.01;Disabled;66.38;21.92;Yes;0;0;0;0;0;0
226325;No;579;579;92;1090;0.01;0.01;Disabled;66.38;21.92;Yes;0;0;0;0;0;0
226352;No;579;579;92;1090;0.01;0.01;Disabled;66.38;21.92;Yes;0;0;0;0;0;0
226382;No;579;578;92;1089;0.01;0.01;Disabled;66.38;21.92;Yes;0;0;0;0;0;0
226414;No;579;578;92;1088;0.01;0.01;Disabled;66.38;21.92;Yes;0;0;0;0;0;0
226475;No;578;578;92;1088;0.01;0.01;Disabled;66.38;21.92;Yes;0;0;0;0;0;0
226505;No;578;578;92;1087;0.01;0.01;Disabled;66.38;21.92;Yes;0;0;0;0;0;0
226533;No;578;578;92;1086;0.01;0.01;Disabled;66.38;21.92;Yes;0;0;0;0;0;0
226564;No;578;578;91;1086;0.01;0.01;Disabled;66.38;21.92;Yes;0;0;0;0;0;0
226593;No;578;578;91;1085;0.01;0.01;Disabled;66.38;21.92;Yes;0;0;0;0;0;0
226624;No;578;578;91;1085;0.01;0.01;Disabled;66.38;21.92;Yes;0;0;0;0;0;0
226653;No;578;578;91;1084;0.01;0.01;Disabled;66.38;21.92;Yes;0;0;0;0;0;0
226682;No;578;578;91;1084;0.01;0.01;Disabled;66.38;21.92;Yes;0;0;0;0;0;0
226713;No;578;578;91;1083;0.01;0.01;Disabled;66.38;21.92;Yes;0;0;0;0;0;0
226773;No;578;578;91;1082;0.01;0.01;Disabled;66.38;21.92;Yes;0;0;0;0;0;0
226804;No;578;578;91;1082;0.01;0.01;Disabled;66.38;21.92;Yes;0;0;0;0;0;0
226832;No;578;578;91;1081;0.01;0.01;Disabled;66.38;21.92;Yes;0;0;0;0;0;0
226863;No;578;578;91;1080;0.01;0.01;Disabled;66.38;21.92;Yes;0;0;0;0;0;0
226894;No;577;578;91;1080;0.01;0.01;Disabled;66.38;21.92;Yes;0;0;0;0;0;0
226922;No;577;577;91;1080;0.01;0.01;Disabled;66.38;21.92;Yes;0;0;0;0;0;0
226953;No;577;577;91;1080;0.01;0.01;Disabled;66.38;21.92;Yes;0;0;0;0;0;0
226986;No;577;577;91;1080;0.01;0.01;Disabled;66.38;21.92;Yes;0;0;0;0;0;0
227013;No;577;577;91;1080;0.01;0.01;Disabled;66.38;21.92;Yes;0;0;0;0;0;0
227075;No;577;577;91;1080;0.01;0.01;Disabled;66.38;21.92;Yes;0;0;0;0;0;0
227105;No;577;577;91;1080;0.01;0.01;Disabled;66.38;21.92;Yes;0;0;0;0;0;0
227133;No;577;577;91;1080;0.01;0.01;Disabled;66.38;21.92;Yes;0;0;0;0;0;0
227164;No;577;577;91;1079;0.01;0.01;Disabled;66.38;21.92;Yes;0;0;0;0;0;0
227193;No;577;577;91;1079;0.01;0.01;Disabled;66.38;21.92;Yes;0;0;0;0;0;0
227226;No;577;577;91;1079;0.01;0.01;Disabled;66.38;21.92;Yes;0;0;0;0;0;0
227257;No;577;576;91;1079;0.01;0.01;Disabled;66.38;21.92;Yes;0;0;0;0;0;0
227283;No;577;576;91;1079;0.01;0.01;Disabled;66.38;21.92;Yes;0;0;0;0;0;0
227313;No;576;576;91;1079;0.01;0.01;Disabled;66.38;21.92;Yes;0;0;0;0;0;0
227375;No;576;576;91;1078;0.01;0.01;Disabled;66.38;21.92;Yes;0;0;0;0;0;0
227406;No;576;576;91;1078;0.01;0.01;Disabled;66.38;21.92;Yes;0;0;0;0;0;0
227434;No;576;576;91;1078;0.01;0.01;Disabled;66.38;21.92;Yes;0;0;0;0;0;0
227466;No;576;576;91;1080;0.01;0.01;Disabled;66.38;21.92;Yes;0;0;0;0;0;0
227494;No;576;576;91;1082;0.01;0.01;Disabled;66.38;21.92;Yes;0;0;0;0;0;0
227523;No;576;576;91;1084;0.01;0.01;Disabled;66.38;21.92;Yes;0;0;0;0;0;0
227553;No;576;576;91;1086;0.01;0.01;Disabled;66.38;21.92;Yes;0;0;0;0;0;0
227586;No;576;576;91;1088;0.01;0.01;Disabled;66.38;21.92;Yes;0;0;0;0;0;0
227613;No;576;576;91;1090;0.01;0.01;Disabled;66.38;21.92;Yes;0;0;0;0;0;0
227674;No;576;576;91;1092;0.01;0.01;Disabled;66.38;21.92;Yes;0;0;0;0;0;0
227707;No;576;576;91;1094;0.01;0.01;Disabled;66.38;21.92;Yes;0;0;0;0;0;0
227734;No;576;576;91;1096;0.01;0.01;Disabled;66.38;21.92;Yes;0;0;0;0;0;0
227763;No;575;576;91;1098;0.01;0.01;Disabled;66.38;21.92;Yes;0;0;0;0;0;0
227793;No;575;575;91;1100;0.01;0.01;Disabled;66.38;21.92;Yes;0;0;0;0;0;0
227824;No;575;575;91;1102;0.01;0.01;Disabled;66.38;21.92;Yes;0;0;0;0;0;0
227854;No;575;575;91;1105;0.01;0.01;Disabled;66.38;21.92;Yes;0;0;0;0;0;0
227882;No;575;575;91;1107;0.01;0.01;Disabled;66.38;21.92;Yes;0;0;0;0;0;0
227913;No;575;575;91;1109;0.01;0.01;Disabled;66.38;21.92;Yes;0;0;0;0;0;0
227975;No;575;575;91;1111;0.01;0.01;Disabled;66.38;21.92;Yes;0;0;0;0;0;0
228006;No;574;575;91;1113;0.02;0.01;Disabled;66.38;21.92;Yes;0;0;0;0;0;0
228034;No;574;574;91;1115;0.02;0.01;Disabled;66.38;21.92;Yes;0;0;0;0;0;0
228064;No;574;574;91;1118;0.02;0.01;Disabled;66.38;21.92;Yes;0;0;0;0;0;0
228094;No;574;574;91;1120;0.02;0.01;Disabled;66.38;21.92;Yes;0;0;0;0;0;0
228124;No;574;574;91;1122;0.02;0.01;Disabled;66.38;21.92;Yes;0;0;0;0;0;0
228154;No;573;574;91;1125;0.02;0.02;Disabled;66.38;21.92;Yes;0;0;0;0;0;0
228182;No;573;573;91;1127;0.02;0.02;Disabled;66.38;21.92;Yes;0;0;0;0;0;0
228214;No;573;573;91;1130;0.03;0.02;Disabled;66.38;21.92;Yes;0;0;0;0;0;0
228275;No;573;573;91;1132;0.03;0.02;Disabled;66.38;21.92;Yes;0;0;0;0;0;0
228304;No;572;573;91;1134;0.03;0.02;Disabled;66.38;21.92;Yes;0;0;0;0;0;0
228335;No;572;572;91;1136;0.03;0.02;Disabled;66.38;21.92;Yes;0;0;0;0;0;0
228366;No;572;572;91;1139;0.03;0.03;Disabled;66.38;21.92;Yes;0;0;0;0;0;0
228393;No;572;572;91;1141;0.03;0.03;Disabled;66.38;21.92;Yes;0;0;0;0;0;0
228423;No;571;572;91;1144;0.04;0.03;Disabled;66.38;21.92;Yes;0;0;0;0;0;0
228454;No;571;571;91;1146;0.04;0.03;Disabled;66.38;21.92;Yes;0;0;0;0;0;0
228483;No;571;571;91;1148;0.04;0.03;Disabled;66.38;21.92;Yes;0;0;0;0;0;0
228514;No;571;571;91;1151;0.04;0.04;Disabled;66.38;21.92;Yes;0;0;0;0;0;0
228605;No;571;571;91;1153;0.04;0.04;Disabled;66.38;21.92;Yes;0;0;0;0;0;0
228635;No;570;571;91;1148;0.04;0.04;Disabled;66.38;21.92;Yes;0;0;0;0;0;0
228663;No;570;570;91;1142;0.04;0.04;Disabled;66.38;21.92;Yes;0;0;0;0;0;0
228694;No;570;570;91;1136;0.04;0.04;Disabled;66.38;21.92;Yes;0;0;0;0;0;0
228726;No;570;570;91;1130;0.04;0.04;Disabled;66.38;21.92;Yes;0;0;0;0;0;0
228756;No;570;570;91;1124;0.04;0.04;Disabled;66.38;21.92;Yes;0;0;0;0;0;0
228784;No;570;570;91;1118;0.04;0.04;Disabled;66.38;21.92;Yes;0;0;0;0;0;0
228813;No;570;570;91;1113;0.04;0.04;Disabled;66.38;21.92;Yes;0;0;0;0;0;0
228876;No;569;570;91;1107;0.04;0.04;Disabled;66.38;21.92;Yes;0;0;0;0;0;0
228903;No;569;569;91;1101;0.04;0.04;Disabled;66.38;21.92;Yes;0;0;0;0;0;0
228934;No;569;569;91;1095;0.04;0.04;Disabled;66.38;21.92;Yes;0;0;0;0;0;0
228962;No;569;569;91;1090;0.04;0.04;Disabled;66.38;21.92;Yes;0;0;0;0;0;0
228992;No;569;569;91;1084;0.04;0.05;Disabled;66.38;21.92;Yes;0;0;0;0;0;0
229023;No;569;569;91;1078;0.04;0.05;Disabled;66.38;21.92;Yes;0;0;0;0;0;0
229054;No;568;569;91;1072;0.04;0.05;Disabled;66.38;21.92;Yes;0;0;0;0;0;0
229086;No;568;568;91;1066;0.04;0.05;Disabled;66.38;21.92;Yes;0;0;0;0;0;0
229113;No;568;568;91;1060;0.04;0.05;Disabled;66.38;21.92;Yes;0;0;0;0;0;0
229173;No;568;568;91;1055;0.04;0.05;Disabled;66.38;21.92;Yes;0;0;0;0;0;0
229204;No;568;568;91;1055;0.04;0.05;Disabled;66.38;21.92;Yes;0;0;0;0;0;0
229233;No;568;568;91;1056;0.04;0.05;Disabled;66.38;21.92;Yes;0;0;0;0;0;0
229262;No;568;568;91;1056;0.04;0.05;Disabled;66.38;21.92;Yes;0;0;0;0;0;0
229293;No;568;567;91;1056;0.04;0.05;Disabled;66.38;21.92;Yes;0;0;0;0;0;0
229323;No;567;567;91;1056;0.04;0.05;Disabled;66.38;21.92;Yes;0;0;0;0;0;0
229354;No;567;567;91;1057;0.04;0.05;Disabled;66.38;21.92;Yes;0;0;0;0;0;0
229383;No;567;567;91;1057;0.04;0.05;Disabled;66.38;21.92;Yes;0;0;0;0;0;0
229412;No;567;567;90;1058;0.04;0.05;Disabled;66.38;21.92;Yes;0;0;0;0;0;0
229476;No;567;567;90;1058;0.04;0.05;Disabled;66.38;21.92;Yes;0;0;0;0;0;0
229503;No;567;566;90;1058;0.04;0.05;Disabled;66.38;21.92;Yes;0;0;0;0;0;0
229533;No;567;566;90;1059;0.04;0.05;Disabled;66.38;21.92;Yes;0;0;0;0;0;0
229563;No;566;566;90;1059;0.04;0.05;Disabled;66.38;21.92;Yes;0;0;0;0;0;0
229596;No;566;566;90;1060;0.04;0.05;Disabled;66.38;21.92;Yes;0;0;0;0;0;0
229623;No;566;566;90;1060;0.04;0.05;Disabled;66.38;21.92;Yes;0;0;0;0;0;0
229654;No;566;566;90;1060;0.04;0.05;Disabled;66.38;21.92;Yes;0;0;0;0;0;0
229684;No;566;566;90;1061;0.04;0.05;Disabled;66.38;21.92;Yes;0;0;0;0;0;0
229712;No;566;566;90;1061;0.04;0.05;Disabled;66.38;21.92;Yes;0;0;0;0;0;0
229773;No;566;565;90;1059;0.04;0.05;Disabled;66.38;21.92;Yes;0;0;0;0;0;0
229816;No;566;565;90;1057;0.04;0.05;Disabled;66.38;21.92;Yes;0;0;0;0;0;0
229832;No;565;565;90;1055;0.05;0.05;Disabled;66.38;21.92;Yes;0;0;0;0;0;0
229866;No;565;565;90;1053;0.05;0.05;Disabled;66.38;21.92;Yes;0;0;0;0;0;0
229892;No;565;565;90;1051;0.05;0.05;Disabled;66.38;21.92;Yes;0;0;0;0;0;0
229924;No;565;565;90;1049;0.05;0.05;Disabled;66.38;21.92;Yes;0;0;0;0;0;0
229953;No;565;565;90;1047;0.05;0.05;Disabled;66.38;21.92;Yes;0;0;0;0;0;0
229984;No;565;564;90;1045;0.05;0.05;Disabled;66.38;21.92;Yes;0;0;0;0;0;0
230013;No;564;564;90;1043;0.05;0.06;Disabled;66.38;21.92;Yes;0;0;0;0;0;0
230075;No;564;564;90;1041;0.05;0.06;Disabled;66.38;21.92;Yes;0;0;0;0;0;0
230103;No;564;564;90;1039;0.05;0.06;Disabled;66.38;21.92;Yes;0;0;0;0;0;0
230133;No;564;564;90;1037;0.05;0.06;Disabled;66.38;21.92;Yes;0;0;0;0;0;0
230166;No;564;564;90;1036;0.05;0.06;Disabled;66.38;21.92;Yes;0;0;0;0;0;0
230193;No;564;564;90;1034;0.05;0.06;Disabled;66.38;21.92;Yes;0;0;0;0;0;0
230224;No;564;564;90;1032;0.05;0.06;Disabled;66.38;21.92;Yes;0;0;0;0;0;0
230255;No;563;564;90;1030;0.05;0.06;Disabled;66.38;21.92;Yes;0;0;0;0;0;0
230283;No;563;563;90;1028;0.05;0.06;Disabled;66.38;21.92;Yes;0;0;0;0;0;0
230313;No;563;563;90;1025;0.05;0.06;Disabled;66.38;21.92;Yes;0;0;0;0;0;0
230375;No;563;563;90;1022;0.05;0.06;Disabled;66.38;21.92;Yes;0;0;0;0;0;0
230405;No;563;563;90;1020;0.05;0.07;Disabled;66.38;21.92;Yes;0;0;0;0;0;0
230433;No;563;563;90;1018;0.05;0.07;Disabled;66.38;21.92;Yes;0;0;0;0;0;0
230466;No;563;563;90;1015;0.05;0.07;Disabled;66.38;21.92;Yes;0;0;0;0;0;0
230493;No;563;563;90;1012;0.05;0.07;Disabled;66.38;21.92;Yes;0;0;0;0;0;0
230523;No;563;563;90;1010;0.05;0.07;Disabled;66.38;21.92;Yes;0;0;0;0;0;0
230552;No;562;563;90;1007;0.06;0.07;Disabled;66.38;21.92;Yes;0;0;0;0;0;0
230583;No;562;562;90;1005;0.06;0.07;Disabled;66.38;21.92;Yes;0;0;0;0;0;0
230612;No;562;562;90;1002;0.06;0.07;Disabled;66.38;21.92;Yes;0;0;0;0;0;0
230674;No;562;562;90;1000;0.06;0.07;Disabled;66.38;21.92;Yes;0;0;0;0;0;0
230705;No;562;562;90;997;0.06;0.07;Disabled;66.38;21.92;Yes;0;0;0;0;0;0
230733;No;562;562;90;994;0.06;0.07;Disabled;66.38;21.92;Yes;0;0;0;0;0;0
230766;No;562;562;90;992;0.06;0.07;Disabled;66.38;21.92;Yes;0;0;0;0;0;0
230793;No;562;562;90;990;0.06;0.07;Disabled;66.38;21.92;Yes;0;0;0;0;0;0
230824;No;562;562;90;987;0.06;0.07;Disabled;66.38;21.92;Yes;0;0;0;0;0;0
230854;No;562;562;90;984;0.06;0.07;Disabled;66.38;21.92;Yes;0;0;0;0;0;0
230886;No;562;562;90;982;0.06;0.07;Disabled;66.38;21.92;Yes;0;0;0;0;0;0
230915;No;561;562;90;979;0.07;0.07;Disabled;66.38;21.92;Yes;0;0;0;0;0;0
230977;No;561;561;90;976;0.07;0.08;Disabled;66.38;21.92;Yes;0;0;0;0;0;0
231005;No;561;561;90;974;0.07;0.08;Disabled;66.38;21.92;Yes;0;0;0;0;0;0
231033;No;561;561;90;970;0.07;0.08;Disabled;66.38;21.92;Yes;0;0;0;0;0;0
231066;No;561;561;90;968;0.07;0.08;Disabled;66.38;21.92;Yes;0;0;0;0;0;0
231100;No;561;561;90;965;0.07;0.08;Disabled;66.38;21.92;Yes;0;0;0;0;0;0
231124;No;561;561;90;962;0.07;0.08;Disabled;66.38;21.92;Yes;0;0;0;0;0;0
231154;No;561;561;90;960;0.07;0.08;Disabled;66.38;21.92;Yes;0;0;0;0;0;0
231183;No;561;561;90;957;0.07;0.08;Disabled;66.38;21.92;Yes;0;0;0;0;0;0
231212;No;561;561;90;954;0.07;0.08;Disabled;66.38;21.92;Yes;0;0;0;0;0;0
231273;No;560;561;90;951;0.07;0.08;Disabled;66.38;21.92;Yes;0;0;0;0;0;0
231303;No;560;560;90;948;0.07;0.08;Disabled;66.38;21.92;Yes;0;0;0;0;0;0
231334;No;560;560;90;946;0.07;0.08;Disabled;66.38;21.92;Yes;0;0;0;0;0;0
231365;No;560;560;90;943;0.07;0.08;Disabled;66.38;21.92;Yes;0;0;0;0;0;0
231393;No;560;560;90;940;0.07;0.08;Disabled;66.38;21.92;Yes;0;0;0;0;0;0
231426;No;560;560;90;937;0.07;0.08;Disabled;66.38;21.92;Yes;0;0;0;0;0;0
231453;No;560;560;90;932;0.07;0.08;Disabled;66.38;21.92;Yes;0;0;0;0;0;0
231486;No;560;560;90;926;0.08;0.08;Disabled;66.38;21.92;Yes;0;0;0;0;0;0
231512;No;560;560;90;921;0.08;0.08;Disabled;66.38;21.92;Yes;0;0;0;0;0;0
231576;No;560;560;90;916;0.08;0.08;Disabled;66.38;21.92;Yes;0;0;0;0;0;0
231607;No;560;560;90;910;0.08;0.08;Disabled;66.38;21.92;Yes;0;0;0;0;0;0
231634;No;560;560;90;905;0.08;0.08;Disabled;66.38;21.92;Yes;0;0;0;0;0;0
231665;No;560;560;90;900;0.08;0.08;Disabled;66.38;21.92;Yes;0;0;0;0;0;0
231693;No;560;560;90;894;0.08;0.09;Disabled;66.38;21.92;Yes;0;0;0;0;0;0
231724;No;560;560;90;889;0.08;0.09;Disabled;66.38;21.92;Yes;0;0;0;0;0;0
231753;No;560;560;90;884;0.08;0.09;Disabled;66.38;21.92;Yes;0;0;0;0;0;0
231784;No;560;560;90;878;0.08;0.09;Disabled;66.38;21.92;Yes;0;0;0;0;0;0
231813;No;559;559;90;873;0.08;0.09;Disabled;66.38;21.92;Yes;0;0;0;0;0;0
231876;No;559;559;90;868;0.08;0.09;Disabled;66.38;21.92;Yes;0;0;0;0;0;0
231903;No;559;559;90;862;0.08;0.09;Disabled;66.38;21.92;Yes;0;0;0;0;0;0
231933;No;559;559;90;857;0.08;0.09;Disabled;66.38;21.92;Yes;0;0;0;0;0;0
231966;No;559;559;90;851;0.08;0.09;Disabled;66.38;21.92;Yes;0;0;0;0;0;0
231993;No;559;559;90;846;0.08;0.09;Disabled;66.38;21.92;Yes;0;0;0;0;0;0
232023;No;559;559;90;850;0.08;0.09;Disabled;66.38;21.92;Yes;0;0;0;0;0;0
232054;No;559;559;90;855;0.08;0.09;Disabled;66.38;21.92;Yes;0;0;0;0;0;0
232086;No;559;559;90;860;0.08;0.09;Disabled;66.38;21.92;Yes;0;0;0;0;0;0
232114;No;559;559;90;864;0.08;0.09;Disabled;66.38;21.92;Yes;0;0;0;0;0;0
232174;No;559;559;90;868;0.08;0.09;Disabled;66.38;21.92;Yes;0;0;0;0;0;0
232206;No;559;559;90;873;0.08;0.09;Disabled;66.38;21.92;Yes;0;0;0;0;0;0
232233;No;559;559;90;878;0.09;0.09;Disabled;66.38;21.92;Yes;0;0;0;0;0;0
232266;No;559;558;90;882;0.09;0.09;Disabled;66.38;21.92;Yes;0;0;0;0;0;0
232293;No;558;558;90;886;0.09;0.09;Disabled;66.38;21.92;Yes;0;0;0;0;0;0
232326;No;558;558;90;891;0.09;0.09;Disabled;66.38;21.92;Yes;0;0;0;0;0;0
232353;No;558;558;90;896;0.09;0.09;Disabled;66.38;21.92;Yes;0;0;0;0;0;0
232411;No;558;558;90;900;0.09;0.09;Disabled;66.38;21.92;Yes;0;0;0;0;0;0
232473;No;558;558;90;904;0.09;0.09;Disabled;66.38;21.92;Yes;0;0;0;0;0;0
232504;No;558;558;90;909;0.09;0.10;Disabled;66.38;21.92;Yes;0;0;0;0;0;0
232534;No;558;558;90;914;0.09;0.10;Disabled;66.38;21.92;Yes;0;0;0;0;0;0
232565;No;558;558;90;918;0.09;0.10;Disabled;66.38;21.92;Yes;0;0;0;0;0;0
232593;No;558;558;90;922;0.09;0.10;Disabled;66.38;21.92;Yes;0;0;0;0;0;0
232625;No;558;558;90;920;0.09;0.10;Disabled;66.38;21.92;Yes;0;0;0;0;0;0
232655;No;558;558;90;918;0.09;0.10;Disabled;66.38;21.92;Yes;0;0;0;0;0;0
232684;No;558;558;90;917;0.09;0.10;Disabled;66.38;21.92;Yes;0;0;0;0;0;0
232716;No;558;558;90;915;0.09;0.10;Disabled;66.38;21.92;Yes;0;0;0;0;0;0
232775;No;558;558;90;913;0.09;0.10;Disabled;66.38;21.92;Yes;0;0;0;0;0;0
232803;No;558;558;90;911;0.09;0.10;Disabled;66.38;21.92;Yes;0;0;0;0;0;0
232833;No;558;558;90;909;0.09;0.10;Disabled;66.38;21.92;Yes;0;0;0;0;0;0
232864;No;558;558;90;907;0.09;0.10;Disabled;66.38;21.92;Yes;0;0;0;0;0;0
232895;No;558;558;90;905;0.09;0.10;Disabled;66.38;21.92;Yes;0;0;0;0;0;0
232924;No;557;557;90;903;0.09;0.10;Disabled;66.38;21.92;Yes;0;0;0;0;0;0
232953;No;557;557;90;901;0.09;0.10;Disabled;66.38;21.92;Yes;0;0;0;0;0;0
232984;No;557;557;90;899;0.09;0.10;Disabled;66.38;21.92;Yes;0;0;0;0;0;0
233014;No;557;557;90;897;0.09;0.10;Disabled;66.38;21.92;Yes;0;0;0;0;0;0
233081;No;557;557;90;895;0.09;0.11;Disabled;66.38;21.92;Yes;0;0;0;0;0;0
233104;No;557;557;90;894;0.09;0.11;Disabled;66.38;21.92;Yes;0;0;0;0;0;0
233135;No;557;557;90;892;0.09;0.11;Disabled;66.38;21.92;Yes;0;0;0;0;0;0
233166;No;557;557;90;890;0.09;0.11;Disabled;66.38;21.92;Yes;0;0;0;0;0;0
233194;No;557;557;90;887;0.09;0.11;Disabled;66.38;21.92;Yes;0;0;0;0;0;0
233224;No;557;557;90;884;0.09;0.11;Disabled;66.38;21.92;Yes;0;0;0;0;0;0
233254;No;557;557;90;882;0.09;0.11;Disabled;66.38;21.92;Yes;0;0;0;0;0;0
233285;No;557;557;90;879;0.10;0.11;Disabled;66.38;21.92;Yes;0;0;0;0;0;0
233315;No;557;557;90;877;0.10;0.11;Disabled;66.38;21.92;Yes;0;0;0;0;0;0
233376;No;557;557;90;874;0.10;0.11;Disabled;66.38;21.92;Yes;0;0;0;0;0;0
233404;No;557;557;90;872;0.10;0.11;Disabled;66.38;21.92;Yes;0;0;0;0;0;0
233434;No;557;556;90;869;0.10;0.11;Disabled;66.38;21.92;Yes;0;0;0;0;0;0
233464;No;556;556;90;866;0.10;0.11;Disabled;66.38;21.92;Yes;0;0;0;0;0;0
233493;No;556;556;90;864;0.10;0.11;Disabled;66.38;21.92;Yes;0;0;0;0;0;0
233523;No;556;556;90;862;0.10;0.11;Disabled;66.38;21.92;Yes;0;0;0;0;0;0
233553;No;556;556;90;859;0.10;0.11;Disabled;66.38;21.92;Yes;0;0;0;0;0;0
233583;No;556;556;90;856;0.10;0.11;Disabled;66.38;21.92;Yes;0;0;0;0;0;0
233615;No;556;556;90;854;0.10;0.12;Disabled;66.38;21.92;Yes;0;0;0;0;0;0
233696;No;556;556;90;851;0.10;0.12;Disabled;66.38;21.92;Yes;0;0;0;0;0;0
233732;No;556;556;90;849;0.10;0.12;Disabled;66.38;21.92;Yes;0;0;0;0;0;0
233763;No;556;556;90;846;0.10;0.12;Disabled;66.38;21.92;Yes;0;0;0;0;0;0
233795;No;556;556;90;848;0.10;0.12;Disabled;66.38;21.92;Yes;0;0;0;0;0;0
233825;No;556;556;90;851;0.10;0.12;Disabled;66.38;21.92;Yes;0;0;0;0;0;0
233856;No;556;556;90;853;0.10;0.12;Disabled;66.38;21.92;Yes;0;0;0;0;0;0
233883;No;556;556;90;856;0.10;0.12;Disabled;66.38;21.92;Yes;0;0;0;0;0;0
233914;No;556;556;90;858;0.10;0.12;Disabled;66.38;21.92;Yes;0;0;0;0;0;0
233975;No;556;556;90;860;0.10;0.12;Disabled;66.38;21.92;Yes;0;0;0;0;0;0
234005;No;556;555;90;862;0.10;0.12;Disabled;66.38;21.92;Yes;0;0;0;0;0;0
234034;No;556;555;90;865;0.10;0.12;Disabled;66.38;21.92;Yes;0;0;0;0;0;0
234065;No;555;555;90;867;0.10;0.12;Disabled;66.38;21.92;Yes;0;0;0;0;0;0
234095;No;555;555;90;870;0.10;0.12;Disabled;66.38;21.92;Yes;0;0;0;0;0;0
234123;No;555;555;90;872;0.10;0.12;Disabled;66.38;21.92;Yes;0;0;0;0;0;0
234154;No;555;555;90;874;0.10;0.12;Disabled;66.38;21.92;Yes;0;0;0;0;0;0
234184;No;555;555;90;877;0.10;0.12;Disabled;66.38;21.92;Yes;0;0;0;0;0;0
234215;No;555;555;90;879;0.10;0.12;Disabled;66.38;21.92;Yes;0;0;0;0;0;0
234275;No;555;555;90;881;0.10;0.12;Disabled;66.38;21.92;Yes;0;0;0;0;0;0
234305;No;555;555;90;884;0.10;0.12;Disabled;66.38;21.92;Yes;0;0;0;0;0;0
234335;No;555;555;90;886;0.10;0.12;Disabled;66.38;21.92;Yes;0;0;0;0;0;0
234365;No;555;555;90;889;0.10;0.12;Disabled;66.38;21.92;Yes;0;0;0;0;0;0
234395;No;555;554;90;892;0.10;0.12;Disabled;66.38;21.92;Yes;0;0;0;0;0;0
234424;No;554;554;90;896;0.10;0.12;Disabled;66.38;21.92;Yes;0;0;0;0;0;0
234455;No;554;554;90;898;0.11;0.12;Disabled;66.38;21.92;Yes;0;0;0;0;0;0
234485;No;554;554;90;902;0.11;0.12;Disabled;66.38;21.92;Yes;0;0;0;0;0;0
234514;No;554;554;90;905;0.11;0.12;Disabled;66.38;21.92;Yes;0;0;0;0;0;0
234574;No;554;554;90;908;0.11;0.13;Disabled;66.38;21.92;Yes;0;0;0;0;0;0
234604;No;554;554;89;911;0.11;0.13;Disabled;66.38;21.92;Yes;0;0;0;0;0;0
234634;No;554;554;89;914;0.11;0.13;Disabled;66.38;21.92;Yes;0;0;0;0;0;0
234665;No;554;554;89;918;0.11;0.13;Disabled;66.38;21.92;Yes;0;0;0;0;0;0
234697;No;554;554;89;920;0.11;0.13;Disabled;66.38;21.92;Yes;0;0;0;0;0;0
234724;No;554;554;89;924;0.11;0.13;Disabled;66.38;21.92;Yes;0;0;0;0;0;0
234754;No;554;554;89;927;0.11;0.13;Disabled;66.38;21.92;Yes;0;0;0;0;0;0
234785;No;553;554;89;930;0.11;0.13;Disabled;66.38;21.92;Yes;0;0;0;0;0;0
234815;No;553;553;89;933;0.11;0.13;Disabled;66.38;21.92;Yes;0;0;0;0;0;0
234875;No;553;553;89;936;0.11;0.13;Disabled;66.38;21.92;Yes;0;0;0;0;0;0
234906;No;553;553;89;940;0.11;0.13;Disabled;66.38;21.92;Yes;0;0;0;0;0;0
234939;No;553;553;89;935;0.11;0.13;Disabled;66.38;21.92;Yes;0;0;0;0;0;0
234965;No;553;553;89;930;0.11;0.13;Disabled;66.38;21.92;Yes;0;0;0;0;0;0
234997;No;553;553;89;926;0.11;0.13;Disabled;66.38;21.92;Yes;0;0;0;0;0;0
235023;No;553;553;89;921;0.11;0.13;Disabled;66.38;21.92;Yes;0;0;0;0;0;0
235054;No;553;553;89;917;0.11;0.14;Disabled;66.38;21.92;Yes;0;0;0;0;0;0
235087;No;553;553;89;912;0.11;0.14;Disabled;66.38;21.92;Yes;0;0;0;0;0;0
235114;No;552;553;89;908;0.12;0.14;Disabled;66.38;21.92;Yes;0;0;0;0;0;0
235175;No;552;552;89;903;0.12;0.14;Disabled;66.38;21.92;Yes;0;0;0;0;0;0
235204;No;552;552;89;898;0.12;0.14;Disabled;66.38;21.92;Yes;0;0;0;0;0;0
235235;No;552;552;89;894;0.12;0.14;Disabled;66.38;21.92;Yes;0;0;0;0;0;0
235263;No;552;552;89;890;0.12;0.14;Disabled;66.38;21.92;Yes;0;0;0;0;0;0
235295;No;552;552;89;885;0.12;0.14;Disabled;66.38;21.92;Yes;0;0;0;0;0;0
235322;No;552;552;89;880;0.12;0.14;Disabled;66.38;21.92;Yes;0;0;0;0;0;0
235353;No;552;552;89;876;0.12;0.14;Disabled;66.38;21.92;Yes;0;0;0;0;0;0
235383;No;552;552;89;871;0.12;0.14;Disabled;66.38;21.92;Yes;0;0;0;0;0;0
235414;No;552;552;89;867;0.12;0.14;Disabled;66.38;21.92;Yes;0;0;0;0;0;0
235475;No;552;552;89;862;0.12;0.15;Disabled;66.38;21.92;Yes;0;0;0;0;0;0
235504;No;552;552;89;873;0.12;0.15;Disabled;66.38;21.92;Yes;0;0;0;0;0;0
235536;No;551;551;89;884;0.12;0.15;Disabled;66.38;21.92;Yes;0;0;0;0;0;0
235564;No;551;551;89;895;0.12;0.15;Disabled;66.38;21.92;Yes;0;0;0;0;0;0
235595;No;551;551;89;906;0.12;0.15;Disabled;66.38;21.92;Yes;0;0;0;0;0;0
235623;No;551;551;89;917;0.12;0.15;Disabled;66.38;21.92;Yes;0;0;0;0;0;0
235653;No;551;551;89;928;0.12;0.16;Disabled;66.38;21.92;Yes;0;0;0;0;0;0
235684;No;551;551;89;939;0.12;0.16;Disabled;66.38;21.92;Yes;0;0;0;0;0;0
235714;No;551;551;89;950;0.12;0.16;Disabled;66.38;21.92;Yes;0;0;0;0;0;0
235775;No;551;551;89;960;0.12;0.16;Disabled;66.38;21.92;Yes;0;0;0;0;0;0
235805;No;551;551;89;971;0.12;0.16;Disabled;66.38;21.92;Yes;0;0;0;0;0;0
235835;No;551;550;89;982;0.12;0.17;Disabled;66.38;21.92;Yes;0;0;0;0;0;0
235865;No;551;550;89;993;0.12;0.17;Disabled;66.38;21.92;Yes;0;0;0;0;0;0
235894;No;551;550;89;1004;0.12;0.17;Disabled;66.38;21.92;Yes;0;0;0;0;0;0
235924;No;550;550;89;1015;0.12;0.17;Disabled;66.38;21.92;Yes;0;0;0;0;0;0
235954;No;550;550;89;1026;0.12;0.17;Disabled;66.38;21.92;Yes;0;0;0;0;0;0
235984;No;550;550;89;1037;0.12;0.18;Disabled;66.38;21.92;Yes;0;0;0;0;0;0
236015;No;550;550;89;1048;0.12;0.18;Disabled;66.38;21.92;Yes;0;0;0;0;0;0
236074;No;550;550;89;1073;0.12;0.18;Disabled;66.38;21.92;Yes;0;0;0;0;0;0
236105;No;550;550;89;1098;0.15;0.18;Disabled;66.38;21.92;Yes;0;0;0;0;0;0
236137;No;550;550;89;1124;0.19;0.22;Disabled;66.38;21.92;Yes;0;0;0;0;0;0
236164;No;550;550;89;1149;0.22;0.25;Disabled;66.38;21.92;Yes;0;0;0;0;0;0
236194;No;550;549;89;1174;0.25;0.29;Disabled;66.38;21.92;Yes;0;0;0;0;0;0
236253;No;549;549;89;1200;0.28;0.33;Disabled;66.38;21.92;Yes;0;0;0;0;0;0
236284;No;549;549;89;1225;0.31;0.36;Disabled;66.38;21.92;Yes;0;0;0;0;0;0
236314;No;549;549;89;1250;0.34;0.40;Disabled;66.38;21.92;Yes;0;0;0;0;0;0
236377;No;549;549;89;1276;0.37;0.43;Disabled;66.38;21.92;Yes;0;0;0;0;0;0
236405;No;549;549;89;1301;0.41;0.47;Disabled;66.38;21.92;Yes;0;0;0;0;0;0
236434;No;549;549;89;1326;0.44;0.50;Disabled;66.38;21.92;Yes;0;0;0;0;0;0
236465;No;549;549;89;1351;0.47;0.54;Disabled;66.38;21.92;Yes;0;0;0;0;0;0
236494;No;549;548;89;1376;0.50;0.58;Disabled;66.38;21.92;Yes;0;0;0;0;0;0
236525;No;548;548;89;1402;0.53;0.61;Disabled;66.38;21.92;Yes;0;0;0;0;0;0
236554;No;548;548;89;1427;0.56;0.65;Disabled;66.38;21.92;Yes;0;0;0;0;0;0
236584;No;548;548;89;1452;0.59;0.68;Disabled;66.38;21.92;Yes;0;0;0;0;0;0
236613;No;548;548;89;1478;0.62;0.72;Disabled;66.38;21.92;Yes;0;0;0;0;0;0
236676;No;548;548;89;1482;0.66;0.76;Disabled;66.38;21.92;Yes;0;0;0;0;0;0
236704;No;548;548;89;1486;0.66;0.79;Disabled;66.38;21.92;Yes;0;0;0;0;0;0
236735;No;548;548;89;1490;0.66;0.79;Enabled;66.38;21.92;Yes;0;0;0;0;0;0
236765;No;548;548;89;1494;0.66;0.79;Enabled;66.38;21.92;Yes;0;0;0;0;0;0
236794;No;548;548;89;1498;0.66;0.79;Enabled;66.38;21.92;Yes;0;0;0;0;0;0
236825;No;548;548;89;1502;0.66;0.79;Enabled;66.38;21.92;Yes;0;0;0;0;0;0
236853;No;548;548;89;1506;0.67;0.79;Enabled;66.38;21.92;Yes;0;0;0;0;0;0
236883;No;548;548;89;1510;0.67;0.79;Enabled;66.38;21.92;Yes;0;0;0;0;0;0
236914;No;548;548;89;1514;0.67;0.79;Enabled;66.38;21.92;Yes;0;0;0;0;0;0
236974;No;548;548;89;1519;0.67;0.79;Enabled;66.38;21.92;Yes;0;0;0;0;0;0
237004;No;548;548;89;1523;0.67;0.78;Enabled;66.38;21.92;Yes;0;0;0;0;0;0
237035;No;548;548;89;1527;0.67;0.78;Enabled;66.38;21.92;Yes;0;0;0;0;0;0
237063;No;548;548;89;1531;0.68;0.78;Enabled;66.38;21.92;Yes;0;0;0;0;0;0
237094;No;547;548;89;1535;0.68;0.78;Enabled;66.38;21.92;Yes;0;0;0;0;0;0
237125;No;547;547;89;1539;0.68;0.78;Enabled;66.38;21.92;Yes;0;0;0;0;0;0
237153;No;547;547;89;1543;0.68;0.78;Enabled;66.38;21.92;Yes;0;0;0;0;0;0
237183;No;547;547;89;1547;0.68;0.78;Enabled;66.38;21.92;Yes;0;0;0;0;0;0
237214;No;547;547;89;1545;0.68;0.78;Enabled;66.38;21.92;Yes;0;0;0;0;0;0
237275;No;547;547;89;1542;0.69;0.78;Enabled;66.38;21.92;Yes;0;0;0;0;0;0
237304;No;547;547;89;1540;0.69;0.78;Enabled;66.38;21.92;Yes;0;0;0;0;0;0
237334;No;547;547;89;1537;0.70;0.78;Enabled;66.38;21.92;Yes;0;0;0;0;0;0
237365;No;547;547;89;1535;0.70;0.78;Enabled;66.38;21.92;Yes;0;0;0;0;0;0
237393;No;547;547;89;1532;0.71;0.78;Enabled;66.38;21.92;Yes;0;0;0;0;0;0
237426;No;547;547;89;1530;0.71;0.78;Enabled;66.38;21.92;Yes;0;0;0;0;0;0
237453;No;547;547;89;1527;0.71;0.79;Enabled;66.38;21.92;Yes;0;0;0;0;0;0
237499;No;547;547;89;1525;0.72;0.79;Enabled;66.38;21.92;Yes;0;0;0;0;0;0
237513;No;547;547;89;1522;0.72;0.79;Enabled;66.38;21.92;Yes;0;0;0;0;0;0
237575;No;547;547;89;1520;0.72;0.79;Enabled;66.38;21.92;Yes;0;0;0;0;0;0
237604;No;547;547;89;1518;0.73;0.79;Enabled;66.38;21.92;Yes;0;0;0;0;0;0
237634;No;547;547;89;1515;0.73;0.79;Enabled;66.38;21.92;Yes;0;0;0;0;0;0
237665;No;547;547;89;1512;0.74;0.79;Enabled;66.38;21.92;Yes;0;0;0;0;0;0
237695;No;547;547;89;1510;0.74;0.80;Enabled;66.38;21.92;Yes;0;0;0;0;0;0
237723;No;547;547;89;1508;0.75;0.80;Enabled;66.38;21.92;Yes;0;0;0;0;0;0
237756;No;547;547;89;1505;0.75;0.80;Enabled;66.38;21.92;Yes;0;0;0;0;0;0
237784;No;547;547;89;1515;0.75;0.80;Enabled;66.38;21.92;Yes;0;0;0;0;0;0
237816;No;547;547;89;1525;0.75;0.80;Enabled;66.38;21.92;Yes;0;0;0;0;0;0
237876;No;547;547;89;1536;0.76;0.80;Enabled;66.38;21.92;Yes;0;0;0;0;0;0
237904;No;546;547;89;1546;0.76;0.80;Enabled;66.38;21.92;Yes;0;0;0;0;0;0
237934;No;546;546;89;1556;0.76;0.80;Enabled;66.38;21.92;Yes;0;0;0;0;0;0
237965;No;546;546;89;1566;0.76;0.80;Enabled;66.38;21.92;Yes;0;0;0;0;0;0
237993;No;546;546;89;1576;0.77;0.80;Enabled;66.38;21.92;Yes;0;0;0;0;0;0
238024;No;546;546;89;1586;0.77;0.80;Enabled;66.38;21.92;Yes;0;0;0;0;0;0
238053;No;546;546;89;1596;0.77;0.80;Enabled;66.38;21.92;Yes;0;0;0;0;0;0
238084;No;546;546;89;1606;0.77;0.80;Enabled;66.38;21.92;Yes;0;0;0;0;0;0
238114;No;546;546;89;1616;0.78;0.80;Enabled;66.38;21.92;Yes;0;0;0;0;0;0
238175;No;546;546;89;1627;0.78;0.80;Enabled;66.38;21.92;Yes;0;0;0;0;0;0
238204;No;546;546;89;1637;0.78;0.80;Enabled;66.38;21.92;Yes;0;0;0;0;0;0
238235;No;546;546;89;1647;0.78;0.80;Enabled;66.38;21.92;Yes;0;0;0;0;0;0
238266;No;546;546;89;1657;0.79;0.80;Enabled;66.38;21.92;Yes;0;0;0;0;0;0
238295;No;546;546;89;1667;0.79;0.80;Enabled;66.38;21.92;Yes;0;0;0;0;0;0
238324;No;546;546;89;1678;0.79;0.80;Enabled;66.38;21.92;Yes;0;0;0;0;0;0
238355;No;546;546;89;1686;0.79;0.80;Enabled;66.38;21.92;Yes;0;0;0;0;0;0
238383;No;546;546;89;1694;0.78;0.80;Enabled;66.38;21.92;Yes;0;0;0;0;0;0
238414;No;546;546;89;1702;0.77;0.80;Enabled;66.38;21.92;Yes;0;0;0;0;0;0
238475;No;546;546;89;1710;0.76;0.79;Enabled;66.38;21.92;Yes;0;0;0;0;0;0
238504;No;546;546;89;1718;0.75;0.79;Enabled;66.38;21.92;Yes;0;0;0;0;0;0
238535;No;546;546;89;1726;0.74;0.78;Enabled;66.38;21.92;Yes;0;0;0;0;0;0
238565;No;546;546;89;1734;0.73;0.78;Enabled;66.38;21.92;Yes;0;0;0;0;0;0
238595;No;546;546;88;1742;0.72;0.77;Enabled;66.38;21.92;Yes;0;0;0;0;0;0
238623;No;546;546;88;1750;0.71;0.77;Enabled;66.38;21.92;Yes;0;0;0;0;0;0
238655;No;546;546;88;1758;0.70;0.76;Enabled;66.38;21.92;Yes;0;0;0;0;0;0
238685;No;546;546;88;1766;0.69;0.76;Enabled;66.38;21.92;Yes;0;0;0;0;0;0
238714;No;546;546;88;1774;0.68;0.75;Enabled;66.38;21.92;Yes;0;0;0;0;0;0
238796;No;546;546;88;1782;0.67;0.75;Enabled;66.38;21.92;Yes;0;0;0;0;0;0
238833;No;546;546;88;1790;0.66;0.74;Enabled;66.38;21.92;Yes;0;0;0;0;0;0
238864;No;546;546;88;1798;0.65;0.74;Enabled;66.38;21.92;Yes;0;0;0;0;0;0
238896;No;547;546;88;1806;0.64;0.73;Enabled;66.38;21.92;Yes;0;0;0;0;0;0
238923;No;547;547;88;1814;0.63;0.73;Enabled;66.38;21.92;Yes;0;0;0;0;0;0
238955;No;547;547;88;1825;0.62;0.72;Enabled;66.38;21.92;Yes;0;0;0;0;0;0
238985;No;547;547;88;1837;0.59;0.72;Enabled;66.38;21.92;Yes;0;0;0;0;0;0
239013;No;547;547;88;1848;0.57;0.71;Enabled;66.38;21.92;Yes;0;0;0;0;0;0
239075;No;547;547;88;1860;0.54;0.70;Enabled;66.38;21.92;Yes;0;0;0;0;0;0
239106;No;547;547;88;1872;0.52;0.70;Enabled;66.38;21.92;Yes;0;0;0;0;0;0
239134;No;547;547;88;1883;0.49;0.69;Enabled;66.38;21.92;Yes;0;0;0;0;0;0
239164;No;547;548;88;1895;0.46;0.68;Enabled;66.38;21.92;Yes;0;0;0;0;0;0
239194;No;547;548;88;1906;0.44;0.67;Enabled;66.38;21.92;Yes;0;0;0;0;0;0
239225;No;548;548;88;1918;0.41;0.66;Enabled;66.38;21.92;Yes;0;0;0;0;0;0
239252;No;548;548;88;1930;0.38;0.66;Enabled;66.38;21.92;Yes;0;0;0;0;0;0
239283;No;548;548;88;1941;0.36;0.65;Enabled;66.38;21.92;Yes;0;0;0;0;0;0
239314;No;548;548;88;1953;0.33;0.64;Enabled;66.38;21.92;Yes;0;0;0;0;0;0
239375;No;548;548;88;1964;0.30;0.63;Enabled;66.38;21.92;Yes;0;0;0;0;0;0
239405;No;548;548;88;1976;0.28;0.63;Enabled;66.38;21.92;Yes;0;0;0;0;0;0
239435;No;548;549;88;1988;0.25;0.62;Enabled;66.38;21.92;Yes;0;0;0;0;0;0
239467;No;548;549;88;1999;0.22;0.61;Enabled;66.38;21.92;Yes;0;0;0;0;0;0
239494;No;549;549;88;2011;0.20;0.60;Enabled;66.38;21.92;Yes;0;0;0;0;0;0
239524;No;549;549;88;2026;0.17;0.59;Enabled;66.38;21.92;Yes;0;0;0;0;0;0
239554;No;550;550;88;2040;0.18;0.59;Enabled;66.38;21.92;Yes;0;0;0;0;0;0
239584;No;550;550;88;2055;0.19;0.60;Enabled;66.38;21.92;Yes;0;0;0;0;0;0
239615;No;550;550;88;2070;0.21;0.61;Enabled;66.38;21.92;Yes;0;0;0;0;0;0
239675;No;550;550;88;2085;0.22;0.62;Enabled;66.38;21.92;Yes;0;0;0;0;0;0
239708;No;551;551;88;2100;0.23;0.62;Enabled;66.38;21.92;Yes;0;0;0;0;0;0
239735;No;551;551;88;2114;0.24;0.63;Enabled;66.38;21.92;Yes;0;0;0;0;0;0
239763;No;551;551;88;2129;0.25;0.64;Enabled;66.38;21.92;Yes;0;0;0;0;0;0
239795;No;552;552;88;2144;0.26;0.65;Enabled;66.38;21.92;Yes;0;0;0;0;0;0
239827;No;552;552;88;2159;0.27;0.66;Enabled;66.38;21.92;Yes;0;0;0;0;0;0
239854;No;552;552;88;2174;0.28;0.67;Enabled;66.38;21.92;Yes;0;0;0;0;0;0
239885;No;553;552;88;2189;0.29;0.68;Enabled;66.38;21.92;Yes;0;0;0;0;0;0
239915;No;553;553;88;2204;0.31;0.69;Enabled;66.38;21.92;Yes;0;0;0;0;0;0
239975;No;553;553;88;2218;0.32;0.70;Enabled;66.38;21.92;Yes;0;0;0;0;0;0
240004;No;554;553;88;2233;0.33;0.71;Enabled;66.38;21.92;Yes;0;0;0;0;0;0
240034;No;554;554;88;2248;0.34;0.72;Enabled;66.38;21.92;Yes;0;0;0;0;0;0
240092;No;554;554;88;2263;0.35;0.73;Enabled;66.38;21.92;Yes;0;0;0;0;0;0
240124;No;555;554;88;2266;0.36;0.74;Enabled;66.38;21.92;Yes;0;0;0;0;0;0
240155;No;555;555;88;2269;0.38;0.75;Enabled;66.38;21.92;Yes;0;0;0;0;0;0
240184;No;556;555;88;2272;0.40;0.75;Enabled;66.38;21.92;Yes;0;0;0;0;0;0
240214;No;556;556;88;2275;0.42;0.76;Enabled;66.38;21.92;Yes;0;0;0;0;0;0
240275;No;556;556;88;2278;0.44;0.76;Enabled;66.38;21.92;Yes;0;0;0;0;0;0
240306;No;557;556;88;2281;0.46;0.77;Enabled;66.38;21.92;Yes;0;0;0;0;0;0
240334;No;557;557;88;2284;0.48;0.77;Enabled;66.38;21.92;Yes;0;0;0;0;0;0
240364;No;557;557;88;2287;0.50;0.78;Enabled;66.38;21.92;Yes;0;0;0;0;0;0
240395;No;558;557;88;2290;0.52;0.78;Enabled;66.38;21.92;Yes;0;0;0;0;0;0
240425;No;558;558;88;2294;0.54;0.79;Enabled;66.38;21.92;Yes;0;0;0;0;0;0
240455;No;558;558;88;2296;0.55;0.79;Enabled;66.38;21.92;Yes;0;0;0;0;0;0
240485;No;559;558;88;2300;0.57;0.80;Enabled;66.38;21.92;Yes;0;0;0;0;0;0
240515;No;559;559;88;2303;0.59;0.80;Enabled;66.38;21.92;Yes;0;0;0;0;0;0
240583;No;560;559;88;2306;0.61;0.81;Enabled;66.38;21.92;Yes;0;0;0;0;0;0
240605;No;560;560;88;2309;0.63;0.82;Enabled;66.38;21.92;Yes;0;0;0;0;0;0
240633;No;560;560;88;2312;0.65;0.82;Enabled;66.38;21.92;Yes;0;0;0;0;0;0
240663;No;560;560;88;2315;0.67;0.83;Enabled;66.38;21.92;Yes;0;0;0;0;0;0
240696;No;560;560;88;2283;0.69;0.83;Enabled;66.38;21.92;Yes;0;0;0;0;0;0
240724;No;560;560;88;2251;0.70;0.84;Enabled;66.38;21.92;Yes;0;0;0;0;0;0
240756;No;560;560;88;2219;0.71;0.84;Enabled;66.38;21.92;Yes;0;0;0;0;0;0
240785;No;560;560;88;2187;0.72;0.84;Enabled;66.38;21.92;Yes;0;0;0;0;0;0
240816;No;560;560;88;2155;0.74;0.85;Enabled;66.38;21.92;Yes;0;0;0;0;0;0
240875;No;560;560;88;2123;0.75;0.85;Enabled;66.38;21.92;Yes;0;0;0;0;0;0
240905;No;560;560;88;2090;0.76;0.85;Enabled;66.38;21.92;Yes;0;0;0;0;0;0
240933;No;560;560;88;2058;0.77;0.86;Enabled;66.38;21.92;Yes;0;0;0;0;0;0
240965;No;561;561;88;2026;0.78;0.86;Enabled;66.38;21.92;Yes;0;0;0;0;0;0
240997;No;561;561;88;1994;0.79;0.86;Enabled;66.38;21.92;Yes;0;0;0;0;0;0
241027;No;561;561;88;1962;0.80;0.87;Enabled;66.38;21.92;Yes;0;0;0;0;0;0
241054;No;561;561;88;1930;0.82;0.87;Enabled;66.38;21.92;Yes;0;0;0;0;0;0
241083;No;561;561;88;1898;0.83;0.87;Enabled;66.38;21.92;Yes;0;0;0;0;0;0
241114;No;561;561;88;1866;0.84;0.88;Enabled;66.38;21.92;Yes;0;0;0;0;0;0
241175;No;561;561;88;1834;0.85;0.88;Enabled;66.38;21.92;Yes;0;0;0;0;0;0
241205;No;561;561;88;1802;0.86;0.88;Enabled;66.38;21.92;Yes;0;0;0;0;0;0
241233;No;561;561;88;1770;0.87;0.89;Enabled;66.38;21.92;Yes;0;0;0;0;0;0
241265;No;561;562;88;1762;0.88;0.89;Enabled;66.38;21.92;Yes;0;0;0;0;0;0
241295;No;562;562;88;1754;0.88;0.89;Enabled;66.38;21.92;Yes;0;0;0;0;0;0
241337;No;562;562;88;1746;0.88;0.89;Disabled;66.38;21.92;Yes;0;0;0;0;0;0
241353;No;562;562;88;1738;0.87;0.89;Disabled;66.38;21.92;Yes;0;0;0;0;0;0
241383;No;562;562;88;1730;0.87;0.88;Disabled;66.38;21.92;Yes;0;0;0;0;0;0
241414;No;562;562;88;1722;0.87;0.88;Disabled;66.38;21.92;Yes;0;0;0;0;0;0
241475;No;562;562;88;1714;0.86;0.88;Disabled;66.38;21.92;Yes;0;0;0;0;0;0
241506;No;562;562;88;1706;0.86;0.88;Disabled;66.38;21.92;Yes;0;0;0;0;0;0
241535;No;562;562;88;1698;0.85;0.87;Disabled;66.38;21.92;Yes;0;0;0;0;0;0
241565;No;562;562;88;1690;0.85;0.87;Disabled;66.38;21.92;Yes;0;0;0;0;0;0
241596;No;563;562;88;1683;0.85;0.87;Disabled;66.38;21.92;Yes;0;0;0;0;0;0
241622;No;563;563;88;1675;0.84;0.86;Disabled;66.38;21.92;Yes;0;0;0;0;0;0
241654;No;563;563;88;1667;0.84;0.86;Disabled;66.38;21.92;Yes;0;0;0;0;0;0
241685;No;563;563;88;1659;0.84;0.86;Disabled;66.38;21.92;Yes;0;0;0;0;0;0
241715;No;563;563;88;1651;0.83;0.85;Disabled;66.38;21.92;Yes;0;0;0;0;0;0
241774;No;563;563;88;1643;0.83;0.85;Disabled;66.38;21.92;Yes;0;0;0;0;0;0
241804;No;563;563;88;1635;0.83;0.85;Disabled;66.38;21.92;Yes;0;0;0;0;0;0
241833;No;563;563;88;1634;0.82;0.84;Disabled;66.38;21.92;Yes;0;0;0;0;0;0
241865;No;563;563;88;1632;0.82;0.84;Disabled;66.38;21.92;Yes;0;0;0;0;0;0
241896;No;563;563;88;1630;0.82;0.84;Disabled;66.38;21.92;Yes;0;0;0;0;0;0
241924;No;564;564;88;1628;0.83;0.84;Disabled;66.38;21.92;Yes;0;0;0;0;0;0
241956;No;564;564;88;1627;0.83;0.84;Disabled;66.38;21.92;Yes;0;0;0;0;0;0
241984;No;564;564;88;1625;0.83;0.85;Disabled;66.38;21.92;Yes;0;0;0;0;0;0
242014;No;564;564;88;1624;0.83;0.85;Disabled;66.38;21.92;Yes;0;0;0;0;0;0
242045;No;564;564;88;1622;0.83;0.85;Disabled;66.38;21.92;Yes;0;0;0;0;0;0
242072;No;564;564;88;1620;0.83;0.85;Disabled;66.38;21.92;Yes;0;0;0;0;0;0
242103;No;564;564;88;1619;0.83;0.85;Disabled;66.38;21.92;Yes;0;0;0;0;0;0
242132;No;564;564;88;1617;0.84;0.85;Disabled;66.38;21.92;Yes;0;0;0;0;0;0
242164;No;564;564;88;1616;0.84;0.86;Disabled;66.38;21.92;Yes;0;0;0;0;0;0
242194;No;564;564;88;1614;0.84;0.86;Disabled;66.38;21.92;Yes;0;0;0;0;0;0
242226;No;564;565;88;1612;0.84;0.86;Disabled;66.38;21.92;Yes;0;0;0;0;0;0
242255;No;564;565;88;1611;0.84;0.86;Disabled;66.38;21.92;Yes;0;0;0;0;0;0
242285;No;565;565;88;1609;0.84;0.86;Disabled;66.38;21.92;Yes;0;0;0;0;0;0
242313;No;565;565;88;1608;0.84;0.86;Disabled;66.38;21.92;Yes;0;0;0;0;0;0
242373;No;565;565;88;1616;0.85;0.86;Disabled;66.38;21.92;Yes;0;0;0;0;0;0
242405;No;565;565;88;1625;0.84;0.87;Disabled;66.38;21.92;Yes;0;0;0;0;0;0
242437;No;565;565;88;1634;0.84;0.86;Disabled;66.38;21.92;Yes;0;0;0;0;0;0
242465;No;565;565;88;1642;0.84;0.86;Disabled;66.38;21.92;Yes;0;0;0;0;0;0
242494;No;566;566;88;1651;0.84;0.86;Disabled;66.38;21.92;Yes;0;0;0;0;0;0
242526;No;566;566;88;1659;0.84;0.85;Disabled;66.38;21.92;Yes;0;0;0;0;0;0
242553;No;566;566;88;1668;0.83;0.85;Disabled;66.38;21.92;Yes;0;0;0;0;0;0
242585;No;566;566;89;1676;0.83;0.85;Disabled;66.38;21.92;Yes;0;0;0;0;0;0
242621;No;566;566;89;1685;0.83;0.84;Disabled;66.38;21.92;Yes;0;0;0;0;0;0
242673;No;566;566;89;1694;0.83;0.84;Disabled;66.38;21.92;Yes;0;0;0;0;0;0
242706;No;566;566;89;1702;0.83;0.84;Disabled;66.38;21.92;Yes;0;0;0;0;0;0
242734;No;566;566;89;1711;0.83;0.84;Disabled;66.38;21.92;Yes;0;0;0;0;0;0
242764;No;567;566;89;1720;0.83;0.83;Disabled;66.38;21.92;Yes;0;0;0;0;0;0
242794;No;567;567;89;1728;0.82;0.83;Disabled;66.38;21.92;Yes;0;0;0;0;0;0
242824;No;567;567;89;1737;0.82;0.83;Disabled;66.38;21.92;Yes;0;0;0;0;0;0
242854;No;567;567;89;1746;0.82;0.83;Disabled;66.38;21.92;Yes;0;0;0;0;0;0
242884;No;567;567;89;1754;0.82;0.82;Disabled;66.38;21.92;Yes;0;0;0;0;0;0
242916;No;568;567;89;1760;0.82;0.82;Disabled;66.38;21.92;Yes;0;0;0;0;0;0
242974;No;568;568;89;1765;0.78;0.82;Disabled;66.38;21.92;Yes;0;0;0;0;0;0
243004;No;568;568;89;1770;0.75;0.81;Enabled;66.38;21.92;Yes;0;0;0;0;0;0
243036;No;568;568;89;1776;0.71;0.80;Enabled;66.38;21.92;Yes;0;0;0;0;0;0
243066;No;568;568;89;1781;0.67;0.79;Enabled;66.38;21.92;Yes;0;0;0;0;0;0
243094;No;568;568;89;1786;0.64;0.78;Enabled;66.38;21.92;Yes;0;0;0;0;0;0
243125;No;569;568;89;1792;0.60;0.77;Enabled;66.38;21.92;Yes;0;0;0;0;0;0
243153;No;569;569;89;1797;0.57;0.76;Enabled;66.38;21.92;Yes;0;0;0;0;0;0
243184;No;569;569;89;1802;0.53;0.76;Enabled;66.38;21.92;Yes;0;0;0;0;0;0
243214;No;569;569;89;1808;0.50;0.75;Enabled;66.38;21.92;Yes;0;0;0;0;0;0
243272;No;569;569;89;1813;0.46;0.74;Enabled;66.38;21.92;Yes;0;0;0;0;0;0
243307;No;570;569;89;1818;0.43;0.73;Enabled;66.38;21.92;Yes;0;0;0;0;0;0
243336;No;570;570;89;1824;0.39;0.72;Enabled;66.38;21.92;Yes;0;0;0;0;0;0
243363;No;570;570;89;1829;0.36;0.71;Enabled;66.38;21.92;Yes;0;0;0;0;0;0
243395;No;570;570;89;1834;0.32;0.70;Enabled;66.38;21.92;Yes;0;0;0;0;0;0
243424;No;571;570;89;1840;0.29;0.70;Enabled;66.38;21.92;Yes;0;0;0;0;0;0
243454;No;571;571;89;1845;0.25;0.69;Enabled;66.38;21.92;Yes;0;0;0;0;0;0
243485;No;571;571;89;1852;0.22;0.68;Enabled;66.38;21.92;Yes;0;0;0;0;0;0
243513;No;572;571;89;1858;0.21;0.67;Enabled;66.38;21.92;Yes;0;0;0;0;0;0
243573;No;572;572;89;1864;0.21;0.66;Enabled;66.38;21.92;Yes;0;0;0;0;0;0
243606;No;572;572;89;1870;0.21;0.65;Enabled;66.38;21.92;Yes;0;0;0;0;0;0
243634;No;572;572;89;1877;0.21;0.64;Enabled;66.38;21.92;Yes;0;0;0;0;0;0
243666;No;573;572;89;1883;0.21;0.63;Enabled;66.38;21.92;Yes;0;0;0;0;0;0
243694;No;573;573;89;1890;0.21;0.62;Enabled;66.38;21.92;Yes;0;0;0;0;0;0
243724;No;574;573;89;1896;0.21;0.62;Enabled;66.38;21.92;Yes;0;0;0;0;0;0
243757;No;574;574;89;1902;0.21;0.61;Enabled;66.38;21.92;Yes;0;0;0;0;0;0
243785;No;574;574;89;1908;0.21;0.60;Enabled;66.38;21.92;Yes;0;0;0;0;0;0
243813;No;574;574;89;1915;0.21;0.59;Enabled;66.38;21.92;Yes;0;0;0;0;0;0
243872;No;575;574;89;1921;0.21;0.58;Enabled;66.38;21.92;Yes;0;0;0;0;0;0
243933;No;575;575;89;1928;0.21;0.57;Enabled;66.38;21.92;Yes;0;0;0;0;0;0
243964;No;575;575;89;1934;0.21;0.56;Enabled;66.38;21.92;Yes;0;0;0;0;0;0
243995;No;576;575;89;1940;0.20;0.55;Enabled;66.38;21.92;Yes;0;0;0;0;0;0
244025;No;576;576;89;1946;0.20;0.54;Enabled;66.38;21.92;Yes;0;0;0;0;0;0
244053;No;576;576;89;1953;0.20;0.54;Enabled;66.38;21.92;Yes;0;0;0;0;0;0
244085;No;577;576;89;1954;0.20;0.53;Enabled;66.38;21.92;Yes;0;0;0;0;0;0
244115;No;577;577;89;1955;0.21;0.52;Enabled;66.38;21.92;Yes;0;0;0;0;0;0
244172;No;578;577;89;1956;0.21;0.53;Enabled;66.38;21.92;Yes;0;0;0;0;0;0
244205;No;578;578;89;1957;0.22;0.55;Enabled;66.38;21.92;Yes;0;0;0;0;0;0
244235;No;578;578;89;1958;0.22;0.56;Enabled;66.38;21.92;Yes;0;0;0;0;0;0
244265;No;579;578;89;1958;0.23;0.58;Enabled;66.38;21.92;Yes;0;0;0;0;0;0
244296;No;579;579;89;1960;0.23;0.59;Enabled;66.38;21.92;Yes;0;0;0;0;0;0
244324;No;579;579;89;1960;0.24;0.61;Enabled;66.38;21.92;Yes;0;0;0;0;0;0
244356;No;580;579;89;1962;0.24;0.62;Enabled;66.38;21.92;Yes;0;0;0;0;0;0
244383;No;580;580;89;1962;0.25;0.64;Enabled;66.38;21.92;Yes;0;0;0;0;0;0
244414;No;580;580;89;1964;0.25;0.65;Enabled;66.38;21.92;Yes;0;0;0;0;0;0
244472;No;581;580;89;1964;0.25;0.67;Enabled;66.38;21.92;Yes;0;0;0;0;0;0
244505;No;581;581;89;1965;0.26;0.68;Enabled;66.38;21.92;Yes;0;0;0;0;0;0
244536;No;582;581;89;1966;0.26;0.69;Enabled;66.38;21.92;Yes;0;0;0;0;0;0
244565;No;582;582;89;1967;0.27;0.71;Enabled;66.38;21.92;Yes;0;0;0;0;0;0
244596;No;582;582;89;1968;0.27;0.72;Enabled;66.38;21.92;Yes;0;0;0;0;0;0
244624;No;582;582;89;1969;0.28;0.74;Enabled;66.38;21.92;Yes;0;0;0;0;0;0
244653;No;583;583;89;1971;0.28;0.75;Enabled;66.38;21.92;Yes;0;0;0;0;0;0
244685;No;583;583;89;1972;0.31;0.77;Enabled;66.38;21.92;Yes;0;0;0;0;0;0
244715;No;583;584;89;1974;0.34;0.77;Enabled;66.38;21.92;Yes;0;0;0;0;0;0
244772;No;584;584;89;1976;0.37;0.78;Enabled;66.38;21.92;Yes;0;0;0;0;0;0
244804;No;584;584;89;1977;0.40;0.78;Enabled;66.38;21.92;Yes;0;0;0;0;0;0
244835;No;584;585;89;1979;0.43;0.79;Enabled;66.38;21.92;Yes;0;0;0;0;0;0
244865;No;585;585;89;1980;0.46;0.79;Enabled;66.38;21.92;Yes;0;0;0;0;0;0
244896;No;585;585;89;1982;0.48;0.79;Enabled;66.38;21.92;Yes;0;0;0;0;0;0
244923;No;585;586;89;1984;0.51;0.80;Enabled;66.38;21.92;Yes;0;0;0;0;0;0
244956;No;586;586;89;1986;0.54;0.80;Enabled;66.38;21.92;Yes;0;0;0;0;0;0
244984;No;586;587;89;1987;0.57;0.81;Enabled;66.38;21.92;Yes;0;0;0;0;0;0
245014;No;586;587;89;1989;0.60;0.81;Enabled;66.38;21.92;Yes;0;0;0;0;0;0
245072;No;587;587;89;1990;0.62;0.82;Enabled;66.38;21.92;Yes;0;0;0;0;0;0
245107;No;587;588;89;1992;0.65;0.82;Enabled;66.38;21.92;Yes;0;0;0;0;0;0
245133;No;587;588;89;1994;0.68;0.82;Enabled;66.38;21.92;Yes;0;0;0;0;0;0
245176;No;588;588;89;1995;0.71;0.83;Enabled;66.38;21.92;Yes;0;0;0;0;0;0
245196;No;588;589;89;1997;0.74;0.83;Enabled;66.38;21.92;Yes;0;0;0;0;0;0
245223;No;589;589;89;1996;0.77;0.84;Enabled;66.38;21.92;Yes;0;0;0;0;0;0
245256;No;589;590;89;1996;0.77;0.84;Enabled;66.38;21.92;Yes;0;0;0;0;0;0
245285;No;590;590;89;1995;0.78;0.84;Enabled;66.38;21.92;Yes;0;0;0;0;0;0
245313;No;590;590;89;1994;0.78;0.84;Enabled;66.38;21.92;Yes;0;0;0;0;0;0
245376;No;590;591;89;1994;0.78;0.84;Enabled;66.38;21.92;Yes;0;0;0;0;0;0
245404;No;591;591;89;1993;0.79;0.84;Enabled;66.38;21.92;Yes;0;0;0;0;0;0
245434;No;591;591;89;1993;0.79;0.84;Enabled;66.38;21.92;Yes;0;0;0;0;0;0
245466;No;592;592;89;1992;0.80;0.84;Enabled;66.38;21.92;Yes;0;0;0;0;0;0
245493;No;592;592;89;1992;0.80;0.84;Enabled;66.38;21.92;Yes;0;0;0;0;0;0
245524;No;592;592;89;1991;0.80;0.85;Enabled;66.38;21.92;Yes;0;0;0;0;0;0
245554;No;593;593;89;1990;0.81;0.85;Enabled;66.38;21.92;Yes;0;0;0;0;0;0
245584;No;593;593;89;1990;0.81;0.85;Enabled;66.38;21.92;Yes;0;0;0;0;0;0
245615;No;594;593;89;1989;0.82;0.85;Enabled;66.38;21.92;Yes;0;0;0;0;0;0
245674;No;594;594;89;1989;0.82;0.85;Enabled;66.38;21.92;Yes;0;0;0;0;0;0
245706;No;594;594;89;1988;0.82;0.85;Enabled;66.38;21.92;Yes;0;0;0;0;0;0
245735;No;594;594;89;1988;0.83;0.85;Enabled;66.38;21.92;Yes;0;0;0;0;0;0
245766;No;595;595;89;1987;0.83;0.85;Enabled;66.38;21.92;Yes;0;0;0;0;0;0
245794;No;595;595;89;1985;0.84;0.85;Enabled;66.38;21.92;Yes;0;0;0;0;0;0
245826;No;595;595;89;1984;0.83;0.85;Enabled;66.38;21.92;Yes;0;0;0;0;0;0
245856;No;596;596;89;1982;0.83;0.85;Enabled;66.38;21.92;Yes;0;0;0;0;0;0
245884;No;596;596;89;1980;0.83;0.84;Enabled;66.38;21.92;Yes;0;0;0;0;0;0
245915;No;596;596;89;1978;0.83;0.84;Enabled;66.38;21.92;Yes;0;0;0;0;0;0
245975;No;596;596;89;1977;0.82;0.84;Enabled;66.38;21.92;Yes;0;0;0;0;0;0
246004;No;597;597;89;1975;0.82;0.84;Enabled;66.38;21.92;Yes;0;0;0;0;0;0
246036;No;597;597;89;1973;0.82;0.83;Enabled;66.38;21.92;Yes;0;0;0;0;0;0
246063;No;597;597;89;1972;0.82;0.83;Enabled;66.38;21.92;Yes;0;0;0;0;0;0
246094;No;597;598;89;1970;0.81;0.83;Enabled;66.38;21.92;Yes;0;0;0;0;0;0
246123;No;598;598;89;1968;0.81;0.83;Enabled;66.38;21.92;Yes;0;0;0;0;0;0
246155;No;598;598;89;1966;0.81;0.82;Enabled;66.38;21.92;Yes;0;0;0;0;0;0
246186;No;598;598;89;1965;0.80;0.82;Enabled;66.38;21.92;Yes;0;0;0;0;0;0
246212;No;598;599;89;1963;0.80;0.82;Enabled;66.38;21.92;Yes;0;0;0;0;0;0
246275;No;599;599;89;1962;0.80;0.81;Enabled;66.38;21.92;Yes;0;0;0;0;0;0
246304;No;599;599;89;1960;0.80;0.81;Enabled;66.38;21.92;Yes;0;0;0;0;0;0
246336;No;599;600;89;1958;0.79;0.81;Enabled;66.38;21.92;Yes;0;0;0;0;0;0
246363;No;600;600;89;1959;0.79;0.80;Enabled;66.38;21.92;Yes;0;0;0;0;0;0
246394;No;600;600;89;1961;0.80;0.80;Enabled;66.38;21.92;Yes;0;0;0;0;0;0
246425;No;600;600;89;1962;0.80;0.78;Enabled;66.38;21.92;Yes;0;0;0;0;0;0
246459;No;600;600;89;1964;0.81;0.75;Enabled;66.38;21.92;Yes;0;0;0;0;0;0
246484;No;601;601;89;1965;0.82;0.73;Enabled;66.38;21.92;Yes;0;0;0;0;0;0
246515;No;601;601;89;1966;0.82;0.70;Enabled;66.38;21.92;Yes;0;0;0;0;0;0
246575;No;601;601;89;1968;0.83;0.68;Enabled;66.38;21.92;Yes;0;0;0;0;0;0
246605;No;602;602;90;1969;0.83;0.66;Enabled;66.38;21.92;Yes;0;0;0;0;0;0
246635;No;602;602;90;1970;0.84;0.63;Enabled;66.38;21.92;Yes;0;0;0;0;0;0
246663;No;602;602;90;1972;0.85;0.61;Enabled;66.38;21.92;Yes;0;0;0;0;0;0
246694;No;602;602;90;1973;0.85;0.58;Enabled;66.38;21.92;Yes;0;0;0;0;0;0
246724;No;603;602;90;1974;0.86;0.56;Enabled;66.38;21.92;Yes;0;0;0;0;0;0
246754;No;603;603;90;1976;0.86;0.53;Enabled;66.38;21.92;Yes;0;0;0;0;0;0
246785;No;603;603;90;1977;0.87;0.51;Enabled;66.38;21.92;Yes;0;0;0;0;0;0
246813;No;604;603;90;1978;0.88;0.48;Enabled;66.38;21.92;Yes;0;0;0;0;0;0
246875;No;604;604;90;1980;0.88;0.46;Enabled;66.38;21.92;Yes;0;0;0;0;0;0
246906;No;604;604;90;1981;0.89;0.44;Enabled;66.38;21.92;Yes;0;0;0;0;0;0
246934;No;605;604;90;1970;0.89;0.41;Enabled;66.38;21.92;Yes;0;0;0;0;0;0
246964;No;605;605;90;1959;0.89;0.39;Enabled;66.38;21.92;Yes;0;0;0;0;0;0
246993;No;605;605;90;1948;0.89;0.37;Enabled;66.38;21.92;Yes;0;0;0;0;0;0
247025;No;606;605;90;1936;0.89;0.35;Enabled;66.38;21.92;Yes;0;0;0;0;0;0
247056;No;606;606;90;1925;0.89;0.33;Enabled;66.38;21.92;Yes;0;0;0;0;0;0
247083;No;606;606;90;1914;0.89;0.31;Enabled;66.38;21.92;Yes;0;0;0;0;0;0
247114;No;606;606;90;1903;0.89;0.29;Enabled;66.38;21.92;Yes;0;0;0;0;0;0
247175;No;607;606;90;1892;0.89;0.27;Enabled;66.38;21.92;Yes;0;0;0;0;0;0
247204;No;607;607;90;1880;0.89;0.25;Enabled;66.38;21.92;Yes;0;0;0;0;0;0
247234;No;607;607;90;1869;0.89;0.23;Enabled;66.38;21.92;Yes;0;0;0;0;0;0
247265;No;608;607;90;1858;0.89;0.21;Enabled;66.38;21.92;Yes;0;0;0;0;0;0
247296;No;608;608;90;1847;0.89;0.19;Enabled;66.38;21.92;Yes;0;0;0;0;0;0
247325;No;608;608;90;1836;0.89;0.17;Enabled;66.38;21.92;Yes;0;0;0;0;0;0
247355;No;609;608;90;1824;0.89;0.15;Enabled;66.38;21.92;Yes;0;0;0;0;0;0
247386;No;609;609;90;1814;0.89;0.13;Enabled;66.38;21.92;Yes;0;0;0;0;0;0
247414;No;609;609;90;1802;0.89;0.11;Enabled;66.38;21.92;Yes;0;0;0;0;0;0
247475;No;610;609;90;1791;0.89;0.09;Enabled;66.38;21.92;Yes;0;0;0;0;0;0
247506;No;610;610;90;1789;0.89;0.07;Enabled;66.38;21.92;Yes;0;0;0;0;0;0
247534;No;610;610;90;1787;0.89;0.05;Enabled;66.38;21.92;Yes;0;0;0;0;0;0
247564;No;610;610;90;1785;0.88;0.06;Enabled;66.38;21.92;Yes;0;0;0;0;0;0
247596;No;610;611;90;1783;0.88;0.07;Enabled;66.38;21.92;Yes;0;0;0;0;0;0
247625;No;611;611;90;1781;0.87;0.08;Enabled;66.38;21.92;Yes;0;0;0;0;0;0
247655;No;611;611;90;1779;0.87;0.09;Enabled;66.38;21.92;Yes;0;0;0;0;0;0
247686;No;611;612;90;1777;0.86;0.10;Enabled;66.38;21.92;Yes;0;0;0;0;0;0
247714;No;612;612;90;1775;0.86;0.11;Enabled;66.38;21.92;Yes;0;0;0;0;0;0
247779;No;612;612;90;1773;0.86;0.12;Enabled;66.38;21.92;Yes;0;0;0;0;0;0
247806;No;612;612;90;1771;0.85;0.13;Enabled;66.38;21.92;Yes;0;0;0;0;0;0
247833;No;612;613;90;1769;0.85;0.14;Enabled;66.38;21.92;Yes;0;0;0;0;0;0
247865;No;612;613;90;1767;0.84;0.15;Enabled;66.38;21.92;Yes;0;0;0;0;0;0
247895;No;613;613;90;1764;0.84;0.16;Enabled;66.38;21.92;Yes;0;0;0;0;0;0
247924;No;613;614;90;1762;0.83;0.17;Enabled;66.38;21.92;Yes;0;0;0;0;0;0
247955;No;613;614;90;1760;0.83;0.18;Enabled;66.38;21.92;Yes;0;0;0;0;0;0
247987;No;614;614;90;1758;0.83;0.19;Enabled;66.38;21.92;Yes;0;0;0;0;0;0
248014;No;614;615;90;1756;0.82;0.20;Enabled;66.38;21.92;Yes;0;0;0;0;0;0
248084;No;614;615;90;1754;0.82;0.21;Enabled;66.38;21.92;Yes;0;0;0;0;0;0
248104;No;615;615;90;1751;0.82;0.22;Enabled;66.38;21.92;Yes;0;0;0;0;0;0
248135;No;615;616;90;1749;0.81;0.21;Enabled;66.38;21.92;Yes;0;0;0;0;0;0
248163;No;616;616;90;1746;0.81;0.21;Enabled;66.38;21.92;Yes;0;0;0;0;0;0
248195;No;616;616;90;1744;0.81;0.20;Enabled;66.38;21.92;Yes;0;0;0;0;0;0
248223;No;616;616;90;1741;0.81;0.20;Enabled;66.38;21.92;Yes;0;0;0;0;0;0
248255;No;617;617;90;1738;0.81;0.19;Enabled;66.38;21.92;Yes;0;0;0;0;0;0
248285;No;617;617;90;1736;0.81;0.19;Enabled;66.38;21.92;Yes;0;0;0;0;0;0
248316;No;617;617;90;1733;0.81;0.19;Enabled;66.38;21.92;Yes;0;0;0;0;0;0
248376;No;618;618;90;1730;0.81;0.18;Enabled;66.38;21.92;Yes;0;0;0;0;0;0
248408;No;618;618;90;1728;0.81;0.18;Enabled;66.38;21.92;Yes;0;0;0;0;0;0
248436;No;619;618;90;1726;0.81;0.17;Enabled;66.38;21.92;Yes;0;0;0;0;0;0
248464;No;619;619;90;1723;0.81;0.17;Enabled;66.38;21.92;Yes;0;0;0;0;0;0
248494;No;619;619;90;1720;0.81;0.16;Enabled;66.38;21.92;Yes;0;0;0;0;0;0
248523;No;620;619;90;1718;0.80;0.16;Enabled;66.38;21.92;Yes;0;0;0;0;0;0
248554;No;620;620;90;1715;0.80;0.16;Enabled;66.38;21.92;Yes;0;0;0;0;0;0
248586;No;620;620;90;1712;0.80;0.15;Enabled;66.38;21.92;Yes;0;0;0;0;0;0
248614;No;621;620;90;1715;0.80;0.15;Enabled;66.38;21.92;Yes;0;0;0;0;0;0
248675;No;621;621;90;1717;0.80;0.14;Enabled;66.38;21.92;Yes;0;0;0;0;0;0
248705;No;622;621;90;1719;0.80;0.17;Enabled;66.38;21.92;Yes;0;0;0;0;0;0
248733;No;622;622;90;1722;0.80;0.20;Enabled;66.38;21.92;Yes;0;0;0;0;0;0
248764;No;622;622;90;1724;0.80;0.23;Enabled;66.38;21.92;Yes;0;0;0;0;0;0
248796;No;623;622;90;1726;0.80;0.26;Enabled;66.38;21.92;Yes;0;0;0;0;0;0
248824;No;623;623;90;1728;0.80;0.29;Enabled;66.38;21.92;Yes;0;0;0;0;0;0
248854;No;624;623;90;1730;0.80;0.32;Enabled;66.38;21.92;Yes;0;0;0;0;0;0
248884;No;624;624;90;1733;0.80;0.35;Enabled;66.38;21.92;Yes;0;0;0;0;0;0
248916;No;624;624;90;1735;0.80;0.38;Enabled;66.38;21.92;Yes;0;0;0;0;0;0
248976;No;625;624;90;1738;0.80;0.40;Enabled;66.38;21.92;Yes;0;0;0;0;0;0
249016;No;625;625;90;1740;0.80;0.43;Enabled;66.38;21.92;Yes;0;0;0;0;0;0
249035;No;626;625;90;1742;0.79;0.46;Enabled;66.38;21.92;Yes;0;0;0;0;0;0
249066;No;626;626;90;1744;0.79;0.49;Enabled;66.38;21.92;Yes;0;0;0;0;0;0
249094;No;626;626;90;1746;0.79;0.52;Enabled;66.38;21.92;Yes;0;0;0;0;0;0
249125;No;627;626;90;1749;0.79;0.55;Enabled;66.38;21.92;Yes;0;0;0;0;0;0
249155;No;627;627;90;1751;0.79;0.58;Enabled;66.38;21.92;Yes;0;0;0;0;0;0
249186;No;627;627;90;1753;0.79;0.61;Enabled;66.38;21.92;Yes;0;0;0;0;0;0
249214;No;628;627;90;1755;0.79;0.64;Enabled;66.38;21.92;Yes;0;0;0;0;0;0
249275;No;628;628;90;1757;0.79;0.64;Enabled;66.38;21.92;Yes;0;0;0;0;0;0
249307;No;628;628;90;1760;0.79;0.65;Enabled;66.38;21.92;Yes;0;0;0;0;0;0
249336;No;629;628;90;1762;0.78;0.66;Enabled;66.38;21.92;Yes;0;0;0;0;0;0
249363;No;629;629;90;1764;0.78;0.67;Enabled;66.38;21.92;Yes;0;0;0;0;0;0
249395;No;629;629;90;1766;0.78;0.67;Enabled;66.38;21.92;Yes;0;0;0;0;0;0
249425;No;630;629;90;1768;0.78;0.68;Enabled;66.38;21.92;Yes;0;0;0;0;0;0
249453;No;630;630;90;1770;0.78;0.69;Enabled;66.38;21.92;Yes;0;0;0;0;0;0
249484;No;630;630;90;1772;0.77;0.70;Enabled;66.38;21.92;Yes;0;0;0;0;0;0
249514;No;631;630;90;1774;0.77;0.71;Enabled;66.38;21.92;Yes;0;0;0;0;0;0
249576;No;631;631;90;1776;0.77;0.71;Enabled;66.38;21.92;Yes;0;0;0;0;0;0
249606;No;632;631;90;1778;0.77;0.72;Enabled;66.38;21.92;Yes;0;0;0;0;0;0
249635;No;632;632;90;1780;0.77;0.73;Enabled;66.38;21.92;Yes;0;0;0;0;0;0
249665;No;632;632;90;1782;0.76;0.74;Enabled;66.38;21.92;Yes;0;0;0;0;0;0
249693;No;632;632;90;1785;0.76;0.74;Enabled;66.38;21.92;Yes;0;0;0;0;0;0
249723;No;633;632;90;1787;0.76;0.75;Enabled;66.38;21.92;Yes;0;0;0;0;0;0
249755;No;633;633;90;1789;0.76;0.76;Enabled;66.38;21.92;Yes;0;0;0;0;0;0
249783;No;633;633;90;1790;0.76;0.77;Enabled;66.38;21.92;Yes;0;0;0;0;0;0
249814;No;633;633;90;1792;0.76;0.77;Enabled;66.38;21.92;Yes;0;0;0;0;0;0
249877;No;634;634;90;1794;0.76;0.78;Enabled;66.38;21.92;Yes;0;0;0;0;0;0
249906;No;634;634;90;1796;0.76;0.78;Enabled;66.38;21.92;Yes;0;0;0;0;0;0
249933;No;634;634;90;1798;0.76;0.78;Enabled;66.38;21.92;Yes;0;0;0;0;0;0
249966;No;634;634;90;1800;0.76;0.79;Enabled;66.38;21.92;Yes;0;0;0;0;0;0
249994;No;635;635;91;1802;0.76;0.79;Enabled;66.38;21.92;Yes;0;0;0;0;0;0
250024;No;635;635;91;1804;0.76;0.80;Enabled;66.38;21.92;Yes;0;0;0;0;0;0
250056;No;635;635;91;1806;0.76;0.80;Enabled;66.38;21.92;Yes;0;0;0;0;0;0
250084;No;635;636;91;1808;0.76;0.80;Enabled;66.38;21.92;Yes;0;0;0;0;0;0
250115;No;636;636;91;1810;0.76;0.81;Enabled;66.38;21.92;Yes;0;0;0;0;0;0
250175;No;636;636;91;1812;0.76;0.81;Enabled;66.38;21.92;Yes;0;0;0;0;0;0
250205;No;636;637;91;1814;0.76;0.82;Enabled;66.38;21.92;Yes;0;0;0;0;0;0
250235;No;636;637;91;1816;0.76;0.82;Enabled;66.38;21.92;Yes;0;0;0;0;0;0
250266;No;637;637;91;1817;0.76;0.82;Enabled;66.38;21.92;Yes;0;0;0;0;0;0
250301;No;637;637;91;1819;0.76;0.83;Enabled;66.38;21.92;Yes;0;0;0;0;0;0
250323;No;637;638;91;1822;0.76;0.83;Enabled;66.38;21.92;Yes;0;0;0;0;0;0
250355;No;637;638;91;1824;0.76;0.84;Enabled;66.38;21.92;Yes;0;0;0;0;0;0
250383;No;638;638;91;1827;0.75;0.83;Enabled;66.38;21.92;Yes;0;0;0;0;0;0
250415;No;638;638;91;1829;0.75;0.83;Enabled;66.38;21.92;Yes;0;0;0;0;0;0
250475;No;638;638;91;1832;0.75;0.83;Enabled;66.38;21.92;Yes;0;0;0;0;0;0
250506;No;638;639;91;1834;0.75;0.83;Enabled;66.38;21.92;Yes;0;0;0;0;0;0
250533;No;639;639;91;1836;0.75;0.83;Enabled;66.38;21.92;Yes;0;0;0;0;0;0
250565;No;639;639;91;1839;0.75;0.82;Enabled;66.38;21.92;Yes;0;0;0;0;0;0
250594;No;639;639;91;1842;0.75;0.82;Enabled;66.38;21.92;Yes;0;0;0;0;0;0
250625;No;640;640;91;1844;0.75;0.82;Enabled;66.38;21.92;Yes;0;0;0;0;0;0
250655;No;640;640;91;1846;0.74;0.82;Enabled;66.38;21.92;Yes;0;0;0;0;0;0
250685;No;640;640;91;1849;0.74;0.82;Enabled;66.38;21.92;Yes;0;0;0;0;0;0
250713;No;640;640;91;1851;0.74;0.81;Enabled;66.38;21.92;Yes;0;0;0;0;0;0
250777;No;641;640;91;1854;0.74;0.81;Enabled;66.38;21.92;Yes;0;0;0;0;0;0
250805;No;641;641;91;1856;0.74;0.81;Enabled;66.38;21.92;Yes;0;0;0;0;0;0
250835;No;641;641;91;1859;0.74;0.81;Enabled;66.38;21.92;Yes;0;0;0;0;0;0
250865;No;641;641;91;1861;0.73;0.81;Enabled;66.38;21.92;Yes;0;0;0;0;0;0
250894;No;641;641;91;1863;0.73;0.80;Enabled;66.38;21.92;Yes;0;0;0;0;0;0
250925;No;642;642;91;1864;0.74;0.80;Enabled;66.38;21.92;Yes;0;0;0;0;0;0
250953;No;642;642;91;1866;0.74;0.80;Enabled;66.38;21.92;Yes;0;0;0;0;0;0
250985;No;642;642;91;1868;0.74;0.80;Enabled;66.38;21.92;Yes;0;0;0;0;0;0
251013;No;642;642;91;1870;0.75;0.80;Enabled;66.38;21.92;Yes;0;0;0;0;0;0
251075;No;642;642;91;1871;0.75;0.80;Enabled;66.38;21.92;Yes;0;0;0;0;0;0
251105;No;642;643;91;1873;0.75;0.80;Enabled;66.38;21.92;Yes;0;0;0;0;0;0
251136;No;643;643;91;1874;0.76;0.80;Enabled;66.38;21.92;Yes;0;0;0;0;0;0
251164;No;643;643;91;1876;0.76;0.80;Enabled;66.38;21.92;Yes;0;0;0;0;0;0
251195;No;643;643;91;1878;0.76;0.80;Enabled;66.38;21.92;Yes;0;0;0;0;0;0
251223;No;643;643;91;1879;0.77;0.80;Enabled;66.38;21.92;Yes;0;0;0;0;0;0
251256;No;643;644;91;1881;0.77;0.80;Enabled;66.38;21.92;Yes;0;0;0;0;0;0
251284;No;644;644;91;1883;0.77;0.80;Enabled;66.38;21.92;Yes;0;0;0;0;0;0
251315;No;644;644;91;1884;0.78;0.80;Enabled;66.38;21.92;Yes;0;0;0;0;0;0
251374;No;644;644;91;1886;0.78;0.80;Enabled;66.38;21.92;Yes;0;0;0;0;0;0
251406;No;644;644;91;1888;0.79;0.80;Enabled;66.38;21.92;Yes;0;0;0;0;0;0
251433;No;644;645;91;1889;0.79;0.80;Enabled;66.38;21.92;Yes;0;0;0;0;0;0
251465;No;644;645;91;1891;0.79;0.80;Enabled;66.38;21.92;Yes;0;0;0;0;0;0
251493;No;645;645;91;1892;0.80;0.80;Enabled;66.38;21.92;Yes;0;0;0;0;0;0
251525;No;645;645;91;1894;0.80;0.80;Enabled;66.38;21.92;Yes;0;0;0;0;0;0
251577;No;645;645;91;1895;0.81;0.79;Enabled;66.38;21.92;Yes;0;0;0;0;0;0
251615;No;645;645;91;1897;0.81;0.79;Enabled;66.38;21.92;Yes;0;0;0;0;0;0
251676;No;645;646;91;1898;0.82;0.78;Enabled;66.38;21.92;Yes;0;0;0;0;0;0
251706;No;646;646;91;1900;0.83;0.78;Enabled;66.38;21.92;Yes;0;0;0;0;0;0
251733;No;646;646;91;1902;0.83;0.78;Enabled;66.38;21.92;Yes;0;0;0;0;0;0
251764;No;646;646;91;1903;0.84;0.77;Enabled;66.38;21.92;Yes;0;0;0;0;0;0
251794;No;646;646;91;1904;0.84;0.77;Enabled;66.38;21.92;Yes;0;0;0;0;0;0
251823;No;646;646;91;1906;0.85;0.76;Enabled;66.38;21.92;Yes;0;0;0;0;0;0
251854;No;646;646;91;1908;0.85;0.76;Enabled;66.38;21.92;Yes;0;0;0;0;0;0
251884;No;646;647;91;1909;0.86;0.75;Enabled;66.38;21.92;Yes;0;0;0;0;0;0
251916;No;647;647;91;1911;0.86;0.75;Enabled;66.38;21.92;Yes;0;0;0;0;0;0
251976;No;647;647;91;1912;0.87;0.75;Enabled;66.38;21.92;Yes;0;0;0;0;0;0
252006;No;647;647;91;1914;0.87;0.74;Enabled;66.38;21.92;Yes;0;0;0;0;0;0
252033;No;647;647;91;1915;0.88;0.74;Enabled;66.38;21.92;Yes;0;0;0;0;0;0
252064;No;647;647;91;1911;0.88;0.73;Enabled;66.38;21.92;Yes;0;0;0;0;0;0
252095;No;647;647;91;1906;0.88;0.73;Enabled;66.38;21.92;Yes;0;0;0;0;0;0
252125;No;648;648;91;1902;0.88;0.73;Enabled;66.38;21.92;Yes;0;0;0;0;0;0
252156;No;648;648;91;1898;0.88;0.73;Enabled;66.38;21.92;Yes;0;0;0;0;0;0
252183;No;648;648;91;1894;0.88;0.73;Enabled;66.38;21.92;Yes;0;0;0;0;0;0
252213;No;648;648;91;1889;0.88;0.74;Enabled;66.38;21.92;Yes;0;0;0;0;0;0
252275;No;648;648;91;1885;0.87;0.74;Enabled;66.38;21.92;Yes;0;0;0;0;0;0
252305;No;648;648;92;1880;0.87;0.74;Enabled;66.38;21.92;Yes;0;0;0;0;0;0
252334;No;648;648;92;1876;0.87;0.74;Enabled;66.38;21.92;Yes;0;0;0;0;0;0
252365;No;648;648;92;1872;0.87;0.74;Enabled;66.38;21.92;Yes;0;0;0;0;0;0
252395;No;648;648;92;1867;0.86;0.74;Enabled;66.38;21.92;Yes;0;0;0;0;0;0
252424;No;649;649;92;1863;0.86;0.75;Enabled;66.38;21.92;Yes;0;0;0;0;0;0
252453;No;649;649;92;1858;0.86;0.75;Enabled;66.38;21.92;Yes;0;0;0;0;0;0
252484;No;649;649;92;1854;0.86;0.75;Enabled;66.38;21.92;Yes;0;0;0;0;0;0
252513;No;649;649;92;1850;0.86;0.75;Enabled;66.38;21.92;Yes;0;0;0;0;0;0
252576;No;649;649;92;1845;0.85;0.75;Enabled;66.38;21.92;Yes;0;0;0;0;0;0
252607;No;649;649;92;1841;0.85;0.75;Enabled;66.38;21.92;Yes;0;0;0;0;0;0
252635;No;649;649;92;1823;0.85;0.76;Enabled;66.38;21.92;Yes;0;0;0;0;0;0
252665;No;650;649;92;1806;0.85;0.76;Enabled;66.38;21.92;Yes;0;0;0;0;0;0
252694;No;650;650;92;1788;0.85;0.76;Enabled;66.38;21.92;Yes;0;0;0;0;0;0
252725;No;650;650;92;1770;0.84;0.76;Enabled;66.38;21.92;Yes;0;0;0;0;0;0
252754;No;650;650;92;1752;0.84;0.75;Enabled;66.38;21.92;Yes;0;0;0;0;0;0
252786;No;650;650;92;1734;0.84;0.75;Enabled;66.38;21.92;Yes;0;0;0;0;0;0
252813;No;650;650;92;1717;0.84;0.75;Enabled;66.38;21.92;Yes;0;0;0;0;0;0
252897;No;650;650;92;1699;0.83;0.75;Enabled;66.38;21.92;Yes;0;0;0;0;0;0
252935;No;650;650;92;1681;0.83;0.75;Enabled;66.38;21.92;Yes;0;0;0;0;0;0
252965;No;650;650;92;1663;0.83;0.75;Enabled;66.38;21.92;Yes;0;0;0;0;0;0
252995;No;651;650;92;1646;0.83;0.75;Enabled;66.38;21.92;Yes;0;0;0;0;0;0
253025;No;651;651;92;1628;0.83;0.75;Enabled;66.38;21.92;Yes;0;0;0;0;0;0
253056;No;651;651;92;1610;0.82;0.75;Enabled;66.38;21.92;Yes;0;0;0;0;0;0
253083;No;651;651;92;1592;0.82;0.75;Enabled;66.38;21.92;Yes;0;0;0;0;0;0
253113;No;651;651;92;1574;0.82;0.75;Enabled;66.38;21.92;Yes;0;0;0;0;0;0
253177;No;651;651;92;1557;0.82;0.75;Enabled;66.38;21.92;Yes;0;0;0;0;0;0
253204;No;651;651;92;1539;0.81;0.75;Enabled;66.38;21.92;Yes;0;0;0;0;0;0
253235;No;651;651;92;1538;0.81;0.74;Enabled;66.38;21.92;Yes;0;0;0;0;0;0
253265;No;652;651;92;1536;0.81;0.74;Enabled;66.38;21.92;Yes;0;0;0;0;0;0
253294;No;652;652;92;1535;0.81;0.74;Enabled;66.38;21.92;Yes;0;0;0;0;0;0
253327;No;652;652;92;1533;0.81;0.74;Enabled;66.38;21.92;Yes;0;0;0;0;0;0
253355;No;652;652;92;1532;0.81;0.74;Enabled;66.38;21.92;Yes;0;0;0;0;0;0
253385;No;652;652;92;1530;0.81;0.74;Enabled;66.38;21.92;Yes;0;0;0;0;0;0
253416;No;652;652;92;1529;0.80;0.74;Enabled;66.38;21.92;Yes;0;0;0;0;0;0
253477;No;652;652;92;1528;0.80;0.74;Enabled;66.38;21.92;Yes;0;0;0;0;0;0
253506;No;652;652;92;1526;0.80;0.74;Enabled;66.38;21.92;Yes;0;0;0;0;0;0
253533;No;652;652;92;1525;0.80;0.74;Enabled;66.38;21.92;Yes;0;0;0;0;0;0
253564;No;652;652;92;1524;0.80;0.74;Enabled;66.38;21.92;Yes;0;0;0;0;0;0
253596;No;652;652;92;1522;0.80;0.74;Enabled;66.38;21.92;Yes;0;0;0;0;0;0
253624;No;653;652;92;1521;0.80;0.74;Enabled;66.38;21.92;Yes;0;0;0;0;0;0
253656;No;653;653;92;1519;0.80;0.74;Enabled;66.38;21.92;Yes;0;0;0;0;0;0
253683;No;653;653;92;1518;0.80;0.74;Enabled;66.38;21.92;Yes;0;0;0;0;0;0
253716;No;653;653;92;1516;0.79;0.74;Enabled;66.38;21.92;Yes;0;0;0;0;0;0
253776;No;653;653;92;1515;0.79;0.73;Enabled;66.38;21.92;Yes;0;0;0;0;0;0
253805;No;653;653;92;1510;0.79;0.73;Enabled;66.38;21.92;Yes;0;0;0;0;0;0
253833;No;653;653;92;1505;0.79;0.73;Enabled;66.38;21.92;Yes;0;0;0;0;0;0
253864;No;653;653;92;1500;0.79;0.73;Enabled;66.38;21.92;Yes;0;0;0;0;0;0
253894;No;653;653;92;1494;0.79;0.73;Enabled;66.38;21.92;Yes;0;0;0;0;0;0
253923;No;653;653;92;1489;0.79;0.73;Enabled;66.38;21.92;Yes;0;0;0;0;0;0
253954;No;653;653;92;1484;0.79;0.73;Enabled;66.38;21.92;Yes;0;0;0;0;0;0
253983;No;653;653;92;1479;0.79;0.73;Enabled;66.38;21.92;Yes;0;0;0;0;0;0
254015;No;654;654;92;1474;0.79;0.73;Enabled;66.38;21.92;Yes;0;0;0;0;0;0
254076;No;654;654;92;1469;0.79;0.73;Enabled;66.38;21.92;Yes;0;0;0;0;0;0
254105;No;654;654;92;1464;0.78;0.73;Enabled;66.38;21.92;Yes;0;0;0;0;0;0
254138;No;654;654;92;1458;0.78;0.73;Enabled;66.38;21.92;Yes;0;0;0;0;0;0
254163;No;654;654;92;1454;0.78;0.73;Enabled;66.38;21.92;Yes;0;0;0;0;0;0
254194;No;654;654;92;1448;0.78;0.73;Enabled;66.38;21.92;Yes;0;0;0;0;0;0
254224;No;654;654;92;1443;0.78;0.73;Enabled;66.38;21.92;Yes;0;0;0;0;0;0
254254;No;654;654;92;1438;0.78;0.73;Enabled;66.38;21.92;Yes;0;0;0;0;0;0
254286;No;654;654;92;1433;0.78;0.73;Enabled;66.38;21.92;Yes;0;0;0;0;0;0
254315;No;654;654;92;1428;0.78;0.73;Enabled;66.38;21.92;Yes;0;0;0;0;0;0
254375;No;654;654;92;1417;0.78;0.73;Enabled;66.38;21.92;Yes;0;0;0;0;0;0
254406;No;654;654;92;1406;0.78;0.73;Enabled;66.38;21.92;Yes;0;0;0;0;0;0
254434;No;654;654;92;1396;0.78;0.73;Enabled;66.38;21.92;Yes;0;0;0;0;0;0
254465;No;654;654;92;1385;0.77;0.72;Enabled;66.38;21.92;Yes;0;0;0;0;0;0
254493;No;654;654;92;1374;0.77;0.72;Enabled;66.38;21.92;Yes;0;0;0;0;0;0
254526;No;654;655;92;1363;0.77;0.71;Enabled;66.38;21.92;Yes;0;0;0;0;0;0
254553;No;655;655;92;1352;0.77;0.71;Enabled;66.38;21.92;Yes;0;0;0;0;0;0
254584;No;655;655;92;1342;0.77;0.71;Enabled;66.38;21.92;Yes;0;0;0;0;0;0
254614;No;655;655;92;1331;0.77;0.70;Enabled;66.38;21.92;Yes;0;0;0;0;0;0
254675;No;655;655;92;1320;0.77;0.70;Enabled;66.38;21.92;Yes;0;0;0;0;0;0
254704;No;655;655;92;1309;0.77;0.69;Enabled;66.38;21.92;Yes;0;0;0;0;0;0
254735;No;655;655;92;1298;0.77;0.69;Enabled;66.38;21.92;Yes;0;0;0;0;0;0
254764;No;655;655;92;1288;0.77;0.68;Enabled;66.38;21.92;Yes;0;0;0;0;0;0
254795;No;655;655;92;1277;0.77;0.68;Enabled;66.38;21.92;Yes;0;0;0;0;0;0
254825;No;655;655;92;1266;0.77;0.67;Enabled;66.38;21.92;Yes;0;0;0;0;0;0
254855;No;655;655;92;1256;0.76;0.67;Enabled;66.38;21.92;Yes;0;0;0;0;0;0
254885;No;655;655;92;1245;0.76;0.66;Enabled;66.38;21.92;Yes;0;0;0;0;0;0
254915;No;655;655;92;1244;0.76;0.66;Enabled;66.38;21.92;Yes;0;0;0;0;0;0
254976;No;655;655;92;1242;0.76;0.66;Enabled;66.38;21.92;Yes;0;0;0;0;0;0
255007;No;656;655;92;1242;0.76;0.66;Enabled;66.38;21.92;Yes;0;0;0;0;0;0
255035;No;656;656;92;1240;0.76;0.66;Enabled;66.38;21.92;Yes;0;0;0;0;0;0
255065;No;656;656;92;1239;0.76;0.67;Enabled;66.38;21.92;Yes;0;0;0;0;0;0
255096;No;656;656;92;1238;0.75;0.67;Enabled;66.38;21.92;Yes;0;0;0;0;0;0
255125;No;656;656;92;1237;0.75;0.67;Enabled;66.38;21.92;Yes;0;0;0;0;0;0
255155;No;656;656;93;1236;0.75;0.68;Enabled;66.38;21.92;Yes;0;0;0;0;0;0
255186;No;656;656;93;1235;0.75;0.68;Enabled;66.38;21.92;Yes;0;0;0;0;0;0
255214;No;656;656;93;1234;0.75;0.69;Enabled;66.38;21.92;Yes;0;0;0;0;0;0
255277;No;656;656;93;1232;0.75;0.69;Enabled;66.38;21.92;Yes;0;0;0;0;0;0
255303;No;656;656;93;1232;0.74;0.69;Enabled;66.38;21.92;Yes;0;0;0;0;0;0
255334;No;656;656;93;1230;0.74;0.70;Enabled;66.38;21.92;Yes;0;0;0;0;0;0
255365;No;656;656;93;1229;0.74;0.70;Enabled;66.38;21.92;Yes;0;0;0;0;0;0
255416;No;656;656;93;1228;0.74;0.70;Enabled;66.38;21.92;Yes;0;0;0;0;0;0
255453;No;656;656;93;1227;0.74;0.71;Enabled;66.38;21.92;Yes;0;0;0;0;0;0
255485;No;656;656;93;1226;0.74;0.71;Enabled;66.38;21.92;Yes;0;0;0;0;0;0
255516;No;656;656;93;1226;0.73;0.71;Enabled;66.38;21.92;Yes;0;0;0;0;0;0
255584;No;656;656;93;1226;0.70;0.72;Enabled;66.38;21.92;Yes;0;0;0;0;0;0
255605;No;656;656;93;1226;0.66;0.72;Enabled;66.38;21.92;Yes;0;0;0;0;0;0
255636;No;657;656;93;1227;0.62;0.72;Enabled;66.38;21.92;Yes;0;0;0;0;0;0
255664;No;657;657;93;1227;0.58;0.73;Enabled;66.38;21.92;Yes;0;0;0;0;0;0
255695;No;657;657;93;1227;0.54;0.73;Enabled;66.38;21.92;Yes;0;0;0;0;0;0
255726;No;657;657;93;1227;0.50;0.73;Enabled;66.38;21.92;Yes;0;0;0;0;0;0
255754;No;657;657;93;1228;0.46;0.74;Enabled;66.38;21.92;Yes;0;0;0;0;0;0
255784;No;657;657;93;1228;0.43;0.74;Enabled;66.38;21.92;Yes;0;0;0;0;0;0
255815;No;657;657;93;1228;0.39;0.74;Enabled;66.38;21.92;Yes;0;0;0;0;0;0
255874;No;657;657;93;1228;0.35;0.75;Enabled;66.38;21.92;Yes;0;0;0;0;0;0
255906;No;657;657;93;1228;0.31;0.75;Enabled;66.38;21.92;Yes;0;0;0;0;0;0
255933;No;657;657;93;1228;0.27;0.75;Enabled;66.38;21.92;Yes;0;0;0;0;0;0
255965;No;657;657;93;1228;0.23;0.76;Enabled;66.38;21.92;Yes;0;0;0;0;0;0
255995;No;657;657;93;1229;0.19;0.76;Enabled;66.38;21.92;Yes;0;0;0;0;0;0
256026;No;657;657;93;1229;0.16;0.76;Enabled;66.38;21.92;Yes;0;0;0;0;0;0
256055;No;657;657;93;1229;0.12;0.77;Enabled;66.38;21.92;Yes;0;0;0;0;0;0
256085;No;657;657;93;1228;0.08;0.77;Enabled;66.38;21.92;Yes;0;0;0;0;0;0
256113;No;657;657;93;1228;0.08;0.77;Enabled;66.38;21.92;Yes;0;0;0;0;0;0
256174;No;658;657;93;1227;0.07;0.78;Enabled;66.38;21.92;Yes;0;0;0;0;0;0
256206;No;658;658;93;1226;0.07;0.78;Enabled;66.38;21.92;Yes;0;0;0;0;0;0
256233;No;658;658;93;1226;0.07;0.78;Enabled;66.38;21.92;Yes;0;0;0;0;0;0
256264;No;658;658;93;1226;0.07;0.79;Enabled;66.38;21.92;Yes;0;0;0;0;0;0
256296;No;658;658;93;1225;0.06;0.79;Enabled;66.38;21.92;Yes;0;0;0;0;0;0
256328;No;658;658;93;1224;0.06;0.80;Enabled;66.38;21.92;Yes;0;0;0;0;0;0
256353;No;658;658;93;1224;0.06;0.80;Enabled;66.38;21.92;Yes;0;0;0;0;0;0
256384;No;658;658;93;1223;0.06;0.80;Enabled;66.38;21.92;Yes;0;0;0;0;0;0
256415;No;658;658;93;1222;0.05;0.81;Enabled;66.38;21.92;Yes;0;0;0;0;0;0
256475;No;658;658;93;1222;0.05;0.81;Enabled;66.38;21.92;Yes;0;0;0;0;0;0
256505;No;658;658;93;1221;0.05;0.82;Enabled;66.38;21.92;Yes;0;0;0;0;0;0
256535;No;658;658;93;1220;0.05;0.82;Enabled;66.38;21.92;Yes;0;0;0;0;0;0
256565;No;658;658;93;1220;0.04;0.83;Enabled;66.38;21.92;Yes;0;0;0;0;0;0
256593;No;658;658;93;1219;0.04;0.83;Enabled;66.38;21.92;Yes;0;0;0;0;0;0
256625;No;658;658;93;1219;0.04;0.83;Enabled;66.38;21.92;Yes;0;0;0;0;0;0
256653;No;658;658;93;1219;0.04;0.84;Enabled;66.38;21.92;Yes;0;0;0;0;0;0
256696;No;658;658;93;1219;0.04;0.84;Enabled;66.38;21.92;Yes;0;0;0;0;0;0
256716;No;658;658;93;1220;0.04;0.84;Enabled;66.38;21.92;Yes;0;0;0;0;0;0
256776;No;658;658;93;1220;0.05;0.83;Enabled;66.38;21.92;Yes;0;0;0;0;0;0
256804;No;658;658;93;1220;0.05;0.83;Enabled;66.38;21.92;Yes;0;0;0;0;0;0
256836;No;658;658;93;1220;0.05;0.83;Enabled;66.38;21.92;Yes;0;0;0;0;0;0
256863;No;658;658;93;1221;0.06;0.83;Enabled;66.38;21.92;Yes;0;0;0;0;0;0
256894;No;659;659;93;1221;0.06;0.82;Enabled;66.38;21.92;Yes;0;0;0;0;0;0
256924;No;659;659;93;1222;0.06;0.82;Enabled;66.38;21.92;Yes;0;0;0;0;0;0
256954;No;659;659;93;1222;0.07;0.82;Enabled;66.38;21.92;Yes;0;0;0;0;0;0
256986;No;659;659;93;1222;0.07;0.82;Enabled;66.38;21.92;Yes;0;0;0;0;0;0
257013;No;659;659;93;1222;0.07;0.81;Enabled;66.38;21.92;Yes;0;0;0;0;0;0
257076;No;659;659;93;1222;0.08;0.81;Enabled;66.38;21.92;Yes;0;0;0;0;0;0
257108;No;659;659;93;1223;0.08;0.81;Enabled;66.38;21.92;Yes;0;0;0;0;0;0
257135;No;659;659;93;1223;0.08;0.80;Enabled;66.38;21.92;Yes;0;0;0;0;0;0
257165;No;659;659;93;1224;0.09;0.80;Enabled;66.38;21.92;Yes;0;0;0;0;0;0
257196;No;659;659;93;1224;0.09;0.80;Enabled;66.38;21.92;Yes;0;0;0;0;0;0
257224;No;659;659;93;1224;0.09;0.79;Enabled;66.38;21.92;Yes;0;0;0;0;0;0
257256;No;659;659;93;1224;0.10;0.79;Enabled;66.38;21.92;Yes;0;0;0;0;0;0
257283;No;659;659;93;1224;0.10;0.76;Enabled;66.38;21.92;Yes;0;0;0;0;0;0
257316;No;659;659;93;1225;0.10;0.73;Enabled;66.38;21.92;Yes;0;0;0;0;0;0
257377;No;659;659;93;1225;0.10;0.70;Enabled;66.38;21.92;Yes;0;0;0;0;0;0
257406;No;659;659;93;1225;0.11;0.67;Enabled;66.38;21.92;Yes;0;0;0;0;0;0
257434;No;659;659;93;1226;0.11;0.64;Enabled;66.38;21.92;Yes;0;0;0;0;0;0
257465;No;659;659;93;1226;0.11;0.61;Enabled;66.38;21.92;Yes;0;0;0;0;0;0
257493;No;659;659;93;1226;0.11;0.58;Enabled;66.38;21.92;Yes;0;0;0;0;0;0
257525;No;659;659;93;1226;0.12;0.55;Enabled;66.38;21.92;Yes;0;0;0;0;0;0
257555;No;660;659;93;1226;0.12;0.52;Enabled;66.38;21.92;Yes;0;0;0;0;0;0
257583;No;660;660;93;1226;0.12;0.48;Enabled;66.38;21.92;Yes;0;0;0;0;0;0
257614;No;660;660;93;1227;0.12;0.45;Enabled;66.38;21.92;Yes;0;0;0;0;0;0
257675;No;660;660;93;1227;0.13;0.42;Enabled;66.38;21.92;Yes;0;0;0;0;0;0
257704;No;660;660;93;1227;0.13;0.39;Enabled;66.38;21.92;Yes;0;0;0;0;0;0
257734;No;660;660;93;1228;0.13;0.36;Enabled;66.38;21.92;Yes;0;0;0;0;0;0
257766;No;660;660;93;1228;0.13;0.33;Enabled;66.38;21.92;Yes;0;0;0;0;0;0
257793;No;660;660;93;1228;0.14;0.30;Enabled;66.38;21.92;Yes;0;0;0;0;0;0
257823;No;660;660;93;1228;0.14;0.27;Enabled;66.38;21.92;Yes;0;0;0;0;0;0
257855;No;660;660;93;1228;0.14;0.30;Enabled;66.38;21.92;Yes;0;0;0;0;0;0
257883;No;660;660;93;1228;0.14;0.33;Enabled;66.38;21.92;Yes;0;0;0;0;0;0
257914;No;660;660;93;1228;0.14;0.37;Enabled;66.38;21.92;Yes;0;0;0;0;0;0
257997;No;660;660;93;1228;0.14;0.40;Enabled;66.38;21.92;Yes;0;0;0;0;0;0
258034;No;660;660;93;1228;0.14;0.43;Enabled;66.38;21.92;Yes;0;0;0;0;0;0
258065;No;660;660;93;1229;0.14;0.46;Enabled;66.38;21.92;Yes;0;0;0;0;0;0
258093;No;660;660;93;1229;0.14;0.50;Enabled;66.38;21.92;Yes;0;0;0;0;0;0
258124;No;660;660;93;1229;0.15;0.53;Enabled;66.38;21.92;Yes;0;0;0;0;0;0
258154;No;660;660;93;1229;0.15;0.56;Enabled;66.38;21.92;Yes;0;0;0;0;0;0
258186;No;660;660;93;1229;0.15;0.59;Enabled;66.38;21.92;Yes;0;0;0;0;0;0
258214;No;660;660;93;1229;0.15;0.62;Enabled;66.38;21.92;Yes;0;0;0;0;0;0
258275;No;660;660;93;1230;0.15;0.66;Enabled;66.38;21.92;Yes;0;0;0;0;0;0
258306;No;660;660;93;1230;0.15;0.69;Enabled;66.38;21.92;Yes;0;0;0;0;0;0
258333;No;660;660;93;1230;0.15;0.72;Enabled;66.38;21.92;Yes;0;0;0;0;0;0
258363;No;660;660;93;1230;0.15;0.75;Enabled;66.38;21.92;Yes;0;0;0;0;0;0
258395;No;660;660;93;1230;0.15;0.78;Enabled;66.38;21.92;Yes;0;0;0;0;0;0
258423;No;660;660;93;1231;0.15;0.82;Enabled;66.38;21.92;Yes;0;0;0;0;0;0
258454;No;660;660;93;1231;0.15;0.82;Enabled;66.38;21.92;Yes;0;0;0;0;0;0
258484;No;660;660;93;1232;0.15;0.82;Enabled;66.38;21.92;Yes;0;0;0;0;0;0
258516;No;660;660;93;1232;0.14;0.82;Enabled;66.38;21.92;Yes;0;0;0;0;0;0
258576;No;660;660;93;1232;0.14;0.82;Enabled;66.38;21.92;Yes;0;0;0;0;0;0
258604;No;661;661;93;1233;0.14;0.82;Enabled;66.38;21.92;Yes;0;0;0;0;0;0
258634;No;661;661;93;1234;0.14;0.81;Enabled;66.38;21.92;Yes;0;0;0;0;0;0
258665;No;661;661;93;1234;0.13;0.81;Enabled;66.38;21.92;Yes;0;0;0;0;0;0
258695;No;661;661;93;1234;0.13;0.81;Enabled;66.38;21.92;Yes;0;0;0;0;0;0
258726;No;661;661;93;1235;0.13;0.81;Enabled;66.38;21.92;Yes;0;0;0;0;0;0
258754;No;661;661;93;1236;0.13;0.81;Enabled;66.38;21.92;Yes;0;0;0;0;0;0
258786;No;661;661;93;1236;0.12;0.81;Enabled;66.38;21.92;Yes;0;0;0;0;0;0
258814;No;661;661;93;1236;0.12;0.81;Enabled;66.38;21.92;Yes;0;0;0;0;0;0
258876;No;661;661;93;1237;0.12;0.81;Enabled;66.38;21.92;Yes;0;0;0;0;0;0
258904;No;661;661;93;1237;0.12;0.81;Enabled;66.38;21.92;Yes;0;0;0;0;0;0
258936;No;661;661;93;1238;0.12;0.81;Enabled;66.38;21.92;Yes;0;0;0;0;0;0
258964;No;661;661;93;1238;0.11;0.81;Enabled;66.38;21.92;Yes;0;0;0;0;0;0
258994;No;661;661;93;1239;0.16;0.81;Enabled;66.38;21.92;Yes;0;0;0;0;0;0
259026;No;661;661;93;1240;0.20;0.77;Enabled;66.38;21.92;Yes;0;0;0;0;0;0
259054;No;661;661;93;1241;0.24;0.73;Enabled;66.38;21.92;Yes;0;0;0;0;0;0
259082;No;661;661;93;1242;0.29;0.69;Enabled;66.38;21.92;Yes;0;0;0;0;0;0
259113;No;661;661;93;1242;0.33;0.65;Enabled;66.38;21.92;Yes;0;0;0;0;0;0
259175;No;661;661;93;1243;0.38;0.61;Enabled;66.38;21.92;Yes;0;0;0;0;0;0
259206;No;661;661;93;1244;0.42;0.57;Enabled;66.38;21.92;Yes;0;0;0;0;0;0
259233;No;661;661;93;1245;0.46;0.53;Enabled;66.38;21.92;Yes;0;0;0;0;0;0
259291;No;661;662;93;1246;0.51;0.49;Enabled;66.38;21.92;Yes;0;0;0;0;0;0
259324;No;661;662;93;1246;0.55;0.45;Enabled;66.38;21.92;Yes;0;0;0;0;0;0
259355;No;661;662;93;1247;0.59;0.41;Enabled;66.38;21.92;Yes;0;0;0;0;0;0
259384;No;662;662;93;1248;0.64;0.37;Enabled;66.38;21.92;Yes;0;0;0;0;0;0
259415;No;662;662;93;1249;0.68;0.33;Enabled;66.38;21.92;Yes;0;0;0;0;0;0
259475;No;662;662;93;1250;0.72;0.29;Enabled;66.38;21.92;Yes;0;0;0;0;0;0
259507;No;662;662;93;1250;0.77;0.24;Enabled;66.38;21.92;Yes;0;0;0;0;0;0
259534;No;662;662;93;1251;0.81;0.20;Enabled;66.38;21.92;Yes;0;0;0;0;0;0
259565;No;662;662;93;1252;0.86;0.16;Enabled;66.38;21.92;Yes;0;0;0;0;0;0
259593;No;662;662;93;1252;0.85;0.12;Enabled;66.38;21.92;Yes;0;0;0;0;0;0
259624;No;662;662;93;1252;0.85;0.14;Enabled;66.38;21.92;Yes;0;0;0;0;0;0
259652;No;662;662;93;1252;0.85;0.17;Enabled;66.38;21.92;Yes;0;0;0;0;0;0
259684;No;662;662;93;1253;0.85;0.19;Enabled;66.38;21.92;Yes;0;0;0;0;0;0
259715;No;662;662;93;1253;0.84;0.21;Enabled;66.38;21.92;Yes;0;0;0;0;0;0
259774;No;662;662;93;1254;0.84;0.23;Enabled;66.38;21.92;Yes;0;0;0;0;0;0
259805;No;662;662;93;1254;0.84;0.25;Enabled;66.38;21.92;Yes;0;0;0;0;0;0
259833;No;662;662;93;1254;0.84;0.27;Enabled;66.38;21.92;Yes;0;0;0;0;0;0
259866;No;662;662;93;1254;0.83;0.29;Enabled;66.38;21.92;Yes;0;0;0;0;0;0
259893;No;662;662;93;1255;0.83;0.32;Enabled;66.38;21.92;Yes;0;0;0;0;0;0
259926;No;662;662;93;1255;0.83;0.34;Enabled;66.38;21.92;Yes;0;0;0;0;0;0
259955;No;662;662;93;1256;0.83;0.36;Enabled;66.38;21.92;Yes;0;0;0;0;0;0
259983;No;662;662;93;1256;0.83;0.38;Enabled;66.38;21.92;Yes;0;0;0;0;0;0
260015;No;662;662;93;1256;0.82;0.40;Enabled;66.38;21.92;Yes;0;0;0;0;0;0
260075;No;662;662;93;1256;0.82;0.42;Enabled;66.38;21.92;Yes;0;0;0;0;0;0
260107;No;662;662;93;1257;0.82;0.45;Enabled;66.38;21.92;Yes;0;0;0;0;0;0
260134;No;662;662;93;1257;0.82;0.47;Enabled;66.38;21.92;Yes;0;0;0;0;0;0
260163;No;663;662;93;1257;0.77;0.49;Enabled;66.38;21.92;Yes;0;0;0;0;0;0
260195;No;663;663;93;1258;0.73;0.51;Enabled;66.38;21.92;Yes;0;0;0;0;0;0
260224;No;663;663;93;1258;0.69;0.53;Enabled;66.38;21.92;Yes;0;0;0;0;0;0
260253;No;663;663;93;1258;0.64;0.54;Enabled;66.38;21.92;Yes;0;0;0;0;0;0
260284;No;663;663;93;1258;0.60;0.56;Enabled;66.38;21.92;Yes;0;0;0;0;0;0
260314;No;663;663;93;1259;0.55;0.58;Enabled;66.38;21.92;Yes;0;0;0;0;0;0
260379;No;663;663;93;1259;0.51;0.60;Enabled;66.38;21.92;Yes;0;0;0;0;0;0
260404;No;663;663;93;1260;0.47;0.62;Enabled;66.38;21.92;Yes;0;0;0;0;0;0
260435;No;663;663;93;1260;0.42;0.63;Enabled;66.38;21.92;Yes;0;0;0;0;0;0
260465;No;663;663;93;1260;0.38;0.65;Enabled;66.38;21.92;Yes;0;0;0;0;0;0
260495;No;663;663;93;1260;0.34;0.67;Enabled;66.38;21.92;Yes;0;0;0;0;0;0
260536;No;663;663;93;1261;0.29;0.69;Enabled;66.38;21.92;Yes;0;0;0;0;0;0
260556;No;663;663;93;1261;0.25;0.71;Enabled;66.38;21.92;Yes;0;0;0;0;0;0
260584;No;663;663;93;1262;0.21;0.72;Enabled;66.38;21.92;Yes;0;0;0;0;0;0
260615;No;663;663;93;1262;0.16;0.74;Enabled;66.38;21.92;Yes;0;0;0;0;0;0
260675;No;663;663;93;1262;0.12;0.76;Enabled;66.38;21.92;Yes;0;0;0;0;0;0
260707;No;663;663;93;1262;0.07;0.78;Enabled;66.38;21.92;Yes;0;0;0;0;0;0
260735;No;663;663;93;1263;0.10;0.80;Enabled;66.38;21.92;Yes;0;0;0;0;0;0
260763;No;663;663;93;1263;0.14;0.77;Enabled;66.38;21.92;Yes;0;0;0;0;0;0
260794;No;664;664;93;1264;0.17;0.74;Enabled;66.38;21.92;Yes;0;0;0;0;0;0
260825;No;664;664;93;1264;0.20;0.71;Enabled;66.38;21.92;Yes;0;0;0;0;0;0
260854;No;664;664;93;1264;0.23;0.68;Enabled;66.38;21.92;Yes;0;0;0;0;0;0
260884;No;664;664;93;1265;0.26;0.65;Enabled;66.38;21.92;Yes;0;0;0;0;0;0
260915;No;664;664;93;1266;0.29;0.62;Enabled;66.38;21.92;Yes;0;0;0;0;0;0
260976;No;664;664;93;1266;0.32;0.59;Enabled;66.38;21.92;Yes;0;0;0;0;0;0
261006;No;664;664;93;1266;0.35;0.56;Enabled;66.38;21.92;Yes;0;0;0;0;0;0
261033;No;664;664;93;1267;0.38;0.53;Enabled;66.38;21.92;Yes;0;0;0;0;0;0
261064;No;664;664;93;1267;0.41;0.50;Enabled;66.38;21.92;Yes;0;0;0;0;0;0
261094;No;664;664;93;1268;0.44;0.47;Enabled;66.38;21.92;Yes;0;0;0;0;0;0
261126;No;664;664;93;1268;0.47;0.45;Enabled;66.38;21.92;Yes;0;0;0;0;0;0
261155;No;664;664;93;1268;0.50;0.42;Enabled;66.38;21.92;Yes;0;0;0;0;0;0
261183;No;664;664;93;1269;0.54;0.39;Enabled;66.38;21.92;Yes;0;0;0;0;0;0
261213;No;664;664;93;1269;0.57;0.36;Enabled;66.38;21.92;Yes;0;0;0;0;0;0
261275;No;664;664;93;1270;0.60;0.33;Enabled;66.38;21.92;Yes;0;0;0;0;0;0
261304;No;664;664;93;1270;0.61;0.30;Enabled;66.38;21.92;Yes;0;0;0;0;0;0
261334;No;664;664;93;1270;0.63;0.29;Enabled;66.38;21.92;Yes;0;0;0;0;0;0
261365;No;664;664;93;1270;0.64;0.27;Enabled;66.38;21.92;Yes;0;0;0;0;0;0
261395;No;664;664;93;1271;0.66;0.26;Enabled;66.38;21.92;Yes;0;0;0;0;0;0
261425;No;664;664;93;1271;0.68;0.25;Enabled;66.38;21.92;Yes;0;0;0;0;0;0
261453;No;664;664;93;1272;0.69;0.24;Enabled;66.38;21.92;Yes;0;0;0;0;0;0
261484;No;664;664;94;1272;0.71;0.22;Enabled;66.38;21.92;Yes;0;0;0;0;0;0
261514;No;664;664;94;1272;0.73;0.21;Enabled;66.38;21.92;Yes;0;0;0;0;0;0
261577;No;664;664;94;1272;0.74;0.20;Enabled;66.38;21.92;Yes;0;0;0;0;0;0
261607;No;665;664;94;1273;0.76;0.19;Enabled;66.38;21.92;Yes;0;0;0;0;0;0
261635;No;665;665;94;1273;0.77;0.18;Enabled;66.38;21.92;Yes;0;0;0;0;0;0
261664;No;665;665;94;1273;0.79;0.16;Enabled;66.38;21.92;Yes;0;0;0;0;0;0
261692;No;665;665;94;1274;0.81;0.15;Enabled;66.38;21.92;Yes;0;0;0;0;0;0
261723;No;665;665;94;1274;0.82;0.14;Enabled;66.38;21.92;Yes;0;0;0;0;0;0
261755;No;665;665;94;1274;0.84;0.13;Enabled;66.38;21.92;Yes;0;0;0;0;0;0
261786;No;665;665;94;1274;0.85;0.11;Enabled;66.38;21.92;Yes;0;0;0;0;0;0
261819;No;665;665;94;1275;0.87;0.10;Enabled;66.38;21.92;Yes;0;0;0;0;0;0
261876;No;665;665;94;1276;0.87;0.09;Enabled;66.38;21.92;Yes;0;0;0;0;0;0
261904;No;665;665;94;1276;0.86;0.13;Enabled;66.38;21.92;Yes;0;0;0;0;0;0
261933;No;665;665;94;1277;0.86;0.17;Enabled;66.38;21.92;Yes;0;0;0;0;0;0
261964;No;665;665;94;1277;0.86;0.21;Enabled;66.38;21.92;Yes;0;0;0;0;0;0
261994;No;665;665;94;1278;0.86;0.25;Enabled;66.38;21.92;Yes;0;0;0;0;0;0
262022;No;665;665;94;1278;0.85;0.29;Enabled;66.38;21.92;Yes;0;0;0;0;0;0
262054;No;665;665;94;1279;0.85;0.33;Enabled;66.38;21.92;Yes;0;0;0;0;0;0
262085;No;665;665;94;1280;0.85;0.37;Enabled;66.38;21.92;Yes;0;0;0;0;0;0
262113;No;665;665;94;1280;0.84;0.41;Enabled;66.38;21.92;Yes;0;0;0;0;0;0
262175;No;665;665;94;1281;0.84;0.45;Enabled;66.38;21.92;Yes;0;0;0;0;0;0
262207;No;665;665;94;1282;0.84;0.49;Enabled;66.38;21.92;Yes;0;0;0;0;0;0
262235;No;666;665;94;1282;0.84;0.53;Enabled;66.38;21.92;Yes;0;0;0;0;0;0
262264;No;666;666;94;1282;0.83;0.57;Enabled;66.38;21.92;Yes;0;0;0;0;0;0
262295;No;666;666;94;1283;0.83;0.61;Enabled;66.38;21.92;Yes;0;0;0;0;0;0
262325;No;666;666;94;1284;0.83;0.65;Enabled;66.38;21.92;Yes;0;0;0;0;0;0
262357;No;666;666;94;1284;0.82;0.69;Enabled;66.38;21.92;Yes;0;0;0;0;0;0
262385;No;666;666;94;1284;0.82;0.73;Enabled;66.38;21.92;Yes;0;0;0;0;0;0
262413;No;666;666;94;1284;0.82;0.77;Enabled;66.38;21.92;Yes;0;0;0;0;0;0
262476;No;666;666;94;1284;0.82;0.78;Enabled;66.38;21.92;Yes;0;0;0;0;0;0
262505;No;666;666;94;1284;0.81;0.78;Enabled;66.38;21.92;Yes;0;0;0;0;0;0
262533;No;666;666;94;1284;0.81;0.78;Enabled;66.38;21.92;Yes;0;0;0;0;0;0
262564;No;666;666;94;1284;0.81;0.78;Enabled;66.38;21.92;Yes;0;0;0;0;0;0
262595;No;666;666;94;1284;0.81;0.79;Enabled;66.38;21.92;Yes;0;0;0;0;0;0
262625;No;666;666;94;1284;0.81;0.79;Enabled;66.38;21.92;Yes;0;0;0;0;0;0
262653;No;666;666;94;1284;0.80;0.79;Enabled;66.38;21.92;Yes;0;0;0;0;0;0
262684;No;666;666;94;1284;0.80;0.80;Enabled;66.38;21.92;Yes;0;0;0;0;0;0
262716;No;666;666;94;1284;0.80;0.80;Enabled;66.38;21.92;Yes;0;0;0;0;0;0
262776;No;666;666;94;1283;0.80;0.80;Enabled;66.38;21.92;Yes;0;0;0;0;0;0
262804;No;666;666;94;1283;0.79;0.80;Enabled;66.38;21.92;Yes;0;0;0;0;0;0
262834;No;666;666;94;1283;0.79;0.81;Enabled;66.38;21.92;Yes;0;0;0;0;0;0
262865;No;666;666;94;1283;0.79;0.81;Enabled;66.38;21.92;Yes;0;0;0;0;0;0
262895;No;666;666;94;1283;0.79;0.81;Enabled;66.38;21.92;Yes;0;0;0;0;0;0
262923;No;666;666;94;1283;0.78;0.82;Enabled;66.38;21.92;Yes;0;0;0;0;0;0
262955;No;666;666;94;1284;0.78;0.82;Enabled;66.38;21.92;Yes;0;0;0;0;0;0
262983;No;666;666;94;1284;0.79;0.82;Enabled;66.38;21.92;Yes;0;0;0;0;0;0
263015;No;666;666;94;1285;0.80;0.82;Enabled;66.38;21.92;Yes;0;0;0;0;0;0
263047;No;666;666;94;1286;0.80;0.81;Enabled;66.38;21.92;Yes;0;0;0;0;0;0
263097;No;667;667;94;1286;0.81;0.81;Enabled;66.38;21.92;Yes;0;0;0;0;0;0
263133;No;667;667;94;1287;0.82;0.81;Enabled;66.38;21.92;Yes;0;0;0;0;0;0
263163;No;667;667;94;1288;0.82;0.80;Enabled;66.38;21.92;Yes;0;0;0;0;0;0
263195;No;667;667;94;1289;0.83;0.80;Enabled;66.38;21.92;Yes;0;0;0;0;0;0
263223;No;667;667;94;1289;0.83;0.79;Enabled;66.38;21.92;Yes;0;0;0;0;0;0
263255;No;667;667;94;1290;0.84;0.79;Enabled;66.38;21.92;Yes;0;0;0;0;0;0
263283;No;667;667;94;1291;0.85;0.79;Enabled;66.38;21.92;Yes;0;0;0;0;0;0
263314;No;667;667;94;1292;0.85;0.78;Enabled;66.38;21.92;Yes;0;0;0;0;0;0
263376;No;667;667;94;1292;0.86;0.78;Enabled;66.38;21.92;Yes;0;0;0;0;0;0
263404;No;667;667;94;1293;0.87;0.77;Enabled;66.38;21.92;Yes;0;0;0;0;0;0
263435;No;667;667;94;1294;0.88;0.77;Enabled;66.38;21.92;Yes;0;0;0;0;0;0
263464;No;667;667;94;1294;0.88;0.76;Enabled;66.38;21.92;Yes;0;0;0;0;0;0
263494;No;667;667;94;1295;0.89;0.76;Enabled;66.38;21.92;Yes;0;0;0;0;0;0
263523;No;667;667;94;1296;0.89;0.76;Enabled;66.38;21.92;Yes;0;0;0;0;0;0
263553;No;667;667;94;1296;0.89;0.75;Enabled;66.38;21.92;Yes;0;0;0;0;0;0
263587;No;667;667;94;1296;0.89;0.76;Enabled;66.38;21.92;Yes;0;0;0;0;0;0
263613;No;667;667;94;1297;0.89;0.76;Enabled;66.38;21.92;Yes;0;0;0;0;0;0
263677;No;667;667;94;1297;0.89;0.76;Enabled;66.38;21.92;Yes;0;0;0;0;0;0
263705;No;667;667;94;1298;0.89;0.77;Enabled;66.38;21.92;Yes;0;0;0;0;0;0
263735;No;667;667;94;1298;0.88;0.77;Enabled;66.38;21.92;Yes;0;0;0;0;0;0
263764;No;667;667;94;1298;0.88;0.77;Enabled;66.38;21.92;Yes;0;0;0;0;0;0
263794;No;667;667;94;1299;0.88;0.78;Enabled;66.38;21.92;Yes;0;0;0;0;0;0
263825;No;667;667;94;1299;0.88;0.78;Enabled;66.38;21.92;Yes;0;0;0;0;0;0
263854;No;667;667;94;1300;0.88;0.78;Enabled;66.38;21.92;Yes;0;0;0;0;0;0
263889;No;667;667;94;1300;0.88;0.78;Enabled;66.38;21.92;Yes;0;0;0;0;0;0
263917;No;668;667;94;1300;0.87;0.79;Enabled;66.38;21.92;Yes;0;0;0;0;0;0
263977;No;668;668;94;1301;0.87;0.79;Enabled;66.38;21.92;Yes;0;0;0;0;0;0
264006;No;668;668;94;1302;0.87;0.79;Enabled;66.38;21.92;Yes;0;0;0;0;0;0
264033;No;668;668;94;1302;0.87;0.80;Enabled;66.38;21.92;Yes;0;0;0;0;0;0
264064;No;668;668;94;1302;0.87;0.80;Enabled;66.38;21.92;Yes;0;0;0;0;0;0
264095;No;668;668;94;1303;0.87;0.80;Enabled;66.38;21.92;Yes;0;0;0;0;0;0
264122;No;668;668;94;1303;0.86;0.81;Enabled;66.38;21.92;Yes;0;0;0;0;0;0
264154;No;668;668;94;1304;0.86;0.81;Enabled;66.38;21.92;Yes;0;0;0;0;0;0
264183;No;668;668;94;1304;0.86;0.81;Enabled;66.38;21.92;Yes;0;0;0;0;0;0
264215;No;668;668;94;1304;0.86;0.82;Enabled;66.38;21.92;Yes;0;0;0;0;0;0
264276;No;668;668;94;1305;0.85;0.82;Enabled;66.38;21.92;Yes;0;0;0;0;0;0
264305;No;668;668;94;1306;0.85;0.83;Enabled;66.38;21.92;Yes;0;0;0;0;0;0
264333;No;668;668;94;1306;0.85;0.83;Enabled;66.38;21.92;Yes;0;0;0;0;0;0
264376;No;668;668;94;1306;0.85;0.83;Enabled;66.38;21.92;Yes;0;0;0;0;0;0
264393;No;668;668;94;1307;0.84;0.84;Enabled;66.38;21.92;Yes;0;0;0;0;0;0
264425;No;668;668;94;1308;0.84;0.84;Enabled;66.38;21.92;Yes;0;0;0;0;0;0
264455;No;668;668;94;1308;0.84;0.85;Enabled;66.38;21.92;Yes;0;0;0;0;0;0
264487;No;668;668;94;1308;0.84;0.85;Enabled;66.38;21.92;Yes;0;0;0;0;0;0
264515;No;668;668;94;1309;0.83;0.85;Enabled;66.38;21.92;Yes;0;0;0;0;0;0
264543;No;668;668;94;1309;0.83;0.86;Enabled;66.38;21.92;Yes;0;0;0;0;0;0
264605;No;668;668;94;1310;0.83;0.86;Enabled;66.38;21.92;Yes;0;0;0;0;0;0
264636;No;668;668;94;1310;0.83;0.87;Enabled;66.38;21.92;Yes;0;0;0;0;0;0
264663;No;668;668;94;1310;0.83;0.87;Enabled;66.38;21.92;Yes;0;0;0;0;0;0
264695;No;668;668;94;1310;0.83;0.88;Enabled;66.38;21.92;Yes;0;0;0;0;0;0
264726;No;668;668;94;1310;0.83;0.87;Enabled;66.38;21.92;Yes;0;0;0;0;0;0
264753;No;668;668;94;1310;0.83;0.87;Enabled;66.38;21.92;Yes;0;0;0;0;0;0
264785;No;668;668;94;1310;0.83;0.87;Enabled;66.38;21.92;Yes;0;0;0;0;0;0
264814;No;668;668;94;1310;0.84;0.87;Enabled;66.38;21.92;Yes;0;0;0;0;0;0
264875;No;668;668;94;1310;0.84;0.86;Enabled;66.38;21.92;Yes;0;0;0;0;0;0
264904;No;668;668;94;1310;0.84;0.86;Enabled;66.38;21.92;Yes;0;0;0;0;0;0
264936;No;668;668;94;1310;0.84;0.86;Enabled;66.38;21.92;Yes;0;0;0;0;0;0
264967;No;668;668;94;1310;0.85;0.86;Enabled;66.38;21.92;Yes;0;0;0;0;0;0
264996;No;668;668;94;1310;0.85;0.85;Enabled;66.38;21.92;Yes;0;0;0;0;0;0
265025;No;668;668;94;1310;0.85;0.85;Enabled;66.38;21.92;Yes;0;0;0;0;0;0
265054;No;668;668;94;1310;0.85;0.85;Enabled;66.38;21.92;Yes;0;0;0;0;0;0
265088;No;668;668;94;1310;0.86;0.85;Enabled;66.38;21.92;Yes;0;0;0;0;0;0
265116;No;668;668;94;1310;0.86;0.84;Enabled;66.38;21.92;Yes;0;0;0;0;0;0
265143;No;669;668;94;1310;0.86;0.84;Enabled;66.38;21.92;Yes;0;0;0;0;0;0
265205;No;669;669;94;1310;0.86;0.84;Enabled;66.38;21.92;Yes;0;0;0;0;0;0
265233;No;669;669;94;1309;0.87;0.84;Enabled;66.38;21.92;Yes;0;0;0;0;0;0
265262;No;669;669;94;1309;0.87;0.84;Enabled;66.38;21.92;Yes;0;0;0;0;0;0
265293;No;669;669;94;1309;0.87;0.83;Enabled;66.38;21.92;Yes;0;0;0;0;0;0
265327;No;669;669;94;1309;0.87;0.83;Enabled;66.38;21.92;Yes;0;0;0;0;0;0
265356;No;669;669;94;1308;0.87;0.83;Enabled;66.38;21.92;Yes;0;0;0;0;0;0
265384;No;669;669;94;1308;0.87;0.83;Enabled;66.38;21.92;Yes;0;0;0;0;0;0
265417;No;669;669;94;1308;0.87;0.83;Enabled;66.38;21.92;Yes;0;0;0;0;0;0
265476;No;669;669;94;1308;0.87;0.83;Enabled;66.38;21.92;Yes;0;0;0;0;0;0
265505;No;669;669;94;1308;0.87;0.83;Enabled;66.38;21.92;Yes;0;0;0;0;0;0
265535;No;669;669;94;1308;0.87;0.83;Enabled;66.38;21.92;Yes;0;0;0;0;0;0
265564;No;669;669;94;1308;0.87;0.83;Enabled;66.38;21.92;Yes;0;0;0;0;0;0
265595;No;669;669;94;1307;0.87;0.82;Enabled;66.38;21.92;Yes;0;0;0;0;0;0
265623;No;669;669;94;1307;0.87;0.82;Enabled;66.38;21.92;Yes;0;0;0;0;0;0
265658;No;669;669;94;1307;0.87;0.82;Enabled;66.38;21.92;Yes;0;0;0;0;0;0
265685;No;669;669;94;1307;0.87;0.82;Enabled;66.38;21.92;Yes;0;0;0;0;0;0
265714;No;669;669;94;1306;0.87;0.82;Enabled;66.38;21.92;Yes;0;0;0;0;0;0
265776;No;669;669;94;1306;0.87;0.82;Enabled;66.38;21.92;Yes;0;0;0;0;0;0
265805;No;669;669;94;1306;0.87;0.82;Enabled;66.38;21.92;Yes;0;0;0;0;0;0
265833;No;669;669;94;1306;0.87;0.82;Enabled;66.38;21.92;Yes;0;0;0;0;0;0
265865;No;669;669;94;1306;0.87;0.82;Disabled;66.38;21.92;Yes;0;0;0;0;0;0
265893;No;669;669;94;1306;0.87;0.81;Disabled;66.38;21.92;Yes;0;0;0;0;0;0
265923;No;669;669;94;1306;0.87;0.81;Disabled;66.38;21.92;Yes;0;0;0;0;0;0
265955;No;669;669;94;1306;0.86;0.81;Disabled;66.38;21.92;Yes;0;0;0;0;0;0
265986;No;669;669;94;1306;0.86;0.81;Disabled;66.38;21.92;Yes;0;0;0;0;0;0
266012;No;669;669;94;1306;0.86;0.81;Disabled;66.38;21.92;Yes;0;0;0;0;0;0
266043;No;669;669;94;1306;0.86;0.81;Disabled;66.38;21.92;Yes;0;0;0;0;0;0
266107;No;669;669;94;1306;0.86;0.81;Disabled;66.38;21.92;Yes;0;0;0;0;0;0
266134;No;669;669;94;1306;0.86;0.81;Disabled;66.38;21.92;Yes;0;0;0;0;0;0
266166;No;669;669;94;1306;0.86;0.81;Disabled;66.38;21.92;Yes;0;0;0;0;0;0
266193;No;669;670;94;1306;0.86;0.81;Disabled;66.38;21.92;Yes;0;0;0;0;0;0
266224;No;669;670;94;1306;0.86;0.81;Disabled;66.38;21.92;Yes;0;0;0;0;0;0
266253;No;669;670;94;1306;0.85;0.81;Disabled;66.38;21.92;Yes;0;0;0;0;0;0
266284;No;669;670;94;1306;0.85;0.80;Disabled;66.38;21.92;Yes;0;0;0;0;0;0
266314;No;669;670;94;1306;0.85;0.80;Disabled;66.38;21.92;Yes;0;0;0;0;0;0
266342;No;669;670;94;1306;0.85;0.80;Disabled;66.38;21.92;Yes;0;0;0;0;0;0
266406;No;670;670;94;1306;0.85;0.80;Disabled;66.38;21.92;Yes;0;0;0;0;0;0
266435;No;670;670;94;1306;0.85;0.80;Enabled;66.38;21.92;Yes;0;0;0;0;0;0
266463;No;670;670;94;1306;0.85;0.80;Enabled;66.38;21.92;Yes;0;0;0;0;0;0
266494;No;670;670;94;1306;0.85;0.80;Enabled;66.38;21.92;Yes;0;0;0;0;0;0
266524;No;670;670;94;1307;0.84;0.80;Enabled;66.38;21.92;Yes;0;0;0;0;0;0
266555;No;670;670;94;1307;0.84;0.80;Enabled;66.38;21.92;Yes;0;0;0;0;0;0
266584;No;670;670;95;1307;0.84;0.80;Enabled;66.38;21.92;Yes;0;0;0;0;0;0
266614;No;670;670;95;1307;0.84;0.80;Enabled;66.38;21.92;Yes;0;0;0;0;0;0
266678;No;670;670;95;1307;0.84;0.80;Enabled;66.38;21.92;Yes;0;0;0;0;0;0
266707;No;670;670;95;1307;0.84;0.80;Enabled;66.38;21.92;Yes;0;0;0;0;0;0
266734;No;670;670;95;1308;0.84;0.80;Enabled;66.38;21.92;Yes;0;0;0;0;0;0
266764;No;670;670;95;1308;0.84;0.80;Enabled;66.38;21.92;Yes;0;0;0;0;0;0
266795;No;670;670;95;1308;0.84;0.79;Enabled;66.38;21.92;Yes;0;0;0;0;0;0
266827;No;670;670;95;1308;0.83;0.79;Enabled;66.38;21.92;Yes;0;0;0;0;0;0
266854;No;670;670;95;1308;0.83;0.79;Enabled;66.38;21.92;Yes;0;0;0;0;0;0
266884;No;670;670;95;1308;0.83;0.79;Enabled;66.38;21.92;Yes;0;0;0;0;0;0
266937;No;670;670;95;1308;0.83;0.79;Enabled;66.38;21.92;Yes;0;0;0;0;0;0
267004;No;670;670;95;1307;0.83;0.79;Enabled;66.38;21.92;Yes;0;0;0;0;0;0
267033;No;670;670;95;1306;0.83;0.79;Enabled;66.38;21.92;Yes;0;0;0;0;0;0
267064;No;670;670;95;1306;0.83;0.79;Enabled;66.38;21.92;Yes;0;0;0;0;0;0
267095;No;670;670;95;1305;0.83;0.79;Enabled;66.38;21.92;Yes;0;0;0;0;0;0
267125;No;670;670;95;1304;0.83;0.79;Enabled;66.38;21.92;Yes;0;0;0;0;0;0
267155;No;670;670;95;1304;0.82;0.79;Enabled;66.38;21.92;Yes;0;0;0;0;0;0
267185;No;670;670;95;1303;0.82;0.79;Enabled;66.38;21.92;Yes;0;0;0;0;0;0
267213;No;670;670;95;1302;0.82;0.79;Enabled;66.38;21.92;Yes;0;0;0;0;0;0
267278;No;670;670;95;1301;0.82;0.79;Enabled;66.38;21.92;Yes;0;0;0;0;0;0
267307;No;670;670;95;1301;0.82;0.79;Enabled;66.38;21.92;Yes;0;0;0;0;0;0
267335;No;670;670;95;1300;0.82;0.79;Enabled;66.38;21.92;Yes;0;0;0;0;0;0
267363;No;670;670;95;1299;0.82;0.79;Enabled;66.38;21.92;Yes;0;0;0;0;0;0
267394;No;670;670;95;1298;0.82;0.79;Enabled;66.38;21.92;Yes;0;0;0;0;0;0
267424;No;670;670;95;1298;0.82;0.78;Enabled;66.38;21.92;Yes;0;0;0;0;0;0
267454;No;670;670;95;1297;0.81;0.78;Enabled;66.38;21.92;Yes;0;0;0;0;0;0
267484;No;670;670;95;1296;0.81;0.78;Enabled;66.38;21.92;Yes;0;0;0;0;0;0
267514;No;670;670;95;1297;0.81;0.78;Enabled;66.38;21.92;Yes;0;0;0;0;0;0
267578;No;670;670;95;1298;0.81;0.78;Enabled;66.38;21.92;Yes;0;0;0;0;0;0
267607;No;670;670;95;1298;0.81;0.78;Enabled;66.38;21.92;Yes;0;0;0;0;0;0
267634;No;670;670;95;1299;0.81;0.78;Enabled;66.38;21.92;Yes;0;0;0;0;0;0
267663;No;670;670;95;1299;0.81;0.78;Enabled;66.38;21.92;Yes;0;0;0;0;0;0
267694;No;670;670;95;1300;0.81;0.78;Enabled;66.38;21.92;Yes;0;0;0;0;0;0
267724;No;670;670;95;1300;0.81;0.78;Enabled;66.38;21.92;Yes;0;0;0;0;0;0
267754;No;670;670;95;1301;0.81;0.78;Enabled;66.38;21.92;Yes;0;0;0;0;0;0
267784;No;670;670;95;1302;0.81;0.78;Enabled;66.38;21.92;Yes;0;0;0;0;0;0
267815;No;670;670;95;1302;0.81;0.78;Enabled;66.38;21.92;Yes;0;0;0;0;0;0
267878;No;670;670;95;1302;0.81;0.78;Enabled;66.38;21.92;Yes;0;0;0;0;0;0
267907;No;670;670;95;1303;0.81;0.78;Enabled;66.38;21.92;Yes;0;0;0;0;0;0
267933;No;670;670;95;1304;0.81;0.78;Enabled;66.38;21.92;Yes;0;0;0;0;0;0
267964;No;670;670;95;1304;0.81;0.78;Enabled;66.38;21.92;Yes;0;0;0;0;0;0
267995;No;670;670;95;1305;0.81;0.78;Enabled;66.38;21.92;Yes;0;0;0;0;0;0
268025;No;670;670;95;1305;0.81;0.78;Enabled;66.38;21.92;Yes;0;0;0;0;0;0
268058;No;670;670;95;1306;0.81;0.78;Enabled;66.38;21.92;Yes;0;0;0;0;0;0
268085;No;670;670;95;1306;0.81;0.78;Enabled;66.38;21.92;Yes;0;0;0;0;0;0
268113;No;670;670;95;1305;0.81;0.78;Enabled;66.38;21.92;Yes;0;0;0;0;0;0
268178;No;670;670;95;1305;0.81;0.78;Enabled;66.38;21.92;Yes;0;0;0;0;0;0
268216;No;670;670;95;1304;0.80;0.78;Enabled;66.38;21.92;Yes;0;0;0;0;0;0
268232;No;670;670;95;1304;0.80;0.78;Enabled;66.38;21.92;Yes;0;0;0;0;0;0
268263;No;670;670;95;1304;0.80;0.78;Enabled;66.38;21.92;Yes;0;0;0;0;0;0
268295;No;670;670;95;1304;0.80;0.78;Enabled;66.38;21.92;Yes;0;0;0;0;0;0
268325;No;670;670;95;1303;0.80;0.78;Enabled;66.38;21.92;Yes;0;0;0;0;0;0
268354;No;670;670;95;1303;0.80;0.78;Enabled;66.38;21.92;Yes;0;0;0;0;0;0
268385;No;669;670;95;1302;0.80;0.78;Enabled;66.38;21.92;Yes;0;0;0;0;0;0
268413;No;669;669;95;1302;0.80;0.77;Enabled;66.38;21.92;Yes;0;0;0;0;0;0
268477;No;669;669;95;1302;0.80;0.77;Enabled;66.38;21.92;Yes;0;0;0;0;0;0
268505;No;669;669;95;1301;0.80;0.77;Enabled;66.38;21.92;Yes;0;0;0;0;0;0
268537;No;669;669;95;1301;0.80;0.77;Enabled;66.38;21.92;Yes;0;0;0;0;0;0
268564;No;669;669;95;1301;0.80;0.77;Enabled;66.38;21.92;Yes;0;0;0;0;0;0
268594;No;669;669;95;1300;0.80;0.77;Enabled;66.38;21.92;Yes;0;0;0;0;0;0
268625;No;669;669;95;1300;0.80;0.77;Enabled;66.38;21.92;Yes;0;0;0;0;0;0
268653;No;669;669;95;1300;0.80;0.77;Enabled;66.38;21.92;Yes;0;0;0;0;0;0
268684;No;669;669;95;1299;0.80;0.77;Enabled;66.38;21.92;Yes;0;0;0;0;0;0
268714;No;669;669;95;1299;0.80;0.77;Enabled;66.38;21.92;Yes;0;0;0;0;0;0
268778;No;669;669;95;1299;0.79;0.77;Enabled;66.38;21.92;Yes;0;0;0;0;0;0
268807;No;669;669;95;1298;0.79;0.77;Enabled;66.38;21.92;Yes;0;0;0;0;0;0
268835;No;669;669;95;1298;0.79;0.77;Enabled;66.38;21.92;Yes;0;0;0;0;0;0
268865;No;669;669;95;1298;0.79;0.77;Enabled;66.38;21.92;Yes;0;0;0;0;0;0
268895;No;669;669;95;1298;0.79;0.77;Enabled;66.38;21.92;Yes;0;0;0;0;0;0
268926;No;669;669;95;1297;0.79;0.77;Enabled;66.38;21.92;Yes;0;0;0;0;0;0
268953;No;669;669;95;1297;0.79;0.77;Enabled;66.38;21.92;Yes;0;0;0;0;0;0
268986;No;669;669;95;1296;0.79;0.77;Enabled;66.38;21.92;Yes;0;0;0;0;0;0
269013;No;669;669;95;1296;0.79;0.77;Enabled;66.38;21.92;Yes;0;0;0;0;0;0
269078;No;669;669;95;1296;0.79;0.77;Enabled;66.38;21.92;Yes;0;0;0;0;0;0
269104;No;669;669;95;1296;0.79;0.77;Enabled;66.38;21.92;Yes;0;0;0;0;0;0
269135;No;669;669;95;1295;0.79;0.77;Enabled;66.38;21.92;Yes;0;0;0;0;0;0
269165;No;669;669;95;1295;0.79;0.77;Enabled;66.38;21.92;Yes;0;0;0;0;0;0
269192;No;669;669;95;1294;0.79;0.77;Enabled;66.38;21.92;Yes;0;0;0;0;0;0
269223;No;669;669;95;1295;0.79;0.77;Enabled;66.38;21.92;Yes;0;0;0;0;0;0
269254;No;669;669;95;1295;0.79;0.77;Enabled;66.38;21.92;Yes;0;0;0;0;0;0
269285;No;669;669;95;1295;0.79;0.77;Enabled;66.38;21.92;Yes;0;0;0;0;0;0
269315;No;669;669;95;1296;0.79;0.77;Enabled;66.38;21.92;Yes;0;0;0;0;0;0
269377;No;669;669;95;1296;0.79;0.77;Enabled;66.38;21.92;Yes;0;0;0;0;0;0
269406;No;669;669;95;1296;0.78;0.77;Enabled;66.38;21.92;Yes;0;0;0;0;0;0
269435;No;669;669;95;1296;0.78;0.77;Enabled;66.38;21.92;Yes;0;0;0;0;0;0
269464;No;669;669;95;1296;0.78;0.77;Enabled;66.38;21.92;Yes;0;0;0;0;0;0
269498;No;669;669;95;1297;0.78;0.77;Enabled;66.38;21.92;Yes;0;0;0;0;0;0
269524;No;669;669;95;1297;0.78;0.77;Enabled;66.38;21.92;Yes;0;0;0;0;0;0
269552;No;669;669;95;1297;0.78;0.76;Enabled;66.38;21.92;Yes;0;0;0;0;0;0
269583;No;669;669;95;1298;0.78;0.76;Enabled;66.38;21.92;Yes;0;0;0;0;0;0
269613;No;669;669;95;1298;0.78;0.76;Enabled;66.38;21.92;Yes;0;0;0;0;0;0
269678;No;669;669;95;1298;0.78;0.76;Enabled;66.38;21.92;Yes;0;0;0;0;0;0
269705;No;669;669;95;1298;0.78;0.76;Enabled;66.38;21.92;Yes;0;0;0;0;0;0
269735;No;668;669;95;1298;0.78;0.76;Enabled;66.38;21.92;Yes;0;0;0;0;0;0
269764;No;668;668;95;1299;0.78;0.76;Enabled;66.38;21.92;Yes;0;0;0;0;0;0
269795;No;668;668;95;1299;0.78;0.76;Enabled;66.38;21.92;Yes;0;0;0;0;0;0
269825;No;668;668;95;1298;0.78;0.76;Enabled;66.38;21.92;Yes;0;0;0;0;0;0
269855;No;668;668;95;1298;0.77;0.76;Enabled;66.38;21.92;Yes;0;0;0;0;0;0
269885;No;668;668;95;1298;0.77;0.76;Enabled;66.38;21.92;Yes;0;0;0;0;0;0
269914;No;668;668;95;1298;0.77;0.76;Enabled;66.38;21.92;Yes;0;0;0;0;0;0
269977;No;668;668;95;1298;0.77;0.75;Enabled;66.38;21.92;Yes;0;0;0;0;0;0
270005;No;668;668;95;1298;0.77;0.75;Enabled;66.38;21.92;Yes;0;0;0;0;0;0
270038;No;668;668;95;1298;0.77;0.75;Enabled;66.38;21.92;Yes;0;0;0;0;0;0
270065;No;668;668;95;1298;0.76;0.75;Enabled;66.38;21.92;Yes;0;0;0;0;0;0
270094;No;668;668;95;1298;0.76;0.74;Enabled;66.38;21.92;Yes;0;0;0;0;0;0
270125;No;668;668;95;1298;0.76;0.74;Enabled;66.38;21.92;Yes;0;0;0;0;0;0
270155;No;668;668;95;1298;0.76;0.74;Enabled;66.38;21.92;Yes;0;0;0;0;0;0
270184;No;668;668;95;1298;0.76;0.74;Enabled;66.38;21.92;Yes;0;0;0;0;0;0
270215;No;668;668;95;1298;0.75;0.74;Enabled;66.38;21.92;Yes;0;0;0;0;0;0
270277;No;668;668;95;1298;0.75;0.73;Enabled;66.38;21.92;Yes;0;0;0;0;0;0
270305;No;668;668;95;1298;0.75;0.73;Enabled;66.38;21.92;Yes;0;0;0;0;0;0
270335;No;668;668;95;1298;0.75;0.73;Enabled;66.38;21.92;Yes;0;0;0;0;0;0
270363;No;668;668;95;1298;0.75;0.73;Enabled;66.38;21.92;Yes;0;0;0;0;0;0
270394;No;668;668;95;1298;0.75;0.72;Enabled;66.38;21.92;Yes;0;0;0;0;0;0
270422;No;668;668;95;1298;0.74;0.72;Enabled;66.38;21.92;Yes;0;0;0;0;0;0
270454;No;668;668;95;1298;0.74;0.73;Enabled;66.38;21.92;Yes;0;0;0;0;0;0
270487;No;668;668;95;1298;0.74;0.73;Enabled;66.38;21.92;Yes;0;0;0;0;0;0
270514;No;668;668;95;1298;0.74;0.73;Enabled;66.38;21.92;Yes;0;0;0;0;0;0
270586;No;668;668;95;1298;0.74;0.73;Enabled;66.38;21.92;Yes;0;0;0;0;0;0
270606;No;668;668;95;1298;0.74;0.73;Enabled;66.38;21.92;Yes;0;0;0;0;0;0
270634;No;668;668;95;1298;0.73;0.73;Enabled;66.38;21.92;Yes;0;0;0;0;0;0
270665;No;668;668;95;1298;0.73;0.73;Enabled;66.38;21.92;Yes;0;0;0;0;0;0
270694;No;668;668;95;1298;0.73;0.73;Enabled;66.38;21.92;Yes;0;0;0;0;0;0
270725;No;668;668;95;1298;0.73;0.73;Enabled;66.38;21.92;Yes;0;0;0;0;0;0
270754;No;668;668;95;1298;0.73;0.73;Enabled;66.38;21.92;Yes;0;0;0;0;0;0
270812;No;668;667;95;1298;0.73;0.73;Enabled;66.38;21.92;Yes;0;0;0;0;0;0
270878;No;668;667;95;1298;0.72;0.73;Enabled;66.38;21.92;Yes;0;0;0;0;0;0
270906;No;667;667;95;1298;0.72;0.74;Enabled;66.38;21.92;Yes;0;0;0;0;0;0
270937;No;667;667;95;1298;0.72;0.74;Enabled;66.38;21.92;Yes;0;0;0;0;0;0
270965;No;667;667;95;1298;0.72;0.74;Enabled;66.38;21.92;Yes;0;0;0;0;0;0
270994;No;667;667;95;1298;0.69;0.74;Enabled;66.38;21.92;Yes;0;0;0;0;0;0
271025;No;667;667;95;1297;0.67;0.74;Enabled;66.38;21.92;Yes;0;0;0;0;0;0
271053;No;667;667;95;1296;0.65;0.74;Enabled;66.38;21.92;Yes;0;0;0;0;0;0
271085;No;667;667;95;1296;0.62;0.74;Enabled;66.38;21.92;Yes;0;0;0;0;0;0
271115;No;667;667;95;1296;0.60;0.74;Enabled;66.38;21.92;Yes;0;0;0;0;0;0
271177;No;667;667;95;1295;0.57;0.74;Enabled;66.38;21.92;Yes;0;0;0;0;0;0
271204;No;667;667;95;1295;0.55;0.74;Enabled;66.38;21.92;Yes;0;0;0;0;0;0
271237;No;667;667;95;1294;0.53;0.74;Enabled;66.38;21.92;Yes;0;0;0;0;0;0
271264;No;667;667;95;1294;0.50;0.74;Enabled;66.38;21.92;Yes;0;0;0;0;0;0
271296;No;667;667;95;1294;0.48;0.74;Enabled;66.38;21.92;Yes;0;0;0;0;0;0
271328;No;667;667;95;1293;0.45;0.74;Enabled;66.38;21.92;Yes;0;0;0;0;0;0
271356;No;667;667;95;1293;0.43;0.74;Enabled;66.38;21.92;Yes;0;0;0;0;0;0
271385;No;667;667;95;1292;0.41;0.73;Enabled;66.38;21.92;Yes;0;0;0;0;0;0
271417;No;667;667;95;1292;0.38;0.73;Enabled;66.38;21.92;Yes;0;0;0;0;0;0
271478;No;667;667;95;1292;0.36;0.73;Enabled;66.38;21.92;Yes;0;0;0;0;0;0
271506;No;667;667;95;1291;0.33;0.73;Enabled;66.38;21.92;Yes;0;0;0;0;0;0
271535;No;667;667;95;1292;0.31;0.73;Enabled;66.38;21.92;Yes;0;0;0;0;0;0
271566;No;667;667;95;1293;0.30;0.73;Enabled;66.38;21.92;Yes;0;0;0;0;0;0
271593;No;667;667;95;1294;0.29;0.73;Disabled;66.38;21.92;Yes;0;0;0;0;0;0
271623;No;667;667;95;1295;0.29;0.74;Disabled;66.38;21.92;Yes;0;0;0;0;0;0
271655;No;667;667;95;1296;0.28;0.74;Disabled;66.38;21.92;Yes;0;0;0;0;0;0
271684;No;667;667;95;1297;0.28;0.74;Disabled;66.38;21.92;Yes;0;0;0;0;0;0
271714;No;667;667;95;1298;0.27;0.74;Disabled;66.38;21.92;Yes;0;0;0;0;0;0
271780;No;667;667;95;1299;0.26;0.74;Disabled;66.38;21.92;Yes;0;0;0;0;0;0
271806;No;667;667;95;1300;0.26;0.74;Disabled;66.38;21.92;Yes;0;0;0;0;0;0
271834;No;666;667;95;1301;0.25;0.74;Disabled;66.38;21.92;Yes;0;0;0;0;0;0
271865;No;666;666;95;1302;0.24;0.74;Disabled;66.38;21.92;Yes;0;0;0;0;0;0
271895;No;666;666;95;1303;0.24;0.74;Disabled;66.38;21.92;Yes;0;0;0;0;0;0
271926;No;666;666;95;1304;0.23;0.74;Disabled;66.38;21.92;Yes;0;0;0;0;0;0
271953;No;666;666;95;1305;0.22;0.74;Disabled;66.38;21.92;Yes;0;0;0;0;0;0
271986;No;666;666;95;1306;0.22;0.74;Disabled;66.38;21.92;Yes;0;0;0;0;0;0
272014;No;666;666;95;1307;0.21;0.75;Disabled;66.38;21.92;Yes;0;0;0;0;0;0
272098;No;666;666;95;1308;0.20;0.75;Disabled;66.38;21.92;Yes;0;0;0;0;0;0
272134;No;666;666;95;1314;0.20;0.75;Disabled;66.38;21.92;Yes;0;0;0;0;0;0
272168;No;666;666;95;1320;0.20;0.75;Disabled;66.38;21.92;Yes;0;0;0;0;0;0
272196;No;666;666;95;1326;0.20;0.75;Disabled;66.38;21.92;Yes;0;0;0;0;0;0
272223;No;666;666;95;1333;0.21;0.75;Disabled;66.38;21.92;Yes;0;0;0;0;0;0
272254;No;666;666;95;1339;0.21;0.75;Disabled;66.38;21.92;Yes;0;0;0;0;0;0
272285;No;666;666;95;1346;0.21;0.75;Disabled;66.38;21.92;Yes;0;0;0;0;0;0
272314;No;666;666;95;1352;0.21;0.76;Disabled;66.38;21.92;Yes;0;0;0;0;0;0
272377;No;666;666;95;1358;0.22;0.76;Disabled;66.38;21.92;Yes;0;0;0;0;0;0
272406;No;666;666;95;1364;0.22;0.76;Disabled;66.38;21.92;Yes;0;0;0;0;0;0
272436;No;666;666;95;1370;0.22;0.76;Disabled;66.38;21.92;Yes;0;0;0;0;0;0
272464;No;666;666;95;1377;0.22;0.76;Disabled;66.38;21.92;Yes;0;0;0;0;0;0
272494;No;666;666;95;1383;0.23;0.77;Disabled;66.38;21.92;Yes;0;0;0;0;0;0
272526;No;666;666;95;1390;0.23;0.77;Disabled;66.38;21.92;Yes;0;0;0;0;0;0
272556;No;666;666;95;1396;0.23;0.77;Disabled;66.38;21.92;Yes;0;0;0;0;0;0
272587;No;666;666;95;1402;0.24;0.77;Disabled;66.38;21.92;Yes;0;0;0;0;0;0
272616;No;666;666;95;1408;0.24;0.77;Disabled;66.38;21.92;Yes;0;0;0;0;0;0
272644;No;666;666;95;1414;0.24;0.77;Disabled;66.38;21.92;Yes;0;0;0;0;0;0
272706;No;666;666;95;1408;0.25;0.78;Disabled;66.38;21.92;Yes;0;0;0;0;0;0
272736;No;666;666;95;1402;0.25;0.78;Disabled;66.38;21.92;Yes;0;0;0;0;0;0
272764;No;666;666;95;1396;0.26;0.78;Enabled;66.38;21.92;Yes;0;0;0;0;0;0
272795;No;666;666;95;1390;0.27;0.78;Enabled;66.38;21.92;Yes;0;0;0;0;0;0
272826;No;666;666;95;1383;0.28;0.77;Enabled;66.38;21.92;Yes;0;0;0;0;0;0
272853;No;666;666;95;1377;0.29;0.77;Enabled;66.38;21.92;Yes;0;0;0;0;0;0
272885;No;666;666;95;1370;0.29;0.77;Enabled;66.38;21.92;Yes;0;0;0;0;0;0
272914;No;666;666;95;1364;0.30;0.77;Enabled;66.38;21.92;Yes;0;0;0;0;0;0
272977;No;666;666;95;1358;0.31;0.77;Enabled;66.38;21.92;Yes;0;0;0;0;0;0
273004;No;666;666;95;1352;0.32;0.77;Enabled;66.38;21.92;Yes;0;0;0;0;0;0
273034;No;666;666;95;1346;0.33;0.77;Enabled;66.38;21.92;Yes;0;0;0;0;0;0
273063;No;666;666;95;1339;0.33;0.77;Enabled;66.38;21.92;Yes;0;0;0;0;0;0
273094;No;666;666;95;1333;0.34;0.77;Enabled;66.38;21.92;Yes;0;0;0;0;0;0
273124;No;666;665;95;1326;0.35;0.77;Enabled;66.38;21.92;Yes;0;0;0;0;0;0
273156;No;666;665;95;1320;0.36;0.77;Enabled;66.38;21.92;Yes;0;0;0;0;0;0
273183;No;665;665;95;1314;0.37;0.77;Enabled;66.38;21.92;Yes;0;0;0;0;0;0
273215;No;665;665;95;1308;0.37;0.76;Enabled;66.38;21.92;Yes;0;0;0;0;0;0
273278;No;665;665;95;1306;0.38;0.76;Enabled;66.38;21.92;Yes;0;0;0;0;0;0
273308;No;665;665;95;1304;0.39;0.76;Enabled;66.38;21.92;Yes;0;0;0;0;0;0
273364;No;665;665;95;1302;0.40;0.76;Enabled;66.38;21.92;Yes;0;0;0;0;0;0
273393;No;665;665;95;1301;0.41;0.76;Enabled;66.38;21.92;Yes;0;0;0;0;0;0
273425;No;665;665;95;1299;0.42;0.76;Enabled;66.38;21.92;Yes;0;0;0;0;0;0
273456;No;665;665;95;1297;0.43;0.76;Enabled;66.38;21.92;Yes;0;0;0;0;0;0
273486;No;665;665;95;1296;0.44;0.76;Enabled;66.38;21.92;Yes;0;0;0;0;0;0
273514;No;665;665;95;1294;0.45;0.76;Enabled;66.38;21.92;Yes;0;0;0;0;0;0
273577;No;665;665;95;1292;0.46;0.76;Enabled;66.38;21.92;Yes;0;0;0;0;0;0
273605;No;665;665;95;1290;0.46;0.76;Enabled;66.38;21.92;Yes;0;0;0;0;0;0
273636;No;665;665;95;1289;0.47;0.77;Enabled;66.38;21.92;Yes;0;0;0;0;0;0
273662;No;665;665;95;1287;0.48;0.77;Enabled;66.38;21.92;Yes;0;0;0;0;0;0
273695;No;665;665;95;1285;0.49;0.77;Enabled;66.38;21.92;Yes;0;0;0;0;0;0
273727;No;665;665;95;1284;0.50;0.77;Enabled;66.38;21.92;Yes;0;0;0;0;0;0
273755;No;665;665;95;1282;0.51;0.77;Enabled;66.38;21.92;Yes;0;0;0;0;0;0
273783;No;665;665;95;1280;0.52;0.77;Enabled;66.38;21.92;Yes;0;0;0;0;0;0
273815;No;665;665;95;1278;0.53;0.77;Enabled;66.38;21.92;Yes;0;0;0;0;0;0
273877;No;665;665;95;1278;0.54;0.77;Enabled;66.38;21.92;Yes;0;0;0;0;0;0
273905;No;665;665;95;1276;0.54;0.77;Enabled;66.38;21.92;Yes;0;0;0;0;0;0
273935;No;665;665;95;1276;0.55;0.77;Enabled;66.38;21.92;Yes;0;0;0;0;0;0
273964;No;665;665;95;1275;0.56;0.77;Enabled;66.38;21.92;Yes;0;0;0;0;0;0
273997;No;665;665;95;1274;0.56;0.77;Enabled;66.38;21.92;Yes;0;0;0;0;0;0
274024;No;665;665;95;1273;0.57;0.77;Enabled;66.38;21.92;Yes;0;0;0;0;0;0
274056;No;664;664;95;1272;0.57;0.77;Enabled;66.38;21.92;Yes;0;0;0;0;0;0
274084;No;664;664;95;1272;0.58;0.77;Enabled;66.38;21.92;Yes;0;0;0;0;0;0
274117;No;664;664;95;1270;0.59;0.77;Enabled;66.38;21.92;Yes;0;0;0;0;0;0
274178;No;664;664;95;1270;0.59;0.77;Enabled;66.38;21.92;Yes;0;0;0;0;0;0
274205;No;664;664;95;1269;0.60;0.76;Enabled;66.38;21.92;Yes;0;0;0;0;0;0
274235;No;664;664;95;1268;0.60;0.76;Enabled;66.38;21.92;Yes;0;0;0;0;0;0
274265;No;664;664;95;1267;0.61;0.76;Enabled;66.38;21.92;Yes;0;0;0;0;0;0
274296;No;664;664;95;1266;0.62;0.76;Enabled;66.38;21.92;Yes;0;0;0;0;0;0
274326;No;664;664;95;1266;0.62;0.76;Enabled;66.38;21.92;Yes;0;0;0;0;0;0
274355;No;664;664;95;1264;0.63;0.76;Enabled;66.38;21.92;Yes;0;0;0;0;0;0
274387;No;664;664;95;1264;0.63;0.76;Enabled;66.38;21.92;Yes;0;0;0;0;0;0
274417;No;664;664;95;1264;0.64;0.76;Enabled;66.38;21.92;Yes;0;0;0;0;0;0
274478;No;664;664;95;1263;0.64;0.76;Enabled;66.38;21.92;Yes;0;0;0;0;0;0
274506;No;664;664;95;1263;0.65;0.76;Disabled;66.38;21.92;Yes;0;0;0;0;0;0
274536;No;664;664;95;1263;0.65;0.77;Disabled;66.38;21.92;Yes;0;0;0;0;0;0
274566;No;664;664;95;1262;0.65;0.77;Disabled;66.38;21.92;Yes;0;0;0;0;0;0
274616;No;664;664;95;1262;0.65;0.77;Disabled;66.38;21.92;Yes;0;0;0;0;0;0
274654;No;664;664;95;1262;0.65;0.77;Disabled;66.38;21.92;Yes;0;0;0;0;0;0
274684;No;663;664;95;1262;0.66;0.77;Disabled;66.38;21.92;Yes;0;0;0;0;0;0
274716;No;663;663;95;1261;0.66;0.77;Disabled;66.38;21.92;Yes;0;0;0;0;0;0
274778;No;663;663;95;1261;0.66;0.77;Disabled;66.38;21.92;Yes;0;0;0;0;0;0
274805;No;663;663;95;1261;0.66;0.78;Disabled;66.38;21.92;Yes;0;0;0;0;0;0
274835;No;663;663;95;1260;0.67;0.78;Disabled;66.38;21.92;Yes;0;0;0;0;0;0
274866;No;663;663;95;1260;0.67;0.78;Disabled;66.38;21.92;Yes;0;0;0;0;0;0
274897;No;663;663;95;1260;0.67;0.78;Disabled;66.38;21.92;Yes;0;0;0;0;0;0
274924;No;663;663;95;1260;0.67;0.78;Disabled;66.38;21.92;Yes;0;0;0;0;0;0
274957;No;663;663;95;1259;0.67;0.78;Disabled;66.38;21.92;Yes;0;0;0;0;0;0
274984;No;663;663;95;1259;0.68;0.78;Disabled;66.38;21.92;Yes;0;0;0;0;0;0
275014;No;662;663;95;1254;0.68;0.79;Disabled;66.38;21.92;Yes;0;0;0;0;0;0
275077;No;662;662;95;1249;0.68;0.79;Disabled;66.38;21.92;Yes;0;0;0;0;0;0
275106;No;662;662;95;1244;0.68;0.79;Disabled;66.38;21.92;Yes;0;0;0;0;0;0
275137;No;662;662;95;1239;0.68;0.79;Disabled;66.38;21.92;Yes;0;0;0;0;0;0
275165;No;662;662;95;1234;0.68;0.79;Disabled;66.38;21.92;Yes;0;0;0;0;0;0
275194;No;662;662;95;1229;0.68;0.79;Disabled;66.38;21.92;Yes;0;0;0;0;0;0
275224;No;662;662;95;1224;0.68;0.79;Disabled;66.38;21.92;Yes;0;0;0;0;0;0
275255;No;662;662;95;1219;0.68;0.79;Disabled;66.38;21.92;Yes;0;0;0;0;0;0
275285;No;662;662;95;1214;0.68;0.79;Disabled;66.38;21.92;Yes;0;0;0;0;0;0
275313;No;662;662;95;1209;0.68;0.79;Disabled;66.38;21.92;Yes;0;0;0;0;0;0
275377;No;661;662;95;1204;0.69;0.79;Disabled;66.38;21.92;Yes;0;0;0;0;0;0
275405;No;661;661;95;1199;0.69;0.79;Disabled;66.38;21.92;Yes;0;0;0;0;0;0
275436;No;661;661;95;1194;0.69;0.79;Disabled;66.38;21.92;Yes;0;0;0;0;0;0
275466;No;661;661;95;1190;0.69;0.79;Disabled;66.38;21.92;Yes;0;0;0;0;0;0
275497;No;661;661;95;1184;0.69;0.79;Disabled;66.38;21.92;Yes;0;0;0;0;0;0
275526;No;661;661;95;1180;0.69;0.79;Disabled;66.38;21.92;Yes;0;0;0;0;0;0
275559;No;661;661;95;1174;0.69;0.79;Disabled;66.38;21.92;Yes;0;0;0;0;0;0
275586;No;661;661;95;1169;0.69;0.79;Disabled;66.38;21.92;Yes;0;0;0;0;0;0
275614;No;661;661;95;1164;0.69;0.79;Disabled;66.38;21.92;Yes;0;0;0;0;0;0
275677;No;661;661;95;1158;0.69;0.79;Disabled;66.38;21.92;Yes;0;0;0;0;0;0
275705;No;661;661;95;1152;0.69;0.79;Disabled;66.38;21.92;Yes;0;0;0;0;0;0
275735;No;661;661;95;1147;0.69;0.79;Disabled;66.38;21.92;Yes;0;0;0;0;0;0
275766;No;661;661;95;1141;0.69;0.79;Disabled;66.38;21.92;Yes;0;0;0;0;0;0
275796;No;661;661;95;1136;0.69;0.79;Disabled;66.38;21.92;Yes;0;0;0;0;0;0
275825;No;660;661;95;1130;0.69;0.79;Disabled;66.38;21.92;Yes;0;0;0;0;0;0
275855;No;660;660;95;1124;0.69;0.79;Disabled;66.38;21.92;Yes;0;0;0;0;0;0
275896;No;660;660;95;1119;0.69;0.79;Disabled;66.38;21.92;Yes;0;0;0;0;0;0
275917;No;660;660;95;1113;0.69;0.79;Disabled;66.38;21.92;Yes;0;0;0;0;0;0
275979;No;660;660;95;1108;0.69;0.79;Disabled;66.38;21.92;Yes;0;0;0;0;0;0
276007;No;660;660;95;1102;0.69;0.79;Disabled;66.38;21.92;Yes;0;0;0;0;0;0
276034;No;660;660;95;1097;0.69;0.79;Disabled;66.38;21.92;Yes;0;0;0;0;0;0
276066;No;660;660;95;1091;0.69;0.79;Disabled;66.38;21.92;Yes;0;0;0;0;0;0
276095;No;660;660;95;1086;0.69;0.79;Disabled;66.38;21.92;Yes;0;0;0;0;0;0
276125;No;660;660;95;1080;0.69;0.79;Disabled;66.38;21.92;Yes;0;0;0;0;0;0
276156;No;660;660;95;1082;0.69;0.79;Disabled;66.38;21.92;Yes;0;0;0;0;0;0
276186;No;660;660;95;1083;0.69;0.79;Disabled;66.38;21.92;Yes;0;0;0;0;0;0
276215;No;660;660;95;1084;0.69;0.79;Disabled;66.38;21.92;Yes;0;0;0;0;0;0
276278;No;660;660;95;1086;0.69;0.79;Disabled;66.38;21.92;Yes;0;0;0;0;0;0
276304;No;660;660;95;1087;0.69;0.79;Disabled;66.38;21.92;Yes;0;0;0;0;0;0
276336;No;660;660;95;1088;0.69;0.79;Disabled;66.38;21.92;Yes;0;0;0;0;0;0
276366;No;660;660;95;1090;0.69;0.79;Disabled;66.38;21.92;Yes;0;0;0;0;0;0
276394;No;660;660;95;1091;0.69;0.79;Disabled;66.38;21.92;Yes;0;0;0;0;0;0
276425;No;660;660;95;1092;0.69;0.79;Disabled;66.38;21.92;Yes;0;0;0;0;0;0
276456;No;660;660;95;1094;0.69;0.79;Disabled;66.38;21.92;Yes;0;0;0;0;0;0
276484;No;660;660;95;1095;0.69;0.79;Disabled;66.38;21.92;Yes;0;0;0;0;0;0
276516;No;660;660;95;1096;0.69;0.79;Disabled;66.38;21.92;Yes;0;0;0;0;0;0
276577;No;660;659;95;1098;0.69;0.79;Disabled;66.38;21.92;Yes;0;0;0;0;0;0
276605;No;660;659;95;1099;0.69;0.80;Disabled;66.38;21.92;Yes;0;0;0;0;0;0
276635;No;659;659;95;1101;0.69;0.80;Disabled;66.38;21.92;Yes;0;0;0;0;0;0
276665;No;659;659;95;1102;0.69;0.80;Disabled;66.38;21.92;Yes;0;0;0;0;0;0
276696;No;659;659;95;1104;0.69;0.80;Disabled;66.38;21.92;Yes;0;0;0;0;0;0
276726;No;659;659;95;1103;0.69;0.80;Disabled;66.38;21.92;Yes;0;0;0;0;0;0
276757;No;659;659;95;1102;0.69;0.80;Disabled;66.38;21.92;Yes;0;0;0;0;0;0
276785;No;659;659;95;1101;0.69;0.80;Disabled;66.38;21.92;Yes;0;0;0;0;0;0
276818;No;659;659;95;1100;0.69;0.80;Disabled;66.38;21.92;Yes;0;0;0;0;0;0
276879;No;659;659;95;1100;0.69;0.80;Disabled;66.38;21.92;Yes;0;0;0;0;0;0
276908;No;659;659;95;1099;0.69;0.80;Disabled;66.38;21.92;Yes;0;0;0;0;0;0
276938;No;659;659;95;1098;0.69;0.80;Disabled;66.38;21.92;Yes;0;0;0;0;0;0
276965;No;659;659;95;1098;0.69;0.80;Disabled;66.38;21.92;Yes;0;0;0;0;0;0
276996;No;659;659;95;1097;0.69;0.80;Disabled;66.38;21.92;Yes;0;0;0;0;0;0
277026;No;659;658;95;1096;0.69;0.80;Disabled;66.38;21.92;Yes;0;0;0;0;0;0
277056;No;659;658;95;1095;0.69;0.80;Disabled;66.38;21.92;Yes;0;0;0;0;0;0
277085;No;658;658;95;1094;0.69;0.80;Disabled;66.38;21.92;Yes;0;0;0;0;0;0
277116;No;658;658;95;1094;0.69;0.80;Disabled;66.38;21.92;Yes;0;0;0;0;0;0
277199;No;658;658;95;1093;0.69;0.80;Disabled;66.38;21.92;Yes;0;0;0;0;0;0
277235;No;658;658;95;1092;0.69;0.80;Disabled;66.38;21.92;Yes;0;0;0;0;0;0
277267;No;658;658;95;1092;0.69;0.80;Disabled;66.38;21.92;Yes;0;0;0;0;0;0
277296;No;658;658;95;1091;0.69;0.80;Disabled;66.38;21.92;Yes;0;0;0;0;0;0
277327;No;658;658;95;1088;0.69;0.80;Disabled;66.38;21.92;Yes;0;0;0;0;0;0
277355;No;658;658;95;1084;0.69;0.80;Disabled;66.38;21.92;Yes;0;0;0;0;0;0
277385;No;658;658;95;1081;0.69;0.80;Disabled;66.38;21.92;Yes;0;0;0;0;0;0
277416;No;658;658;95;1078;0.69;0.80;Disabled;66.38;21.92;Yes;0;0;0;0;0;0
277478;No;658;658;95;1075;0.69;0.80;Disabled;66.38;21.92;Yes;0;0;0;0;0;0
277504;No;658;658;95;1072;0.69;0.80;Disabled;66.38;21.92;Yes;0;0;0;0;0;0
277534;No;658;658;95;1068;0.69;0.80;Disabled;66.38;21.92;Yes;0;0;0;0;0;0
277565;No;658;658;95;1065;0.69;0.80;Disabled;66.38;21.92;Yes;0;0;0;0;0;0
277595;No;658;658;95;1062;0.69;0.80;Disabled;66.38;21.92;Yes;0;0;0;0;0;0
277624;No;658;658;95;1058;0.69;0.80;Disabled;66.38;21.92;Yes;0;0;0;0;0;0
277655;No;657;657;95;1055;0.69;0.80;Disabled;66.38;21.92;Yes;0;0;0;0;0;0
277685;No;657;657;95;1052;0.69;0.80;Disabled;66.38;21.92;Yes;0;0;0;0;0;0
277717;No;657;657;95;1049;0.69;0.80;Disabled;66.38;21.92;Yes;0;0;0;0;0;0
277779;No;657;657;95;1046;0.69;0.80;Disabled;66.38;21.92;Yes;0;0;0;0;0;0
277805;No;657;657;95;1042;0.69;0.80;Disabled;66.38;21.92;Yes;0;0;0;0;0;0
277836;No;657;657;95;1039;0.69;0.80;Disabled;66.38;21.92;Yes;0;0;0;0;0;0
277866;No;657;657;95;1036;0.69;0.80;Disabled;66.38;21.92;Yes;0;0;0;0;0;0
277896;No;657;657;95;1031;0.69;0.80;Disabled;66.38;21.92;Yes;0;0;0;0;0;0
277926;No;657;657;95;1026;0.69;0.80;Disabled;66.38;21.92;Yes;0;0;0;0;0;0
277956;No;657;657;95;1020;0.69;0.80;Disabled;66.38;21.92;Yes;0;0;0;0;0;0
277987;No;657;657;95;1015;0.69;0.80;Disabled;66.38;21.92;Yes;0;0;0;0;0;0
278015;No;657;657;95;1010;0.69;0.80;Disabled;66.38;21.92;Yes;0;0;0;0;0;0
278086;No;657;657;95;1004;0.69;0.80;Disabled;66.38;21.92;Yes;0;0;0;0;0;0
278105;No;657;657;95;999;0.69;0.80;Disabled;66.38;21.92;Yes;0;0;0;0;0;0
278137;No;657;657;95;994;0.69;0.80;Disabled;66.38;21.92;Yes;0;0;0;0;0;0
278165;No;657;657;95;988;0.69;0.80;Disabled;66.38;21.92;Yes;0;0;0;0;0;0
278196;No;656;656;95;983;0.69;0.80;Disabled;66.38;21.92;Yes;0;0;0;0;0;0
278225;No;656;656;95;978;0.69;0.80;Disabled;66.38;21.92;Yes;0;0;0;0;0;0
278255;No;656;656;95;973;0.69;0.80;Disabled;66.38;21.92;Yes;0;0;0;0;0;0
278285;No;656;656;95;967;0.69;0.80;Disabled;66.38;21.92;Yes;0;0;0;0;0;0
278316;No;656;656;95;962;0.69;0.80;Disabled;66.38;21.92;Yes;0;0;0;0;0;0
278377;No;656;656;95;957;0.69;0.80;Disabled;66.38;21.92;Yes;0;0;0;0;0;0
278405;No;656;656;95;952;0.69;0.80;Disabled;66.38;21.92;Yes;0;0;0;0;0;0
278434;No;656;656;95;946;0.69;0.80;Disabled;66.38;21.92;Yes;0;0;0;0;0;0
278495;No;656;656;95;951;0.69;0.80;Disabled;66.38;21.92;Yes;0;0;0;0;0;0
278525;No;656;656;95;955;0.69;0.80;Disabled;66.38;21.92;Yes;0;0;0;0;0;0
278554;No;656;656;95;960;0.69;0.80;Disabled;66.38;21.92;Yes;0;0;0;0;0;0
278585;No;656;656;95;964;0.69;0.80;Disabled;66.38;21.92;Yes;0;0;0;0;0;0
278614;No;656;656;95;968;0.69;0.80;Disabled;66.38;21.92;Yes;0;0;0;0;0;0
278677;No;656;656;95;972;0.69;0.80;Disabled;66.38;21.92;Yes;0;0;0;0;0;0
278705;No;656;656;95;977;0.69;0.80;Disabled;66.38;21.92;Yes;0;0;0;0;0;0
278736;No;656;656;95;981;0.69;0.80;Disabled;66.38;21.92;Yes;0;0;0;0;0;0
278766;No;656;656;95;986;0.69;0.80;Disabled;66.38;21.92;Yes;0;0;0;0;0;0
278796;No;656;655;95;990;0.69;0.80;Disabled;66.38;21.92;Yes;0;0;0;0;0;0
278824;No;656;655;95;994;0.69;0.80;Disabled;66.38;21.92;Yes;0;0;0;0;0;0
278856;No;655;655;95;999;0.69;0.80;Disabled;66.38;21.92;Yes;0;0;0;0;0;0
278886;No;655;655;95;1003;0.69;0.80;Disabled;66.38;21.92;Yes;0;0;0;0;0;0
278916;No;655;655;95;1008;0.69;0.80;Disabled;66.38;21.92;Yes;0;0;0;0;0;0
278981;No;655;655;95;1012;0.69;0.80;Disabled;66.38;21.92;Yes;0;0;0;0;0;0
279006;No;655;655;95;1016;0.69;0.80;Disabled;66.38;21.92;Yes;0;0;0;0;0;0
279036;No;655;655;95;1021;0.69;0.80;Disabled;66.38;21.92;Yes;0;0;0;0;0;0
279067;No;655;655;95;1020;0.69;0.80;Disabled;66.38;21.92;Yes;0;0;0;0;0;0
279094;No;655;655;95;1019;0.69;0.80;Disabled;66.38;21.92;Yes;0;0;0;0;0;0
279125;No;655;655;95;1018;0.69;0.80;Disabled;66.38;21.92;Yes;0;0;0;0;0;0
279155;No;655;655;95;1017;0.69;0.80;Disabled;66.38;21.92;Yes;0;0;0;0;0;0
279185;No;655;655;95;1016;0.69;0.80;Disabled;66.38;21.92;Yes;0;0;0;0;0;0
279217;No;655;655;95;1015;0.69;0.80;Disabled;66.38;21.92;Yes;0;0;0;0;0;0
279277;No;655;655;95;1014;0.69;0.80;Disabled;66.38;21.92;Yes;0;0;0;0;0;0
279304;No;655;655;95;1014;0.69;0.79;Disabled;66.38;21.92;Yes;0;0;0;0;0;0
279335;No;655;655;95;1012;0.69;0.79;Disabled;66.38;21.92;Yes;0;0;0;0;0;0
279365;No;655;655;95;1012;0.69;0.79;Disabled;66.38;21.92;Yes;0;0;0;0;0;0
279396;No;655;655;95;1011;0.69;0.79;Disabled;66.38;21.92;Yes;0;0;0;0;0;0
279424;No;654;654;95;1010;0.69;0.79;Disabled;66.38;21.92;Yes;0;0;0;0;0;0
279457;No;654;654;95;1009;0.69;0.79;Disabled;66.38;21.92;Yes;0;0;0;0;0;0
279485;No;654;654;95;1008;0.69;0.79;Disabled;66.38;21.92;Yes;0;0;0;0;0;0
279515;No;654;654;95;1007;0.69;0.79;Disabled;66.38;21.92;Yes;0;0;0;0;0;0
279577;No;654;654;95;1006;0.69;0.79;Disabled;66.38;21.92;Yes;0;0;0;0;0;0
279606;No;654;654;95;1005;0.69;0.79;Disabled;66.38;21.92;Yes;0;0;0;0;0;0
279634;No;654;654;95;1006;0.69;0.79;Disabled;66.38;21.92;Yes;0;0;0;0;0;0
279666;No;654;654;95;1006;0.69;0.79;Disabled;66.38;21.92;Yes;0;0;0;0;0;0
279696;No;654;654;95;1007;0.69;0.79;Disabled;66.38;21.92;Yes;0;0;0;0;0;0
279736;No;654;654;95;1007;0.69;0.79;Disabled;66.38;21.92;Yes;0;0;0;0;0;0
279755;No;654;654;95;1008;0.69;0.79;Disabled;66.38;21.92;Yes;0;0;0;0;0;0
279785;No;654;654;95;1008;0.69;0.79;Disabled;66.38;21.92;Yes;0;0;0;0;0;0
279815;No;654;654;95;1008;0.69;0.79;Disabled;66.38;21.92;Yes;0;0;0;0;0;0
279879;No;654;654;95;1009;0.69;0.79;Disabled;66.38;21.92;Yes;0;0;0;0;0;0
279904;No;654;654;95;1010;0.69;0.79;Disabled;66.38;21.92;Yes;0;0;0;0;0;0
279935;No;654;654;95;1010;0.69;0.79;Disabled;66.38;21.92;Yes;0;0;0;0;0;0
279964;No;654;654;95;1010;0.69;0.79;Disabled;66.38;21.92;Yes;0;0;0;0;0;0
279997;No;653;654;95;1011;0.69;0.79;Disabled;66.38;21.92;Yes;0;0;0;0;0;0
280026;No;653;653;95;1011;0.69;0.79;Disabled;66.38;21.92;Yes;0;0;0;0;0;0
280058;No;653;653;95;1012;0.69;0.79;Disabled;66.38;21.92;Yes;0;0;0;0;0;0
280086;No;653;653;95;1012;0.69;0.79;Disabled;66.38;21.92;Yes;0;0;0;0;0;0
280116;No;653;653;95;1013;0.69;0.79;Disabled;66.38;21.92;Yes;0;0;0;0;0;0
280177;No;653;653;95;1013;0.68;0.79;Disabled;66.38;21.92;Yes;0;0;0;0;0;0
280205;No;653;653;95;1005;0.68;0.79;Disabled;66.38;21.92;Yes;0;0;0;0;0;0
280236;No;653;653;95;997;0.68;0.79;Disabled;66.38;21.92;Yes;0;0;0;0;0;0
280266;No;653;653;95;989;0.69;0.79;Disabled;66.38;21.92;Yes;0;0;0;0;0;0
280294;No;653;653;95;981;0.69;0.79;Disabled;66.38;21.92;Yes;0;0;0;0;0;0
280325;No;653;653;95;973;0.69;0.79;Disabled;66.38;21.92;Yes;0;0;0;0;0;0
280356;No;653;653;95;965;0.69;0.79;Disabled;66.38;21.92;Yes;0;0;0;0;0;0
280386;No;653;653;95;956;0.69;0.79;Disabled;66.38;21.92;Yes;0;0;0;0;0;0
280415;No;653;653;95;948;0.69;0.79;Disabled;66.38;21.92;Yes;0;0;0;0;0;0
280480;No;653;653;95;940;0.69;0.79;Disabled;66.38;21.92;Yes;0;0;0;0;0;0
280506;No;653;653;95;932;0.69;0.79;Disabled;66.38;21.92;Yes;0;0;0;0;0;0
280536;No;653;653;95;924;0.69;0.79;Disabled;66.38;21.92;Yes;0;0;0;0;0;0
280564;No;653;653;95;916;0.69;0.79;Disabled;66.38;21.92;Yes;0;0;0;0;0;0
280595;No;653;653;95;908;0.69;0.79;Disabled;66.38;21.92;Yes;0;0;0;0;0;0
280625;No;653;652;95;900;0.69;0.79;Disabled;66.38;21.92;Yes;0;0;0;0;0;0
280656;No;652;652;95;892;0.69;0.79;Disabled;66.38;21.92;Yes;0;0;0;0;0;0
280687;No;652;652;95;884;0.69;0.79;Disabled;66.38;21.92;Yes;0;0;0;0;0;0
280715;No;652;652;95;876;0.69;0.79;Disabled;66.38;21.92;Yes;0;0;0;0;0;0
280777;No;652;652;95;878;0.69;0.79;Disabled;66.38;21.92;Yes;0;0;0;0;0;0
280805;No;652;652;95;880;0.69;0.79;Disabled;66.38;21.92;Yes;0;0;0;0;0;0
280836;No;652;652;95;882;0.69;0.79;Disabled;66.38;21.92;Yes;0;0;0;0;0;0
280865;No;652;652;95;885;0.69;0.79;Disabled;66.38;21.92;Yes;0;0;0;0;0;0
280898;No;652;652;95;887;0.69;0.79;Disabled;66.38;21.92;Yes;0;0;0;0;0;0
280926;No;652;652;95;890;0.69;0.79;Disabled;66.38;21.92;Yes;0;0;0;0;0;0
280954;No;652;652;95;892;0.69;0.79;Disabled;66.38;21.92;Yes;0;0;0;0;0;0
280986;No;652;652;95;894;0.69;0.79;Disabled;66.38;21.92;Yes;0;0;0;0;0;0
281018;No;652;652;95;896;0.69;0.79;Disabled;66.38;21.92;Yes;0;0;0;0;0;0
281078;No;652;652;95;899;0.69;0.79;Disabled;66.38;21.92;Yes;0;0;0;0;0;0
281107;No;652;652;95;901;0.69;0.79;Disabled;66.38;21.92;Yes;0;0;0;0;0;0
281135;No;652;652;95;904;0.69;0.79;Disabled;66.38;21.92;Yes;0;0;0;0;0;0
281165;No;652;652;95;906;0.69;0.79;Disabled;66.38;21.92;Yes;0;0;0;0;0;0
281196;No;652;652;95;908;0.69;0.79;Disabled;66.38;21.92;Yes;0;0;0;0;0;0
281224;No;652;652;95;910;0.69;0.79;Disabled;66.38;21.92;Yes;0;0;0;0;0;0
281254;No;652;652;95;913;0.69;0.79;Disabled;66.38;21.92;Yes;0;0;0;0;0;0
281285;No;652;652;95;915;0.69;0.79;Disabled;66.38;21.92;Yes;0;0;0;0;0;0
281316;No;652;652;95;915;0.69;0.79;Disabled;66.38;21.92;Yes;0;0;0;0;0;0
281378;No;652;652;95;914;0.69;0.79;Disabled;66.38;21.92;Yes;0;0;0;0;0;0
281406;No;651;652;95;914;0.69;0.79;Disabled;66.38;21.92;Yes;0;0;0;0;0;0
281434;No;651;651;95;914;0.69;0.79;Disabled;66.38;21.92;Yes;0;0;0;0;0;0
281466;No;651;651;95;914;0.69;0.79;Disabled;66.38;21.92;Yes;0;0;0;0;0;0
281496;No;651;651;95;913;0.69;0.79;Disabled;66.38;21.92;Yes;0;0;0;0;0;0
281526;No;651;651;95;913;0.69;0.79;Disabled;66.38;21.92;Yes;0;0;0;0;0;0
281556;No;651;651;95;912;0.69;0.79;Disabled;66.38;21.92;Yes;0;0;0;0;0;0
281586;No;651;651;95;912;0.69;0.79;Disabled;66.38;21.92;Yes;0;0;0;0;0;0
281614;No;651;651;95;912;0.69;0.79;Disabled;66.38;21.92;Yes;0;0;0;0;0;0
281677;No;651;651;95;912;0.69;0.79;Disabled;66.38;21.92;Yes;0;0;0;0;0;0
281709;No;651;651;95;911;0.69;0.79;Disabled;66.38;21.92;Yes;0;0;0;0;0;0
281735;No;651;651;95;911;0.69;0.79;Disabled;66.38;21.92;Yes;0;0;0;0;0;0
281766;No;651;651;95;911;0.69;0.79;Disabled;66.38;21.92;Yes;0;0;0;0;0;0
281794;No;651;651;95;910;0.69;0.79;Disabled;66.38;21.92;Yes;0;0;0;0;0;0
281826;No;651;651;95;910;0.69;0.79;Disabled;66.38;21.92;Yes;0;0;0;0;0;0
281856;No;651;651;95;910;0.69;0.79;Disabled;66.38;21.92;Yes;0;0;0;0;0;0
281887;No;651;651;95;908;0.69;0.79;Disabled;66.38;21.92;Yes;0;0;0;0;0;0
281915;No;651;651;95;906;0.69;0.79;Disabled;66.38;21.92;Yes;0;0;0;0;0;0
281979;No;651;651;95;904;0.69;0.79;Disabled;66.38;21.92;Yes;0;0;0;0;0;0
282006;No;650;651;95;902;0.69;0.79;Disabled;66.38;21.92;Yes;0;0;0;0;0;0
282034;No;650;650;95;900;0.69;0.79;Disabled;66.38;21.92;Yes;0;0;0;0;0;0
282066;No;650;650;95;898;0.69;0.79;Disabled;66.38;21.92;Yes;0;0;0;0;0;0
282096;No;650;650;95;896;0.69;0.79;Disabled;66.38;21.92;Yes;0;0;0;0;0;0
282125;No;650;650;95;894;0.69;0.79;Disabled;66.38;21.92;Yes;0;0;0;0;0;0
282156;No;650;650;95;892;0.69;0.79;Disabled;66.38;21.92;Yes;0;0;0;0;0;0
282186;No;650;650;95;890;0.69;0.79;Disabled;66.38;21.92;Yes;0;0;0;0;0;0
282214;No;650;650;95;888;0.69;0.79;Disabled;66.38;21.92;Yes;0;0;0;0;0;0
282298;No;650;650;95;886;0.69;0.79;Disabled;66.38;21.92;Yes;0;0;0;0;0;0
282334;No;650;650;95;884;0.69;0.79;Disabled;66.38;21.92;Yes;0;0;0;0;0;0
282366;No;650;650;95;882;0.69;0.79;Disabled;66.38;21.92;Yes;0;0;0;0;0;0
282395;No;650;650;95;881;0.69;0.79;Disabled;66.38;21.92;Yes;0;0;0;0;0;0
282429;No;650;650;95;879;0.69;0.79;Disabled;66.38;21.92;Yes;0;0;0;0;0;0
282454;No;650;650;95;877;0.69;0.79;Disabled;66.38;21.92;Yes;0;0;0;0;0;0
282486;No;650;650;95;886;0.69;0.79;Disabled;66.38;21.92;Yes;0;0;0;0;0;0
282516;No;650;650;95;895;0.69;0.79;Disabled;66.38;21.92;Yes;0;0;0;0;0;0
282577;No;650;650;95;904;0.69;0.79;Disabled;66.38;21.92;Yes;0;0;0;0;0;0
282606;No;650;650;95;913;0.69;0.79;Disabled;66.38;21.92;Yes;0;0;0;0;0;0
282634;No;649;650;95;922;0.69;0.79;Disabled;66.38;21.92;Yes;0;0;0;0;0;0
282665;No;649;649;95;931;0.69;0.79;Disabled;66.38;21.92;Yes;0;0;0;0;0;0
282695;No;649;649;95;940;0.69;0.79;Disabled;66.38;21.92;Yes;0;0;0;0;0;0
282727;No;649;649;94;949;0.69;0.79;Disabled;66.38;21.92;Yes;0;0;0;0;0;0
282758;No;649;649;94;958;0.69;0.79;Disabled;66.38;21.92;Yes;0;0;0;0;0;0
282787;No;649;649;94;968;0.69;0.79;Disabled;66.38;21.92;Yes;0;0;0;0;0;0
282816;No;649;649;94;976;0.69;0.79;Disabled;66.38;21.92;Yes;0;0;0;0;0;0
282878;No;649;649;94;986;0.69;0.79;Disabled;66.38;21.92;Yes;0;0;0;0;0;0
282906;No;649;649;94;995;0.69;0.79;Disabled;66.38;21.92;Yes;0;0;0;0;0;0
282936;No;649;649;94;1004;0.69;0.79;Disabled;66.38;21.92;Yes;0;0;0;0;0;0
282967;No;649;649;94;1013;0.69;0.79;Disabled;66.38;21.92;Yes;0;0;0;0;0;0
282995;No;649;649;94;1022;0.69;0.79;Disabled;66.38;21.92;Yes;0;0;0;0;0;0
283025;No;649;649;94;1031;0.68;0.79;Disabled;66.38;21.92;Yes;0;0;0;0;0;0
283067;No;649;649;94;1024;0.68;0.79;Disabled;66.38;21.92;Yes;0;0;0;0;0;0
283085;No;648;648;94;1018;0.68;0.79;Disabled;66.38;21.92;Yes;0;0;0;0;0;0
283116;No;648;648;94;1011;0.68;0.79;Disabled;66.38;21.92;Yes;0;0;0;0;0;0
283178;No;648;648;94;1004;0.68;0.79;Disabled;66.38;21.92;Yes;0;0;0;0;0;0
283207;No;648;648;94;998;0.68;0.79;Disabled;66.38;21.92;Yes;0;0;0;0;0;0
283234;No;648;648;94;991;0.68;0.79;Disabled;66.38;21.92;Yes;0;0;0;0;0;0
283267;No;648;648;94;985;0.68;0.79;Disabled;66.38;21.92;Yes;0;0;0;0;0;0
283294;No;648;648;94;978;0.68;0.79;Disabled;66.38;21.92;Yes;0;0;0;0;0;0
283326;No;648;648;94;972;0.68;0.79;Disabled;66.38;21.92;Yes;0;0;0;0;0;0
283355;No;648;648;94;965;0.68;0.79;Disabled;66.38;21.92;Yes;0;0;0;0;0;0
283386;No;648;648;94;958;0.68;0.79;Disabled;66.38;21.92;Yes;0;0;0;0;0;0
283417;No;648;648;94;952;0.68;0.79;Disabled;66.38;21.92;Yes;0;0;0;0;0;0
283478;No;648;648;94;945;0.68;0.79;Disabled;66.38;21.92;Yes;0;0;0;0;0;0
283506;No;648;648;94;938;0.68;0.80;Disabled;66.38;21.92;Yes;0;0;0;0;0;0
283536;No;648;648;94;932;0.68;0.80;Disabled;66.38;21.92;Yes;0;0;0;0;0;0
283576;No;648;648;94;925;0.68;0.80;Disabled;66.38;21.92;Yes;0;0;0;0;0;0
283595;No;648;648;94;918;0.68;0.80;Disabled;66.38;21.92;Yes;0;0;0;0;0;0
283626;No;648;648;94;912;0.68;0.80;Disabled;66.38;21.92;Yes;0;0;0;0;0;0
283654;No;648;648;94;906;0.68;0.80;Disabled;66.38;21.92;Yes;0;0;0;0;0;0
283684;No;648;647;94;899;0.68;0.80;Disabled;66.38;21.92;Yes;0;0;0;0;0;0
283715;No;647;647;94;893;0.68;0.80;Disabled;66.38;21.92;Yes;0;0;0;0;0;0
283777;No;647;647;94;886;0.68;0.80;Disabled;66.38;21.92;Yes;0;0;0;0;0;0
283805;No;647;647;94;880;0.68;0.80;Disabled;66.38;21.92;Yes;0;0;0;0;0;0
283836;No;647;647;94;874;0.68;0.80;Disabled;66.38;21.92;Yes;0;0;0;0;0;0
283866;No;647;647;94;867;0.68;0.80;Disabled;66.38;21.92;Yes;0;0;0;0;0;0
283895;No;647;647;94;861;0.68;0.80;Disabled;66.38;21.92;Yes;0;0;0;0;0;0
283926;No;647;647;94;854;0.68;0.80;Disabled;66.38;21.92;Yes;0;0;0;0;0;0
283955;No;647;647;94;848;0.68;0.80;Disabled;66.38;21.92;Yes;0;0;0;0;0;0
283986;No;647;647;94;842;0.68;0.80;Disabled;66.38;21.92;Yes;0;0;0;0;0;0
284016;No;647;647;94;835;0.68;0.80;Disabled;66.38;21.92;Yes;0;0;0;0;0;0
284047;No;647;647;94;829;0.68;0.80;Disabled;66.38;21.92;Yes;0;0;0;0;0;0
284076;No;647;647;94;822;0.68;0.80;Disabled;66.38;21.92;Yes;0;0;0;0;0;0
284106;No;647;647;94;816;0.68;0.80;Disabled;66.38;21.92;Yes;0;0;0;0;0;0
284133;No;647;647;94;810;0.68;0.80;Disabled;66.38;21.92;Yes;0;0;0;0;0;0
284164;No;647;647;94;804;0.68;0.80;Disabled;66.38;21.92;Yes;0;0;0;0;0;0
284194;No;646;647;94;799;0.68;0.80;Disabled;66.38;21.92;Yes;0;0;0;0;0;0
284226;No;646;646;94;794;0.68;0.80;Disabled;66.38;21.92;Yes;0;0;0;0;0;0
284256;No;646;646;94;789;0.68;0.80;Disabled;66.38;21.92;Yes;0;0;0;0;0;0
284285;No;646;646;94;784;0.68;0.80;Disabled;66.38;21.92;Yes;0;0;0;0;0;0
284315;No;646;646;94;778;0.68;0.80;Disabled;66.38;21.92;Yes;0;0;0;0;0;0
284376;No;646;646;94;774;0.68;0.80;Disabled;66.38;21.92;Yes;0;0;0;0;0;0
284406;No;646;646;94;768;0.68;0.80;Disabled;66.38;21.92;Yes;0;0;0;0;0;0
284436;No;646;646;94;763;0.68;0.80;Disabled;66.38;21.92;Yes;0;0;0;0;0;0
284464;No;646;646;94;758;0.68;0.80;Disabled;66.38;21.92;Yes;0;0;0;0;0;0
284496;No;646;646;94;753;0.68;0.80;Disabled;66.38;21.92;Yes;0;0;0;0;0;0
284525;No;646;646;94;748;0.68;0.80;Disabled;66.38;21.92;Yes;0;0;0;0;0;0
284556;No;646;646;94;742;0.68;0.80;Disabled;66.38;21.92;Yes;0;0;0;0;0;0
284586;No;646;646;94;738;0.68;0.80;Disabled;66.38;21.92;Yes;0;0;0;0;0;0
284615;No;646;646;94;732;0.68;0.80;Disabled;66.38;21.92;Yes;0;0;0;0;0;0
284676;No;646;646;94;727;0.68;0.80;Disabled;66.38;21.92;Yes;0;0;0;0;0;0
284708;No;646;646;94;722;0.68;0.80;Disabled;66.38;21.92;Yes;0;0;0;0;0;0
284737;No;645;646;94;720;0.68;0.80;Disabled;66.38;21.92;Yes;0;0;0;0;0;0
284764;No;645;645;94;718;0.68;0.80;Disabled;66.38;21.92;Yes;0;0;0;0;0;0
284796;No;645;645;94;716;0.68;0.80;Disabled;66.38;21.92;Yes;0;0;0;0;0;0
284824;No;645;645;94;714;0.68;0.80;Disabled;66.38;21.92;Yes;0;0;0;0;0;0
284857;No;645;645;94;712;0.68;0.80;Disabled;66.38;21.92;Yes;0;0;0;0;0;0
284884;No;645;645;94;710;0.68;0.80;Disabled;66.38;21.92;Yes;0;0;0;0;0;0
284914;No;645;645;94;707;0.68;0.80;Disabled;66.38;21.92;Yes;0;0;0;0;0;0
284976;No;644;645;94;705;0.68;0.80;Disabled;66.38;21.92;Yes;0;0;0;0;0;0
285006;No;644;644;94;703;0.68;0.80;Disabled;66.38;21.92;Yes;0;0;0;0;0;0
285036;No;644;644;94;701;0.68;0.80;Disabled;66.38;21.92;Yes;0;0;0;0;0;0
285066;No;644;644;94;699;0.68;0.80;Disabled;66.38;21.92;Yes;0;0;0;0;0;0
285096;No;644;644;94;697;0.68;0.80;Disabled;66.38;21.92;Yes;0;0;0;0;0;0
285124;No;644;644;94;695;0.68;0.80;Disabled;66.38;21.92;Yes;0;0;0;0;0;0
285157;No;644;644;94;692;0.68;0.80;Disabled;66.38;21.92;Yes;0;0;0;0;0;0
285186;No;644;644;94;690;0.68;0.80;Disabled;66.38;21.92;Yes;0;0;0;0;0;0
285214;No;643;644;94;688;0.68;0.80;Disabled;66.38;21.92;Yes;0;0;0;0;0;0
285276;No;643;643;94;686;0.68;0.80;Disabled;66.38;21.92;Yes;0;0;0;0;0;0
285307;No;643;643;94;685;0.68;0.80;Disabled;66.38;21.92;Yes;0;0;0;0;0;0
285334;No;643;643;94;684;0.68;0.80;Disabled;66.38;21.92;Yes;0;0;0;0;0;0
285366;No;643;643;94;683;0.68;0.80;Disabled;66.38;21.92;Yes;0;0;0;0;0;0
285394;No;643;643;94;682;0.68;0.80;Disabled;66.38;21.92;Yes;0;0;0;0;0;0
285429;No;643;642;94;682;0.68;0.80;Disabled;66.38;21.92;Yes;0;0;0;0;0;0
285456;No;642;642;94;680;0.68;0.80;Disabled;66.38;21.92;Yes;0;0;0;0;0;0
285484;No;642;642;94;680;0.68;0.80;Disabled;66.38;21.92;Yes;0;0;0;0;0;0
285515;No;642;642;94;678;0.68;0.80;Disabled;66.38;21.92;Yes;0;0;0;0;0;0
285585;No;642;642;94;678;0.68;0.80;Disabled;66.38;21.92;Yes;0;0;0;0;0;0
285608;No;642;642;94;676;0.68;0.80;Disabled;66.38;21.92;Yes;0;0;0;0;0;0
285635;No;642;642;94;676;0.68;0.80;Disabled;66.38;21.92;Yes;0;0;0;0;0;0
285666;No;642;641;94;674;0.68;0.80;Disabled;66.38;21.92;Yes;0;0;0;0;0;0
285694;No;641;641;94;674;0.68;0.80;Disabled;66.38;21.92;Yes;0;0;0;0;0;0
285724;No;641;641;94;673;0.68;0.80;Disabled;66.38;21.92;Yes;0;0;0;0;0;0
285754;No;641;641;94;672;0.68;0.80;Disabled;66.38;21.92;Yes;0;0;0;0;0;0
285786;No;641;641;94;671;0.68;0.80;Disabled;66.38;21.92;Yes;0;0;0;0;0;0
285816;No;641;640;94;670;0.68;0.80;Disabled;66.38;21.92;Yes;0;0;0;0;0;0
285876;No;641;640;94;668;0.68;0.80;Disabled;66.38;21.92;Yes;0;0;0;0;0;0
285906;No;640;640;94;666;0.68;0.80;Disabled;66.38;21.92;Yes;0;0;0;0;0;0
285936;No;640;640;94;665;0.68;0.80;Disabled;66.38;21.92;Yes;0;0;0;0;0;0
285966;No;640;640;94;664;0.68;0.80;Disabled;66.38;21.92;Yes;0;0;0;0;0;0
285995;No;640;640;94;662;0.68;0.80;Disabled;66.38;21.92;Yes;0;0;0;0;0;0
286026;No;640;640;94;660;0.68;0.80;Disabled;66.38;21.92;Yes;0;0;0;0;0;0
286054;No;640;639;94;659;0.68;0.80;Disabled;66.38;21.92;Yes;0;0;0;0;0;0
286084;No;639;639;94;657;0.68;0.80;Disabled;66.38;21.92;Yes;0;0;0;0;0;0
286114;No;639;639;94;656;0.68;0.80;Disabled;66.38;21.92;Yes;0;0;0;0;0;0
286205;No;639;639;94;654;0.68;0.80;Disabled;66.38;21.92;Yes;0;0;0;0;0;0
286235;No;639;639;94;652;0.68;0.80;Disabled;66.38;21.92;Yes;0;0;0;0;0;0
286264;No;639;638;94;651;0.68;0.80;Disabled;66.38;21.92;Yes;0;0;0;0;0;0
286295;No;639;638;94;649;0.68;0.80;Disabled;66.38;21.92;Yes;0;0;0;0;0;0
286326;No;638;638;94;648;0.68;0.80;Disabled;66.38;21.92;Yes;0;0;0;0;0;0
286356;No;638;638;94;646;0.68;0.80;Disabled;66.38;21.92;Yes;0;0;0;0;0;0
286386;No;638;638;94;644;0.68;0.80;Disabled;66.38;21.92;Yes;0;0;0;0;0;0
286416;No;638;638;94;643;0.68;0.80;Disabled;66.38;21.92;Yes;0;0;0;0;0;0
286475;No;638;638;94;642;0.68;0.80;Disabled;66.38;21.92;Yes;0;0;0;0;0;0
286505;No;638;638;94;642;0.68;0.80;Disabled;66.38;21.92;Yes;0;0;0;0;0;0
286536;No;638;637;94;642;0.68;0.80;Disabled;66.38;21.92;Yes;0;0;0;0;0;0
286566;No;637;637;94;641;0.68;0.80;Disabled;66.38;21.92;Yes;0;0;0;0;0;0
286596;No;637;637;94;641;0.68;0.80;Disabled;66.38;21.92;Yes;0;0;0;0;0;0
286626;No;637;637;94;640;0.68;0.80;Disabled;66.38;21.92;Yes;0;0;0;0;0;0
286656;No;637;637;94;640;0.68;0.80;Disabled;66.38;21.92;Yes;0;0;0;0;0;0
286686;No;637;637;94;639;0.68;0.80;Disabled;66.38;21.92;Yes;0;0;0;0;0;0
286716;No;637;637;94;639;0.68;0.80;Disabled;66.38;21.92;Yes;0;0;0;0;0;0
286776;No;636;636;94;638;0.68;0.80;Disabled;66.38;21.92;Yes;0;0;0;0;0;0
286807;No;636;636;94;638;0.68;0.80;Disabled;66.38;21.92;Yes;0;0;0;0;0;0
286834;No;636;636;94;637;0.68;0.80;Disabled;66.38;21.92;Yes;0;0;0;0;0;0
286865;No;636;636;94;637;0.68;0.80;Disabled;66.38;21.92;Yes;0;0;0;0;0;0
286896;No;636;636;94;636;0.68;0.80;Disabled;66.38;21.92;Yes;0;0;0;0;0;0
286925;No;636;636;94;636;0.68;0.80;Disabled;66.38;21.92;Yes;0;0;0;0;0;0
286955;No;636;636;94;636;0.68;0.80;Disabled;66.38;21.92;Yes;0;0;0;0;0;0
286986;No;635;636;94;635;0.67;0.80;Disabled;66.38;21.92;Yes;0;0;0;0;0;0
287017;No;635;635;94;636;0.67;0.80;Disabled;66.38;21.92;Yes;0;0;0;0;0;0
287076;No;635;635;94;636;0.67;0.80;Disabled;66.38;21.92;Yes;0;0;0;0;0;0
287106;No;635;635;94;637;0.67;0.80;Disabled;66.38;21.92;Yes;0;0;0;0;0;0
287137;No;635;635;94;638;0.67;0.80;Disabled;66.38;21.92;Yes;0;0;0;0;0;0
287165;No;635;635;94;638;0.67;0.80;Disabled;66.38;21.92;Yes;0;0;0;0;0;0
287196;No;634;635;94;638;0.67;0.80;Disabled;66.38;21.92;Yes;0;0;0;0;0;0
287224;No;634;634;94;639;0.67;0.80;Disabled;66.38;21.92;Yes;0;0;0;0;0;0
287253;No;634;634;94;640;0.67;0.80;Disabled;66.38;21.92;Yes;0;0;0;0;0;0
287283;No;634;634;94;640;0.67;0.80;Disabled;66.38;21.92;Yes;0;0;0;0;0;0
287314;No;634;634;94;641;0.67;0.80;Disabled;66.38;21.92;Yes;0;0;0;0;0;0
287377;No;634;634;94;642;0.67;0.80;Disabled;66.38;21.92;Yes;0;0;0;0;0;0
287419;No;634;634;94;642;0.67;0.80;Disabled;66.38;21.92;Yes;0;0;0;0;0;0
287434;No;633;634;94;643;0.67;0.80;Disabled;66.38;21.92;Yes;0;0;0;0;0;0
287467;No;633;633;94;644;0.67;0.80;Disabled;66.38;21.92;Yes;0;0;0;0;0;0
287494;No;633;633;94;644;0.67;0.80;Disabled;66.38;21.92;Yes;0;0;0;0;0;0
287526;No;633;633;94;645;0.67;0.80;Disabled;66.38;21.92;Yes;0;0;0;0;0;0
287554;No;633;633;94;645;0.67;0.80;Disabled;66.38;21.92;Yes;0;0;0;0;0;0
287585;No;633;633;94;646;0.67;0.80;Disabled;66.38;21.92;Yes;0;0;0;0;0;0
287618;No;633;633;94;646;0.67;0.80;Disabled;66.38;21.92;Yes;0;0;0;0;0;0
287677;No;632;633;94;647;0.67;0.80;Disabled;66.38;21.92;Yes;0;0;0;0;0;0
287706;No;632;632;94;648;0.67;0.80;Disabled;66.38;21.92;Yes;0;0;0;0;0;0
287736;No;632;632;94;648;0.67;0.80;Disabled;66.38;21.92;Yes;0;0;0;0;0;0
287766;No;632;632;94;648;0.67;0.80;Disabled;66.38;21.92;Yes;0;0;0;0;0;0
287796;No;632;632;94;649;0.67;0.80;Disabled;66.38;21.92;Yes;0;0;0;0;0;0
287825;No;632;632;94;650;0.67;0.80;Disabled;66.38;21.92;Yes;0;0;0;0;0;0
287857;No;632;632;94;650;0.67;0.80;Disabled;66.38;21.92;Yes;0;0;0;0;0;0
287885;No;632;632;94;651;0.67;0.80;Disabled;66.38;21.92;Yes;0;0;0;0;0;0
287915;No;631;632;94;651;0.67;0.80;Disabled;66.38;21.92;Yes;0;0;0;0;0;0
287977;No;631;631;94;652;0.67;0.80;Disabled;66.38;21.92;Yes;0;0;0;0;0;0
288006;No;631;631;94;652;0.67;0.80;Disabled;66.38;21.92;Yes;0;0;0;0;0;0
288036;No;631;631;94;653;0.67;0.80;Disabled;66.38;21.92;Yes;0;0;0;0;0;0
288066;No;631;631;94;654;0.67;0.80;Disabled;66.38;21.92;Yes;0;0;0;0;0;0
288096;No;631;631;94;654;0.67;0.80;Disabled;66.38;21.92;Yes;0;0;0;0;0;0
288125;No;631;631;94;654;0.67;0.80;Disabled;66.38;21.92;Yes;0;0;0;0;0;0
288156;No;631;631;94;656;0.67;0.80;Disabled;66.38;21.92;Yes;0;0;0;0;0;0
288187;No;630;630;94;657;0.67;0.80;Disabled;66.38;21.92;Yes;0;0;0;0;0;0
288215;No;630;630;94;658;0.67;0.80;Enabled;66.38;21.92;Yes;0;0;0;0;0;0
288279;No;630;630;94;660;0.67;0.80;Enabled;66.38;21.92;Yes;0;0;0;0;0;0
288305;No;630;630;94;660;0.67;0.80;Enabled;66.38;21.92;Yes;0;0;0;0;0;0
288336;No;630;630;94;662;0.67;0.80;Enabled;66.38;21.92;Yes;0;0;0;0;0;0
288367;No;630;630;94;663;0.67;0.80;Enabled;66.38;21.92;Yes;0;0;0;0;0;0
288396;No;630;630;94;664;0.67;0.80;Enabled;66.38;21.92;Yes;0;0;0;0;0;0
288424;No;630;630;94;666;0.67;0.80;Enabled;66.38;21.92;Yes;0;0;0;0;0;0
288456;No;630;629;94;667;0.67;0.80;Enabled;66.38;21.92;Yes;0;0;0;0;0;0
288486;No;629;629;94;668;0.67;0.80;Enabled;66.38;21.92;Yes;0;0;0;0;0;0
288515;No;629;629;94;669;0.67;0.80;Enabled;66.38;21.92;Yes;0;0;0;0;0;0
288577;No;629;629;94;670;0.67;0.80;Enabled;66.38;21.92;Yes;0;0;0;0;0;0
288607;No;629;629;94;672;0.67;0.80;Enabled;66.38;21.92;Yes;0;0;0;0;0;0
288634;No;629;629;94;673;0.67;0.80;Enabled;66.38;21.92;Yes;0;0;0;0;0;0
288665;No;629;629;94;674;0.67;0.80;Enabled;66.38;21.92;Yes;0;0;0;0;0;0
288698;No;629;628;94;675;0.67;0.80;Enabled;66.38;21.92;Yes;0;0;0;0;0;0
288727;No;629;628;94;672;0.67;0.80;Enabled;66.38;21.92;Yes;0;0;0;0;0;0
288759;No;628;628;94;668;0.67;0.80;Enabled;66.38;21.92;Yes;0;0;0;0;0;0
288784;No;628;628;94;665;0.67;0.80;Enabled;66.38;21.92;Yes;0;0;0;0;0;0
288815;No;628;628;94;661;0.67;0.80;Enabled;66.38;21.92;Yes;0;0;0;0;0;0
288879;No;628;628;94;658;0.67;0.80;Enabled;66.38;21.92;Yes;0;0;0;0;0;0
288908;No;628;628;94;654;0.67;0.80;Enabled;66.38;21.92;Yes;0;0;0;0;0;0
288935;No;628;628;94;651;0.67;0.80;Enabled;66.38;21.92;Yes;0;0;0;0;0;0
288965;No;628;628;94;647;0.67;0.80;Enabled;66.38;21.92;Yes;0;0;0;0;0;0
288996;No;628;628;94;644;0.67;0.80;Enabled;66.38;21.92;Yes;0;0;0;0;0;0
289024;No;627;627;94;640;0.67;0.80;Enabled;66.38;21.92;Yes;0;0;0;0;0;0
289054;No;627;627;94;636;0.67;0.80;Enabled;66.38;21.92;Yes;0;0;0;0;0;0
289085;No;627;627;94;633;0.67;0.80;Enabled;66.38;21.92;Yes;0;0;0;0;0;0
289116;No;627;627;94;630;0.67;0.80;Enabled;66.38;21.92;Yes;0;0;0;0;0;0
289177;No;627;627;94;626;0.67;0.80;Enabled;66.38;21.92;Yes;0;0;0;0;0;0
289207;No;627;627;94;622;0.67;0.80;Enabled;66.38;21.92;Yes;0;0;0;0;0;0
289234;No;627;627;94;619;0.67;0.80;Enabled;66.38;21.92;Yes;0;0;0;0;0;0
289266;No;627;627;94;616;0.67;0.80;Enabled;66.38;21.92;Yes;0;0;0;0;0;0
289297;No;626;626;94;614;0.67;0.80;Enabled;66.38;21.92;Yes;0;0;0;0;0;0
289324;No;626;626;94;614;0.67;0.80;Enabled;66.38;21.92;Yes;0;0;0;0;0;0
289355;No;626;626;94;612;0.67;0.80;Enabled;66.38;21.92;Yes;0;0;0;0;0;0
289386;No;626;626;94;611;0.67;0.80;Enabled;66.38;21.92;Yes;0;0;0;0;0;0
289416;No;626;626;94;610;0.67;0.80;Enabled;66.38;21.92;Yes;0;0;0;0;0;0
289477;No;626;626;94;609;0.67;0.80;Enabled;66.38;21.92;Yes;0;0;0;0;0;0
289508;No;626;626;94;608;0.67;0.80;Enabled;66.38;21.92;Yes;0;0;0;0;0;0
289536;No;626;626;93;607;0.67;0.79;Enabled;66.38;21.92;Yes;0;0;0;0;0;0
289566;No;626;626;93;606;0.67;0.79;Enabled;66.38;21.92;Yes;0;0;0;0;0;0
289596;No;626;626;93;605;0.67;0.79;Enabled;66.38;21.92;Yes;0;0;0;0;0;0
289625;No;626;625;93;604;0.67;0.79;Enabled;66.38;21.92;Yes;0;0;0;0;0;0
289656;No;625;625;93;603;0.67;0.79;Enabled;66.38;21.92;Yes;0;0;0;0;0;0
289686;No;625;625;93;602;0.67;0.79;Enabled;66.38;21.92;Yes;0;0;0;0;0;0
289715;No;625;625;93;601;0.67;0.79;Enabled;66.38;21.92;Yes;0;0;0;0;0;0
289779;No;625;625;93;600;0.67;0.79;Enabled;66.38;21.92;Yes;0;0;0;0;0;0
289806;No;625;625;93;599;0.67;0.79;Enabled;66.38;21.92;Yes;0;0;0;0;0;0
289836;No;625;625;93;598;0.67;0.79;Enabled;66.38;21.92;Yes;0;0;0;0;0;0
289866;No;625;625;93;598;0.67;0.79;Enabled;66.38;21.92;Yes;0;0;0;0;0;0
289896;No;625;624;93;597;0.67;0.79;Enabled;66.38;21.92;Yes;0;0;0;0;0;0
289926;No;625;624;93;597;0.67;0.79;Enabled;66.38;21.92;Yes;0;0;0;0;0;0
289977;No;624;624;93;596;0.67;0.79;Enabled;66.38;21.92;Yes;0;0;0;0;0;0
290014;No;624;624;93;596;0.67;0.79;Enabled;66.38;21.92;Yes;0;0;0;0;0;0
290078;No;624;624;93;596;0.67;0.79;Enabled;66.38;21.92;Yes;0;0;0;0;0;0
290106;No;624;624;93;596;0.67;0.79;Enabled;66.38;21.92;Yes;0;0;0;0;0;0
290136;No;624;624;93;595;0.67;0.79;Enabled;66.38;21.92;Yes;0;0;0;0;0;0
290164;No;624;624;93;595;0.67;0.79;Enabled;66.38;21.92;Yes;0;0;0;0;0;0
290195;No;624;624;93;594;0.67;0.79;Enabled;66.38;21.92;Yes;0;0;0;0;0;0
290227;No;624;624;93;594;0.67;0.79;Enabled;66.38;21.92;Yes;0;0;0;0;0;0
290254;No;624;624;93;594;0.67;0.79;Enabled;66.38;21.92;Yes;0;0;0;0;0;0
290286;No;624;624;93;594;0.67;0.79;Enabled;66.38;21.92;Yes;0;0;0;0;0;0
290316;No;624;623;93;593;0.67;0.79;Enabled;66.38;21.92;Yes;0;0;0;0;0;0
290377;No;624;623;93;593;0.67;0.79;Enabled;66.38;21.92;Yes;0;0;0;0;0;0
290405;No;623;623;93;592;0.67;0.79;Enabled;66.38;21.92;Yes;0;0;0;0;0;0
290436;No;623;623;93;592;0.67;0.79;Enabled;66.38;21.92;Yes;0;0;0;0;0;0
290464;No;623;623;93;592;0.67;0.79;Enabled;66.38;21.92;Yes;0;0;0;0;0;0
290495;No;623;623;93;592;0.67;0.79;Enabled;66.38;21.92;Yes;0;0;0;0;0;0
290526;No;623;623;93;592;0.67;0.79;Enabled;66.38;21.92;Yes;0;0;0;0;0;0
290554;No;623;623;93;592;0.67;0.79;Enabled;66.38;21.92;Yes;0;0;0;0;0;0
290586;No;623;623;93;592;0.67;0.79;Enabled;66.38;21.92;Yes;0;0;0;0;0;0
290616;No;623;623;93;592;0.67;0.79;Enabled;66.38;21.92;Yes;0;0;0;0;0;0
290678;No;623;623;93;592;0.67;0.79;Enabled;66.38;21.92;Yes;0;0;0;0;0;0
290707;No;623;622;93;592;0.67;0.79;Enabled;66.38;21.92;Yes;0;0;0;0;0;0
290734;No;622;622;93;592;0.67;0.79;Enabled;66.38;21.92;Yes;0;0;0;0;0;0
290765;No;622;622;93;592;0.67;0.79;Enabled;66.38;21.92;Yes;0;0;0;0;0;0
290795;No;622;622;93;592;0.67;0.79;Enabled;66.38;21.92;Yes;0;0;0;0;0;0
290826;No;622;622;93;592;0.67;0.79;Enabled;66.38;21.92;Yes;0;0;0;0;0;0
290855;No;622;622;93;593;0.67;0.79;Enabled;66.38;21.92;Yes;0;0;0;0;0;0
290885;No;622;622;93;593;0.67;0.79;Enabled;66.38;21.92;Yes;0;0;0;0;0;0
290916;No;622;622;93;593;0.67;0.79;Enabled;66.38;21.92;Yes;0;0;0;0;0;0
290978;No;622;622;93;593;0.67;0.79;Enabled;66.38;21.92;Yes;0;0;0;0;0;0
291005;No;622;622;93;593;0.67;0.79;Enabled;66.38;21.92;Yes;0;0;0;0;0;0
291038;No;622;622;93;592;0.67;0.79;Enabled;66.38;21.92;Yes;0;0;0;0;0;0
291067;No;622;622;93;592;0.67;0.79;Enabled;66.38;21.92;Yes;0;0;0;0;0;0
291095;No;621;622;93;592;0.67;0.79;Enabled;66.38;21.92;Yes;0;0;0;0;0;0
291131;No;621;621;93;591;0.67;0.79;Enabled;66.38;21.92;Yes;0;0;0;0;0;0
291156;No;621;621;93;591;0.67;0.79;Enabled;66.38;21.92;Yes;0;0;0;0;0;0
291187;No;621;621;93;590;0.67;0.79;Enabled;66.38;21.92;Yes;0;0;0;0;0;0
291213;No;621;621;93;590;0.67;0.79;Enabled;66.38;21.92;Yes;0;0;0;0;0;0
291298;No;621;621;94;590;0.67;0.79;Enabled;66.38;21.92;Yes;0;0;0;0;0;0
291334;No;621;621;94;590;0.67;0.79;Enabled;66.38;21.92;Yes;0;0;0;0;0;0
291366;No;621;621;94;589;0.67;0.79;Enabled;66.38;21.92;Yes;0;0;0;0;0;0
291395;No;621;621;94;589;0.67;0.79;Enabled;66.38;21.92;Yes;0;0;0;0;0;0
291425;No;621;621;94;588;0.67;0.79;Enabled;66.38;21.92;Yes;0;0;0;0;0;0
291458;No;620;621;94;588;0.67;0.79;Enabled;66.38;21.92;Yes;0;0;0;0;0;0
291485;No;620;620;94;588;0.67;0.79;Enabled;66.38;21.92;Yes;0;0;0;0;0;0
291516;No;620;620;94;587;0.67;0.79;Enabled;66.38;21.92;Yes;0;0;0;0;0;0
291579;No;620;620;94;587;0.67;0.79;Enabled;66.38;21.92;Yes;0;0;0;0;0;0
291605;No;620;620;94;586;0.67;0.79;Enabled;66.38;21.92;Yes;0;0;0;0;0;0
291635;No;620;620;94;586;0.67;0.79;Enabled;66.38;21.92;Yes;0;0;0;0;0;0
291665;No;620;620;94;586;0.67;0.79;Enabled;66.38;21.92;Yes;0;0;0;0;0;0
291696;No;620;620;94;586;0.67;0.79;Enabled;66.38;21.92;Yes;0;0;0;0;0;0
291726;No;620;620;94;586;0.67;0.79;Enabled;66.38;21.92;Yes;0;0;0;0;0;0
291756;No;620;620;94;586;0.67;0.79;Enabled;66.38;21.92;Yes;0;0;0;0;0;0
291786;No;620;620;94;585;0.67;0.79;Enabled;66.38;21.92;Yes;0;0;0;0;0;0
291816;No;620;620;94;585;0.67;0.79;Enabled;66.38;21.92;Yes;0;0;0;0;0;0
291877;No;620;620;94;585;0.67;0.79;Enabled;66.38;21.92;Yes;0;0;0;0;0;0
291908;No;619;620;94;585;0.67;0.79;Enabled;66.38;21.92;Yes;0;0;0;0;0;0
291937;No;619;619;94;584;0.67;0.79;Enabled;66.38;21.92;Yes;0;0;0;0;0;0
291964;No;619;619;94;584;0.67;0.79;Enabled;66.38;21.92;Yes;0;0;0;0;0;0
291995;No;619;619;94;584;0.67;0.79;Enabled;66.38;21.92;Yes;0;0;0;0;0;0
292026;No;619;619;94;584;0.67;0.79;Enabled;66.38;21.92;Yes;0;0;0;0;0;0
292056;No;619;619;94;584;0.67;0.79;Enabled;66.38;21.92;Yes;0;0;0;0;0;0
292085;No;619;619;94;584;0.67;0.79;Enabled;66.38;21.92;Yes;0;0;0;0;0;0
292116;No;619;619;94;583;0.67;0.79;Enabled;66.38;21.92;Yes;0;0;0;0;0;0
292178;No;619;619;94;583;0.67;0.79;Enabled;66.38;21.92;Yes;0;0;0;0;0;0
292206;No;619;619;94;584;0.67;0.79;Enabled;66.38;21.92;Yes;0;0;0;0;0;0
292234;No;619;619;94;584;0.67;0.79;Enabled;66.38;21.92;Yes;0;0;0;0;0;0
292264;No;618;619;94;584;0.67;0.79;Enabled;66.38;21.92;Yes;0;0;0;0;0;0
292295;No;618;618;94;585;0.67;0.79;Enabled;66.38;21.92;Yes;0;0;0;0;0;0
292325;No;618;618;94;586;0.67;0.79;Enabled;66.38;21.92;Yes;0;0;0;0;0;0
292353;No;618;618;94;586;0.67;0.79;Enabled;66.38;21.92;Yes;0;0;0;0;0;0
292387;No;618;618;94;586;0.67;0.79;Enabled;66.38;21.92;Yes;0;0;0;0;0;0
292415;No;618;618;94;587;0.67;0.79;Enabled;66.38;21.92;Yes;0;0;0;0;0;0
292481;No;618;618;94;587;0.67;0.79;Enabled;66.38;21.92;Yes;0;0;0;0;0;0
292506;No;618;618;94;588;0.67;0.79;Enabled;66.38;21.92;Yes;0;0;0;0;0;0
292565;No;618;618;94;588;0.67;0.79;Enabled;66.38;21.92;Yes;0;0;0;0;0;0
292596;No;618;618;94;589;0.67;0.79;Enabled;66.38;21.92;Yes;0;0;0;0;0;0
292626;No;618;618;94;589;0.67;0.79;Enabled;66.38;21.92;Yes;0;0;0;0;0;0
292656;No;618;618;94;590;0.67;0.79;Enabled;66.38;21.92;Yes;0;0;0;0;0;0
292686;No;618;618;94;590;0.67;0.79;Enabled;66.38;21.92;Yes;0;0;0;0;0;0
292716;No;618;618;94;591;0.67;0.79;Enabled;66.38;21.92;Yes;0;0;0;0;0;0
292779;No;617;617;94;591;0.67;0.79;Enabled;66.38;21.92;Yes;0;0;0;0;0;0
292806;No;617;617;94;590;0.67;0.79;Enabled;66.38;21.92;Yes;0;0;0;0;0;0
292836;No;617;617;94;589;0.67;0.79;Enabled;66.38;21.92;Yes;0;0;0;0;0;0
292866;No;617;617;94;588;0.68;0.79;Enabled;66.38;21.92;Yes;0;0;0;0;0;0
292896;No;617;617;94;586;0.68;0.79;Enabled;66.38;21.92;Yes;0;0;0;0;0;0
292924;No;617;617;94;585;0.68;0.79;Enabled;66.38;21.92;Yes;0;0;0;0;0;0
292956;No;617;617;94;584;0.68;0.79;Enabled;66.38;21.92;Yes;0;0;0;0;0;0
292985;No;617;617;94;583;0.68;0.79;Enabled;66.38;21.92;Yes;0;0;0;0;0;0
293015;No;617;617;94;582;0.68;0.79;Enabled;66.38;21.92;Yes;0;0;0;0;0;0
293086;No;617;617;94;580;0.68;0.79;Enabled;66.38;21.92;Yes;0;0;0;0;0;0
293105;No;617;617;94;579;0.68;0.79;Enabled;66.38;21.92;Yes;0;0;0;0;0;0
293136;No;617;616;94;578;0.68;0.79;Enabled;66.38;21.92;Yes;0;0;0;0;0;0
293165;No;616;616;94;577;0.68;0.79;Enabled;66.38;21.92;Yes;0;0;0;0;0;0
293196;No;616;616;94;576;0.68;0.79;Enabled;66.38;21.92;Yes;0;0;0;0;0;0
293227;No;616;616;94;574;0.68;0.79;Enabled;66.38;21.92;Yes;0;0;0;0;0;0
293256;No;616;616;94;573;0.68;0.79;Enabled;66.38;21.92;Yes;0;0;0;0;0;0
293284;No;616;616;94;572;0.68;0.79;Enabled;66.38;21.92;Yes;0;0;0;0;0;0
293316;No;616;616;94;571;0.68;0.79;Enabled;66.38;21.92;Yes;0;0;0;0;0;0
293379;No;616;616;94;571;0.68;0.79;Enabled;66.38;21.92;Yes;0;0;0;0;0;0
293406;No;616;616;94;571;0.68;0.79;Enabled;66.38;21.92;Yes;0;0;0;0;0;0
293434;No;616;616;94;571;0.68;0.79;Enabled;66.38;21.92;Yes;0;0;0;0;0;0
293466;No;616;616;94;572;0.68;0.79;Enabled;66.38;21.92;Yes;0;0;0;0;0;0
293494;No;616;616;94;572;0.68;0.79;Enabled;66.38;21.92;Yes;0;0;0;0;0;0
293526;No;616;616;94;572;0.68;0.79;Enabled;66.38;21.92;Yes;0;0;0;0;0;0
293556;No;616;616;94;572;0.68;0.79;Enabled;66.38;21.92;Yes;0;0;0;0;0;0
293584;No;616;615;94;572;0.68;0.79;Enabled;66.38;21.92;Yes;0;0;0;0;0;0
293615;No;616;615;94;572;0.68;0.79;Enabled;66.38;21.92;Yes;0;0;0;0;0;0
293677;No;615;615;94;572;0.68;0.79;Enabled;66.38;21.92;Yes;0;0;0;0;0;0
293709;No;615;615;94;573;0.68;0.78;Enabled;66.38;21.92;Yes;0;0;0;0;0;0
293735;No;615;615;94;573;0.68;0.78;Enabled;66.38;21.92;Yes;0;0;0;0;0;0
293767;No;615;615;94;573;0.68;0.78;Enabled;66.38;21.92;Yes;0;0;0;0;0;0
293795;No;615;615;94;573;0.68;0.78;Enabled;66.38;21.92;Yes;0;0;0;0;0;0
293853;No;615;615;94;574;0.68;0.78;Enabled;66.38;21.92;Yes;0;0;0;0;0;0
293887;No;615;615;94;574;0.68;0.78;Enabled;66.38;21.92;Yes;0;0;0;0;0;0
293915;No;615;615;94;574;0.67;0.78;Enabled;66.38;21.92;Yes;0;0;0;0;0;0
293978;No;615;615;94;574;0.67;0.78;Enabled;66.38;21.92;Yes;0;0;0;0;0;0
294006;No;615;615;94;574;0.67;0.78;Enabled;66.38;21.92;Yes;0;0;0;0;0;0
294037;No;615;615;94;575;0.67;0.78;Enabled;66.38;21.92;Yes;0;0;0;0;0;0
294066;No;615;614;94;576;0.67;0.78;Enabled;66.38;21.92;Yes;0;0;0;0;0;0
294097;No;614;614;94;576;0.67;0.78;Enabled;66.38;21.92;Yes;0;0;0;0;0;0
294125;No;614;614;94;576;0.67;0.78;Enabled;66.38;21.92;Yes;0;0;0;0;0;0
294156;No;614;614;94;577;0.67;0.78;Enabled;66.38;21.92;Yes;0;0;0;0;0;0
294186;No;614;614;94;577;0.67;0.78;Enabled;66.38;21.92;Yes;0;0;0;0;0;0
294216;No;614;614;94;578;0.67;0.78;Enabled;66.38;21.92;Yes;0;0;0;0;0;0
294278;No;614;614;94;578;0.67;0.78;Enabled;66.38;21.92;Yes;0;0;0;0;0;0
294306;No;614;614;94;578;0.67;0.78;Enabled;66.38;21.92;Yes;0;0;0;0;0;0
294338;No;614;614;94;579;0.67;0.78;Enabled;66.38;21.92;Yes;0;0;0;0;0;0
294366;No;614;614;94;579;0.67;0.78;Enabled;66.38;21.92;Yes;0;0;0;0;0;0
294396;No;614;614;94;580;0.67;0.78;Enabled;66.38;21.92;Yes;0;0;0;0;0;0
294426;No;614;614;94;580;0.67;0.78;Enabled;66.38;21.92;Yes;0;0;0;0;0;0
294457;No;614;614;94;580;0.67;0.78;Enabled;66.38;21.92;Yes;0;0;0;0;0;0
294485;No;614;614;94;581;0.67;0.78;Enabled;66.38;21.92;Yes;0;0;0;0;0;0
294514;No;614;614;94;581;0.67;0.78;Enabled;66.38;21.92;Yes;0;0;0;0;0;0
294580;No;613;614;94;580;0.67;0.78;Enabled;66.38;21.92;Yes;0;0;0;0;0;0
294606;No;613;613;94;580;0.68;0.78;Enabled;66.38;21.92;Yes;0;0;0;0;0;0
294636;No;613;613;94;580;0.68;0.78;Enabled;66.38;21.92;Yes;0;0;0;0;0;0
294664;No;613;613;94;580;0.68;0.78;Enabled;66.38;21.92;Yes;0;0;0;0;0;0
294694;No;613;613;94;580;0.68;0.78;Enabled;66.38;21.92;Yes;0;0;0;0;0;0
294725;No;613;613;94;579;0.68;0.78;Enabled;66.38;21.92;Yes;0;0;0;0;0;0
294755;No;613;613;94;579;0.68;0.78;Enabled;66.38;21.92;Yes;0;0;0;0;0;0
294786;No;613;613;94;579;0.68;0.78;Enabled;66.38;21.92;Yes;0;0;0;0;0;0
294815;No;613;613;94;578;0.68;0.78;Enabled;66.38;21.92;Yes;0;0;0;0;0;0
294877;No;613;613;94;578;0.68;0.78;Enabled;66.38;21.92;Yes;0;0;0;0;0;0
294905;No;613;613;94;578;0.68;0.78;Enabled;66.38;21.92;Yes;0;0;0;0;0;0
294936;No;613;613;94;578;0.68;0.78;Enabled;66.38;21.92;Yes;0;0;0;0;0;0
294964;No;612;613;94;578;0.68;0.78;Enabled;66.38;21.92;Yes;0;0;0;0;0;0
294994;No;612;612;94;577;0.68;0.78;Enabled;66.38;21.92;Yes;0;0;0;0;0;0
295025;No;612;612;94;577;0.68;0.78;Enabled;66.38;21.92;Yes;0;0;0;0;0;0
295057;No;612;612;94;577;0.68;0.78;Enabled;66.38;21.92;Yes;0;0;0;0;0;0
295096;No;612;612;94;576;0.68;0.78;Enabled;66.38;21.92;Yes;0;0;0;0;0;0
295179;No;612;612;94;576;0.68;0.78;Enabled;66.38;21.92;Yes;0;0;0;0;0;0
295205;No;612;612;94;576;0.68;0.78;Enabled;66.38;21.92;Yes;0;0;0;0;0;0
295235;No;612;612;94;576;0.68;0.78;Enabled;66.38;21.92;Yes;0;0;0;0;0;0
295266;No;612;612;94;576;0.68;0.78;Enabled;66.38;21.92;Yes;0;0;0;0;0;0
295293;No;612;612;94;576;0.68;0.78;Enabled;66.38;21.92;Yes;0;0;0;0;0;0
295324;No;612;612;94;576;0.68;0.78;Enabled;66.38;21.92;Yes;0;0;0;0;0;0
295354;No;612;612;94;576;0.68;0.78;Enabled;66.38;21.92;Yes;0;0;0;0;0;0
295384;No;612;612;94;575;0.68;0.78;Enabled;66.38;21.92;Yes;0;0;0;0;0;0
295415;No;611;612;94;575;0.68;0.78;Enabled;66.38;21.92;Yes;0;0;0;0;0;0
295478;No;611;611;94;575;0.68;0.78;Enabled;66.38;21.92;Yes;0;0;0;0;0;0
295505;No;611;611;94;575;0.68;0.78;Enabled;66.38;21.92;Yes;0;0;0;0;0;0
295535;No;611;611;94;575;0.68;0.78;Enabled;66.38;21.92;Yes;0;0;0;0;0;0
295566;No;611;611;94;574;0.68;0.78;Enabled;66.38;21.92;Yes;0;0;0;0;0;0
295596;No;611;611;94;574;0.68;0.78;Enabled;66.38;21.92;Yes;0;0;0;0;0;0
295627;No;611;611;94;574;0.68;0.78;Enabled;66.38;21.92;Yes;0;0;0;0;0;0
295655;No;611;611;94;574;0.67;0.78;Enabled;66.38;21.92;Yes;0;0;0;0;0;0
295685;No;611;611;94;574;0.67;0.78;Enabled;66.38;21.92;Yes;0;0;0;0;0;0
295715;No;611;611;94;574;0.67;0.78;Enabled;66.38;21.92;Yes;0;0;0;0;0;0
295778;No;611;611;94;574;0.67;0.78;Enabled;66.38;21.92;Yes;0;0;0;0;0;0
295806;No;610;611;94;574;0.67;0.78;Enabled;66.38;21.92;Yes;0;0;0;0;0;0
295836;No;610;610;94;574;0.67;0.78;Enabled;66.38;21.92;Yes;0;0;0;0;0;0
295866;No;610;610;94;574;0.67;0.78;Enabled;66.38;21.92;Yes;0;0;0;0;0;0
295896;No;610;610;94;574;0.67;0.78;Enabled;66.38;21.92;Yes;0;0;0;0;0;0
295926;No;610;610;94;574;0.67;0.78;Enabled;66.38;21.92;Yes;0;0;0;0;0;0
295956;No;610;610;94;574;0.67;0.78;Enabled;66.38;21.92;Yes;0;0;0;0;0;0
295986;No;610;610;94;574;0.67;0.78;Enabled;66.38;21.92;Yes;0;0;0;0;0;0
296014;No;610;610;94;574;0.67;0.78;Enabled;66.38;21.92;Yes;0;0;0;0;0;0
296080;No;610;610;94;574;0.67;0.78;Enabled;66.38;21.92;Yes;0;0;0;0;0;0
296108;No;610;610;94;574;0.67;0.78;Enabled;66.38;21.92;Yes;0;0;0;0;0;0
296135;No;610;610;94;574;0.67;0.78;Enabled;66.38;21.92;Yes;0;0;0;0;0;0
296165;No;610;610;94;574;0.67;0.78;Enabled;66.38;21.92;Yes;0;0;0;0;0;0
296197;No;609;610;94;574;0.67;0.78;Enabled;66.38;21.92;Yes;0;0;0;0;0;0
296226;No;609;609;94;574;0.67;0.78;Enabled;66.38;21.92;Yes;0;0;0;0;0;0
296255;No;609;609;94;575;0.67;0.78;Enabled;66.38;21.92;Yes;0;0;0;0;0;0
296286;No;609;609;94;576;0.67;0.78;Enabled;66.38;21.92;Yes;0;0;0;0;0;0
296314;No;609;609;94;576;0.67;0.78;Enabled;66.38;21.92;Yes;0;0;0;0;0;0
296400;No;609;609;94;577;0.67;0.78;Enabled;66.38;21.92;Yes;0;0;0;0;0;0
296434;No;609;609;94;578;0.67;0.78;Enabled;66.38;21.92;Yes;0;0;0;0;0;0
296466;No;609;609;94;579;0.67;0.78;Enabled;66.38;21.92;Yes;0;0;0;0;0;0
296495;No;609;609;94;580;0.67;0.78;Enabled;66.38;21.92;Yes;0;0;0;0;0;0
296523;No;609;609;94;580;0.67;0.78;Enabled;66.38;21.92;Yes;0;0;0;0;0;0
296553;No;608;609;94;581;0.67;0.78;Enabled;66.38;21.92;Yes;0;0;0;0;0;0
296584;No;608;608;94;582;0.67;0.78;Enabled;66.38;21.92;Yes;0;0;0;0;0;0
296617;No;608;608;94;582;0.67;0.78;Enabled;66.38;21.92;Yes;0;0;0;0;0;0
296682;No;608;608;94;583;0.67;0.78;Enabled;66.38;21.92;Yes;0;0;0;0;0;0
296706;No;608;608;94;584;0.67;0.78;Enabled;66.38;21.92;Yes;0;0;0;0;0;0
296736;No;608;608;94;585;0.67;0.78;Enabled;66.38;21.92;Yes;0;0;0;0;0;0
296767;No;608;608;94;586;0.67;0.78;Enabled;66.38;21.92;Yes;0;0;0;0;0;0
296794;No;608;608;94;586;0.67;0.78;Enabled;66.38;21.92;Yes;0;0;0;0;0;0
296826;No;608;608;94;587;0.67;0.78;Enabled;66.38;21.92;Yes;0;0;0;0;0;0
296856;No;608;608;94;591;0.67;0.78;Enabled;66.38;21.92;Yes;0;0;0;0;0;0
296883;No;608;608;94;596;0.67;0.78;Enabled;66.38;21.92;Yes;0;0;0;0;0;0
296915;No;608;608;94;600;0.67;0.78;Enabled;66.38;21.92;Yes;0;0;0;0;0;0
296979;No;608;607;94;604;0.67;0.78;Enabled;66.38;21.92;Yes;0;0;0;0;0;0
297007;No;607;607;94;608;0.67;0.78;Enabled;66.38;21.92;Yes;0;0;0;0;0;0
297035;No;607;607;94;612;0.67;0.78;Enabled;66.38;21.92;Yes;0;0;0;0;0;0
297068;No;607;607;94;616;0.67;0.78;Enabled;66.38;21.92;Yes;0;0;0;0;0;0
297095;No;607;607;94;620;0.67;0.78;Enabled;66.38;21.92;Yes;0;0;0;0;0;0
297125;No;607;607;94;625;0.67;0.78;Enabled;66.38;21.92;Yes;0;0;0;0;0;0
297156;No;607;607;94;629;0.67;0.78;Enabled;66.38;21.92;Yes;0;0;0;0;0;0
297186;No;607;607;94;633;0.67;0.78;Enabled;66.38;21.92;Yes;0;0;0;0;0;0
297217;No;607;606;94;637;0.67;0.78;Enabled;66.38;21.92;Yes;0;0;0;0;0;0
297277;No;607;606;94;642;0.67;0.78;Enabled;66.38;21.92;Yes;0;0;0;0;0;0
297308;No;607;606;94;646;0.67;0.78;Enabled;66.38;21.92;Yes;0;0;0;0;0;0
297333;No;606;606;94;650;0.67;0.78;Enabled;66.38;21.92;Yes;0;0;0;0;0;0
297365;No;606;606;94;654;0.67;0.78;Enabled;66.38;21.92;Yes;0;0;0;0;0;0
297397;No;606;606;94;658;0.67;0.78;Enabled;66.38;21.92;Yes;0;0;0;0;0;0
297426;No;606;606;94;672;0.67;0.78;Enabled;66.38;21.92;Yes;0;0;0;0;0;0
297455;No;606;606;94;685;0.67;0.78;Enabled;66.38;21.92;Yes;0;0;0;0;0;0
297487;No;606;606;94;698;0.67;0.78;Enabled;66.38;21.92;Yes;0;0;0;0;0;0
297515;No;606;606;94;712;0.67;0.78;Enabled;66.38;21.92;Yes;0;0;0;0;0;0
297577;No;606;605;94;725;0.67;0.78;Enabled;66.38;21.92;Yes;0;0;0;0;0;0
297605;No;606;605;94;738;0.67;0.78;Enabled;66.38;21.92;Yes;0;0;0;0;0;0
297656;No;605;605;94;752;0.67;0.77;Enabled;66.38;21.92;Yes;0;0;0;0;0;0
297694;No;605;605;94;765;0.67;0.77;Enabled;66.38;21.92;Yes;0;0;0;0;0;0
297725;No;605;605;94;779;0.67;0.77;Enabled;66.38;21.92;Yes;0;0;0;0;0;0
297756;No;605;605;94;792;0.67;0.77;Enabled;66.38;21.92;Yes;0;0;0;0;0;0
297784;No;605;605;94;806;0.66;0.77;Enabled;66.38;21.92;Yes;0;0;0;0;0;0
297814;No;605;605;94;819;0.66;0.77;Enabled;66.38;21.92;Yes;0;0;0;0;0;0
297877;No;605;604;94;832;0.66;0.77;Enabled;66.38;21.92;Yes;0;0;0;0;0;0
297908;No;604;604;94;846;0.66;0.77;Enabled;66.38;21.92;Yes;0;0;0;0;0;0
297936;No;604;604;94;859;0.66;0.77;Enabled;66.38;21.92;Yes;0;0;0;0;0;0
297968;No;604;604;94;872;0.66;0.77;Enabled;66.38;21.92;Yes;0;0;0;0;0;0
297996;No;604;604;94;886;0.66;0.77;Enabled;66.38;21.92;Yes;0;0;0;0;0;0
298026;No;604;604;94;885;0.66;0.77;Enabled;66.38;21.92;Yes;0;0;0;0;0;0
298057;No;604;604;94;884;0.66;0.77;Enabled;66.38;21.92;Yes;0;0;0;0;0;0
298084;No;604;604;94;883;0.66;0.77;Enabled;66.38;21.92;Yes;0;0;0;0;0;0
298116;No;604;604;94;882;0.66;0.77;Enabled;66.38;21.92;Yes;0;0;0;0;0;0
298177;No;604;604;94;881;0.66;0.77;Enabled;66.38;21.92;Yes;0;0;0;0;0;0
298208;No;604;604;94;880;0.66;0.77;Enabled;66.38;21.92;Yes;0;0;0;0;0;0
298236;No;603;603;94;879;0.66;0.77;Enabled;66.38;21.92;Yes;0;0;0;0;0;0
298264;No;603;603;94;878;0.66;0.77;Enabled;66.38;21.92;Yes;0;0;0;0;0;0
298296;No;603;603;94;877;0.66;0.77;Enabled;66.38;21.92;Yes;0;0;0;0;0;0
298323;No;603;603;94;876;0.66;0.77;Enabled;66.38;21.92;Yes;0;0;0;0;0;0
298354;No;603;603;94;875;0.66;0.77;Enabled;66.38;21.92;Yes;0;0;0;0;0;0
298383;No;603;603;94;874;0.66;0.77;Enabled;66.38;21.92;Yes;0;0;0;0;0;0
298413;No;603;603;94;873;0.66;0.77;Enabled;66.38;21.92;Yes;0;0;0;0;0;0
298478;No;603;603;94;872;0.66;0.77;Enabled;66.38;21.92;Yes;0;0;0;0;0;0
298506;No;603;603;94;871;0.66;0.77;Enabled;66.38;21.92;Yes;0;0;0;0;0;0
298536;No;602;603;94;870;0.66;0.77;Enabled;66.38;21.92;Yes;0;0;0;0;0;0
298564;No;602;602;94;869;0.66;0.77;Enabled;66.38;21.92;Yes;0;0;0;0;0;0
298596;No;602;602;94;857;0.66;0.77;Enabled;66.38;21.92;Yes;0;0;0;0;0;0
298624;No;602;602;94;845;0.66;0.77;Enabled;66.38;21.92;Yes;0;0;0;0;0;0
298653;No;602;602;94;833;0.66;0.77;Enabled;66.38;21.92;Yes;0;0;0;0;0;0
298684;No;602;602;94;821;0.66;0.77;Enabled;66.38;21.92;Yes;0;0;0;0;0;0
298713;No;602;602;94;809;0.66;0.77;Enabled;66.38;21.92;Yes;0;0;0;0;0;0
298778;No;602;602;94;797;0.66;0.77;Enabled;66.38;21.92;Yes;0;0;0;0;0;0
298808;No;602;602;94;785;0.66;0.77;Enabled;66.38;21.92;Yes;0;0;0;0;0;0
298835;No;602;602;94;773;0.66;0.77;Enabled;66.38;21.92;Yes;0;0;0;0;0;0
298866;No;601;601;94;761;0.66;0.77;Enabled;66.38;21.92;Yes;0;0;0;0;0;0
298897;No;601;601;94;749;0.66;0.77;Enabled;66.38;21.92;Yes;0;0;0;0;0;0
298939;No;601;601;94;737;0.66;0.77;Enabled;66.38;21.92;Yes;0;0;0;0;0;0
298955;No;601;601;94;725;0.66;0.77;Enabled;66.38;21.92;Yes;0;0;0;0;0;0
298987;No;601;601;94;713;0.66;0.77;Enabled;66.38;21.92;Yes;0;0;0;0;0;0
299014;No;601;601;94;701;0.66;0.77;Enabled;66.38;21.92;Yes;0;0;0;0;0;0
299077;No;601;601;94;689;0.66;0.78;Enabled;66.38;21.92;Yes;0;0;0;0;0;0
299108;No;601;600;94;677;0.66;0.78;Enabled;66.38;21.92;Yes;0;0;0;0;0;0
299135;No;601;600;94;665;0.67;0.78;Enabled;66.38;21.92;Yes;0;0;0;0;0;0
299167;No;600;600;94;660;0.67;0.78;Enabled;66.38;21.92;Yes;0;0;0;0;0;0
299193;No;600;600;94;655;0.67;0.78;Enabled;66.38;21.92;Yes;0;0;0;0;0;0
299226;No;600;600;94;650;0.67;0.78;Enabled;66.38;21.92;Yes;0;0;0;0;0;0
299253;No;600;600;94;645;0.67;0.78;Enabled;66.38;21.92;Yes;0;0;0;0;0;0
299286;No;600;600;94;640;0.67;0.78;Enabled;66.38;21.92;Yes;0;0;0;0;0;0
299317;No;600;600;94;636;0.67;0.78;Enabled;66.38;21.92;Yes;0;0;0;0;0;0
299379;No;600;600;94;630;0.67;0.78;Enabled;66.38;21.92;Yes;0;0;0;0;0;0
299407;No;600;600;95;626;0.67;0.78;Enabled;66.38;21.92;Yes;0;0;0;0;0;0
299435;No;600;600;95;621;0.67;0.78;Enabled;66.38;21.92;Yes;0;0;0;0;0;0
299467;No;600;600;95;616;0.67;0.78;Enabled;66.38;21.92;Yes;0;0;0;0;0;0
299497;No;600;600;95;611;0.67;0.78;Enabled;66.38;21.92;Yes;0;0;0;0;0;0
299527;No;600;600;95;606;0.67;0.78;Enabled;66.38;21.92;Yes;0;0;0;0;0;0
299553;No;600;600;95;601;0.67;0.78;Enabled;66.38;21.92;Yes;0;0;0;0;0;0
299584;No;599;600;95;596;0.67;0.78;Enabled;66.38;21.92;Yes;0;0;0;0;0;0
299613;No;599;599;95;591;0.67;0.78;Enabled;66.38;21.92;Yes;0;0;0;0;0;0
299678;No;599;599;95;586;0.67;0.78;Enabled;66.38;21.92;Yes;0;0;0;0;0;0
299709;No;599;599;95;581;0.67;0.78;Enabled;66.38;21.92;Yes;0;0;0;0;0;0
299737;No;599;599;95;584;0.67;0.78;Enabled;66.38;21.92;Yes;0;0;0;0;0;0
299765;No;599;599;95;586;0.67;0.78;Enabled;66.38;21.92;Yes;0;0;0;0;0;0
299797;No;599;599;95;589;0.67;0.78;Enabled;66.38;21.92;Yes;0;0;0;0;0;0
299825;No;599;599;95;592;0.67;0.78;Enabled;66.38;21.92;Yes;0;0;0;0;0;0
299857;No;599;599;95;594;0.67;0.78;Enabled;66.38;21.92;Yes;0;0;0;0;0;0
299884;No;599;599;95;597;0.67;0.78;Enabled;66.38;21.92;Yes;0;0;0;0;0;0
299914;No;598;599;95;600;0.67;0.78;Enabled;66.38;21.92;Yes;0;0;0;0;0;0
299979;No;598;598;95;602;0.67;0.78;Enabled;66.38;21.92;Yes;0;0;0;0;0;0
300005;No;598;598;95;605;0.67;0.78;Enabled;66.38;21.92;Yes;0;0;0;0;0;0
300037;No;598;598;95;608;0.67;0.78;Enabled;66.38;21.92;Yes;0;0;0;0;0;0
300064;No;598;598;95;610;0.67;0.78;Enabled;66.38;21.92;Yes;0;0;0;0;0;0
300093;No;598;598;95;613;0.67;0.78;Enabled;66.38;21.92;Yes;0;0;0;0;0;0
300125;No;598;598;95;616;0.67;0.78;Enabled;66.38;21.92;Yes;0;0;0;0;0;0
300155;No;598;598;95;618;0.67;0.78;Enabled;66.38;21.92;Yes;0;0;0;0;0;0
300187;No;598;598;95;621;0.67;0.78;Enabled;66.38;21.92;Yes;0;0;0;0;0;0
300220;No;598;598;95;624;0.67;0.78;Enabled;66.38;21.92;Yes;0;0;0;0;0;0
300278;No;598;598;95;626;0.67;0.78;Enabled;66.38;21.92;Yes;0;0;0;0;0;0
300308;No;598;598;95;629;0.67;0.78;Enabled;66.38;21.92;Yes;0;0;0;0;0;0
300336;No;597;597;95;632;0.67;0.78;Enabled;66.38;21.92;Yes;0;0;0;0;0;0
300364;No;597;597;95;634;0.67;0.78;Enabled;66.38;21.92;Yes;0;0;0;0;0;0
300396;No;597;597;95;637;0.67;0.78;Enabled;66.38;21.92;Yes;0;0;0;0;0;0
300425;No;597;597;95;640;0.67;0.78;Enabled;66.38;21.92;Yes;0;0;0;0;0;0
300457;No;597;597;95;642;0.67;0.78;Enabled;66.38;21.92;Yes;0;0;0;0;0;0
300483;No;597;597;95;645;0.67;0.78;Enabled;66.38;21.92;Yes;0;0;0;0;0;0
300514;No;597;597;95;648;0.67;0.78;Enabled;66.38;21.92;Yes;0;0;0;0;0;0
300588;No;597;596;95;650;0.67;0.78;Enabled;66.38;21.92;Yes;0;0;0;0;0;0
300606;No;597;596;95;653;0.67;0.78;Enabled;66.38;21.92;Yes;0;0;0;0;0;0
300636;No;596;596;95;656;0.67;0.78;Enabled;66.38;21.92;Yes;0;0;0;0;0;0
300663;No;596;596;95;658;0.67;0.78;Enabled;66.38;21.92;Yes;0;0;0;0;0;0
300694;No;596;596;95;661;0.67;0.78;Enabled;66.38;21.92;Yes;0;0;0;0;0;0
300727;No;596;596;95;664;0.67;0.78;Enabled;66.38;21.92;Yes;0;0;0;0;0;0
300753;No;596;596;95;666;0.67;0.78;Enabled;66.38;21.92;Yes;0;0;0;0;0;0
300784;No;596;596;95;669;0.67;0.78;Enabled;66.38;21.92;Yes;0;0;0;0;0;0
300813;No;596;596;95;672;0.67;0.78;Enabled;66.38;21.92;Yes;0;0;0;0;0;0
300878;No;596;596;95;677;0.67;0.78;Enabled;66.38;21.92;Yes;0;0;0;0;0;0
300906;No;596;595;95;683;0.67;0.78;Enabled;66.38;21.92;Yes;0;0;0;0;0;0
300933;No;596;595;95;688;0.67;0.78;Enabled;66.38;21.92;Yes;0;0;0;0;0;0
300964;No;595;595;95;693;0.67;0.78;Enabled;66.38;21.92;Yes;0;0;0;0;0;0
300996;No;595;595;95;699;0.67;0.78;Enabled;66.38;21.92;Yes;0;0;0;0;0;0
301025;No;595;595;95;704;0.67;0.78;Enabled;66.38;21.92;Yes;0;0;0;0;0;0
301055;No;595;595;95;709;0.67;0.78;Enabled;66.38;21.92;Yes;0;0;0;0;0;0
301086;No;595;595;95;715;0.67;0.78;Enabled;66.38;21.92;Yes;0;0;0;0;0;0
301116;No;595;595;95;720;0.67;0.78;Enabled;66.38;21.92;Yes;0;0;0;0;0;0
301178;No;595;595;95;726;0.67;0.78;Enabled;66.38;21.92;Yes;0;0;0;0;0;0
301205;No;595;595;95;731;0.67;0.78;Enabled;66.38;21.92;Yes;0;0;0;0;0;0
301236;No;594;594;95;736;0.67;0.78;Enabled;66.38;21.92;Yes;0;0;0;0;0;0
301265;No;594;594;95;742;0.67;0.78;Enabled;66.38;21.92;Yes;0;0;0;0;0;0
301293;No;594;594;95;747;0.67;0.78;Enabled;66.38;21.92;Yes;0;0;0;0;0;0
301326;No;594;594;95;752;0.67;0.78;Enabled;66.38;21.92;Yes;0;0;0;0;0;0
301356;No;594;594;95;758;0.67;0.78;Enabled;66.38;21.92;Yes;0;0;0;0;0;0
301386;No;594;594;95;763;0.67;0.78;Enabled;66.38;21.92;Yes;0;0;0;0;0;0
301414;No;594;594;95;788;0.67;0.78;Enabled;66.38;21.92;Yes;0;0;0;0;0;0
301500;No;594;594;95;814;0.67;0.78;Enabled;66.38;21.92;Yes;0;0;0;0;0;0
301537;No;594;594;95;840;0.67;0.78;Enabled;66.38;21.92;Yes;0;0;0;0;0;0
301564;No;594;594;95;865;0.67;0.78;Enabled;66.38;21.92;Yes;0;0;0;0;0;0
301597;No;594;594;95;891;0.67;0.78;Enabled;66.38;21.92;Yes;0;0;0;0;0;0
301626;No;594;594;95;917;0.67;0.78;Enabled;66.38;21.92;Yes;0;0;0;0;0;0
301656;No;593;594;95;942;0.67;0.78;Enabled;66.38;21.92;Yes;0;0;0;0;0;0
301687;No;593;593;95;968;0.67;0.78;Enabled;66.38;21.92;Yes;0;0;0;0;0;0
301715;No;593;593;95;994;0.67;0.78;Enabled;66.38;21.92;Yes;0;0;0;0;0;0
301777;No;593;593;95;1019;0.68;0.78;Enabled;66.38;21.92;Yes;0;0;0;0;0;0
301807;No;593;593;95;1045;0.68;0.78;Enabled;66.38;21.92;Yes;0;0;0;0;0;0
301834;No;593;593;95;1070;0.68;0.78;Enabled;66.38;21.92;Yes;0;0;0;0;0;0
301863;No;593;593;95;1096;0.68;0.78;Enabled;66.38;21.92;Yes;0;0;0;0;0;0
301893;No;593;593;95;1122;0.68;0.78;Enabled;66.38;21.92;Yes;0;0;0;0;0;0
301929;No;593;593;95;1148;0.68;0.78;Enabled;66.38;21.92;Yes;0;0;0;0;0;0
301957;No;593;593;95;1173;0.68;0.78;Enabled;66.38;21.92;Yes;0;0;0;0;0;0
301984;No;593;593;95;1199;0.68;0.78;Enabled;66.38;21.92;Yes;0;0;0;0;0;0
302016;No;592;593;95;1212;0.68;0.78;Enabled;66.38;21.92;Yes;0;0;0;0;0;0
302078;No;592;592;95;1224;0.68;0.78;Enabled;66.38;21.92;Yes;0;0;0;0;0;0
302107;No;592;592;95;1237;0.68;0.78;Enabled;66.38;21.92;Yes;0;0;0;0;0;0
302135;No;592;592;95;1249;0.68;0.78;Enabled;66.38;21.92;Yes;0;0;0;0;0;0
302167;No;592;592;95;1262;0.68;0.78;Enabled;66.38;21.92;Yes;0;0;0;0;0;0
302193;No;592;592;95;1275;0.68;0.78;Enabled;66.38;21.92;Yes;0;0;0;0;0;0
302225;No;592;592;95;1287;0.68;0.78;Enabled;66.38;21.92;Yes;0;0;0;0;0;0
302255;No;592;592;95;1300;0.68;0.78;Enabled;66.38;21.92;Yes;0;0;0;0;0;0
302283;No;592;592;95;1312;0.68;0.78;Enabled;66.38;21.92;Yes;0;0;0;0;0;0
302314;No;592;592;95;1325;0.68;0.78;Enabled;66.38;21.92;Yes;0;0;0;0;0;0
302381;No;592;592;95;1338;0.68;0.78;Enabled;66.38;21.92;Yes;0;0;0;0;0;0
302405;No;592;592;95;1350;0.67;0.78;Enabled;66.38;21.92;Yes;0;0;0;0;0;0
302437;No;592;592;95;1363;0.67;0.78;Enabled;66.38;21.92;Yes;0;0;0;0;0;0
302466;No;592;592;95;1376;0.67;0.78;Enabled;66.38;21.92;Yes;0;0;0;0;0;0
302496;No;592;592;95;1388;0.67;0.78;Enabled;66.38;21.92;Yes;0;0;0;0;0;0
302523;No;592;592;95;1401;0.67;0.78;Enabled;66.38;21.92;Yes;0;0;0;0;0;0
302554;No;592;592;95;1414;0.67;0.78;Enabled;66.38;21.92;Yes;0;0;0;0;0;0
302586;No;591;592;95;1434;0.67;0.78;Enabled;66.38;21.92;Yes;0;0;0;0;0;0
302613;No;591;591;95;1454;0.64;0.78;Enabled;66.38;21.92;Yes;0;0;0;0;0;0
302677;No;591;591;95;1475;0.60;0.75;Enabled;66.38;21.92;Yes;0;0;0;0;0;0
302706;No;591;591;95;1496;0.57;0.71;Enabled;66.38;21.92;Yes;0;0;0;0;0;0
302737;No;591;591;95;1516;0.54;0.68;Enabled;66.38;21.92;Yes;0;0;0;0;0;0
302776;No;591;591;95;1536;0.50;0.64;Enabled;66.38;21.92;Yes;0;0;0;0;0;0
302797;No;591;591;95;1557;0.47;0.61;Enabled;66.38;21.92;Yes;0;0;0;0;0;0
302826;No;591;591;95;1577;0.44;0.58;Enabled;66.38;21.92;Yes;0;0;0;0;0;0
302857;No;591;591;95;1598;0.40;0.54;Enabled;66.38;21.92;Yes;0;0;0;0;0;0
302884;No;591;591;95;1618;0.37;0.51;Enabled;66.38;21.92;Yes;0;0;0;0;0;0
302916;No;591;591;95;1638;0.34;0.47;Enabled;66.38;21.92;Yes;0;0;0;0;0;0
302979;No;591;591;95;1659;0.30;0.44;Enabled;66.38;21.92;Yes;0;0;0;0;0;0
303007;No;591;591;95;1679;0.27;0.40;Enabled;66.38;21.92;Yes;0;0;0;0;0;0
303033;No;591;591;95;1700;0.24;0.37;Enabled;66.38;21.92;Yes;0;0;0;0;0;0
303071;No;591;591;95;1720;0.20;0.33;Enabled;66.38;21.92;Yes;0;0;0;0;0;0
303093;No;590;590;95;1740;0.17;0.30;Enabled;66.38;21.92;Yes;0;0;0;0;0;0
303125;No;590;590;95;1761;0.14;0.27;Enabled;66.38;21.92;Yes;0;0;0;0;0;0
303156;No;590;590;95;1782;0.10;0.23;Enabled;66.38;21.92;Yes;0;0;0;0;0;0
303186;No;590;590;95;1804;0.11;0.20;Enabled;66.38;21.92;Yes;0;0;0;0;0;0
303217;No;590;590;95;1825;0.11;0.22;Enabled;66.38;21.92;Yes;0;0;0;0;0;0
303279;No;590;590;95;1846;0.11;0.25;Enabled;66.38;21.92;Yes;0;0;0;0;0;0
303305;No;590;590;95;1867;0.12;0.28;Enabled;66.38;21.92;Yes;0;0;0;0;0;0
303337;No;590;590;95;1888;0.12;0.30;Enabled;66.38;21.92;Yes;0;0;0;0;0;0
303365;No;590;590;95;1910;0.12;0.33;Enabled;66.38;21.92;Yes;0;0;0;0;0;0
303396;No;590;590;95;1931;0.13;0.36;Enabled;66.38;21.92;Yes;0;0;0;0;0;0
303423;No;590;590;95;1952;0.13;0.38;Enabled;66.38;21.92;Yes;0;0;0;0;0;0
303453;No;590;590;95;1974;0.13;0.41;Enabled;66.38;21.92;Yes;0;0;0;0;0;0
303484;No;590;590;95;1995;0.14;0.44;Enabled;66.38;21.92;Yes;0;0;0;0;0;0
303513;No;590;590;95;2016;0.14;0.46;Enabled;66.38;21.92;Yes;0;0;0;0;0;0
303579;No;590;590;95;2037;0.14;0.49;Enabled;66.38;21.92;Yes;0;0;0;0;0;0
303605;No;590;590;95;2058;0.15;0.52;Enabled;66.38;21.92;Yes;0;0;0;0;0;0
303636;No;590;590;95;2080;0.15;0.54;Enabled;66.38;21.92;Yes;0;0;0;0;0;0
303666;No;590;590;95;2101;0.16;0.57;Enabled;66.38;21.92;Yes;0;0;0;0;0;0
303697;No;590;590;95;2122;0.16;0.60;Enabled;66.38;21.92;Yes;0;0;0;0;0;0
303726;No;590;590;95;2132;0.16;0.62;Enabled;66.38;21.92;Yes;0;0;0;0;0;0
303756;No;590;590;95;2141;0.17;0.65;Enabled;66.38;21.92;Yes;0;0;0;0;0;0
303786;No;590;590;95;2150;0.17;0.66;Enabled;66.38;21.92;Yes;0;0;0;0;0;0
303816;No;590;590;95;2160;0.17;0.66;Enabled;66.38;21.92;Yes;0;0;0;0;0;0
303877;No;590;590;95;2169;0.18;0.67;Enabled;66.38;21.92;Yes;0;0;0;0;0;0
303908;No;590;590;95;2178;0.18;0.68;Enabled;66.38;21.92;Yes;0;0;0;0;0;0
303933;No;590;590;95;2188;0.19;0.68;Enabled;66.38;21.92;Yes;0;0;0;0;0;0
303964;No;590;590;94;2197;0.19;0.69;Enabled;66.38;21.92;Yes;0;0;0;0;0;0
303998;No;590;589;94;2207;0.19;0.69;Enabled;66.38;21.92;Yes;0;0;0;0;0;0
304027;No;589;589;94;2216;0.20;0.70;Enabled;66.38;21.92;Yes;0;0;0;0;0;0
304059;No;589;589;94;2226;0.20;0.71;Enabled;66.38;21.92;Yes;0;0;0;0;0;0
304085;No;589;589;94;2235;0.21;0.71;Enabled;66.38;21.92;Yes;0;0;0;0;0;0
304116;No;589;589;94;2244;0.21;0.72;Enabled;66.38;21.92;Yes;0;0;0;0;0;0
304178;No;589;589;94;2254;0.21;0.73;Enabled;66.38;21.92;Yes;0;0;0;0;0;0
304206;No;589;589;94;2263;0.22;0.73;Enabled;66.38;21.92;Yes;0;0;0;0;0;0
304236;No;589;589;94;2272;0.22;0.74;Enabled;66.38;21.92;Yes;0;0;0;0;0;0
304267;No;589;589;94;2282;0.23;0.75;Enabled;66.38;21.92;Yes;0;0;0;0;0;0
304293;No;589;589;94;2237;0.23;0.75;Enabled;66.38;21.92;Yes;0;0;0;0;0;0
304326;No;589;589;94;2192;0.27;0.76;Enabled;66.38;21.92;Yes;0;0;0;0;0;0
304357;No;589;589;94;2148;0.30;0.76;Enabled;66.38;21.92;Yes;0;0;0;0;0;0
304384;No;589;589;94;2103;0.34;0.77;Enabled;66.38;21.92;Yes;0;0;0;0;0;0
304416;No;589;589;94;2058;0.37;0.77;Enabled;66.38;21.92;Yes;0;0;0;0;0;0
304477;No;589;589;94;2014;0.41;0.78;Enabled;66.38;21.92;Yes;0;0;0;0;0;0
304506;No;589;589;94;1969;0.44;0.78;Enabled;66.38;21.92;Yes;0;0;0;0;0;0
304536;No;589;589;94;1924;0.48;0.79;Enabled;66.38;21.92;Yes;0;0;0;0;0;0
304568;No;589;589;94;1880;0.52;0.79;Enabled;66.38;21.92;Yes;0;0;0;0;0;0
304596;No;589;589;94;1835;0.55;0.80;Enabled;66.38;21.92;Yes;0;0;0;0;0;0
304626;No;589;589;94;1791;0.59;0.80;Enabled;66.38;21.92;Yes;0;0;0;0;0;0
304657;No;589;589;94;1746;0.62;0.81;Enabled;66.38;21.92;Yes;0;0;0;0;0;0
304683;No;589;589;94;1701;0.66;0.81;Enabled;66.38;21.92;Yes;0;0;0;0;0;0
304715;No;589;589;94;1657;0.69;0.82;Enabled;66.38;21.92;Yes;0;0;0;0;0;0
304778;No;589;589;94;1612;0.73;0.83;Enabled;66.38;21.92;Yes;0;0;0;0;0;0
304806;No;589;589;94;1568;0.76;0.83;Enabled;66.38;21.92;Yes;0;0;0;0;0;0
304837;No;589;589;94;1523;0.80;0.83;Enabled;66.38;21.92;Yes;0;0;0;0;0;0
304865;No;589;589;94;1517;0.84;0.84;Enabled;66.38;21.92;Yes;0;0;0;0;0;0
304897;No;589;589;94;1512;0.84;0.85;Enabled;66.38;21.92;Yes;0;0;0;0;0;0
304926;No;589;589;94;1506;0.83;0.84;Enabled;66.38;21.92;Yes;0;0;0;0;0;0
304954;No;589;589;94;1501;0.83;0.84;Enabled;66.38;21.92;Yes;0;0;0;0;0;0
304986;No;589;589;94;1496;0.83;0.84;Enabled;66.38;21.92;Yes;0;0;0;0;0;0
305016;No;589;589;94;1490;0.83;0.84;Enabled;66.38;21.92;Yes;0;0;0;0;0;0
305049;No;589;589;94;1485;0.83;0.84;Enabled;66.38;21.92;Yes;0;0;0;0;0;0
305077;No;589;589;94;1479;0.83;0.84;Enabled;66.38;21.92;Yes;0;0;0;0;0;0
305107;No;589;589;94;1474;0.83;0.84;Enabled;66.38;21.92;Yes;0;0;0;0;0;0
305135;No;589;589;94;1468;0.83;0.84;Enabled;66.38;21.92;Yes;0;0;0;0;0;0
305167;No;589;589;94;1463;0.83;0.84;Enabled;66.38;21.92;Yes;0;0;0;0;0;0
305196;No;589;589;94;1458;0.83;0.84;Enabled;66.38;21.92;Yes;0;0;0;0;0;0
305224;No;589;589;94;1452;0.83;0.84;Enabled;66.38;21.92;Yes;0;0;0;0;0;0
305257;No;589;589;94;1447;0.83;0.83;Enabled;66.38;21.92;Yes;0;0;0;0;0;0
305286;No;589;589;94;1441;0.83;0.83;Enabled;66.38;21.92;Yes;0;0;0;0;0;0
305336;No;589;589;94;1436;0.83;0.83;Enabled;66.38;21.92;Yes;0;0;0;0;0;0
305405;No;589;589;94;1430;0.83;0.83;Enabled;66.38;21.92;Yes;0;0;0;0;0;0
305433;No;589;589;94;1401;0.83;0.83;Enabled;66.38;21.92;Yes;0;0;0;0;0;0
305464;No;589;589;94;1372;0.83;0.83;Enabled;66.38;21.92;Yes;0;0;0;0;0;0
305501;No;589;589;94;1342;0.83;0.83;Disabled;66.38;21.92;Yes;0;0;0;0;0;0
305525;No;589;589;94;1312;0.83;0.83;Disabled;66.38;21.92;Yes;0;0;0;0;0;0
305555;No;589;589;94;1283;0.83;0.83;Disabled;66.38;21.92;Yes;0;0;0;0;0;0
305585;No;589;589;94;1254;0.83;0.83;Disabled;66.38;21.92;Yes;0;0;0;0;0;0
305616;No;589;589;94;1224;0.83;0.83;Disabled;66.38;21.92;Yes;0;0;0;0;0;0
305674;No;589;589;95;1195;0.83;0.83;Disabled;66.38;21.92;Yes;0;0;0;0;0;0
305706;No;589;589;95;1165;0.82;0.83;Disabled;66.38;21.92;Yes;0;0;0;0;0;0
305736;No;589;589;95;1136;0.82;0.83;Disabled;66.38;21.92;Yes;0;0;0;0;0;0
305765;No;589;589;95;1106;0.82;0.83;Disabled;66.38;21.92;Yes;0;0;0;0;0;0
305796;No;589;589;95;1077;0.82;0.83;Disabled;66.38;21.92;Yes;0;0;0;0;0;0
305825;No;589;589;95;1048;0.82;0.83;Disabled;66.38;21.92;Yes;0;0;0;0;0;0
305857;No;589;589;95;1018;0.82;0.82;Disabled;66.38;21.92;Yes;0;0;0;0;0;0
305884;No;589;589;95;988;0.82;0.82;Disabled;66.38;21.92;Yes;0;0;0;0;0;0
305915;No;589;589;95;959;0.82;0.82;Disabled;66.38;21.92;Yes;0;0;0;0;0;0
305975;No;589;589;95;930;0.82;0.82;Disabled;66.38;21.92;Yes;0;0;0;0;0;0
306008;No;589;589;95;930;0.82;0.82;Disabled;66.38;21.92;Yes;0;0;0;0;0;0
306035;No;589;589;95;931;0.82;0.82;Disabled;66.38;21.92;Yes;0;0;0;0;0;0
306067;No;589;589;95;932;0.82;0.82;Disabled;66.38;21.92;Yes;0;0;0;0;0;0
306097;No;589;589;95;932;0.81;0.82;Disabled;66.38;21.92;Yes;0;0;0;0;0;0
306125;No;589;589;95;933;0.81;0.82;Disabled;66.38;21.92;Yes;0;0;0;0;0;0
306157;No;589;589;95;934;0.81;0.82;Disabled;66.38;21.92;Yes;0;0;0;0;0;0
306184;No;589;589;95;934;0.81;0.82;Disabled;66.38;21.92;Yes;0;0;0;0;0;0
306217;No;589;589;95;935;0.81;0.82;Disabled;66.38;21.92;Yes;0;0;0;0;0;0
306276;No;589;588;95;935;0.81;0.82;Disabled;66.38;21.92;Yes;0;0;0;0;0;0
306307;No;588;588;95;936;0.81;0.82;Disabled;66.38;21.92;Yes;0;0;0;0;0;0
306333;No;588;588;95;936;0.81;0.82;Disabled;66.38;21.92;Yes;0;0;0;0;0;0
306365;No;588;588;95;937;0.81;0.82;Disabled;66.38;21.92;Yes;0;0;0;0;0;0
306396;No;588;588;95;938;0.81;0.82;Disabled;66.38;21.92;Yes;0;0;0;0;0;0
306426;No;588;588;95;938;0.81;0.81;Disabled;66.38;21.92;Yes;0;0;0;0;0;0
306453;No;588;588;95;939;0.81;0.81;Disabled;66.38;21.92;Yes;0;0;0;0;0;0
306484;No;588;588;95;940;0.81;0.81;Disabled;66.38;21.92;Yes;0;0;0;0;0;0
306517;No;588;588;95;940;0.81;0.81;Disabled;66.38;21.92;Yes;0;0;0;0;0;0
306576;No;588;588;95;940;0.81;0.81;Disabled;66.38;21.92;Yes;0;0;0;0;0;0
306616;No;588;588;95;940;0.81;0.81;Disabled;66.38;21.92;Yes;0;0;0;0;0;0
306639;No;588;588;95;939;0.81;0.81;Disabled;66.38;21.92;Yes;0;0;0;0;0;0
306666;No;588;588;95;938;0.81;0.81;Disabled;66.38;21.92;Yes;0;0;0;0;0;0
306697;No;588;588;95;938;0.81;0.81;Disabled;66.38;21.92;Yes;0;0;0;0;0;0
306723;No;588;588;95;937;0.81;0.81;Disabled;66.38;21.92;Yes;0;0;0;0;0;0
306754;No;588;588;95;936;0.80;0.81;Disabled;66.38;21.92;Yes;0;0;0;0;0;0
306783;No;588;588;95;936;0.80;0.81;Disabled;66.38;21.92;Yes;0;0;0;0;0;0
306816;No;588;588;95;936;0.80;0.81;Disabled;66.38;21.92;Yes;0;0;0;0;0;0
306874;No;588;588;95;935;0.80;0.81;Disabled;66.38;21.92;Yes;0;0;0;0;0;0
306906;No;588;588;95;934;0.80;0.81;Disabled;66.38;21.92;Yes;0;0;0;0;0;0
306933;No;588;588;95;934;0.80;0.81;Disabled;66.38;21.92;Yes;0;0;0;0;0;0
306963;No;588;588;95;933;0.80;0.81;Disabled;66.38;21.92;Yes;0;0;0;0;0;0
306994;No;588;588;95;933;0.80;0.81;Disabled;66.38;21.92;Yes;0;0;0;0;0;0
307023;No;588;588;95;932;0.80;0.81;Disabled;66.38;21.92;Yes;0;0;0;0;0;0
307053;No;588;588;95;932;0.80;0.81;Disabled;66.38;21.92;Yes;0;0;0;0;0;0
307084;No;588;588;95;931;0.80;0.81;Disabled;66.38;21.92;Yes;0;0;0;0;0;0
307116;No;588;588;95;931;0.80;0.81;Disabled;66.38;21.92;Yes;0;0;0;0;0;0
307175;No;588;588;95;931;0.80;0.81;Disabled;66.38;21.92;Yes;0;0;0;0;0;0
307210;No;588;588;95;932;0.80;0.81;Disabled;66.38;21.92;Yes;0;0;0;0;0;0
307234;No;588;588;95;932;0.80;0.81;Disabled;66.38;21.92;Yes;0;0;0;0;0;0
307272;No;588;588;95;932;0.80;0.81;Disabled;66.38;21.92;Yes;0;0;0;0;0;0
307293;No;587;588;95;932;0.80;0.81;Disabled;66.38;21.92;Yes;0;0;0;0;0;0
307324;No;587;587;95;932;0.80;0.81;Disabled;66.38;21.92;Yes;0;0;0;0;0;0
307353;No;587;587;95;932;0.80;0.80;Disabled;66.38;21.92;Yes;0;0;0;0;0;0
307384;No;587;587;95;932;0.80;0.80;Disabled;66.38;21.92;Yes;0;0;0;0;0;0
307415;No;587;587;95;933;0.80;0.80;Disabled;66.38;21.92;Yes;0;0;0;0;0;0
307477;No;587;587;95;933;0.80;0.80;Disabled;66.38;21.92;Yes;0;0;0;0;0;0
307507;No;587;587;95;933;0.80;0.80;Disabled;66.38;21.92;Yes;0;0;0;0;0;0
307534;No;587;587;95;933;0.79;0.80;Disabled;66.38;21.92;Yes;0;0;0;0;0;0
307567;No;587;587;95;934;0.79;0.80;Disabled;66.38;21.92;Yes;0;0;0;0;0;0
307593;No;587;587;95;934;0.79;0.80;Disabled;66.38;21.92;Yes;0;0;0;0;0;0
307627;No;587;587;95;934;0.79;0.80;Disabled;66.38;21.92;Yes;0;0;0;0;0;0
307654;No;587;587;95;934;0.79;0.80;Disabled;66.38;21.92;Yes;0;0;0;0;0;0
307686;No;587;587;95;934;0.79;0.80;Disabled;66.38;21.92;Yes;0;0;0;0;0;0
307713;No;587;587;95;934;0.79;0.80;Disabled;66.38;21.92;Yes;0;0;0;0;0;0
307776;No;587;587;95;934;0.79;0.80;Disabled;66.38;21.92;Yes;0;0;0;0;0;0
307808;No;587;587;95;934;0.79;0.80;Disabled;66.38;21.92;Yes;0;0;0;0;0;0
307836;No;587;587;95;934;0.79;0.80;Disabled;66.38;21.92;Yes;0;0;0;0;0;0
307864;No;587;587;95;934;0.79;0.80;Disabled;66.38;21.92;Yes;0;0;0;0;0;0
307898;No;587;587;95;934;0.79;0.80;Disabled;66.38;21.92;Yes;0;0;0;0;0;0
307926;No;587;587;95;934;0.79;0.80;Disabled;66.38;21.92;Yes;0;0;0;0;0;0
307957;No;586;587;95;934;0.79;0.80;Disabled;66.38;21.92;Yes;0;0;0;0;0;0
307985;No;586;586;95;934;0.79;0.80;Disabled;66.38;21.92;Yes;0;0;0;0;0;0
308015;No;586;586;95;934;0.79;0.80;Disabled;66.38;21.92;Yes;0;0;0;0;0;0
308085;No;586;586;95;934;0.79;0.80;Disabled;66.38;21.92;Yes;0;0;0;0;0;0
308107;No;586;586;95;934;0.79;0.80;Disabled;66.38;21.92;Yes;0;0;0;0;0;0
308135;No;586;586;95;934;0.79;0.80;Disabled;66.38;21.92;Yes;0;0;0;0;0;0
308164;No;586;586;95;934;0.79;0.80;Disabled;66.38;21.92;Yes;0;0;0;0;0;0
308195;No;586;586;95;934;0.79;0.80;Disabled;66.38;21.92;Yes;0;0;0;0;0;0
308223;No;586;586;95;934;0.79;0.80;Disabled;66.38;21.92;Yes;0;0;0;0;0;0
308254;No;586;586;95;934;0.79;0.80;Disabled;66.38;21.92;Yes;0;0;0;0;0;0
308284;No;586;586;95;934;0.79;0.80;Disabled;66.38;21.92;Yes;0;0;0;0;0;0
308317;No;586;586;95;933;0.79;0.80;Disabled;66.38;21.92;Yes;0;0;0;0;0;0
308375;No;586;586;95;933;0.79;0.80;Disabled;66.38;21.92;Yes;0;0;0;0;0;0
308407;No;586;586;95;933;0.79;0.80;Disabled;66.38;21.92;Yes;0;0;0;0;0;0
308435;No;586;586;95;933;0.79;0.80;Disabled;66.38;21.92;Yes;0;0;0;0;0;0
308465;No;586;586;95;933;0.79;0.80;Disabled;66.38;21.92;Yes;0;0;0;0;0;0
308496;No;586;586;95;932;0.79;0.79;Disabled;66.38;21.92;Yes;0;0;0;0;0;0
308523;No;586;586;95;932;0.79;0.79;Disabled;66.38;21.92;Yes;0;0;0;0;0;0
308555;No;586;586;95;932;0.78;0.79;Disabled;66.38;21.92;Yes;0;0;0;0;0;0
308587;No;586;586;95;932;0.78;0.79;Disabled;66.38;21.92;Yes;0;0;0;0;0;0
308616;No;586;586;95;932;0.78;0.79;Disabled;66.38;21.92;Yes;0;0;0;0;0;0
308676;No;586;585;95;932;0.78;0.79;Disabled;66.38;21.92;Yes;0;0;0;0;0;0
308706;No;586;585;95;932;0.78;0.79;Disabled;66.38;21.92;Yes;0;0;0;0;0;0
308733;No;585;585;95;932;0.78;0.79;Disabled;66.38;21.92;Yes;0;0;0;0;0;0
308766;No;585;585;95;932;0.78;0.79;Disabled;66.38;21.92;Yes;0;0;0;0;0;0
308796;No;585;585;95;931;0.78;0.79;Disabled;66.38;21.92;Yes;0;0;0;0;0;0
308827;No;585;585;95;932;0.78;0.79;Disabled;66.38;21.92;Yes;0;0;0;0;0;0
308855;No;585;585;95;932;0.78;0.79;Disabled;66.38;21.92;Yes;0;0;0;0;0;0
308884;No;585;585;95;933;0.78;0.79;Disabled;66.38;21.92;Yes;0;0;0;0;0;0
308915;No;585;585;95;934;0.78;0.79;Disabled;66.38;21.92;Yes;0;0;0;0;0;0
308976;No;585;585;95;934;0.78;0.79;Disabled;66.38;21.92;Yes;0;0;0;0;0;0
309007;No;585;585;95;935;0.78;0.79;Disabled;66.38;21.92;Yes;0;0;0;0;0;0
309039;No;585;585;95;936;0.78;0.79;Disabled;66.38;21.92;Yes;0;0;0;0;0;0
309064;No;585;585;95;936;0.78;0.79;Disabled;66.38;21.92;Yes;0;0;0;0;0;0
309096;No;585;585;95;937;0.78;0.79;Disabled;66.38;21.92;Yes;0;0;0;0;0;0
309126;No;585;585;95;937;0.78;0.79;Disabled;66.38;21.92;Yes;0;0;0;0;0;0
309153;No;585;585;95;938;0.78;0.79;Disabled;66.38;21.92;Yes;0;0;0;0;0;0
309183;No;585;585;95;938;0.78;0.79;Disabled;66.38;21.92;Yes;0;0;0;0;0;0
309215;No;585;585;95;939;0.78;0.79;Disabled;66.38;21.92;Yes;0;0;0;0;0;0
309282;No;584;584;95;940;0.78;0.79;Disabled;66.38;21.92;Yes;0;0;0;0;0;0
309309;No;584;584;95;940;0.78;0.79;Disabled;66.38;21.92;Yes;0;0;0;0;0;0
309337;No;584;584;95;941;0.78;0.79;Disabled;66.38;21.92;Yes;0;0;0;0;0;0
309366;No;584;584;95;942;0.78;0.79;Disabled;66.38;21.92;Yes;0;0;0;0;0;0
309396;No;584;584;95;940;0.78;0.79;Disabled;66.38;21.92;Yes;0;0;0;0;0;0
309423;No;584;584;95;939;0.78;0.79;Disabled;66.38;21.92;Yes;0;0;0;0;0;0
309454;No;584;584;95;938;0.78;0.79;Disabled;66.38;21.92;Yes;0;0;0;0;0;0
309486;No;584;584;95;936;0.78;0.79;Disabled;66.38;21.92;Yes;0;0;0;0;0;0
309514;No;584;584;95;935;0.78;0.79;Disabled;66.38;21.92;Yes;0;0;0;0;0;0
309578;No;584;584;95;934;0.78;0.79;Disabled;66.38;21.92;Yes;0;0;0;0;0;0
309609;No;584;584;95;933;0.78;0.79;Disabled;66.38;21.92;Yes;0;0;0;0;0;0
309636;No;584;584;95;932;0.78;0.79;Disabled;66.38;21.92;Yes;0;0;0;0;0;0
309663;No;584;584;95;930;0.78;0.79;Disabled;66.38;21.92;Yes;0;0;0;0;0;0
309694;No;584;584;95;929;0.78;0.79;Disabled;66.38;21.92;Yes;0;0;0;0;0;0
309723;No;584;584;95;928;0.78;0.78;Disabled;66.38;21.92;Yes;0;0;0;0;0;0
309754;No;584;584;95;926;0.78;0.78;Disabled;66.38;21.92;Yes;0;0;0;0;0;0
309786;No;584;583;95;925;0.78;0.78;Disabled;66.38;21.92;Yes;0;0;0;0;0;0
309816;No;584;583;95;924;0.77;0.78;Disabled;66.38;21.92;Yes;0;0;0;0;0;0
309878;No;583;583;95;922;0.77;0.78;Disabled;66.38;21.92;Yes;0;0;0;0;0;0
309908;No;583;583;95;921;0.77;0.78;Disabled;66.38;21.92;Yes;0;0;0;0;0;0
309936;No;583;583;95;920;0.77;0.78;Disabled;66.38;21.92;Yes;0;0;0;0;0;0
309967;No;583;583;95;920;0.77;0.78;Disabled;66.38;21.92;Yes;0;0;0;0;0;0
309993;No;583;583;95;921;0.77;0.78;Disabled;66.38;21.92;Yes;0;0;0;0;0;0
310025;No;583;583;95;922;0.77;0.78;Disabled;66.38;21.92;Yes;0;0;0;0;0;0
310057;No;583;583;95;922;0.77;0.78;Disabled;66.38;21.92;Yes;0;0;0;0;0;0
310086;No;583;583;95;923;0.77;0.78;Disabled;66.38;21.92;Yes;0;0;0;0;0;0
310116;No;583;583;95;924;0.77;0.78;Disabled;66.38;21.92;Yes;0;0;0;0;0;0
310176;No;583;583;95;924;0.77;0.78;Disabled;66.38;21.92;Yes;0;0;0;0;0;0
310206;No;583;583;95;925;0.77;0.78;Disabled;66.38;21.92;Yes;0;0;0;0;0;0
310237;No;582;582;95;926;0.77;0.78;Disabled;66.38;21.92;Yes;0;0;0;0;0;0
310266;No;582;582;95;926;0.77;0.78;Disabled;66.38;21.92;Yes;0;0;0;0;0;0
310296;No;582;582;95;927;0.77;0.78;Disabled;66.38;21.92;Yes;0;0;0;0;0;0
310327;No;582;582;95;928;0.77;0.78;Disabled;66.38;21.92;Yes;0;0;0;0;0;0
310357;No;582;582;95;928;0.77;0.78;Disabled;66.38;21.92;Yes;0;0;0;0;0;0
310387;No;582;582;95;929;0.77;0.78;Disabled;66.38;21.92;Yes;0;0;0;0;0;0
310414;No;582;582;95;929;0.77;0.78;Disabled;66.38;21.92;Yes;0;0;0;0;0;0
310498;No;582;582;95;930;0.77;0.78;Disabled;66.38;21.92;Yes;0;0;0;0;0;0
310536;No;582;582;95;930;0.77;0.78;Disabled;66.38;21.92;Yes;0;0;0;0;0;0
310575;No;582;582;95;935;0.77;0.78;Disabled;66.38;21.92;Yes;0;0;0;0;0;0
310594;No;582;582;95;940;0.77;0.78;Disabled;66.38;21.92;Yes;0;0;0;0;0;0
310626;No;582;582;95;944;0.77;0.78;Disabled;66.38;21.92;Yes;0;0;0;0;0;0
310656;No;582;582;95;949;0.77;0.78;Disabled;66.38;21.92;Yes;0;0;0;0;0;0
310683;No;582;582;95;954;0.77;0.78;Disabled;66.38;21.92;Yes;0;0;0;0;0;0
310717;No;582;582;95;958;0.77;0.78;Disabled;66.38;21.92;Yes;0;0;0;0;0;0
310778;No;581;582;95;963;0.77;0.78;Disabled;66.38;21.92;Yes;0;0;0;0;0;0
310807;No;581;581;95;968;0.77;0.78;Disabled;66.38;21.92;Yes;0;0;0;0;0;0
310835;No;581;581;95;972;0.77;0.78;Disabled;66.38;21.92;Yes;0;0;0;0;0;0
310866;No;581;581;95;977;0.77;0.78;Disabled;66.38;21.92;Yes;0;0;0;0;0;0
310895;No;581;581;95;982;0.77;0.78;Disabled;66.38;21.92;Yes;0;0;0;0;0;0
310926;No;581;581;95;986;0.77;0.78;Disabled;66.38;21.92;Yes;0;0;0;0;0;0
310956;No;581;581;95;991;0.77;0.78;Disabled;66.38;21.92;Yes;0;0;0;0;0;0
310987;No;581;581;95;996;0.77;0.78;Disabled;66.38;21.92;Yes;0;0;0;0;0;0
311016;No;581;581;95;1000;0.77;0.78;Disabled;66.38;21.92;Yes;0;0;0;0;0;0
311077;No;581;581;95;1005;0.77;0.78;Disabled;66.38;21.92;Yes;0;0;0;0;0;0
311109;No;581;581;95;1010;0.77;0.78;Disabled;66.38;21.92;Yes;0;0;0;0;0;0
311135;No;581;581;95;1022;0.77;0.78;Disabled;66.38;21.92;Yes;0;0;0;0;0;0
311165;No;581;581;95;1034;0.77;0.78;Disabled;66.38;21.92;Yes;0;0;0;0;0;0
311198;No;581;581;95;1047;0.77;0.78;Disabled;66.38;21.92;Yes;0;0;0;0;0;0
311226;No;581;581;95;1059;0.77;0.78;Disabled;66.38;21.92;Yes;0;0;0;0;0;0
311258;No;580;581;95;1072;0.77;0.78;Disabled;66.38;21.92;Yes;0;0;0;0;0;0
311287;No;580;580;95;1084;0.77;0.78;Disabled;66.38;21.92;Yes;0;0;0;0;0;0
311314;No;580;580;95;1096;0.77;0.78;Disabled;66.38;21.92;Yes;0;0;0;0;0;0
311376;No;580;580;95;1109;0.77;0.78;Disabled;66.38;21.92;Yes;0;0;0;0;0;0
311408;No;580;580;95;1121;0.77;0.78;Disabled;66.38;21.92;Yes;0;0;0;0;0;0
311433;No;580;580;95;1134;0.76;0.78;Disabled;66.38;21.92;Yes;0;0;0;0;0;0
311465;No;580;580;95;1146;0.76;0.77;Disabled;66.38;21.92;Yes;0;0;0;0;0;0
311497;No;580;580;95;1158;0.76;0.77;Disabled;66.38;21.92;Yes;0;0;0;0;0;0
311524;No;580;580;95;1171;0.76;0.77;Disabled;66.38;21.92;Yes;0;0;0;0;0;0
311556;No;580;580;95;1183;0.76;0.77;Disabled;66.38;21.92;Yes;0;0;0;0;0;0
311586;No;580;580;95;1196;0.76;0.77;Disabled;66.38;21.92;Yes;0;0;0;0;0;0
311616;No;580;580;95;1208;0.76;0.77;Disabled;66.38;21.92;Yes;0;0;0;0;0;0
311675;No;580;580;95;1220;0.76;0.77;Disabled;66.38;21.92;Yes;0;0;0;0;0;0
311707;No;580;580;95;1226;0.76;0.77;Disabled;66.38;21.92;Yes;0;0;0;0;0;0
311739;No;580;580;95;1232;0.76;0.77;Disabled;66.38;21.92;Yes;0;0;0;0;0;0
311764;No;580;580;95;1238;0.76;0.77;Enabled;66.38;21.92;Yes;0;0;0;0;0;0
311796;No;580;580;95;1245;0.76;0.77;Enabled;66.38;21.92;Yes;0;0;0;0;0;0
311826;No;580;580;95;1251;0.76;0.77;Enabled;66.38;21.92;Yes;0;0;0;0;0;0
311857;No;580;580;95;1257;0.76;0.77;Enabled;66.38;21.92;Yes;0;0;0;0;0;0
311887;No;580;580;95;1263;0.76;0.77;Enabled;66.38;21.92;Yes;0;0;0;0;0;0
311917;No;580;580;95;1269;0.76;0.77;Enabled;66.38;21.92;Yes;0;0;0;0;0;0
311978;No;580;580;95;1275;0.76;0.77;Enabled;66.38;21.92;Yes;0;0;0;0;0;0
312008;No;580;580;95;1282;0.76;0.77;Enabled;66.38;21.92;Yes;0;0;0;0;0;0
312036;No;580;580;95;1288;0.76;0.77;Enabled;66.38;21.92;Yes;0;0;0;0;0;0
312066;No;580;580;95;1294;0.76;0.77;Enabled;66.38;21.92;Yes;0;0;0;0;0;0
312095;No;580;580;95;1300;0.76;0.77;Enabled;66.38;21.92;Yes;0;0;0;0;0;0
312126;No;580;579;95;1306;0.75;0.77;Enabled;66.38;21.92;Yes;0;0;0;0;0;0
312157;No;580;579;95;1312;0.75;0.77;Enabled;66.38;21.92;Yes;0;0;0;0;0;0
312187;No;580;579;95;1318;0.75;0.77;Enabled;66.38;21.92;Yes;0;0;0;0;0;0
312214;No;580;579;95;1324;0.75;0.77;Enabled;66.38;21.92;Yes;0;0;0;0;0;0
312278;No;580;579;95;1327;0.75;0.77;Enabled;66.38;21.92;Yes;0;0;0;0;0;0
312309;No;579;579;95;1330;0.73;0.77;Enabled;66.38;21.92;Yes;0;0;0;0;0;0
312336;No;579;579;95;1333;0.70;0.76;Enabled;66.38;21.92;Yes;0;0;0;0;0;0
312367;No;579;579;95;1336;0.68;0.76;Enabled;66.38;21.92;Yes;0;0;0;0;0;0
312393;No;579;579;95;1339;0.66;0.76;Enabled;66.38;21.92;Yes;0;0;0;0;0;0
312423;No;579;579;95;1342;0.63;0.75;Enabled;66.38;21.92;Yes;0;0;0;0;0;0
312453;No;579;579;95;1345;0.61;0.75;Enabled;66.38;21.92;Yes;0;0;0;0;0;0
312489;No;579;579;95;1348;0.58;0.75;Enabled;66.38;21.92;Yes;0;0;0;0;0;0
312517;No;579;579;95;1350;0.56;0.74;Enabled;66.38;21.92;Yes;0;0;0;0;0;0
312578;No;579;579;95;1353;0.53;0.74;Enabled;66.38;21.92;Yes;0;0;0;0;0;0
312608;No;579;579;95;1356;0.51;0.73;Enabled;66.38;21.92;Yes;0;0;0;0;0;0
312635;No;579;579;95;1359;0.48;0.73;Enabled;66.38;21.92;Yes;0;0;0;0;0;0
312666;No;579;579;95;1362;0.46;0.73;Enabled;66.38;21.92;Yes;0;0;0;0;0;0
312696;No;579;579;95;1365;0.44;0.72;Enabled;66.38;21.92;Yes;0;0;0;0;0;0
312727;No;579;579;95;1368;0.41;0.72;Enabled;66.38;21.92;Yes;0;0;0;0;0;0
312756;No;579;579;95;1371;0.39;0.71;Enabled;66.38;21.92;Yes;0;0;0;0;0;0
312784;No;579;579;95;1374;0.36;0.71;Enabled;66.38;21.92;Yes;0;0;0;0;0;0
312816;No;579;579;95;1362;0.34;0.71;Enabled;66.38;21.92;Yes;0;0;0;0;0;0
312876;No;579;579;95;1350;0.32;0.70;Enabled;66.38;21.92;Yes;0;0;0;0;0;0
312907;No;579;579;95;1337;0.31;0.70;Enabled;66.38;21.92;Yes;0;0;0;0;0;0
312938;No;579;579;95;1325;0.30;0.70;Enabled;66.38;21.92;Yes;0;0;0;0;0;0
312964;No;579;579;95;1313;0.29;0.70;Enabled;66.38;21.92;Yes;0;0;0;0;0;0
312994;No;579;579;95;1301;0.27;0.70;Enabled;66.38;21.92;Yes;0;0;0;0;0;0
313053;No;579;579;95;1288;0.26;0.70;Enabled;66.38;21.92;Yes;0;0;0;0;0;0
313086;No;579;579;94;1276;0.25;0.70;Enabled;66.38;21.92;Yes;0;0;0;0;0;0
313115;No;579;579;94;1264;0.23;0.70;Enabled;66.38;21.92;Yes;0;0;0;0;0;0
313177;No;579;579;94;1252;0.22;0.70;Enabled;66.38;21.92;Yes;0;0;0;0;0;0
313208;No;579;579;94;1240;0.21;0.70;Enabled;66.38;21.92;Yes;0;0;0;0;0;0
313236;No;579;579;94;1228;0.19;0.70;Enabled;66.38;21.92;Yes;0;0;0;0;0;0
313266;No;579;579;94;1216;0.18;0.70;Enabled;66.38;21.92;Yes;0;0;0;0;0;0
313296;No;579;579;94;1204;0.17;0.70;Enabled;66.38;21.92;Yes;0;0;0;0;0;0
313328;No;579;579;94;1191;0.15;0.70;Enabled;66.38;21.92;Yes;0;0;0;0;0;0
313356;No;579;579;94;1179;0.14;0.70;Enabled;66.38;21.92;Yes;0;0;0;0;0;0
313383;No;579;579;94;1167;0.13;0.70;Enabled;66.38;21.92;Yes;0;0;0;0;0;0
313417;No;579;579;94;1167;0.11;0.70;Enabled;66.38;21.92;Yes;0;0;0;0;0;0
313476;No;578;579;94;1168;0.11;0.70;Enabled;66.38;21.92;Yes;0;0;0;0;0;0
313508;No;578;578;94;1168;0.12;0.71;Enabled;66.38;21.92;Yes;0;0;0;0;0;0
313536;No;578;578;94;1168;0.12;0.71;Enabled;66.38;21.92;Yes;0;0;0;0;0;0
313566;No;578;578;94;1168;0.12;0.71;Enabled;66.38;21.92;Yes;0;0;0;0;0;0
313595;No;578;578;94;1169;0.12;0.71;Enabled;66.38;21.92;Yes;0;0;0;0;0;0
313627;No;578;578;94;1169;0.12;0.71;Enabled;66.38;21.92;Yes;0;0;0;0;0;0
313654;No;578;578;94;1169;0.12;0.71;Enabled;66.38;21.92;Yes;0;0;0;0;0;0
313687;No;578;578;94;1170;0.12;0.72;Enabled;66.38;21.92;Yes;0;0;0;0;0;0
313716;No;578;578;94;1170;0.13;0.72;Enabled;66.38;21.92;Yes;0;0;0;0;0;0
313777;No;578;578;94;1170;0.13;0.72;Enabled;66.38;21.92;Yes;0;0;0;0;0;0
313808;No;578;578;94;1170;0.13;0.72;Enabled;66.38;21.92;Yes;0;0;0;0;0;0
313836;No;578;578;94;1171;0.13;0.72;Enabled;66.38;21.92;Yes;0;0;0;0;0;0
313866;No;578;578;94;1171;0.13;0.72;Enabled;66.38;21.92;Yes;0;0;0;0;0;0
313897;No;578;578;94;1172;0.13;0.73;Enabled;66.38;21.92;Yes;0;0;0;0;0;0
313925;No;578;578;94;1172;0.13;0.73;Enabled;66.38;21.92;Yes;0;0;0;0;0;0
313957;No;578;578;94;1172;0.14;0.73;Enabled;66.38;21.92;Yes;0;0;0;0;0;0
313985;No;578;578;94;1176;0.14;0.73;Enabled;66.38;21.92;Yes;0;0;0;0;0;0
314016;No;578;578;94;1180;0.14;0.73;Enabled;66.38;21.92;Yes;0;0;0;0;0;0
314078;No;578;578;94;1185;0.14;0.73;Enabled;66.38;21.92;Yes;0;0;0;0;0;0
314108;No;578;578;94;1189;0.14;0.73;Enabled;66.38;21.92;Yes;0;0;0;0;0;0
314136;No;578;578;94;1194;0.15;0.73;Enabled;66.38;21.92;Yes;0;0;0;0;0;0
314167;No;578;578;94;1198;0.15;0.73;Enabled;66.38;21.92;Yes;0;0;0;0;0;0
314195;No;578;578;94;1202;0.15;0.73;Enabled;66.38;21.92;Yes;0;0;0;0;0;0
314227;No;578;578;94;1206;0.15;0.73;Enabled;66.38;21.92;Yes;0;0;0;0;0;0
314254;No;578;578;94;1211;0.15;0.73;Enabled;66.38;21.92;Yes;0;0;0;0;0;0
314295;No;578;578;94;1215;0.16;0.73;Enabled;66.38;21.92;Yes;0;0;0;0;0;0
314317;No;578;578;94;1219;0.16;0.73;Enabled;66.38;21.92;Yes;0;0;0;0;0;0
314378;No;578;578;94;1224;0.16;0.73;Enabled;66.38;21.92;Yes;0;0;0;0;0;0
314406;No;578;578;94;1228;0.16;0.73;Enabled;66.38;21.92;Yes;0;0;0;0;0;0
314435;No;578;578;94;1232;0.16;0.73;Enabled;66.38;21.92;Yes;0;0;0;0;0;0
314466;No;578;578;94;1236;0.17;0.73;Enabled;66.38;21.92;Yes;0;0;0;0;0;0
314495;No;578;578;94;1241;0.17;0.73;Enabled;66.38;21.92;Yes;0;0;0;0;0;0
314527;No;579;578;94;1245;0.17;0.72;Enabled;66.38;21.92;Yes;0;0;0;0;0;0
314557;No;579;579;94;1250;0.17;0.72;Enabled;66.38;21.92;Yes;0;0;0;0;0;0
314584;No;579;579;94;1255;0.17;0.72;Enabled;66.38;21.92;Yes;0;0;0;0;0;0
314615;No;579;579;94;1260;0.18;0.72;Enabled;66.38;21.92;Yes;0;0;0;0;0;0
314678;No;579;579;94;1266;0.18;0.72;Enabled;66.38;21.92;Yes;0;0;0;0;0;0
314708;No;579;579;94;1271;0.18;0.72;Enabled;66.38;21.92;Yes;0;0;0;0;0;0
314735;No;579;579;94;1276;0.18;0.72;Enabled;66.38;21.92;Yes;0;0;0;0;0;0
314767;No;579;579;94;1281;0.19;0.72;Enabled;66.38;21.92;Yes;0;0;0;0;0;0
314796;No;579;579;94;1286;0.19;0.72;Enabled;66.38;21.92;Yes;0;0;0;0;0;0
314825;No;579;579;94;1292;0.19;0.72;Enabled;66.38;21.92;Yes;0;0;0;0;0;0
314857;No;579;579;94;1296;0.20;0.72;Enabled;66.38;21.92;Yes;0;0;0;0;0;0
314884;No;579;579;94;1302;0.20;0.72;Enabled;66.38;21.92;Yes;0;0;0;0;0;0
314917;No;579;579;94;1307;0.20;0.72;Enabled;66.38;21.92;Yes;0;0;0;0;0;0
314978;No;579;579;94;1312;0.20;0.72;Enabled;66.38;21.92;Yes;0;0;0;0;0;0
315009;No;579;579;94;1317;0.21;0.72;Enabled;66.38;21.92;Yes;0;0;0;0;0;0
315037;No;579;579;94;1322;0.21;0.72;Enabled;66.38;21.92;Yes;0;0;0;0;0;0
315066;No;579;579;94;1328;0.21;0.72;Enabled;66.38;21.92;Yes;0;0;0;0;0;0
315095;No;579;579;94;1333;0.21;0.71;Enabled;66.38;21.92;Yes;0;0;0;0;0;0
315126;No;579;579;94;1338;0.22;0.71;Enabled;66.38;21.92;Yes;0;0;0;0;0;0
315154;No;579;579;94;1342;0.24;0.71;Enabled;66.38;21.92;Yes;0;0;0;0;0;0
315186;No;579;579;94;1347;0.26;0.71;Enabled;66.38;21.92;Yes;0;0;0;0;0;0
315215;No;579;579;94;1352;0.29;0.71;Enabled;66.38;21.92;Yes;0;0;0;0;0;0
315279;No;579;579;94;1356;0.31;0.71;Enabled;66.38;21.92;Yes;0;0;0;0;0;0
315308;No;579;579;94;1361;0.34;0.71;Enabled;66.38;21.92;Yes;0;0;0;0;0;0
315335;No;579;579;94;1366;0.36;0.71;Enabled;66.38;21.92;Yes;0;0;0;0;0;0
315363;No;579;579;93;1371;0.38;0.71;Enabled;66.38;21.92;Yes;0;0;0;0;0;0
315395;No;579;579;93;1376;0.41;0.71;Enabled;66.38;21.92;Yes;0;0;0;0;0;0
315427;No;579;580;93;1380;0.43;0.71;Enabled;66.38;21.92;Yes;0;0;0;0;0;0
315453;No;580;580;93;1385;0.46;0.71;Enabled;66.38;21.92;Yes;0;0;0;0;0;0
315485;No;580;580;93;1390;0.48;0.71;Enabled;66.38;21.92;Yes;0;0;0;0;0;0
315516;No;580;580;93;1394;0.50;0.71;Enabled;66.38;21.92;Yes;0;0;0;0;0;0
315604;No;580;580;93;1399;0.53;0.71;Enabled;66.38;21.92;Yes;0;0;0;0;0;0
315637;No;580;580;93;1404;0.55;0.71;Enabled;66.38;21.92;Yes;0;0;0;0;0;0
315663;No;580;580;93;1409;0.58;0.71;Enabled;66.38;21.92;Yes;0;0;0;0;0;0
315694;No;580;580;93;1414;0.60;0.71;Enabled;66.38;21.92;Yes;0;0;0;0;0;0
315726;No;580;580;93;1420;0.63;0.71;Enabled;66.38;21.92;Yes;0;0;0;0;0;0
315753;No;580;580;93;1427;0.63;0.70;Enabled;66.38;21.92;Yes;0;0;0;0;0;0
315784;No;580;580;93;1434;0.64;0.70;Enabled;66.38;21.92;Yes;0;0;0;0;0;0
315815;No;580;580;93;1440;0.65;0.70;Enabled;66.38;21.92;Yes;0;0;0;0;0;0
315876;No;580;580;93;1447;0.66;0.70;Enabled;66.38;21.92;Yes;0;0;0;0;0;0
315906;No;580;580;93;1454;0.66;0.70;Enabled;66.38;21.92;Yes;0;0;0;0;0;0
315936;No;580;580;93;1460;0.67;0.69;Enabled;66.38;21.92;Yes;0;0;0;0;0;0
315966;No;580;580;93;1467;0.68;0.69;Enabled;66.38;21.92;Yes;0;0;0;0;0;0
315993;No;580;580;93;1474;0.69;0.69;Enabled;66.38;21.92;Yes;0;0;0;0;0;0
316024;No;580;580;93;1480;0.69;0.69;Enabled;66.38;21.92;Yes;0;0;0;0;0;0
316054;No;581;580;93;1487;0.70;0.69;Enabled;66.38;21.92;Yes;0;0;0;0;0;0
316086;No;581;581;93;1494;0.71;0.68;Enabled;66.38;21.92;Yes;0;0;0;0;0;0
316116;No;581;581;93;1500;0.72;0.68;Enabled;66.38;21.92;Yes;0;0;0;0;0;0
316178;No;581;581;93;1507;0.72;0.68;Enabled;66.38;21.92;Yes;0;0;0;0;0;0
316209;No;581;581;93;1514;0.73;0.68;Enabled;66.38;21.92;Yes;0;0;0;0;0;0
316237;No;581;581;93;1520;0.74;0.68;Enabled;66.38;21.92;Yes;0;0;0;0;0;0
316265;No;581;581;93;1527;0.75;0.67;Enabled;66.38;21.92;Yes;0;0;0;0;0;0
316295;No;581;581;93;1533;0.75;0.67;Enabled;66.38;21.92;Yes;0;0;0;0;0;0
316330;No;581;581;93;1538;0.76;0.67;Enabled;66.38;21.92;Yes;0;0;0;0;0;0
316355;No;582;582;93;1544;0.76;0.67;Enabled;66.38;21.92;Yes;0;0;0;0;0;0
316387;No;582;582;93;1550;0.77;0.68;Enabled;66.38;21.92;Yes;0;0;0;0;0;0
316414;No;582;582;93;1556;0.78;0.68;Enabled;66.38;21.92;Yes;0;0;0;0;0;0
316477;No;582;582;93;1562;0.78;0.69;Enabled;66.38;21.92;Yes;0;0;0;0;0;0
316507;No;582;582;93;1568;0.79;0.69;Enabled;66.38;21.92;Yes;0;0;0;0;0;0
316534;No;582;582;93;1574;0.79;0.70;Enabled;66.38;21.92;Yes;0;0;0;0;0;0
316566;No;582;582;93;1580;0.80;0.70;Enabled;66.38;21.92;Yes;0;0;0;0;0;0
316595;No;582;583;93;1586;0.80;0.70;Enabled;66.38;21.92;Yes;0;0;0;0;0;0
316627;No;582;583;93;1592;0.81;0.71;Enabled;66.38;21.92;Yes;0;0;0;0;0;0
316654;No;583;583;93;1598;0.82;0.71;Enabled;66.38;21.92;Yes;0;0;0;0;0;0
316688;No;583;583;93;1604;0.82;0.72;Enabled;66.38;21.92;Yes;0;0;0;0;0;0
316716;No;583;583;93;1610;0.83;0.72;Enabled;66.38;21.92;Yes;0;0;0;0;0;0
316778;No;583;583;93;1616;0.83;0.73;Enabled;66.38;21.92;Yes;0;0;0;0;0;0
316808;No;583;584;93;1622;0.84;0.73;Enabled;66.38;21.92;Yes;0;0;0;0;0;0
316855;No;584;584;93;1628;0.84;0.73;Enabled;66.38;21.92;Yes;0;0;0;0;0;0
316896;No;584;584;93;1633;0.85;0.74;Enabled;66.38;21.92;Yes;0;0;0;0;0;0
316927;No;584;584;93;1639;0.85;0.74;Enabled;66.38;21.92;Yes;0;0;0;0;0;0
316954;No;584;585;93;1644;0.85;0.75;Enabled;66.38;21.92;Yes;0;0;0;0;0;0
316985;No;585;585;93;1650;0.84;0.75;Enabled;66.38;21.92;Yes;0;0;0;0;0;0
317017;No;585;585;93;1656;0.84;0.75;Enabled;66.38;21.92;Yes;0;0;0;0;0;0
317077;No;585;586;93;1661;0.84;0.75;Enabled;66.38;21.92;Yes;0;0;0;0;0;0
317108;No;585;586;93;1666;0.84;0.75;Enabled;66.38;21.92;Yes;0;0;0;0;0;0
317137;No;586;586;93;1672;0.84;0.75;Enabled;66.38;21.92;Yes;0;0;0;0;0;0
317165;No;586;586;93;1678;0.83;0.75;Enabled;66.38;21.92;Yes;0;0;0;0;0;0
317196;No;586;586;93;1684;0.83;0.76;Enabled;66.38;21.92;Yes;0;0;0;0;0;0
317225;No;586;587;93;1689;0.83;0.76;Enabled;66.38;21.92;Yes;0;0;0;0;0;0
317254;No;587;587;93;1694;0.83;0.76;Enabled;66.38;21.92;Yes;0;0;0;0;0;0
317286;No;587;587;93;1700;0.83;0.76;Enabled;66.38;21.92;Yes;0;0;0;0;0;0
317314;No;587;588;93;1706;0.82;0.76;Enabled;66.38;21.92;Yes;0;0;0;0;0;0
317376;No;587;588;93;1711;0.82;0.77;Enabled;66.38;21.92;Yes;0;0;0;0;0;0
317409;No;588;588;93;1717;0.82;0.77;Enabled;66.38;21.92;Yes;0;0;0;0;0;0
317437;No;588;588;93;1722;0.82;0.77;Enabled;66.38;21.92;Yes;0;0;0;0;0;0
317465;No;588;588;93;1729;0.82;0.77;Enabled;66.38;21.92;Yes;0;0;0;0;0;0
317497;No;588;589;93;1735;0.82;0.77;Enabled;66.38;21.92;Yes;0;0;0;0;0;0
317525;No;589;589;93;1741;0.81;0.77;Enabled;66.38;21.92;Yes;0;0;0;0;0;0
317555;No;589;589;93;1747;0.81;0.77;Enabled;66.38;21.92;Yes;0;0;0;0;0;0
317584;No;589;590;93;1753;0.81;0.77;Enabled;66.38;21.92;Yes;0;0;0;0;0;0
317616;No;590;590;93;1759;0.81;0.77;Enabled;66.38;21.92;Yes;0;0;0;0;0;0
317677;No;590;590;93;1766;0.81;0.78;Enabled;66.38;21.92;Yes;0;0;0;0;0;0
317706;No;590;590;93;1772;0.81;0.78;Enabled;66.38;21.92;Yes;0;0;0;0;0;0
317738;No;590;590;93;1778;0.81;0.78;Enabled;66.38;21.92;Yes;0;0;0;0;0;0
317765;No;591;591;93;1784;0.81;0.78;Enabled;66.38;21.92;Yes;0;0;0;0;0;0
317797;No;591;591;93;1790;0.80;0.78;Enabled;66.38;21.92;Yes;0;0;0;0;0;0
317825;No;591;591;93;1796;0.80;0.78;Enabled;66.38;21.92;Yes;0;0;0;0;0;0
317855;No;592;591;93;1802;0.80;0.78;Enabled;66.38;21.92;Yes;0;0;0;0;0;0
317887;No;592;592;93;1808;0.80;0.78;Enabled;66.38;21.92;Yes;0;0;0;0;0;0
317914;No;592;592;93;1814;0.80;0.78;Enabled;66.38;21.92;Yes;0;0;0;0;0;0
317976;No;592;592;93;1820;0.80;0.78;Enabled;66.38;21.92;Yes;0;0;0;0;0;0
318007;No;593;592;93;1827;0.80;0.78;Enabled;66.38;21.92;Yes;0;0;0;0;0;0
318035;No;593;593;93;1832;0.80;0.78;Enabled;66.38;21.92;Yes;0;0;0;0;0;0
318064;No;593;593;93;1838;0.79;0.78;Enabled;66.38;21.92;Yes;0;0;0;0;0;0
318098;No;594;593;93;1844;0.79;0.78;Enabled;66.38;21.92;Yes;0;0;0;0;0;0
318138;No;594;594;93;1850;0.79;0.78;Enabled;66.38;21.92;Yes;0;0;0;0;0;0
318154;No;594;594;93;1856;0.79;0.78;Enabled;66.38;21.92;Yes;0;0;0;0;0;0
318185;No;594;594;93;1862;0.78;0.78;Enabled;66.38;21.92;Yes;0;0;0;0;0;0
318217;No;594;594;93;1867;0.78;0.79;Enabled;66.38;21.92;Yes;0;0;0;0;0;0
318275;No;595;594;93;1873;0.78;0.79;Enabled;66.38;21.92;Yes;0;0;0;0;0;0
318307;No;595;595;93;1879;0.77;0.79;Enabled;66.38;21.92;Yes;0;0;0;0;0;0
318335;No;595;595;93;1884;0.77;0.79;Enabled;66.38;21.92;Yes;0;0;0;0;0;0
318367;No;596;595;93;1890;0.77;0.79;Enabled;66.38;21.92;Yes;0;0;0;0;0;0
318398;No;596;596;93;1896;0.77;0.79;Enabled;66.38;21.92;Yes;0;0;0;0;0;0
318424;No;596;596;93;1902;0.76;0.79;Enabled;66.38;21.92;Yes;0;0;0;0;0;0
318455;No;596;596;93;1908;0.76;0.79;Enabled;66.38;21.92;Yes;0;0;0;0;0;0
318484;No;597;596;93;1914;0.76;0.79;Enabled;66.38;21.92;Yes;0;0;0;0;0;0
318515;No;597;597;93;1919;0.75;0.79;Enabled;66.38;21.92;Yes;0;0;0;0;0;0
318577;No;597;597;93;1925;0.75;0.79;Enabled;66.38;21.92;Yes;0;0;0;0;0;0
318609;No;597;597;93;1930;0.75;0.79;Enabled;66.38;21.92;Yes;0;0;0;0;0;0
318636;No;598;598;93;1934;0.75;0.79;Enabled;66.38;21.92;Yes;0;0;0;0;0;0
318665;No;598;598;93;1939;0.75;0.79;Enabled;66.38;21.92;Yes;0;0;0;0;0;0
318696;No;598;598;93;1944;0.75;0.79;Enabled;66.38;21.92;Yes;0;0;0;0;0;0
318726;No;598;598;93;1948;0.75;0.79;Enabled;66.38;21.92;Yes;0;0;0;0;0;0
318756;No;598;598;93;1953;0.75;0.79;Enabled;66.38;21.92;Yes;0;0;0;0;0;0
318786;No;599;599;93;1958;0.75;0.79;Enabled;66.38;21.92;Yes;0;0;0;0;0;0
318814;No;599;599;93;1962;0.75;0.78;Enabled;66.38;21.92;Yes;0;0;0;0;0;0
318875;No;599;599;93;1967;0.75;0.78;Enabled;66.38;21.92;Yes;0;0;0;0;0;0
318909;No;599;600;93;1972;0.75;0.78;Enabled;66.38;21.92;Yes;0;0;0;0;0;0
318936;No;600;600;93;1976;0.75;0.78;Enabled;66.38;21.92;Yes;0;0;0;0;0;0
318966;No;600;600;93;1981;0.75;0.78;Enabled;66.38;21.92;Yes;0;0;0;0;0;0
318996;No;600;600;93;1986;0.75;0.78;Enabled;66.38;21.92;Yes;0;0;0;0;0;0
319026;No;600;601;93;1990;0.75;0.77;Enabled;66.38;21.92;Yes;0;0;0;0;0;0
319058;No;600;601;93;1995;0.75;0.77;Enabled;66.38;21.92;Yes;0;0;0;0;0;0
319086;No;601;601;93;2000;0.75;0.77;Enabled;66.38;21.92;Yes;0;0;0;0;0;0
319117;No;601;601;93;2004;0.75;0.77;Enabled;66.38;21.92;Yes;0;0;0;0;0;0
319176;No;601;602;93;2009;0.75;0.77;Enabled;66.38;21.92;Yes;0;0;0;0;0;0
319208;No;602;602;93;2014;0.75;0.77;Enabled;66.38;21.92;Yes;0;0;0;0;0;0
319235;No;602;602;93;2018;0.75;0.77;Enabled;66.38;21.92;Yes;0;0;0;0;0;0
319266;No;602;602;93;2023;0.75;0.77;Enabled;66.38;21.92;Yes;0;0;0;0;0;0
319298;No;602;602;93;2027;0.75;0.77;Enabled;66.38;21.92;Yes;0;0;0;0;0;0
319326;No;602;603;93;2032;0.75;0.77;Enabled;66.38;21.92;Yes;0;0;0;0;0;0
319356;No;603;603;93;2036;0.74;0.78;Enabled;66.38;21.92;Yes;0;0;0;0;0;0
319386;No;603;603;93;2041;0.74;0.78;Enabled;66.38;21.92;Yes;0;0;0;0;0;0
319420;No;603;603;93;2046;0.74;0.78;Enabled;66.38;21.92;Yes;0;0;0;0;0;0
319477;No;604;603;93;2050;0.74;0.78;Enabled;66.38;21.92;Yes;0;0;0;0;0;0
319505;No;604;604;93;2054;0.74;0.78;Enabled;66.38;21.92;Yes;0;0;0;0;0;0
319536;No;604;604;93;2059;0.74;0.79;Enabled;66.38;21.92;Yes;0;0;0;0;0;0
319566;No;604;604;93;2064;0.74;0.79;Enabled;66.38;21.92;Yes;0;0;0;0;0;0
319599;No;604;604;93;2068;0.74;0.79;Enabled;66.38;21.92;Yes;0;0;0;0;0;0
319625;No;605;604;93;2073;0.74;0.79;Enabled;66.38;21.92;Yes;0;0;0;0;0;0
319656;No;605;605;93;2077;0.74;0.79;Enabled;66.38;21.92;Yes;0;0;0;0;0;0
319686;No;605;605;93;2082;0.74;0.79;Enabled;66.38;21.92;Yes;0;0;0;0;0;0
319716;No;605;605;93;2086;0.74;0.79;Enabled;66.38;21.92;Yes;0;0;0;0;0;0
319778;No;606;605;93;2090;0.74;0.80;Enabled;66.38;21.92;Yes;0;0;0;0;0;0
319809;No;606;606;93;2094;0.74;0.80;Enabled;66.38;21.92;Yes;0;0;0;0;0;0
319837;No;606;606;93;2098;0.74;0.79;Enabled;66.38;21.92;Yes;0;0;0;0;0;0
319869;No;606;606;93;2102;0.74;0.79;Enabled;66.38;21.92;Yes;0;0;0;0;0;0
319898;No;606;606;93;2106;0.74;0.79;Enabled;66.38;21.92;Yes;0;0;0;0;0;0
319927;No;606;606;93;2109;0.74;0.79;Enabled;66.38;21.92;Yes;0;0;0;0;0;0
319958;No;607;606;93;2113;0.74;0.79;Enabled;66.38;21.92;Yes;0;0;0;0;0;0
319987;No;607;607;93;2117;0.74;0.79;Enabled;66.38;21.92;Yes;0;0;0;0;0;0
320016;No;607;607;93;2121;0.74;0.79;Enabled;66.38;21.92;Yes;0;0;0;0;0;0
320076;No;607;607;93;2125;0.74;0.79;Enabled;66.38;21.92;Yes;0;0;0;0;0;0
320108;No;607;607;93;2129;0.74;0.79;Enabled;66.38;21.92;Yes;0;0;0;0;0;0
320136;No;608;607;93;2133;0.74;0.78;Enabled;66.38;21.92;Yes;0;0;0;0;0;0
320166;No;608;608;93;2137;0.74;0.78;Enabled;66.38;21.92;Yes;0;0;0;0;0;0
320198;No;608;608;93;2141;0.74;0.78;Enabled;66.38;21.92;Yes;0;0;0;0;0;0
320225;No;608;608;93;2145;0.74;0.78;Enabled;66.38;21.92;Yes;0;0;0;0;0;0
320257;No;608;608;93;2149;0.74;0.78;Enabled;66.38;21.92;Yes;0;0;0;0;0;0
320288;No;608;608;93;2136;0.74;0.78;Enabled;66.38;21.92;Yes;0;0;0;0;0;0
320316;No;608;608;93;2123;0.75;0.78;Enabled;66.38;21.92;Yes;0;0;0;0;0;0
320376;No;609;608;93;2110;0.75;0.78;Enabled;66.38;21.92;Yes;0;0;0;0;0;0
320409;No;609;609;93;2098;0.75;0.78;Enabled;66.38;21.92;Yes;0;0;0;0;0;0
320435;No;609;609;93;2085;0.76;0.78;Enabled;66.38;21.92;Yes;0;0;0;0;0;0
320466;No;609;609;93;2072;0.76;0.78;Enabled;66.38;21.92;Yes;0;0;0;0;0;0
320498;No;609;609;93;2059;0.77;0.79;Enabled;66.38;21.92;Yes;0;0;0;0;0;0
320525;No;609;609;93;2046;0.77;0.79;Enabled;66.38;21.92;Yes;0;0;0;0;0;0
320555;No;609;609;93;2034;0.77;0.79;Enabled;66.38;21.92;Yes;0;0;0;0;0;0
320588;No;610;609;93;2021;0.78;0.79;Enabled;66.38;21.92;Yes;0;0;0;0;0;0
320615;No;610;610;93;2008;0.78;0.79;Enabled;66.38;21.92;Yes;0;0;0;0;0;0
320699;No;610;610;93;1996;0.78;0.79;Enabled;66.38;21.92;Yes;0;0;0;0;0;0
320734;No;610;610;93;1982;0.79;0.80;Enabled;66.38;21.92;Yes;0;0;0;0;0;0
320765;No;610;610;93;1970;0.79;0.80;Enabled;66.38;21.92;Yes;0;0;0;0;0;0
320796;No;610;610;93;1957;0.80;0.80;Enabled;66.38;21.92;Yes;0;0;0;0;0;0
320828;No;610;610;93;1944;0.80;0.80;Enabled;66.38;21.92;Yes;0;0;0;0;0;0
320856;No;610;610;93;1932;0.80;0.80;Enabled;66.38;21.92;Yes;0;0;0;0;0;0
320886;No;610;610;93;1923;0.81;0.80;Enabled;66.38;21.92;Yes;0;0;0;0;0;0
320915;No;610;610;93;1914;0.81;0.81;Enabled;66.38;21.92;Yes;0;0;0;0;0;0
320978;No;611;610;93;1905;0.81;0.81;Enabled;66.38;21.92;Yes;0;0;0;0;0;0
321009;No;611;611;93;1896;0.81;0.81;Enabled;66.38;21.92;Yes;0;0;0;0;0;0
321035;No;611;611;93;1888;0.81;0.81;Enabled;66.38;21.92;Yes;0;0;0;0;0;0
321066;No;611;611;93;1879;0.81;0.81;Enabled;66.38;21.92;Yes;0;0;0;0;0;0
321101;No;611;611;93;1870;0.81;0.81;Enabled;66.38;21.92;Yes;0;0;0;0;0;0
321126;No;611;611;93;1862;0.81;0.80;Enabled;66.38;21.92;Yes;0;0;0;0;0;0
321156;No;611;611;93;1853;0.81;0.80;Enabled;66.38;21.92;Yes;0;0;0;0;0;0
321185;No;611;611;93;1844;0.81;0.80;Enabled;66.38;21.92;Yes;0;0;0;0;0;0
321215;No;611;611;93;1836;0.81;0.80;Enabled;66.38;21.92;Yes;0;0;0;0;0;0
321277;No;612;611;93;1827;0.81;0.80;Enabled;66.38;21.92;Yes;0;0;0;0;0;0
321309;No;612;612;93;1818;0.81;0.80;Enabled;66.38;21.92;Yes;0;0;0;0;0;0
321336;No;612;612;93;1810;0.81;0.80;Enabled;66.38;21.92;Yes;0;0;0;0;0;0
321368;No;612;612;93;1801;0.81;0.80;Enabled;66.38;21.92;Yes;0;0;0;0;0;0
321398;No;612;612;93;1792;0.81;0.80;Enabled;66.38;21.92;Yes;0;0;0;0;0;0
321427;No;612;612;93;1783;0.81;0.80;Enabled;66.38;21.92;Yes;0;0;0;0;0;0
321456;No;612;612;93;1762;0.81;0.80;Enabled;66.38;21.92;Yes;0;0;0;0;0;0
321487;No;612;612;93;1740;0.81;0.80;Enabled;66.38;21.92;Yes;0;0;0;0;0;0
321517;No;612;612;93;1719;0.81;0.80;Disabled;66.38;21.92;Yes;0;0;0;0;0;0
321578;No;612;612;93;1698;0.81;0.80;Disabled;66.38;21.92;Yes;0;0;0;0;0;0
321609;No;612;612;93;1676;0.81;0.80;Disabled;66.38;21.92;Yes;0;0;0;0;0;0
321636;No;612;612;93;1655;0.81;0.80;Disabled;66.38;21.92;Yes;0;0;0;0;0;0
321666;No;612;612;93;1634;0.81;0.80;Disabled;66.38;21.92;Yes;0;0;0;0;0;0
321696;No;612;613;93;1612;0.81;0.79;Disabled;66.38;21.92;Yes;0;0;0;0;0;0
321728;No;613;613;93;1591;0.80;0.79;Disabled;66.38;21.92;Yes;0;0;0;0;0;0
321755;No;613;613;93;1570;0.80;0.79;Disabled;66.38;21.92;Yes;0;0;0;0;0;0
321785;No;613;613;93;1548;0.80;0.79;Disabled;66.38;21.92;Yes;0;0;0;0;0;0
321816;No;613;613;93;1527;0.80;0.79;Disabled;66.38;21.92;Yes;0;0;0;0;0;0
321878;No;613;613;93;1505;0.80;0.79;Disabled;66.38;21.92;Yes;0;0;0;0;0;0
321907;No;613;613;93;1484;0.80;0.79;Disabled;66.38;21.92;Yes;0;0;0;0;0;0
321935;No;613;613;93;1462;0.80;0.79;Disabled;66.38;21.92;Yes;0;0;0;0;0;0
321976;No;613;613;93;1441;0.80;0.79;Disabled;66.38;21.92;Yes;0;0;0;0;0;0
321995;No;613;613;93;1420;0.80;0.78;Disabled;66.38;21.92;Yes;0;0;0;0;0;0
322028;No;613;613;93;1417;0.80;0.78;Disabled;66.38;21.92;Yes;0;0;0;0;0;0
322056;No;613;614;93;1415;0.80;0.78;Disabled;66.38;21.92;Yes;0;0;0;0;0;0
322086;No;614;614;93;1412;0.79;0.78;Enabled;66.38;21.92;Yes;0;0;0;0;0;0
322116;No;614;614;93;1410;0.79;0.78;Enabled;66.38;21.92;Yes;0;0;0;0;0;0
322176;No;614;614;93;1408;0.79;0.77;Enabled;66.38;21.92;Yes;0;0;0;0;0;0
322207;No;614;614;93;1405;0.79;0.77;Enabled;66.38;21.92;Yes;0;0;0;0;0;0
322238;No;614;614;93;1403;0.79;0.76;Enabled;66.38;21.92;Yes;0;0;0;0;0;0
322267;No;614;614;94;1400;0.79;0.76;Enabled;66.38;21.92;Yes;0;0;0;0;0;0
322299;No;614;614;94;1398;0.79;0.76;Enabled;66.38;21.92;Yes;0;0;0;0;0;0
322328;No;614;614;94;1396;0.79;0.75;Enabled;66.38;21.92;Yes;0;0;0;0;0;0
322356;No;614;614;94;1393;0.79;0.75;Enabled;66.38;21.92;Yes;0;0;0;0;0;0
322389;No;614;614;94;1391;0.79;0.75;Enabled;66.38;21.92;Yes;0;0;0;0;0;0
322415;No;614;614;94;1388;0.79;0.74;Enabled;66.38;21.92;Yes;0;0;0;0;0;0
322476;No;614;614;94;1386;0.79;0.74;Enabled;66.38;21.92;Yes;0;0;0;0;0;0
322509;No;614;614;94;1383;0.79;0.74;Enabled;66.38;21.92;Yes;0;0;0;0;0;0
322536;No;614;614;94;1381;0.78;0.73;Enabled;66.38;21.92;Yes;0;0;0;0;0;0
322566;No;615;615;94;1378;0.78;0.73;Enabled;66.38;21.92;Yes;0;0;0;0;0;0
322599;No;615;615;94;1378;0.78;0.73;Enabled;66.38;21.92;Yes;0;0;0;0;0;0
322625;No;615;615;94;1378;0.78;0.72;Enabled;66.38;21.92;Yes;0;0;0;0;0;0
322656;No;615;615;94;1378;0.78;0.73;Enabled;66.38;21.92;Yes;0;0;0;0;0;0
322685;No;615;615;94;1377;0.78;0.73;Enabled;66.38;21.92;Yes;0;0;0;0;0;0
322716;No;615;615;94;1377;0.78;0.73;Enabled;66.38;21.92;Yes;0;0;0;0;0;0
322776;No;615;615;94;1376;0.78;0.73;Enabled;66.38;21.92;Yes;0;0;0;0;0;0
322806;No;615;615;94;1376;0.78;0.73;Enabled;66.38;21.92;Yes;0;0;0;0;0;0
322835;No;615;615;94;1376;0.78;0.74;Enabled;66.38;21.92;Yes;0;0;0;0;0;0
322866;No;615;615;94;1376;0.78;0.74;Enabled;66.38;21.92;Yes;0;0;0;0;0;0
322896;No;615;615;94;1375;0.78;0.74;Enabled;66.38;21.92;Yes;0;0;0;0;0;0
322925;No;615;616;94;1375;0.78;0.74;Enabled;66.38;21.92;Yes;0;0;0;0;0;0
322955;No;616;616;94;1374;0.78;0.74;Enabled;66.38;21.92;Yes;0;0;0;0;0;0
322986;No;616;616;94;1374;0.78;0.75;Enabled;66.38;21.92;Yes;0;0;0;0;0;0
323015;No;616;616;94;1374;0.77;0.75;Enabled;66.38;21.92;Yes;0;0;0;0;0;0
323085;No;616;616;94;1374;0.77;0.75;Enabled;66.38;21.92;Yes;0;0;0;0;0;0
323110;No;616;616;94;1373;0.77;0.75;Enabled;66.38;21.92;Yes;0;0;0;0;0;0
323139;No;616;616;94;1373;0.77;0.75;Enabled;66.38;21.92;Yes;0;0;0;0;0;0
323166;No;616;616;94;1370;0.77;0.76;Enabled;66.38;21.92;Yes;0;0;0;0;0;0
323196;No;616;616;94;1367;0.77;0.76;Enabled;66.38;21.92;Yes;0;0;0;0;0;0
323226;No;616;616;94;1364;0.77;0.76;Disabled;66.38;21.92;Yes;0;0;0;0;0;0
323262;No;616;616;94;1362;0.77;0.76;Disabled;66.38;21.92;Yes;0;0;0;0;0;0
323287;No;616;616;94;1359;0.77;0.76;Disabled;66.38;21.92;Yes;0;0;0;0;0;0
323318;No;616;616;94;1356;0.77;0.76;Disabled;66.38;21.92;Yes;0;0;0;0;0;0
323377;No;616;616;94;1354;0.77;0.76;Disabled;66.38;21.92;Yes;0;0;0;0;0;0
323409;No;616;616;94;1351;0.77;0.76;Disabled;66.38;21.92;Yes;0;0;0;0;0;0
323436;No;616;616;94;1348;0.77;0.76;Disabled;66.38;21.92;Yes;0;0;0;0;0;0
323469;No;616;616;94;1346;0.76;0.76;Disabled;66.38;21.92;Yes;0;0;0;0;0;0
323498;No;617;617;94;1343;0.76;0.76;Disabled;66.38;21.92;Yes;0;0;0;0;0;0
323528;No;617;617;94;1340;0.76;0.76;Disabled;66.38;21.92;Yes;0;0;0;0;0;0
323555;No;617;617;94;1338;0.76;0.76;Disabled;66.38;21.92;Yes;0;0;0;0;0;0
323587;No;617;617;94;1335;0.76;0.76;Disabled;66.38;21.92;Yes;0;0;0;0;0;0
323618;No;617;617;94;1332;0.76;0.76;Disabled;66.38;21.92;Yes;0;0;0;0;0;0
323678;No;617;617;94;1329;0.76;0.76;Disabled;66.38;21.92;Yes;0;0;0;0;0;0
323708;No;617;617;94;1326;0.76;0.76;Disabled;66.38;21.92;Yes;0;0;0;0;0;0
323736;No;617;617;94;1328;0.76;0.76;Disabled;66.38;21.92;Yes;0;0;0;0;0;0
323768;No;617;617;94;1329;0.76;0.76;Disabled;66.38;21.92;Yes;0;0;0;0;0;0
323795;No;617;617;94;1330;0.76;0.76;Enabled;66.38;21.92;Yes;0;0;0;0;0;0
323828;No;617;617;94;1332;0.76;0.76;Enabled;66.38;21.92;Yes;0;0;0;0;0;0
323855;No;617;617;94;1333;0.76;0.77;Enabled;66.38;21.92;Yes;0;0;0;0;0;0
323885;No;617;617;94;1334;0.75;0.77;Enabled;66.38;21.92;Yes;0;0;0;0;0;0
323916;No;617;617;94;1336;0.75;0.77;Enabled;66.38;21.92;Yes;0;0;0;0;0;0
323978;No;617;617;94;1337;0.75;0.77;Enabled;66.38;21.92;Yes;0;0;0;0;0;0
324010;No;617;617;94;1338;0.75;0.77;Enabled;66.38;21.92;Yes;0;0;0;0;0;0
324036;No;618;617;94;1340;0.75;0.77;Enabled;66.38;21.92;Yes;0;0;0;0;0;0
324065;No;618;618;94;1341;0.75;0.77;Enabled;66.38;21.92;Yes;0;0;0;0;0;0
324098;No;618;618;94;1342;0.75;0.77;Enabled;66.38;21.92;Yes;0;0;0;0;0;0
324125;No;618;618;94;1343;0.75;0.77;Enabled;66.38;21.92;Yes;0;0;0;0;0;0
324157;No;618;618;94;1344;0.75;0.77;Enabled;66.38;21.92;Yes;0;0;0;0;0;0
324189;No;618;618;94;1346;0.75;0.77;Enabled;66.38;21.92;Yes;0;0;0;0;0;0
324216;No;618;618;94;1347;0.75;0.77;Enabled;66.38;21.92;Yes;0;0;0;0;0;0
324276;No;618;618;94;1348;0.75;0.78;Enabled;66.38;21.92;Yes;0;0;0;0;0;0
324305;No;618;618;94;1350;0.75;0.78;Enabled;66.38;21.92;Yes;0;0;0;0;0;0
324335;No;618;618;94;1351;0.75;0.78;Enabled;66.38;21.92;Yes;0;0;0;0;0;0
324366;No;618;618;94;1352;0.75;0.78;Enabled;66.38;21.92;Yes;0;0;0;0;0;0
324395;No;618;618;94;1354;0.75;0.78;Enabled;66.38;21.92;Yes;0;0;0;0;0;0
324426;No;618;618;94;1355;0.74;0.77;Enabled;66.38;21.92;Yes;0;0;0;0;0;0
324456;No;618;618;94;1356;0.74;0.77;Enabled;66.38;21.92;Yes;0;0;0;0;0;0
324485;No;618;618;94;1358;0.74;0.77;Enabled;66.38;21.92;Yes;0;0;0;0;0;0
324536;No;618;618;94;1359;0.74;0.77;Enabled;66.38;21.92;Yes;0;0;0;0;0;0
324608;No;618;618;94;1360;0.74;0.77;Enabled;66.38;21.92;Yes;0;0;0;0;0;0
324635;No;618;618;94;1362;0.74;0.77;Enabled;66.38;21.92;Yes;0;0;0;0;0;0
324665;No;618;618;94;1363;0.74;0.77;Enabled;66.38;21.92;Yes;0;0;0;0;0;0
324700;No;618;618;94;1364;0.74;0.77;Enabled;66.38;21.92;Yes;0;0;0;0;0;0
324726;No;618;618;94;1365;0.74;0.77;Enabled;66.38;21.92;Yes;0;0;0;0;0;0
324756;No;619;618;94;1366;0.74;0.77;Enabled;66.38;21.92;Yes;0;0;0;0;0;0
324786;No;619;619;94;1368;0.74;0.77;Enabled;66.38;21.92;Yes;0;0;0;0;0;0
324818;No;619;619;94;1369;0.74;0.77;Enabled;66.38;21.92;Yes;0;0;0;0;0;0
324876;No;619;619;94;1370;0.73;0.76;Enabled;66.38;21.92;Yes;0;0;0;0;0;0
324909;No;619;619;94;1372;0.73;0.76;Enabled;66.38;21.92;Yes;0;0;0;0;0;0
324938;No;619;619;94;1372;0.73;0.76;Enabled;66.38;21.92;Yes;0;0;0;0;0;0
324967;No;619;619;94;1373;0.73;0.76;Enabled;66.38;21.92;Yes;0;0;0;0;0;0
324999;No;619;619;94;1374;0.73;0.76;Enabled;66.38;21.92;Yes;0;0;0;0;0;0
325029;No;619;619;94;1375;0.73;0.76;Enabled;66.38;21.92;Yes;0;0;0;0;0;0
325057;No;619;619;94;1376;0.73;0.76;Enabled;66.38;21.92;Yes;0;0;0;0;0;0
325086;No;619;619;94;1377;0.73;0.76;Enabled;66.38;21.92;Yes;0;0;0;0;0;0
325118;No;619;619;94;1378;0.73;0.76;Enabled;66.38;21.92;Yes;0;0;0;0;0;0
325176;No;619;619;94;1378;0.73;0.76;Enabled;66.38;21.92;Yes;0;0;0;0;0;0
325209;No;619;619;94;1379;0.73;0.76;Enabled;66.38;21.92;Yes;0;0;0;0;0;0
325236;No;619;619;94;1380;0.72;0.76;Enabled;66.38;21.92;Yes;0;0;0;0;0;0
325266;No;619;619;94;1381;0.72;0.76;Enabled;66.38;21.92;Yes;0;0;0;0;0;0
325296;No;619;620;94;1382;0.72;0.76;Enabled;66.38;21.92;Yes;0;0;0;0;0;0
325325;No;619;620;94;1383;0.72;0.76;Enabled;66.38;21.92;Yes;0;0;0;0;0;0
325358;No;620;620;94;1384;0.72;0.75;Enabled;66.38;21.92;Yes;0;0;0;0;0;0
325385;No;620;620;94;1384;0.72;0.75;Enabled;66.38;21.92;Yes;0;0;0;0;0;0
325418;No;620;620;94;1386;0.72;0.75;Enabled;66.38;21.92;Yes;0;0;0;0;0;0
325476;No;620;620;94;1384;0.72;0.75;Enabled;66.38;21.92;Yes;0;0;0;0;0;0
325506;No;620;620;94;1383;0.72;0.75;Enabled;66.38;21.92;Yes;0;0;0;0;0;0
325536;No;620;620;94;1382;0.72;0.75;Enabled;66.38;21.92;Yes;0;0;0;0;0;0
325568;No;620;620;94;1380;0.72;0.75;Enabled;66.38;21.92;Yes;0;0;0;0;0;0
325595;No;620;620;94;1379;0.72;0.75;Enabled;66.38;21.92;Yes;0;0;0;0;0;0
325628;No;620;620;94;1378;0.72;0.75;Enabled;66.38;21.92;Yes;0;0;0;0;0;0
325655;No;620;620;94;1376;0.72;0.75;Enabled;66.38;21.92;Yes;0;0;0;0;0;0
325685;No;620;620;94;1375;0.72;0.75;Enabled;66.38;21.92;Yes;0;0;0;0;0;0
325715;No;620;620;94;1374;0.72;0.75;Enabled;66.38;21.92;Yes;0;0;0;0;0;0
325776;No;620;620;94;1372;0.72;0.75;Enabled;66.38;21.92;Yes;0;0;0;0;0;0
325818;No;620;620;94;1371;0.72;0.75;Enabled;66.38;21.92;Yes;0;0;0;0;0;0
325839;No;620;620;94;1370;0.72;0.75;Enabled;66.38;21.92;Yes;0;0;0;0;0;0
325868;No;620;620;94;1368;0.71;0.75;Enabled;66.38;21.92;Yes;0;0;0;0;0;0
325896;No;620;620;94;1367;0.71;0.75;Enabled;66.38;21.92;Yes;0;0;0;0;0;0
325926;No;620;620;94;1366;0.71;0.75;Enabled;66.38;21.92;Yes;0;0;0;0;0;0
325955;No;620;620;94;1364;0.71;0.75;Enabled;66.38;21.92;Yes;0;0;0;0;0;0
325986;No;620;620;94;1363;0.71;0.75;Enabled;66.38;21.92;Yes;0;0;0;0;0;0
326018;No;620;620;94;1350;0.71;0.75;Enabled;66.38;21.92;Yes;0;0;0;0;0;0
326046;No;620;620;94;1338;0.71;0.75;Enabled;66.38;21.92;Yes;0;0;0;0;0;0
326076;No;621;620;94;1326;0.71;0.75;Enabled;66.38;21.92;Yes;0;0;0;0;0;0
326108;No;621;621;94;1313;0.71;0.75;Enabled;66.38;21.92;Yes;0;0;0;0;0;0
326135;No;621;621;94;1300;0.71;0.75;Enabled;66.38;21.92;Yes;0;0;0;0;0;0
326166;No;621;621;94;1288;0.71;0.75;Enabled;66.38;21.92;Yes;0;0;0;0;0;0
326197;No;621;621;94;1276;0.71;0.75;Enabled;66.38;21.92;Yes;0;0;0;0;0;0
326225;No;621;621;94;1263;0.71;0.75;Enabled;66.38;21.92;Yes;0;0;0;0;0;0
326257;No;621;621;94;1250;0.71;0.75;Enabled;66.38;21.92;Yes;0;0;0;0;0;0
326288;No;621;621;94;1238;0.71;0.75;Enabled;66.38;21.92;Yes;0;0;0;0;0;0
326314;No;621;621;94;1225;0.71;0.76;Enabled;66.38;21.92;Yes;0;0;0;0;0;0
326374;No;621;621;94;1213;0.71;0.76;Enabled;66.38;21.92;Yes;0;0;0;0;0;0
326409;No;621;621;94;1200;0.71;0.76;Enabled;66.38;21.92;Yes;0;0;0;0;0;0
326436;No;621;621;94;1188;0.71;0.76;Enabled;66.38;21.92;Yes;0;0;0;0;0;0
326466;No;621;621;94;1175;0.71;0.76;Enabled;66.38;21.92;Yes;0;0;0;0;0;0
326498;No;621;621;94;1163;0.71;0.76;Enabled;66.38;21.92;Yes;0;0;0;0;0;0
326525;No;621;621;94;1150;0.71;0.76;Enabled;66.38;21.92;Yes;0;0;0;0;0;0
326555;No;621;621;94;1150;0.71;0.76;Enabled;66.38;21.92;Yes;0;0;0;0;0;0
326586;No;621;621;94;1150;0.71;0.76;Enabled;66.38;21.92;Yes;0;0;0;0;0;0
326615;No;621;621;94;1150;0.71;0.76;Enabled;66.38;21.92;Yes;0;0;0;0;0;0
326674;No;621;621;94;1150;0.71;0.76;Enabled;66.38;21.92;Yes;0;0;0;0;0;0
326709;No;621;621;94;1150;0.71;0.75;Enabled;66.38;21.92;Yes;0;0;0;0;0;0
326736;No;621;621;94;1150;0.71;0.75;Enabled;66.38;21.92;Yes;0;0;0;0;0;0
326766;No;622;622;94;1150;0.71;0.75;Enabled;66.38;21.92;Yes;0;0;0;0;0;0
326798;No;622;622;94;1150;0.71;0.75;Enabled;66.38;21.92;Yes;0;0;0;0;0;0
326828;No;622;622;94;1150;0.71;0.75;Enabled;66.38;21.92;Yes;0;0;0;0;0;0
326855;No;622;622;94;1150;0.71;0.75;Enabled;66.38;21.92;Yes;0;0;0;0;0;0
326885;No;622;622;94;1150;0.71;0.75;Enabled;66.38;21.92;Yes;0;0;0;0;0;0
326916;No;622;622;94;1150;0.71;0.75;Enabled;66.38;21.92;Yes;0;0;0;0;0;0
326975;No;622;622;94;1150;0.71;0.75;Enabled;66.38;21.92;Yes;0;0;0;0;0;0
327006;No;622;622;94;1150;0.71;0.74;Enabled;66.38;21.92;Yes;0;0;0;0;0;0
327036;No;622;622;94;1150;0.71;0.74;Enabled;66.38;21.92;Yes;0;0;0;0;0;0
327069;No;622;622;94;1150;0.71;0.74;Enabled;66.38;21.92;Yes;0;0;0;0;0;0
327126;No;622;622;94;1150;0.71;0.74;Enabled;66.38;21.92;Yes;0;0;0;0;0;0
327155;No;622;622;94;1151;0.71;0.74;Enabled;66.38;21.92;Yes;0;0;0;0;0;0
327185;No;622;622;94;1152;0.71;0.74;Enabled;66.38;21.92;Yes;0;0;0;0;0;0
327216;No;622;622;94;1152;0.70;0.72;Enabled;66.38;21.92;Yes;0;0;0;0;0;0
327275;No;622;622;94;1153;0.69;0.70;Enabled;66.38;21.92;Yes;0;0;0;0;0;0
327309;No;622;622;94;1154;0.69;0.68;Enabled;66.38;21.92;Yes;0;0;0;0;0;0
327337;No;622;622;94;1155;0.68;0.66;Enabled;66.38;21.92;Yes;0;0;0;0;0;0
327368;No;622;622;94;1156;0.67;0.64;Enabled;66.38;21.92;Yes;0;0;0;0;0;0
327395;No;622;622;94;1156;0.67;0.62;Enabled;66.38;21.92;Yes;0;0;0;0;0;0
327426;No;622;622;94;1157;0.66;0.61;Enabled;66.38;21.92;Yes;0;0;0;0;0;0
327456;No;622;622;94;1158;0.65;0.59;Enabled;66.38;21.92;Yes;0;0;0;0;0;0
327488;No;622;622;94;1159;0.64;0.57;Enabled;66.38;21.92;Yes;0;0;0;0;0;0
327515;No;622;622;94;1160;0.64;0.55;Enabled;66.38;21.92;Yes;0;0;0;0;0;0
327576;No;622;622;94;1160;0.63;0.53;Enabled;66.38;21.92;Yes;0;0;0;0;0;0
327608;No;622;622;94;1161;0.62;0.51;Enabled;66.38;21.92;Yes;0;0;0;0;0;0
327635;No;622;622;94;1162;0.62;0.49;Enabled;66.38;21.92;Yes;0;0;0;0;0;0
327666;No;622;622;94;1163;0.61;0.47;Enabled;66.38;21.92;Yes;0;0;0;0;0;0
327700;No;622;623;94;1164;0.60;0.45;Enabled;66.38;21.92;Yes;0;0;0;0;0;0
327727;No;622;623;94;1163;0.60;0.43;Enabled;66.38;21.92;Yes;0;0;0;0;0;0
327756;No;623;623;94;1163;0.57;0.42;Enabled;66.38;21.92;Yes;0;0;0;0;0;0
327788;No;623;623;94;1163;0.54;0.42;Enabled;66.38;21.92;Yes;0;0;0;0;0;0
327815;No;623;623;94;1163;0.52;0.43;Enabled;66.38;21.92;Yes;0;0;0;0;0;0
327878;No;623;623;94;1162;0.49;0.44;Enabled;66.38;21.92;Yes;0;0;0;0;0;0
327908;No;623;623;94;1162;0.46;0.44;Enabled;66.38;21.92;Yes;0;0;0;0;0;0
327936;No;623;623;94;1162;0.44;0.45;Enabled;66.38;21.92;Yes;0;0;0;0;0;0
327966;No;623;623;94;1162;0.41;0.46;Enabled;66.38;21.92;Yes;0;0;0;0;0;0
327997;No;623;623;94;1162;0.39;0.47;Enabled;66.38;21.92;Yes;0;0;0;0;0;0
328026;No;623;623;94;1162;0.36;0.47;Enabled;66.38;21.92;Yes;0;0;0;0;0;0
328059;No;623;623;94;1161;0.33;0.48;Enabled;66.38;21.92;Yes;0;0;0;0;0;0
328088;No;623;623;94;1161;0.31;0.49;Enabled;66.38;21.92;Yes;0;0;0;0;0;0
328115;No;623;623;94;1161;0.28;0.50;Enabled;66.38;21.92;Yes;0;0;0;0;0;0
328174;No;623;623;94;1160;0.25;0.50;Enabled;66.38;21.92;Yes;0;0;0;0;0;0
328206;No;623;623;94;1160;0.23;0.51;Enabled;66.38;21.92;Yes;0;0;0;0;0;0
328238;No;623;623;94;1160;0.20;0.52;Enabled;66.38;21.92;Yes;0;0;0;0;0;0
328265;No;623;623;94;1160;0.17;0.52;Enabled;66.38;21.92;Yes;0;0;0;0;0;0
328295;No;623;623;94;1160;0.15;0.53;Enabled;66.38;21.92;Yes;0;0;0;0;0;0
328326;No;623;623;94;1161;0.15;0.54;Enabled;66.38;21.92;Yes;0;0;0;0;0;0
328376;No;623;623;94;1162;0.16;0.51;Enabled;66.38;21.92;Yes;0;0;0;0;0;0
328416;No;623;623;94;1162;0.16;0.48;Enabled;66.38;21.92;Yes;0;0;0;0;0;0
328474;No;623;623;94;1163;0.16;0.45;Enabled;66.38;21.92;Yes;0;0;0;0;0;0
328507;No;623;623;94;1164;0.17;0.42;Enabled;66.38;21.92;Yes;0;0;0;0;0;0
328536;No;623;623;94;1164;0.17;0.39;Enabled;66.38;21.92;Yes;0;0;0;0;0;0
328568;No;624;623;94;1165;0.17;0.36;Enabled;66.38;21.92;Yes;0;0;0;0;0;0
328595;No;624;624;94;1166;0.18;0.33;Enabled;66.38;21.92;Yes;0;0;0;0;0;0
328628;No;624;624;94;1166;0.18;0.30;Enabled;66.38;21.92;Yes;0;0;0;0;0;0
328658;No;624;624;94;1167;0.18;0.27;Enabled;66.38;21.92;Yes;0;0;0;0;0;0
328684;No;624;624;94;1167;0.19;0.24;Enabled;66.38;21.92;Yes;0;0;0;0;0;0
328715;No;624;624;94;1168;0.19;0.21;Enabled;66.38;21.92;Yes;0;0;0;0;0;0
328774;No;624;624;94;1168;0.20;0.18;Enabled;66.38;21.92;Yes;0;0;0;0;0;0
328807;No;624;624;94;1169;0.20;0.15;Enabled;66.38;21.92;Yes;0;0;0;0;0;0
328838;No;624;624;94;1170;0.20;0.12;Enabled;66.38;21.92;Yes;0;0;0;0;0;0
328865;No;624;624;94;1170;0.21;0.09;Enabled;66.38;21.92;Yes;0;0;0;0;0;0
328895;No;624;624;94;1171;0.21;0.06;Enabled;66.38;21.92;Yes;0;0;0;0;0;0
328924;No;624;624;94;1172;0.24;0.03;Enabled;66.38;21.92;Yes;0;0;0;0;0;0
328955;No;624;624;94;1172;0.27;0.03;Enabled;66.38;21.92;Yes;0;0;0;0;0;0
328984;No;624;624;94;1173;0.30;0.03;Enabled;66.38;21.92;Yes;0;0;0;0;0;0
329016;No;624;624;94;1174;0.33;0.03;Enabled;66.38;21.92;Yes;0;0;0;0;0;0
329076;No;624;624;94;1174;0.36;0.03;Enabled;66.38;21.92;Yes;0;0;0;0;0;0
329108;No;624;624;94;1175;0.38;0.03;Enabled;66.38;21.92;Yes;0;0;0;0;0;0
329138;No;624;624;94;1176;0.41;0.04;Enabled;66.38;21.92;Yes;0;0;0;0;0;0
329164;No;624;624;94;1176;0.44;0.04;Enabled;66.38;21.92;Yes;0;0;0;0;0;0
329194;No;624;624;94;1177;0.47;0.04;Enabled;66.38;21.92;Yes;0;0;0;0;0;0
329227;No;624;624;94;1178;0.50;0.04;Enabled;66.38;21.92;Yes;0;0;0;0;0;0
329257;No;624;624;94;1178;0.53;0.04;Enabled;66.38;21.92;Yes;0;0;0;0;0;0
329288;No;624;624;94;1179;0.56;0.04;Enabled;66.38;21.92;Yes;0;0;0;0;0;0
329319;No;624;624;94;1180;0.59;0.05;Enabled;66.38;21.92;Yes;0;0;0;0;0;0
329379;No;624;624;94;1180;0.62;0.05;Enabled;66.38;21.92;Yes;0;0;0;0;0;0
329409;No;624;624;94;1181;0.65;0.05;Enabled;66.38;21.92;Yes;0;0;0;0;0;0
329439;No;624;624;94;1182;0.67;0.05;Enabled;66.38;21.92;Yes;0;0;0;0;0;0
329467;No;624;624;94;1182;0.70;0.05;Enabled;66.38;21.92;Yes;0;0;0;0;0;0
329498;No;624;625;94;1183;0.69;0.05;Enabled;66.38;21.92;Yes;0;0;0;0;0;0
329527;No;624;625;94;1184;0.67;0.08;Enabled;66.38;21.92;Yes;0;0;0;0;0;0
329554;No;625;625;94;1184;0.65;0.11;Enabled;66.38;21.92;Yes;0;0;0;0;0;0
329584;No;625;625;94;1185;0.63;0.14;Enabled;66.38;21.92;Yes;0;0;0;0;0;0
329615;No;625;625;94;1186;0.62;0.17;Enabled;66.38;21.92;Yes;0;0;0;0;0;0
329702;No;625;625;94;1186;0.60;0.20;Enabled;66.38;21.92;Yes;0;0;0;0;0;0
329737;No;625;625;94;1187;0.58;0.22;Enabled;66.38;21.92;Yes;0;0;0;0;0;0
329768;No;625;625;94;1188;0.57;0.25;Enabled;66.38;21.92;Yes;0;0;0;0;0;0
329795;No;625;625;94;1189;0.55;0.28;Enabled;66.38;21.92;Yes;0;0;0;0;0;0
329824;No;625;625;94;1190;0.53;0.31;Enabled;66.38;21.92;Yes;0;0;0;0;0;0
329857;No;625;625;94;1190;0.51;0.34;Enabled;66.38;21.92;Yes;0;0;0;0;0;0
329888;No;625;625;94;1191;0.50;0.36;Enabled;66.38;21.92;Yes;0;0;0;0;0;0
329915;No;625;625;94;1192;0.48;0.39;Enabled;66.38;21.92;Yes;0;0;0;0;0;0
329978;No;625;625;94;1192;0.46;0.42;Enabled;66.38;21.92;Yes;0;0;0;0;0;0
330008;No;625;625;94;1193;0.45;0.45;Enabled;66.38;21.92;Yes;0;0;0;0;0;0
330038;No;625;625;94;1194;0.43;0.48;Enabled;66.38;21.92;Yes;0;0;0;0;0;0
330066;No;625;625;94;1194;0.41;0.50;Enabled;66.38;21.92;Yes;0;0;0;0;0;0
330098;No;625;625;94;1195;0.39;0.53;Enabled;66.38;21.92;Yes;0;0;0;0;0;0
330128;No;625;625;94;1196;0.38;0.54;Enabled;66.38;21.92;Yes;0;0;0;0;0;0
330157;No;625;625;94;1196;0.36;0.55;Enabled;66.38;21.92;Yes;0;0;0;0;0;0
330187;No;625;625;94;1197;0.34;0.56;Enabled;66.38;21.92;Yes;0;0;0;0;0;0
330218;No;625;625;94;1197;0.32;0.57;Enabled;66.38;21.92;Yes;0;0;0;0;0;0
330279;No;625;625;94;1198;0.31;0.58;Enabled;66.38;21.92;Yes;0;0;0;0;0;0
330309;No;626;626;94;1198;0.29;0.59;Enabled;66.38;21.92;Yes;0;0;0;0;0;0
330337;No;626;626;94;1199;0.27;0.60;Enabled;66.38;21.92;Yes;0;0;0;0;0;0
330368;No;626;626;94;1200;0.25;0.61;Enabled;66.38;21.92;Yes;0;0;0;0;0;0
330394;No;626;626;94;1200;0.24;0.62;Enabled;66.38;21.92;Yes;0;0;0;0;0;0
330425;No;626;626;94;1201;0.22;0.62;Enabled;66.38;21.92;Yes;0;0;0;0;0;0
330458;No;626;626;94;1202;0.20;0.63;Enabled;66.38;21.92;Yes;0;0;0;0;0;0
330486;No;626;626;94;1202;0.18;0.64;Enabled;66.38;21.92;Yes;0;0;0;0;0;0
330520;No;626;626;94;1202;0.17;0.65;Enabled;66.38;21.92;Yes;0;0;0;0;0;0
330586;No;626;626;94;1203;0.15;0.66;Enabled;66.38;21.92;Yes;0;0;0;0;0;0
330606;No;626;626;94;1204;0.13;0.67;Enabled;66.38;21.92;Yes;0;0;0;0;0;0
330640;No;626;626;94;1204;0.11;0.68;Enabled;66.38;21.92;Yes;0;0;0;0;0;0
330668;No;626;626;94;1204;0.16;0.69;Enabled;66.38;21.92;Yes;0;0;0;0;0;0
330699;No;626;626;94;1205;0.20;0.69;Enabled;66.38;21.92;Yes;0;0;0;0;0;0
330727;No;626;626;94;1205;0.24;0.68;Enabled;66.38;21.92;Yes;0;0;0;0;0;0
330755;No;626;626;94;1206;0.29;0.68;Enabled;66.38;21.92;Yes;0;0;0;0;0;0
330784;No;626;626;94;1206;0.33;0.67;Enabled;66.38;21.92;Yes;0;0;0;0;0;0
330819;No;626;626;94;1206;0.37;0.67;Enabled;66.38;21.92;Yes;0;0;0;0;0;0
330877;No;626;626;94;1207;0.42;0.66;Enabled;66.38;21.92;Yes;0;0;0;0;0;0
330908;No;626;626;94;1207;0.46;0.66;Enabled;66.38;21.92;Yes;0;0;0;0;0;0
330968;No;626;626;94;1208;0.50;0.66;Enabled;66.38;21.92;Yes;0;0;0;0;0;0
330997;No;626;626;94;1208;0.54;0.65;Enabled;66.38;21.92;Yes;0;0;0;0;0;0
331027;No;626;626;94;1208;0.59;0.65;Enabled;66.38;21.92;Yes;0;0;0;0;0;0
331058;No;626;626;94;1209;0.63;0.64;Enabled;66.38;21.92;Yes;0;0;0;0;0;0
331087;No;626;626;94;1209;0.67;0.64;Enabled;66.38;21.92;Yes;0;0;0;0;0;0
331118;No;626;626;94;1210;0.72;0.63;Enabled;66.38;21.92;Yes;0;0;0;0;0;0
331177;No;626;626;94;1210;0.76;0.63;Enabled;66.38;21.92;Yes;0;0;0;0;0;0
331207;No;626;626;94;1210;0.80;0.62;Enabled;66.38;21.92;Yes;0;0;0;0;0;0
331237;No;626;626;94;1211;0.85;0.62;Enabled;66.38;21.92;Yes;0;0;0;0;0;0
331267;No;627;626;94;1212;0.85;0.62;Enabled;66.38;21.92;Yes;0;0;0;0;0;0
331299;No;627;627;94;1213;0.85;0.63;Enabled;66.38;21.92;Yes;0;0;0;0;0;0
331331;No;627;627;94;1214;0.85;0.64;Enabled;66.38;21.92;Yes;0;0;0;0;0;0
331358;No;627;627;94;1214;0.85;0.66;Enabled;66.38;21.92;Yes;0;0;0;0;0;0
331387;No;627;627;94;1216;0.85;0.67;Enabled;66.38;21.92;Yes;0;0;0;0;0;0
331418;No;627;627;94;1216;0.85;0.69;Enabled;66.38;21.92;Yes;0;0;0;0;0;0
331479;No;627;627;94;1217;0.85;0.70;Enabled;66.38;21.92;Yes;0;0;0;0;0;0
331509;No;627;627;94;1218;0.85;0.71;Enabled;66.38;21.92;Yes;0;0;0;0;0;0
331536;No;627;627;94;1219;0.85;0.73;Enabled;66.38;21.92;Yes;0;0;0;0;0;0
331567;No;627;627;94;1220;0.85;0.74;Enabled;66.38;21.92;Yes;0;0;0;0;0;0
331597;No;627;627;94;1221;0.85;0.75;Enabled;66.38;21.92;Yes;0;0;0;0;0;0
331627;No;627;627;94;1222;0.85;0.77;Enabled;66.38;21.92;Yes;0;0;0;0;0;0
331661;No;627;627;94;1222;0.85;0.78;Enabled;66.38;21.92;Yes;0;0;0;0;0;0
331685;No;627;627;94;1223;0.85;0.80;Enabled;66.38;21.92;Yes;0;0;0;0;0;0
331719;No;627;627;94;1224;0.85;0.81;Enabled;66.38;21.92;Yes;0;0;0;0;0;0
331778;No;627;627;94;1225;0.85;0.82;Enabled;66.38;21.92;Yes;0;0;0;0;0;0
331809;No;627;627;94;1225;0.86;0.84;Enabled;66.38;21.92;Yes;0;0;0;0;0;0
331838;No;627;627;94;1225;0.85;0.85;Enabled;66.38;21.92;Yes;0;0;0;0;0;0
331865;No;627;627;94;1225;0.85;0.85;Enabled;66.38;21.92;Yes;0;0;0;0;0;0
331896;No;627;627;94;1225;0.85;0.85;Enabled;66.38;21.92;Yes;0;0;0;0;0;0
331928;No;627;627;94;1225;0.85;0.85;Enabled;66.38;21.92;Yes;0;0;0;0;0;0
331959;No;627;627;94;1225;0.85;0.86;Enabled;66.38;21.92;Yes;0;0;0;0;0;0
331989;No;627;627;94;1225;0.85;0.86;Enabled;66.38;21.92;Yes;0;0;0;0;0;0
332019;No;627;627;94;1225;0.85;0.86;Enabled;66.38;21.92;Yes;0;0;0;0;0;0
332077;No;627;627;94;1224;0.84;0.86;Enabled;66.38;21.92;Yes;0;0;0;0;0;0
332108;No;628;627;94;1224;0.84;0.86;Enabled;66.38;21.92;Yes;0;0;0;0;0;0
332137;No;628;628;94;1224;0.84;0.86;Enabled;66.38;21.92;Yes;0;0;0;0;0;0
332168;No;628;628;94;1224;0.84;0.86;Enabled;66.38;21.92;Yes;0;0;0;0;0;0
332216;No;628;628;94;1224;0.84;0.86;Enabled;66.38;21.92;Yes;0;0;0;0;0;0
332255;No;628;628;94;1224;0.84;0.86;Enabled;66.38;21.92;Yes;0;0;0;0;0;0
332287;No;628;628;94;1224;0.83;0.87;Enabled;66.38;21.92;Yes;0;0;0;0;0;0
332319;No;628;628;94;1224;0.83;0.87;Enabled;66.38;21.92;Yes;0;0;0;0;0;0
332377;No;628;628;94;1224;0.83;0.87;Enabled;66.38;21.92;Yes;0;0;0;0;0;0
332408;No;628;628;94;1224;0.83;0.87;Enabled;66.38;21.92;Yes;0;0;0;0;0;0
332440;No;628;628;94;1225;0.83;0.87;Enabled;66.38;21.92;Yes;0;0;0;0;0;0
332465;No;628;628;94;1225;0.83;0.87;Enabled;66.38;21.92;Yes;0;0;0;0;0;0
332496;No;628;628;94;1226;0.83;0.87;Enabled;66.38;21.92;Yes;0;0;0;0;0;0
332525;No;628;628;94;1226;0.83;0.86;Enabled;66.38;21.92;Yes;0;0;0;0;0;0
332559;No;628;628;94;1226;0.83;0.86;Enabled;66.38;21.92;Yes;0;0;0;0;0;0
332587;No;628;628;94;1227;0.83;0.86;Enabled;66.38;21.92;Yes;0;0;0;0;0;0
332619;No;628;628;94;1227;0.83;0.86;Enabled;66.38;21.92;Yes;0;0;0;0;0;0
332678;No;628;628;94;1228;0.82;0.86;Enabled;66.38;21.92;Yes;0;0;0;0;0;0
332706;No;628;628;94;1228;0.82;0.85;Enabled;66.38;21.92;Yes;0;0;0;0;0;0
332738;No;628;628;94;1228;0.82;0.85;Enabled;66.38;21.92;Yes;0;0;0;0;0;0
332766;No;628;628;94;1228;0.82;0.85;Enabled;66.38;21.92;Yes;0;0;0;0;0;0
332798;No;628;628;94;1229;0.82;0.85;Enabled;66.38;21.92;Yes;0;0;0;0;0;0
332824;No;628;628;94;1229;0.82;0.85;Enabled;66.38;21.92;Yes;0;0;0;0;0;0
332856;No;628;628;94;1230;0.82;0.84;Enabled;66.38;21.92;Yes;0;0;0;0;0;0
332888;No;628;628;94;1230;0.82;0.84;Enabled;66.38;21.92;Yes;0;0;0;0;0;0
332919;No;628;628;94;1230;0.82;0.84;Enabled;66.38;21.92;Yes;0;0;0;0;0;0
332978;No;628;628;94;1231;0.82;0.84;Enabled;66.38;21.92;Yes;0;0;0;0;0;0
333008;No;628;628;94;1231;0.82;0.84;Enabled;66.38;21.92;Yes;0;0;0;0;0;0
333037;No;628;628;94;1232;0.81;0.83;Enabled;66.38;21.92;Yes;0;0;0;0;0;0
333065;No;628;628;94;1232;0.81;0.83;Enabled;66.38;21.92;Yes;0;0;0;0;0;0
333099;No;628;628;94;1232;0.81;0.83;Enabled;66.38;21.92;Yes;0;0;0;0;0;0
333127;No;628;628;94;1233;0.81;0.83;Enabled;66.38;21.92;Yes;0;0;0;0;0;0
333157;No;628;628;94;1233;0.81;0.83;Enabled;66.38;21.92;Yes;0;0;0;0;0;0
333184;No;628;628;94;1234;0.81;0.83;Enabled;66.38;21.92;Yes;0;0;0;0;0;0
333218;No;628;628;94;1234;0.81;0.83;Enabled;66.38;21.92;Yes;0;0;0;0;0;0
333280;No;628;628;94;1235;0.81;0.83;Enabled;66.38;21.92;Yes;0;0;0;0;0;0
333308;No;628;628;94;1235;0.81;0.83;Enabled;66.38;21.92;Yes;0;0;0;0;0;0
333340;No;628;628;94;1236;0.81;0.82;Enabled;66.38;21.92;Yes;0;0;0;0;0;0
333367;No;628;628;94;1236;0.81;0.82;Enabled;66.38;21.92;Yes;0;0;0;0;0;0
333397;No;628;628;94;1236;0.81;0.82;Enabled;66.38;21.92;Yes;0;0;0;0;0;0
333427;No;628;628;94;1237;0.80;0.82;Enabled;66.38;21.92;Yes;0;0;0;0;0;0
333458;No;628;628;94;1237;0.80;0.82;Enabled;66.38;21.92;Yes;0;0;0;0;0;0
333496;No;629;628;94;1238;0.80;0.82;Enabled;66.38;21.92;Yes;0;0;0;0;0;0
333518;No;629;629;94;1238;0.80;0.82;Enabled;66.38;21.92;Yes;0;0;0;0;0;0
333580;No;629;629;94;1239;0.80;0.82;Enabled;66.38;21.92;Yes;0;0;0;0;0;0
333606;No;629;629;94;1239;0.80;0.82;Enabled;66.38;21.92;Yes;0;0;0;0;0;0
333638;No;629;629;94;1240;0.80;0.81;Enabled;66.38;21.92;Yes;0;0;0;0;0;0
333667;No;629;629;94;1240;0.80;0.81;Enabled;66.38;21.92;Yes;0;0;0;0;0;0
333700;No;629;629;94;1241;0.80;0.81;Enabled;66.38;21.92;Yes;0;0;0;0;0;0
333728;No;629;629;94;1241;0.80;0.81;Enabled;66.38;21.92;Yes;0;0;0;0;0;0
333760;No;629;629;94;1242;0.80;0.81;Enabled;66.38;21.92;Yes;0;0;0;0;0;0
333787;No;629;629;94;1242;0.80;0.81;Enabled;66.38;21.92;Yes;0;0;0;0;0;0
333820;No;629;629;94;1242;0.80;0.81;Enabled;66.38;21.92;Yes;0;0;0;0;0;0
333878;No;629;629;94;1243;0.80;0.81;Enabled;66.38;21.92;Yes;0;0;0;0;0;0
333909;No;629;629;94;1244;0.80;0.81;Enabled;66.38;21.92;Yes;0;0;0;0;0;0
333941;No;629;629;94;1244;0.80;0.81;Enabled;66.38;21.92;Yes;0;0;0;0;0;0
333968;No;629;629;94;1244;0.80;0.81;Enabled;66.38;21.92;Yes;0;0;0;0;0;0
333998;No;629;629;94;1245;0.80;0.81;Enabled;66.38;21.92;Yes;0;0;0;0;0;0
334026;No;629;629;94;1246;0.80;0.80;Enabled;66.38;21.92;Yes;0;0;0;0;0;0
334058;No;629;629;94;1246;0.80;0.80;Enabled;66.38;21.92;Yes;0;0;0;0;0;0
334086;No;629;629;94;1246;0.80;0.80;Enabled;66.38;21.92;Yes;0;0;0;0;0;0
334121;No;629;629;94;1247;0.80;0.80;Enabled;66.38;21.92;Yes;0;0;0;0;0;0
334178;No;629;629;94;1247;0.80;0.80;Enabled;66.38;21.92;Yes;0;0;0;0;0;0
334207;No;629;629;94;1248;0.79;0.80;Enabled;66.38;21.92;Yes;0;0;0;0;0;0
334239;No;629;629;94;1248;0.79;0.80;Enabled;66.38;21.92;Yes;0;0;0;0;0;0
334267;No;629;629;94;1248;0.79;0.80;Enabled;66.38;21.92;Yes;0;0;0;0;0;0
334298;No;629;629;94;1248;0.79;0.80;Enabled;66.38;21.92;Yes;0;0;0;0;0;0
334328;No;629;629;94;1249;0.79;0.80;Enabled;66.38;21.92;Yes;0;0;0;0;0;0
334359;No;629;629;94;1249;0.79;0.80;Enabled;66.38;21.92;Yes;0;0;0;0;0;0
334384;No;629;629;94;1250;0.79;0.80;Enabled;66.38;21.92;Yes;0;0;0;0;0;0
334417;No;629;629;94;1250;0.79;0.80;Enabled;66.38;21.92;Yes;0;0;0;0;0;0
334478;No;629;629;94;1250;0.79;0.80;Enabled;66.38;21.92;Yes;0;0;0;0;0;0
334509;No;629;629;94;1250;0.79;0.80;Enabled;66.38;21.92;Yes;0;0;0;0;0;0
334539;No;629;629;94;1251;0.79;0.79;Enabled;66.38;21.92;Yes;0;0;0;0;0;0
334567;No;629;629;94;1251;0.79;0.79;Enabled;66.38;21.92;Yes;0;0;0;0;0;0
334597;No;629;629;94;1252;0.79;0.79;Enabled;66.38;21.92;Yes;0;0;0;0;0;0
334627;No;629;629;94;1252;0.79;0.79;Enabled;66.38;21.92;Yes;0;0;0;0;0;0
334658;No;629;629;94;1252;0.79;0.79;Enabled;66.38;21.92;Yes;0;0;0;0;0;0
334685;No;629;629;94;1252;0.79;0.79;Enabled;66.38;21.92;Yes;0;0;0;0;0;0
334719;No;629;629;94;1252;0.79;0.79;Enabled;66.38;21.92;Yes;0;0;0;0;0;0
334799;No;629;629;94;1252;0.79;0.79;Enabled;66.38;21.92;Yes;0;0;0;0;0;0
334838;No;629;629;94;1252;0.79;0.79;Enabled;66.38;21.92;Yes;0;0;0;0;0;0
334865;No;629;629;94;1253;0.79;0.79;Enabled;66.38;21.92;Yes;0;0;0;0;0;0
334896;No;629;629;94;1253;0.79;0.79;Enabled;66.38;21.92;Yes;0;0;0;0;0;0
334927;No;629;629;94;1253;0.79;0.79;Enabled;66.38;21.92;Yes;0;0;0;0;0;0
334957;No;629;629;94;1253;0.79;0.79;Enabled;66.38;21.92;Yes;0;0;0;0;0;0
334987;No;630;629;94;1253;0.78;0.79;Enabled;66.38;21.92;Yes;0;0;0;0;0;0
335017;No;630;630;94;1253;0.78;0.79;Enabled;66.38;21.92;Yes;0;0;0;0;0;0
335078;No;630;630;94;1254;0.78;0.79;Enabled;66.38;21.92;Yes;0;0;0;0;0;0
335110;No;630;630;94;1254;0.78;0.79;Enabled;66.38;21.92;Yes;0;0;0;0;0;0
335140;No;630;630;94;1254;0.78;0.79;Enabled;66.38;21.92;Yes;0;0;0;0;0;0
335167;No;630;630;94;1254;0.78;0.78;Enabled;66.38;21.92;Yes;0;0;0;0;0;0
335199;No;630;630;94;1254;0.78;0.78;Enabled;66.38;21.92;Yes;0;0;0;0;0;0
335227;No;630;630;94;1254;0.78;0.78;Enabled;66.38;21.92;Yes;0;0;0;0;0;0
335257;No;630;630;94;1254;0.78;0.78;Enabled;66.38;21.92;Yes;0;0;0;0;0;0
335287;No;630;630;94;1255;0.78;0.78;Enabled;66.38;21.92;Yes;0;0;0;0;0;0
335317;No;630;630;94;1256;0.78;0.78;Enabled;66.38;21.92;Yes;0;0;0;0;0;0
335380;No;630;630;94;1256;0.78;0.78;Enabled;66.38;21.92;Yes;0;0;0;0;0;0
335407;No;630;630;94;1256;0.78;0.78;Enabled;66.38;21.92;Yes;0;0;0;0;0;0
335437;No;630;630;94;1257;0.78;0.78;Enabled;66.38;21.92;Yes;0;0;0;0;0;0
335468;No;630;630;94;1258;0.78;0.78;Enabled;66.38;21.92;Yes;0;0;0;0;0;0
335500;No;630;630;94;1258;0.78;0.78;Enabled;66.38;21.92;Yes;0;0;0;0;0;0
335526;No;630;630;94;1258;0.78;0.77;Enabled;66.38;21.92;Yes;0;0;0;0;0;0
335557;No;630;630;94;1259;0.78;0.77;Enabled;66.38;21.92;Yes;0;0;0;0;0;0
335585;No;630;630;94;1260;0.78;0.77;Enabled;66.38;21.92;Yes;0;0;0;0;0;0
335619;No;630;630;94;1260;0.78;0.77;Enabled;66.38;21.92;Yes;0;0;0;0;0;0
335678;No;630;630;94;1260;0.78;0.77;Enabled;66.38;21.92;Yes;0;0;0;0;0;0
335709;No;630;630;94;1261;0.77;0.77;Enabled;66.38;21.92;Yes;0;0;0;0;0;0
335737;No;630;630;94;1262;0.77;0.77;Enabled;66.38;21.92;Yes;0;0;0;0;0;0
335765;No;630;630;94;1262;0.77;0.77;Enabled;66.38;21.92;Yes;0;0;0;0;0;0
335799;No;630;630;94;1262;0.77;0.76;Enabled;66.38;21.92;Yes;0;0;0;0;0;0
335825;No;630;630;94;1263;0.77;0.76;Enabled;66.38;21.92;Yes;0;0;0;0;0;0
335859;No;630;630;94;1263;0.77;0.76;Enabled;66.38;21.92;Yes;0;0;0;0;0;0
335887;No;630;630;94;1263;0.77;0.76;Enabled;66.38;21.92;Yes;0;0;0;0;0;0
335918;No;630;630;94;1263;0.77;0.76;Enabled;66.38;21.92;Yes;0;0;0;0;0;0
335979;No;630;630;94;1263;0.77;0.76;Enabled;66.38;21.92;Yes;0;0;0;0;0;0
336008;No;630;630;94;1264;0.77;0.76;Enabled;66.38;21.92;Yes;0;0;0;0;0;0
336056;No;630;630;94;1264;0.77;0.76;Enabled;66.38;21.92;Yes;0;0;0;0;0;0
336097;No;630;630;94;1264;0.77;0.76;Enabled;66.38;21.92;Yes;0;0;0;0;0;0
336125;No;630;630;94;1264;0.77;0.76;Enabled;66.38;21.92;Yes;0;0;0;0;0;0
336157;No;630;630;94;1264;0.77;0.76;Enabled;66.38;21.92;Yes;0;0;0;0;0;0
336187;No;630;630;94;1264;0.77;0.77;Enabled;66.38;21.92;Yes;0;0;0;0;0;0
336217;No;630;630;94;1264;0.77;0.77;Enabled;66.38;21.92;Yes;0;0;0;0;0;0
336278;No;630;630;94;1264;0.77;0.77;Enabled;66.38;21.92;Yes;0;0;0;0;0;0
336306;No;630;630;94;1265;0.76;0.77;Enabled;66.38;21.92;Yes;0;0;0;0;0;0
336340;No;630;630;94;1265;0.76;0.77;Enabled;66.38;21.92;Yes;0;0;0;0;0;0
336368;No;630;630;94;1265;0.76;0.77;Enabled;66.38;21.92;Yes;0;0;0;0;0;0
336399;No;630;630;94;1265;0.76;0.77;Enabled;66.38;21.92;Yes;0;0;0;0;0;0
336428;No;630;630;94;1265;0.76;0.77;Enabled;66.38;21.92;Yes;0;0;0;0;0;0
336458;No;630;630;94;1265;0.76;0.77;Enabled;66.38;21.92;Yes;0;0;0;0;0;0
336486;No;630;630;94;1265;0.76;0.77;Enabled;66.38;21.92;Yes;0;0;0;0;0;0
336520;No;630;630;94;1265;0.76;0.77;Enabled;66.38;21.92;Yes;0;0;0;0;0;0
336580;No;630;630;94;1266;0.76;0.77;Enabled;66.38;21.92;Yes;0;0;0;0;0;0
336609;No;630;630;94;1266;0.76;0.77;Enabled;66.38;21.92;Yes;0;0;0;0;0;0
336641;No;630;630;94;1266;0.76;0.76;Enabled;66.38;21.92;Yes;0;0;0;0;0;0
336667;No;630;630;94;1266;0.76;0.76;Enabled;66.38;21.92;Yes;0;0;0;0;0;0
336696;No;630;630;94;1266;0.76;0.76;Enabled;66.38;21.92;Yes;0;0;0;0;0;0
336727;No;630;630;94;1266;0.75;0.76;Enabled;66.38;21.92;Yes;0;0;0;0;0;0
336756;No;630;630;94;1266;0.75;0.76;Enabled;66.38;21.92;Yes;0;0;0;0;0;0
336787;No;630;630;94;1266;0.75;0.76;Enabled;66.38;21.92;Yes;0;0;0;0;0;0
336817;No;630;630;94;1266;0.75;0.76;Enabled;66.38;21.92;Yes;0;0;0;0;0;0
336879;No;630;630;94;1266;0.75;0.76;Enabled;66.38;21.92;Yes;0;0;0;0;0;0
336908;No;630;630;94;1266;0.75;0.76;Enabled;66.38;21.92;Yes;0;0;0;0;0;0
336940;No;630;630;94;1266;0.75;0.76;Enabled;66.38;21.92;Yes;0;0;0;0;0;0
336968;No;630;630;94;1266;0.75;0.76;Enabled;66.38;21.92;Yes;0;0;0;0;0;0
336999;No;630;630;94;1266;0.75;0.76;Enabled;66.38;21.92;Yes;0;0;0;0;0;0
337027;No;630;630;94;1266;0.75;0.76;Enabled;66.38;21.92;Yes;0;0;0;0;0;0
337059;No;630;630;94;1266;0.75;0.76;Enabled;66.38;21.92;Yes;0;0;0;0;0;0
337087;No;630;630;94;1266;0.75;0.76;Enabled;66.38;21.92;Yes;0;0;0;0;0;0
337117;No;630;630;94;1266;0.75;0.76;Enabled;66.38;21.92;Yes;0;0;0;0;0;0
337181;No;630;630;94;1266;0.75;0.76;Enabled;66.38;21.92;Yes;0;0;0;0;0;0
337209;No;630;630;94;1266;0.75;0.76;Enabled;66.38;21.92;Yes;0;0;0;0;0;0
337240;No;630;630;94;1266;0.75;0.76;Enabled;66.38;21.92;Yes;0;0;0;0;0;0
337269;No;630;630;94;1266;0.75;0.76;Enabled;66.38;21.92;Yes;0;0;0;0;0;0
337298;No;630;630;94;1266;0.75;0.76;Enabled;66.38;21.92;Yes;0;0;0;0;0;0
337339;No;630;630;94;1266;0.75;0.75;Enabled;66.38;21.92;Yes;0;0;0;0;0;0
337386;No;630;630;94;1266;0.75;0.75;Enabled;66.38;21.92;Yes;0;0;0;0;0;0
337417;No;630;630;94;1266;0.74;0.75;Enabled;66.38;21.92;Yes;0;0;0;0;0;0
337478;No;630;630;94;1266;0.74;0.75;Enabled;66.38;21.92;Yes;0;0;0;0;0;0
337507;No;630;630;94;1266;0.74;0.75;Enabled;66.38;21.92;Yes;0;0;0;0;0;0
337539;No;630;630;94;1266;0.74;0.75;Enabled;66.38;21.92;Yes;0;0;0;0;0;0
337567;No;630;630;94;1266;0.74;0.75;Enabled;66.38;21.92;Yes;0;0;0;0;0;0
337597;No;630;630;94;1267;0.74;0.75;Enabled;66.38;21.92;Yes;0;0;0;0;0;0
337625;No;630;630;94;1268;0.74;0.75;Enabled;66.38;21.92;Yes;0;0;0;0;0;0
337660;No;630;630;94;1268;0.74;0.75;Enabled;66.38;21.92;Yes;0;0;0;0;0;0
337685;No;630;630;94;1269;0.74;0.75;Enabled;66.38;21.92;Yes;0;0;0;0;0;0
337719;No;630;630;94;1270;0.74;0.75;Enabled;66.38;21.92;Yes;0;0;0;0;0;0
337778;No;630;630;94;1270;0.74;0.75;Enabled;66.38;21.92;Yes;0;0;0;0;0;0
337806;No;630;630;94;1271;0.74;0.75;Enabled;66.38;21.92;Yes;0;0;0;0;0;0
337839;No;630;630;94;1272;0.74;0.75;Enabled;66.38;21.92;Yes;0;0;0;0;0;0
337867;No;630;630;94;1272;0.74;0.75;Enabled;66.38;21.92;Yes;0;0;0;0;0;0
337897;No;630;630;94;1273;0.74;0.75;Enabled;66.38;21.92;Yes;0;0;0;0;0;0
337928;No;630;630;94;1274;0.74;0.75;Enabled;66.38;21.92;Yes;0;0;0;0;0;0
337959;No;630;630;94;1274;0.74;0.75;Enabled;66.38;21.92;Yes;0;0;0;0;0;0
337986;No;630;630;94;1275;0.74;0.75;Enabled;66.38;21.92;Yes;0;0;0;0;0;0
338021;No;630;630;94;1275;0.74;0.75;Enabled;66.38;21.92;Yes;0;0;0;0;0;0
338086;No;630;630;94;1276;0.74;0.75;Enabled;66.38;21.92;Yes;0;0;0;0;0;0
338107;No;630;630;94;1276;0.74;0.75;Enabled;66.38;21.92;Yes;0;0;0;0;0;0
338140;No;630;630;94;1277;0.74;0.75;Enabled;66.38;21.92;Yes;0;0;0;0;0;0
338166;No;630;630;94;1278;0.74;0.75;Enabled;66.38;21.92;Yes;0;0;0;0;0;0
338197;No;630;630;94;1278;0.74;0.75;Enabled;66.38;21.92;Yes;0;0;0;0;0;0
338227;No;630;630;94;1278;0.74;0.73;Enabled;66.38;21.92;Yes;0;0;0;0;0;0
338260;No;630;630;94;1278;0.74;0.71;Enabled;66.38;21.92;Yes;0;0;0;0;0;0
338287;No;630;630;94;1278;0.74;0.68;Enabled;66.38;21.92;Yes;0;0;0;0;0;0
338317;No;630;630;94;1278;0.74;0.66;Enabled;66.38;21.92;Yes;0;0;0;0;0;0
338377;No;630;630;94;1278;0.73;0.63;Enabled;66.38;21.92;Yes;0;0;0;0;0;0
338410;No;630;630;94;1278;0.73;0.61;Enabled;66.38;21.92;Yes;0;0;0;0;0;0
338439;No;630;630;94;1279;0.73;0.59;Enabled;66.38;21.92;Yes;0;0;0;0;0;0
338467;No;630;630;94;1279;0.73;0.56;Enabled;66.38;21.92;Yes;0;0;0;0;0;0
338497;No;630;630;94;1279;0.73;0.54;Enabled;66.38;21.92;Yes;0;0;0;0;0;0
338527;No;630;630;94;1279;0.73;0.52;Enabled;66.38;21.92;Yes;0;0;0;0;0;0
338560;No;630;630;94;1279;0.73;0.49;Enabled;66.38;21.92;Yes;0;0;0;0;0;0
338586;No;630;630;94;1280;0.73;0.47;Enabled;66.38;21.92;Yes;0;0;0;0;0;0
338618;No;630;630;94;1280;0.73;0.45;Enabled;66.38;21.92;Yes;0;0;0;0;0;0
338677;No;630;630;94;1280;0.73;0.42;Enabled;66.38;21.92;Yes;0;0;0;0;0;0
338708;No;630;630;94;1280;0.73;0.40;Enabled;66.38;21.92;Yes;0;0;0;0;0;0
338740;No;630;630;94;1280;0.73;0.38;Enabled;66.38;21.92;Yes;0;0;0;0;0;0
338768;No;630;630;94;1280;0.73;0.35;Enabled;66.38;21.92;Yes;0;0;0;0;0;0
338800;No;630;630;94;1280;0.72;0.37;Enabled;66.38;21.92;Yes;0;0;0;0;0;0
338826;No;630;630;94;1280;0.72;0.40;Enabled;66.38;21.92;Yes;0;0;0;0;0;0
338859;No;630;630;94;1280;0.72;0.42;Enabled;66.38;21.92;Yes;0;0;0;0;0;0
338886;No;631;630;94;1280;0.72;0.44;Enabled;66.38;21.92;Yes;0;0;0;0;0;0
338920;No;631;631;94;1280;0.72;0.46;Enabled;66.38;21.92;Yes;0;0;0;0;0;0
338978;No;631;631;94;1280;0.72;0.48;Enabled;66.38;21.92;Yes;0;0;0;0;0;0
339009;No;631;631;94;1280;0.71;0.50;Enabled;66.38;21.92;Yes;0;0;0;0;0;0
339037;No;631;631;94;1280;0.71;0.52;Enabled;66.38;21.92;Yes;0;0;0;0;0;0
339067;No;631;631;94;1280;0.71;0.55;Enabled;66.38;21.92;Yes;0;0;0;0;0;0
339097;No;631;631;94;1280;0.71;0.57;Enabled;66.38;21.92;Yes;0;0;0;0;0;0
339127;No;631;631;94;1280;0.71;0.59;Enabled;66.38;21.92;Yes;0;0;0;0;0;0
339159;No;631;631;94;1280;0.71;0.61;Enabled;66.38;21.92;Yes;0;0;0;0;0;0
339187;No;631;631;94;1279;0.70;0.63;Enabled;66.38;21.92;Yes;0;0;0;0;0;0
339218;No;631;631;94;1279;0.70;0.65;Enabled;66.38;21.92;Yes;0;0;0;0;0;0
339278;No;631;631;94;1279;0.70;0.68;Enabled;66.38;21.92;Yes;0;0;0;0;0;0
339309;No;631;631;94;1279;0.70;0.70;Enabled;66.38;21.92;Yes;0;0;0;0;0;0
339340;No;631;631;94;1279;0.70;0.72;Enabled;66.38;21.92;Yes;0;0;0;0;0;0
339365;No;631;631;94;1279;0.69;0.70;Enabled;66.38;21.92;Yes;0;0;0;0;0;0
339401;No;631;631;94;1279;0.69;0.67;Enabled;66.38;21.92;Yes;0;0;0;0;0;0
339428;No;631;631;94;1279;0.69;0.65;Enabled;66.38;21.92;Yes;0;0;0;0;0;0
339459;No;631;631;94;1279;0.69;0.63;Enabled;66.38;21.92;Yes;0;0;0;0;0;0
339486;No;631;631;94;1279;0.69;0.60;Enabled;66.38;21.92;Yes;0;0;0;0;0;0
339520;No;631;631;94;1279;0.68;0.58;Enabled;66.38;21.92;Yes;0;0;0;0;0;0
339579;No;631;631;94;1280;0.68;0.56;Enabled;66.38;21.92;Yes;0;0;0;0;0;0
339609;No;631;631;94;1280;0.68;0.54;Enabled;66.38;21.92;Yes;0;0;0;0;0;0
339640;No;631;631;94;1280;0.68;0.51;Enabled;66.38;21.92;Yes;0;0;0;0;0;0
339666;No;631;631;94;1280;0.67;0.49;Enabled;66.38;21.92;Yes;0;0;0;0;0;0
339700;No;631;631;94;1280;0.67;0.47;Enabled;66.38;21.92;Yes;0;0;0;0;0;0
339727;No;631;631;94;1280;0.67;0.44;Enabled;66.38;21.92;Yes;0;0;0;0;0;0
339757;No;631;631;94;1280;0.67;0.42;Enabled;66.38;21.92;Yes;0;0;0;0;0;0
339787;No;631;631;94;1280;0.67;0.40;Enabled;66.38;21.92;Yes;0;0;0;0;0;0
339817;No;631;631;94;1280;0.66;0.37;Enabled;66.38;21.92;Yes;0;0;0;0;0;0
339898;No;631;631;94;1280;0.66;0.35;Enabled;66.38;21.92;Yes;0;0;0;0;0;0
339938;No;631;631;94;1280;0.67;0.33;Enabled;66.38;21.92;Yes;0;0;0;0;0;0
339966;No;631;631;94;1280;0.67;0.31;Enabled;66.38;21.92;Yes;0;0;0;0;0;0
340001;No;631;631;94;1280;0.68;0.30;Enabled;66.38;21.92;Yes;0;0;0;0;0;0
340025;No;631;631;94;1280;0.68;0.29;Enabled;66.38;21.92;Yes;0;0;0;0;0;0
340061;No;631;631;94;1280;0.69;0.28;Enabled;66.38;21.92;Yes;0;0;0;0;0;0
340088;No;631;631;94;1280;0.70;0.26;Enabled;66.38;21.92;Yes;0;0;0;0;0;0
340121;No;631;631;94;1281;0.70;0.25;Enabled;66.38;21.92;Yes;0;0;0;0;0;0
340176;No;631;631;94;1281;0.71;0.24;Enabled;66.38;21.92;Yes;0;0;0;0;0;0
340207;No;631;631;94;1281;0.71;0.22;Enabled;66.38;21.92;Yes;0;0;0;0;0;0
340237;No;631;631;94;1281;0.72;0.21;Enabled;66.38;21.92;Yes;0;0;0;0;0;0
340266;No;631;631;94;1281;0.73;0.20;Enabled;66.38;21.92;Yes;0;0;0;0;0;0
340297;No;631;631;94;1282;0.73;0.18;Enabled;66.38;21.92;Yes;0;0;0;0;0;0
340328;No;631;631;94;1282;0.74;0.17;Enabled;66.38;21.92;Yes;0;0;0;0;0;0
340357;No;631;631;94;1282;0.74;0.16;Enabled;66.38;21.92;Yes;0;0;0;0;0;0
340385;No;631;631;94;1282;0.75;0.14;Enabled;66.38;21.92;Yes;0;0;0;0;0;0
340419;No;631;631;94;1282;0.76;0.13;Enabled;66.38;21.92;Yes;0;0;0;0;0;0
340477;No;631;631;94;1282;0.76;0.12;Enabled;66.38;21.92;Yes;0;0;0;0;0;0
340509;No;631;631;94;1282;0.76;0.10;Enabled;66.38;21.92;Yes;0;0;0;0;0;0
340540;No;631;631;94;1282;0.77;0.12;Enabled;66.38;21.92;Yes;0;0;0;0;0;0
340565;No;631;631;94;1282;0.77;0.13;Enabled;66.38;21.92;Yes;0;0;0;0;0;0
340600;No;631;631;94;1283;0.77;0.15;Enabled;66.38;21.92;Yes;0;0;0;0;0;0
340627;No;631;631;94;1283;0.77;0.16;Enabled;66.38;21.92;Yes;0;0;0;0;0;0
340657;No;631;631;94;1283;0.78;0.18;Enabled;66.38;21.92;Yes;0;0;0;0;0;0
340685;No;631;631;94;1283;0.78;0.20;Enabled;66.38;21.92;Yes;0;0;0;0;0;0
340719;No;631;631;94;1283;0.78;0.21;Enabled;66.38;21.92;Yes;0;0;0;0;0;0
340781;No;631;631;94;1283;0.78;0.23;Enabled;66.38;21.92;Yes;0;0;0;0;0;0
340809;No;631;631;94;1284;0.79;0.24;Enabled;66.38;21.92;Yes;0;0;0;0;0;0
340837;No;631;631;94;1284;0.79;0.26;Enabled;66.38;21.92;Yes;0;0;0;0;0;0
340867;No;631;631;94;1284;0.79;0.27;Enabled;66.38;21.92;Yes;0;0;0;0;0;0
340898;No;631;631;94;1284;0.79;0.29;Enabled;66.38;21.92;Yes;0;0;0;0;0;0
340926;No;631;631;94;1284;0.79;0.30;Enabled;66.38;21.92;Yes;0;0;0;0;0;0
340960;No;631;631;94;1284;0.80;0.32;Enabled;66.38;21.92;Yes;0;0;0;0;0;0
340985;No;631;631;94;1284;0.80;0.33;Enabled;66.38;21.92;Yes;0;0;0;0;0;0
341020;No;631;631;94;1284;0.80;0.35;Enabled;66.38;21.92;Yes;0;0;0;0;0;0
341077;No;631;631;94;1284;0.80;0.36;Enabled;66.38;21.92;Yes;0;0;0;0;0;0
341109;No;631;631;94;1284;0.80;0.39;Enabled;66.38;21.92;Yes;0;0;0;0;0;0
341140;No;631;631;94;1284;0.80;0.41;Enabled;66.38;21.92;Yes;0;0;0;0;0;0
341177;No;631;631;94;1284;0.80;0.43;Enabled;66.38;21.92;Yes;0;0;0;0;0;0
341200;No;631;631;94;1284;0.80;0.46;Enabled;66.38;21.92;Yes;0;0;0;0;0;0
341226;No;631;631;94;1284;0.80;0.48;Enabled;66.38;21.92;Yes;0;0;0;0;0;0
341260;No;631;631;94;1284;0.80;0.51;Enabled;66.38;21.92;Yes;0;0;0;0;0;0
341285;No;631;631;94;1285;0.80;0.53;Enabled;66.38;21.92;Yes;0;0;0;0;0;0
341319;No;632;631;94;1285;0.80;0.56;Enabled;66.38;21.92;Yes;0;0;0;0;0;0
341378;No;632;632;94;1285;0.80;0.58;Enabled;66.38;21.92;Yes;0;0;0;0;0;0
341408;No;632;632;94;1285;0.80;0.60;Enabled;66.38;21.92;Yes;0;0;0;0;0;0
341439;No;632;632;94;1285;0.79;0.63;Enabled;66.38;21.92;Yes;0;0;0;0;0;0
341466;No;632;632;94;1285;0.79;0.65;Enabled;66.38;21.92;Yes;0;0;0;0;0;0
341497;No;632;632;94;1285;0.79;0.68;Enabled;66.38;21.92;Yes;0;0;0;0;0;0
341527;No;632;632;94;1285;0.79;0.70;Enabled;66.38;21.92;Yes;0;0;0;0;0;0
341556;No;632;632;94;1285;0.79;0.72;Enabled;66.38;21.92;Yes;0;0;0;0;0;0
341587;No;632;632;94;1285;0.79;0.75;Enabled;66.38;21.92;Yes;0;0;0;0;0;0
341617;No;632;632;94;1285;0.79;0.77;Enabled;66.38;21.92;Yes;0;0;0;0;0;0
341677;No;632;632;94;1285;0.79;0.78;Enabled;66.38;21.92;Yes;0;0;0;0;0;0
341708;No;632;632;94;1286;0.78;0.79;Enabled;66.38;21.92;Yes;0;0;0;0;0;0
341741;No;632;632;94;1286;0.78;0.79;Enabled;66.38;21.92;Yes;0;0;0;0;0;0
341767;No;632;632;94;1286;0.77;0.80;Enabled;66.38;21.92;Yes;0;0;0;0;0;0
341799;No;632;632;94;1286;0.77;0.80;Enabled;66.38;21.92;Yes;0;0;0;0;0;0
341826;No;632;632;94;1286;0.77;0.81;Enabled;66.38;21.92;Yes;0;0;0;0;0;0
341860;No;632;632;94;1286;0.76;0.82;Enabled;66.38;21.92;Yes;0;0;0;0;0;0
341885;No;632;632;94;1286;0.76;0.82;Enabled;66.38;21.92;Yes;0;0;0;0;0;0
341919;No;632;632;94;1286;0.76;0.83;Enabled;66.38;21.92;Yes;0;0;0;0;0;0
341978;No;632;632;94;1286;0.75;0.84;Enabled;66.38;21.92;Yes;0;0;0;0;0;0
342010;No;632;632;94;1286;0.75;0.84;Enabled;66.38;21.92;Yes;0;0;0;0;0;0
342039;No;632;632;94;1286;0.75;0.85;Enabled;66.38;21.92;Yes;0;0;0;0;0;0
342068;No;632;632;94;1286;0.74;0.85;Enabled;66.38;21.92;Yes;0;0;0;0;0;0
342099;No;632;632;94;1287;0.74;0.86;Enabled;66.38;21.92;Yes;0;0;0;0;0;0
342127;No;632;632;94;1287;0.74;0.87;Enabled;66.38;21.92;Yes;0;0;0;0;0;0
342157;No;632;632;94;1287;0.73;0.87;Enabled;66.38;21.92;Yes;0;0;0;0;0;0
342186;No;632;632;94;1287;0.71;0.88;Enabled;66.38;21.92;Yes;0;0;0;0;0;0
342217;No;632;632;94;1287;0.68;0.88;Enabled;66.38;21.92;Yes;0;0;0;0;0;0
342279;No;632;632;94;1287;0.66;0.88;Enabled;66.38;21.92;Yes;0;0;0;0;0;0
342308;No;632;632;94;1287;0.64;0.88;Enabled;66.38;21.92;Yes;0;0;0;0;0;0
342339;No;632;632;94;1287;0.61;0.88;Enabled;66.38;21.92;Yes;0;0;0;0;0;0
342365;No;632;632;94;1288;0.59;0.88;Enabled;66.38;21.92;Yes;0;0;0;0;0;0
342401;No;632;632;94;1288;0.56;0.88;Enabled;66.38;21.92;Yes;0;0;0;0;0;0
342426;No;632;632;94;1288;0.54;0.88;Enabled;66.38;21.92;Yes;0;0;0;0;0;0
342459;No;632;632;94;1288;0.51;0.88;Enabled;66.38;21.92;Yes;0;0;0;0;0;0
342487;No;632;632;94;1288;0.49;0.88;Enabled;66.38;21.92;Yes;0;0;0;0;0;0
342517;No;632;632;94;1288;0.46;0.87;Enabled;66.38;21.92;Yes;0;0;0;0;0;0
342577;No;632;632;94;1288;0.44;0.87;Enabled;66.38;21.92;Yes;0;0;0;0;0;0
342607;No;632;632;94;1288;0.42;0.87;Enabled;66.38;21.92;Yes;0;0;0;0;0;0
342640;No;632;632;94;1288;0.39;0.87;Enabled;66.38;21.92;Yes;0;0;0;0;0;0
342667;No;632;632;94;1288;0.37;0.87;Enabled;66.38;21.92;Yes;0;0;0;0;0;0
342698;No;632;632;94;1288;0.34;0.87;Enabled;66.38;21.92;Yes;0;0;0;0;0;0
342726;No;632;632;94;1288;0.32;0.87;Enabled;66.38;21.92;Yes;0;0;0;0;0;0
342760;No;632;632;94;1289;0.34;0.87;Enabled;66.38;21.92;Yes;0;0;0;0;0;0
342789;No;632;632;94;1289;0.37;0.87;Enabled;66.38;21.92;Yes;0;0;0;0;0;0
342820;No;632;632;94;1289;0.39;0.87;Enabled;66.38;21.92;Yes;0;0;0;0;0;0
342877;No;632;632;94;1289;0.42;0.86;Enabled;66.38;21.92;Yes;0;0;0;0;0;0
342907;No;632;632;94;1289;0.44;0.86;Enabled;66.38;21.92;Yes;0;0;0;0;0;0
342939;No;632;632;94;1289;0.47;0.86;Enabled;66.38;21.92;Yes;0;0;0;0;0;0
342965;No;632;632;94;1289;0.49;0.86;Enabled;66.38;21.92;Yes;0;0;0;0;0;0
343000;No;632;632;94;1289;0.52;0.85;Enabled;66.38;21.92;Yes;0;0;0;0;0;0
343027;No;632;632;94;1289;0.54;0.85;Enabled;66.38;21.92;Yes;0;0;0;0;0;0
343058;No;632;632;94;1289;0.57;0.85;Enabled;66.38;21.92;Yes;0;0;0;0;0;0
343085;No;632;632;94;1290;0.59;0.85;Enabled;66.38;21.92;Yes;0;0;0;0;0;0
343119;No;632;632;94;1290;0.62;0.84;Enabled;66.38;21.92;Yes;0;0;0;0;0;0
343177;No;632;632;94;1290;0.64;0.84;Enabled;66.38;21.92;Yes;0;0;0;0;0;0
343209;No;632;632;94;1290;0.67;0.84;Enabled;66.38;21.92;Yes;0;0;0;0;0;0
343238;No;632;632;94;1290;0.69;0.84;Enabled;66.38;21.92;Yes;0;0;0;0;0;0
343269;No;632;632;94;1290;0.72;0.84;Enabled;66.38;21.92;Yes;0;0;0;0;0;0
343300;No;632;632;94;1290;0.74;0.83;Enabled;66.38;21.92;Yes;0;0;0;0;0;0
343327;No;632;632;94;1290;0.75;0.83;Enabled;66.38;21.92;Yes;0;0;0;0;0;0
343360;No;632;632;94;1290;0.75;0.83;Enabled;66.38;21.92;Yes;0;0;0;0;0;0
343388;No;632;632;94;1290;0.76;0.83;Enabled;66.38;21.92;Yes;0;0;0;0;0;0
343419;No;632;632;94;1290;0.76;0.83;Enabled;66.38;21.92;Yes;0;0;0;0;0;0
343477;No;632;632;94;1289;0.77;0.83;Enabled;66.38;21.92;Yes;0;0;0;0;0;0
343507;No;632;632;94;1289;0.78;0.83;Enabled;66.38;21.92;Yes;0;0;0;0;0;0
343540;No;632;632;94;1289;0.78;0.83;Enabled;66.38;21.92;Yes;0;0;0;0;0;0
343567;No;632;632;94;1289;0.79;0.83;Enabled;66.38;21.92;Yes;0;0;0;0;0;0
343597;No;632;632;94;1289;0.79;0.82;Enabled;66.38;21.92;Yes;0;0;0;0;0;0
343626;No;632;632;94;1289;0.80;0.82;Enabled;66.38;21.92;Yes;0;0;0;0;0;0
343660;No;632;632;94;1289;0.80;0.82;Enabled;66.38;21.92;Yes;0;0;0;0;0;0
343686;No;632;632;94;1289;0.81;0.82;Enabled;66.38;21.92;Yes;0;0;0;0;0;0
343736;No;632;632;94;1289;0.81;0.82;Enabled;66.38;21.92;Yes;0;0;0;0;0;0
343810;No;632;632;94;1289;0.82;0.82;Enabled;66.38;21.92;Yes;0;0;0;0;0;0
343837;No;632;632;94;1288;0.83;0.82;Enabled;66.38;21.92;Yes;0;0;0;0;0;0
343866;No;632;632;94;1288;0.83;0.82;Enabled;66.38;21.92;Yes;0;0;0;0;0;0
343900;No;632;632;94;1288;0.84;0.82;Enabled;66.38;21.92;Yes;0;0;0;0;0;0
343927;No;632;632;94;1288;0.83;0.82;Enabled;66.38;21.92;Yes;0;0;0;0;0;0
343957;No;632;632;94;1288;0.83;0.82;Enabled;66.38;21.92;Yes;0;0;0;0;0;0
343985;No;632;632;94;1288;0.83;0.82;Enabled;66.38;21.92;Yes;0;0;0;0;0;0
344019;No;632;632;94;1288;0.83;0.82;Enabled;66.38;21.92;Yes;0;0;0;0;0;0
344077;No;632;632;94;1288;0.83;0.82;Enabled;66.38;21.92;Yes;0;0;0;0;0;0
344107;No;632;632;94;1288;0.83;0.82;Enabled;66.38;21.92;Yes;0;0;0;0;0;0
344136;No;632;632;94;1288;0.83;0.82;Enabled;66.38;21.92;Yes;0;0;0;0;0;0
344166;No;632;632;94;1288;0.83;0.82;Enabled;66.38;21.92;Yes;0;0;0;0;0;0
344200;No;632;632;94;1288;0.83;0.82;Enabled;66.38;21.92;Yes;0;0;0;0;0;0
344226;No;632;632;94;1288;0.82;0.82;Enabled;66.38;21.92;Yes;0;0;0;0;0;0
344261;No;632;632;94;1288;0.82;0.82;Enabled;66.38;21.92;Yes;0;0;0;0;0;0
344287;No;632;632;94;1287;0.82;0.82;Enabled;66.38;21.92;Yes;0;0;0;0;0;0
344319;No;632;632;94;1287;0.82;0.82;Enabled;66.38;21.92;Yes;0;0;0;0;0;0
344377;No;632;632;94;1287;0.82;0.82;Enabled;66.38;21.92;Yes;0;0;0;0;0;0
344407;No;632;632;94;1287;0.82;0.82;Enabled;66.38;21.92;Yes;0;0;0;0;0;0
344437;No;632;632;94;1287;0.82;0.82;Enabled;66.38;21.92;Yes;0;0;0;0;0;0
344465;No;632;632;94;1287;0.82;0.82;Enabled;66.38;21.92;Yes;0;0;0;0;0;0
344500;No;632;632;94;1287;0.82;0.82;Enabled;66.38;21.92;Yes;0;0;0;0;0;0
344526;No;632;632;94;1287;0.81;0.82;Disabled;66.38;21.92;Yes;0;0;0;0;0;0
344561;No;632;632;94;1287;0.81;0.82;Disabled;66.38;21.92;Yes;0;0;0;0;0;0
344586;No;632;632;94;1287;0.81;0.82;Disabled;66.38;21.92;Yes;0;0;0;0;0;0
344620;No;632;632;94;1287;0.81;0.82;Disabled;66.38;21.92;Yes;0;0;0;0;0;0
344679;No;632;632;94;1287;0.81;0.82;Disabled;66.38;21.92;Yes;0;0;0;0;0;0
344708;No;632;632;94;1287;0.81;0.82;Disabled;66.38;21.92;Yes;0;0;0;0;0;0
344739;No;632;632;94;1287;0.81;0.82;Disabled;66.38;21.92;Yes;0;0;0;0;0;0
344766;No;632;632;94;1287;0.81;0.82;Disabled;66.38;21.92;Yes;0;0;0;0;0;0
344798;No;632;632;94;1287;0.81;0.82;Disabled;66.38;21.92;Yes;0;0;0;0;0;0
344825;No;632;632;94;1287;0.81;0.82;Disabled;66.38;21.92;Yes;0;0;0;0;0;0
344859;No;632;632;94;1287;0.81;0.82;Disabled;66.38;21.92;Yes;0;0;0;0;0;0
344887;No;632;632;94;1287;0.81;0.82;Disabled;66.38;21.92;Yes;0;0;0;0;0;0
344917;No;632;632;94;1287;0.80;0.82;Disabled;66.38;21.92;Yes;0;0;0;0;0;0
344977;No;632;632;94;1287;0.80;0.82;Disabled;66.38;21.92;Yes;0;0;0;0;0;0
345016;No;632;632;94;1287;0.80;0.82;Disabled;66.38;21.92;Yes;0;0;0;0;0;0
345040;No;632;632;94;1287;0.80;0.82;Disabled;66.38;21.92;Yes;0;0;0;0;0;0
345069;No;632;632;94;1286;0.80;0.82;Disabled;66.38;21.92;Yes;0;0;0;0;0;0
345101;No;632;632;94;1286;0.80;0.82;Disabled;66.38;21.92;Yes;0;0;0;0;0;0
345126;No;632;632;94;1285;0.80;0.82;Disabled;66.38;21.92;Yes;0;0;0;0;0;0
345158;No;632;632;94;1284;0.80;0.82;Disabled;66.38;21.92;Yes;0;0;0;0;0;0
345187;No;632;632;94;1284;0.80;0.82;Disabled;66.38;21.92;Yes;0;0;0;0;0;0
345219;No;632;632;94;1283;0.80;0.82;Disabled;66.38;21.92;Yes;0;0;0;0;0;0
345279;No;632;632;94;1283;0.80;0.81;Disabled;66.38;21.92;Yes;0;0;0;0;0;0
345310;No;632;632;94;1282;0.80;0.81;Disabled;66.38;21.92;Yes;0;0;0;0;0;0
345337;No;632;632;94;1282;0.80;0.81;Disabled;66.38;21.92;Yes;0;0;0;0;0;0
345367;No;632;632;94;1281;0.80;0.81;Disabled;66.38;21.92;Yes;0;0;0;0;0;0
345400;No;632;632;94;1280;0.80;0.81;Disabled;66.38;21.92;Yes;0;0;0;0;0;0
345427;No;632;632;94;1280;0.80;0.81;Disabled;66.38;21.92;Yes;0;0;0;0;0;0
345460;No;632;632;94;1279;0.80;0.81;Disabled;66.38;21.92;Yes;0;0;0;0;0;0
345485;No;632;632;94;1279;0.80;0.81;Disabled;66.38;21.92;Yes;0;0;0;0;0;0
345521;No;632;632;94;1278;0.80;0.81;Disabled;66.38;21.92;Yes;0;0;0;0;0;0
345587;No;632;632;94;1278;0.80;0.81;Disabled;66.38;21.92;Yes;0;0;0;0;0;0
345607;No;632;632;94;1277;0.80;0.81;Disabled;66.38;21.92;Yes;0;0;0;0;0;0
345639;No;632;632;94;1277;0.80;0.81;Disabled;66.38;21.92;Yes;0;0;0;0;0;0
345667;No;632;632;94;1276;0.80;0.81;Enabled;66.38;21.92;Yes;0;0;0;0;0;0
345697;No;632;632;94;1276;0.79;0.81;Enabled;66.38;21.92;Yes;0;0;0;0;0;0
345727;No;632;632;94;1276;0.79;0.81;Enabled;66.38;21.92;Yes;0;0;0;0;0;0
345757;No;632;632;94;1276;0.79;0.81;Enabled;66.38;21.92;Yes;0;0;0;0;0;0
345786;No;632;632;94;1275;0.79;0.81;Enabled;66.38;21.92;Yes;0;0;0;0;0;0
345821;No;632;632;94;1275;0.79;0.82;Enabled;66.38;21.92;Yes;0;0;0;0;0;0
345877;No;632;632;94;1275;0.79;0.82;Enabled;66.38;21.92;Yes;0;0;0;0;0;0
345907;No;632;632;94;1274;0.79;0.82;Enabled;66.38;21.92;Yes;0;0;0;0;0;0
345939;No;632;632;94;1274;0.79;0.82;Enabled;66.38;21.92;Yes;0;0;0;0;0;0
345969;No;632;632;94;1274;0.79;0.82;Enabled;66.38;21.92;Yes;0;0;0;0;0;0
346001;No;632;632;94;1274;0.79;0.82;Enabled;66.38;21.92;Yes;0;0;0;0;0;0
346027;No;632;632;94;1273;0.79;0.82;Enabled;66.38;21.92;Yes;0;0;0;0;0;0
346058;No;632;632;94;1273;0.79;0.82;Enabled;66.38;21.92;Yes;0;0;0;0;0;0
346086;No;632;632;94;1272;0.79;0.82;Enabled;66.38;21.92;Yes;0;0;0;0;0;0
346117;No;632;632;94;1272;0.79;0.82;Enabled;66.38;21.92;Yes;0;0;0;0;0;0
346177;No;632;632;94;1272;0.79;0.82;Enabled;66.38;21.92;Yes;0;0;0;0;0;0
346207;No;632;632;94;1272;0.79;0.82;Enabled;66.38;21.92;Yes;0;0;0;0;0;0
346239;No;632;632;94;1272;0.79;0.82;Enabled;66.38;21.92;Yes;0;0;0;0;0;0
346267;No;632;632;94;1272;0.79;0.82;Enabled;66.38;21.92;Yes;0;0;0;0;0;0
346299;No;632;632;94;1271;0.79;0.82;Enabled;66.38;21.92;Yes;0;0;0;0;0;0
346327;No;632;632;94;1271;0.79;0.82;Enabled;66.38;21.92;Yes;0;0;0;0;0;0
346357;No;632;632;94;1271;0.79;0.82;Enabled;66.38;21.92;Yes;0;0;0;0;0;0
346386;No;632;632;94;1271;0.79;0.82;Enabled;66.38;21.92;Yes;0;0;0;0;0;0
346418;No;632;632;94;1270;0.79;0.82;Enabled;66.38;21.92;Yes;0;0;0;0;0;0
346476;No;632;632;94;1270;0.78;0.82;Enabled;66.38;21.92;Yes;0;0;0;0;0;0
346507;No;632;632;94;1270;0.78;0.82;Enabled;66.38;21.92;Yes;0;0;0;0;0;0
346539;No;632;632;94;1270;0.78;0.82;Enabled;66.38;21.92;Yes;0;0;0;0;0;0
346565;No;632;632;94;1270;0.78;0.82;Enabled;66.38;21.92;Yes;0;0;0;0;0;0
346600;No;632;632;94;1270;0.78;0.81;Enabled;66.38;21.92;Yes;0;0;0;0;0;0
346627;No;632;632;94;1270;0.78;0.81;Enabled;66.38;21.92;Yes;0;0;0;0;0;0
346658;No;632;632;94;1269;0.78;0.81;Enabled;66.38;21.92;Yes;0;0;0;0;0;0
346687;No;632;632;94;1269;0.78;0.81;Enabled;66.38;21.92;Yes;0;0;0;0;0;0
346717;No;632;632;94;1269;0.78;0.81;Enabled;66.38;21.92;Yes;0;0;0;0;0;0
346779;No;632;632;94;1268;0.78;0.81;Enabled;66.38;21.92;Yes;0;0;0;0;0;0
346810;No;632;632;94;1268;0.78;0.81;Enabled;66.38;21.92;Yes;0;0;0;0;0;0
346839;No;632;632;94;1268;0.78;0.81;Enabled;66.38;21.92;Yes;0;0;0;0;0;0
346867;No;632;632;94;1268;0.78;0.81;Enabled;66.38;21.92;Yes;0;0;0;0;0;0
346897;No;632;632;94;1268;0.78;0.81;Enabled;66.38;21.92;Yes;0;0;0;0;0;0
346926;No;632;632;94;1267;0.78;0.81;Enabled;66.38;21.92;Yes;0;0;0;0;0;0
346960;No;632;632;94;1267;0.78;0.81;Enabled;66.38;21.92;Yes;0;0;0;0;0;0
346986;No;632;632;94;1267;0.78;0.81;Enabled;66.38;21.92;Yes;0;0;0;0;0;0
347017;No;632;632;94;1266;0.78;0.81;Enabled;66.38;21.92;Yes;0;0;0;0;0;0
347046;No;632;632;94;1266;0.78;0.81;Enabled;66.38;21.92;Yes;0;0;0;0;0;0
347078;No;632;632;94;1266;0.78;0.81;Enabled;66.38;21.92;Yes;0;0;0;0;0;0
347106;No;632;632;94;1266;0.78;0.81;Enabled;66.38;21.92;Yes;0;0;0;0;0;0
347139;No;632;632;94;1266;0.78;0.80;Enabled;66.38;21.92;Yes;0;0;0;0;0;0
347167;No;632;632;94;1265;0.78;0.80;Enabled;66.38;21.92;Yes;0;0;0;0;0;0
347197;No;632;632;94;1265;0.78;0.80;Enabled;66.38;21.92;Yes;0;0;0;0;0;0
347226;No;632;632;94;1265;0.78;0.80;Enabled;66.38;21.92;Yes;0;0;0;0;0;0
347261;No;632;632;94;1265;0.78;0.80;Enabled;66.38;21.92;Yes;0;0;0;0;0;0
347286;No;632;632;94;1264;0.78;0.80;Enabled;66.38;21.92;Yes;0;0;0;0;0;0
347320;No;632;632;94;1264;0.78;0.80;Enabled;66.38;21.92;Yes;0;0;0;0;0;0
347377;No;632;632;94;1264;0.78;0.80;Enabled;66.38;21.92;Yes;0;0;0;0;0;0
347409;No;632;632;94;1264;0.78;0.80;Enabled;66.38;21.92;Yes;0;0;0;0;0;0
347440;No;632;632;94;1264;0.78;0.80;Enabled;66.38;21.92;Yes;0;0;0;0;0;0
347468;No;632;632;94;1264;0.78;0.80;Enabled;66.38;21.92;Yes;0;0;0;0;0;0
347499;No;632;632;94;1264;0.78;0.80;Enabled;66.38;21.92;Yes;0;0;0;0;0;0
347527;No;632;632;94;1264;0.78;0.80;Enabled;66.38;21.92;Yes;0;0;0;0;0;0
347576;No;632;632;94;1264;0.77;0.80;Enabled;66.38;21.92;Yes;0;0;0;0;0;0
347616;No;632;632;94;1264;0.77;0.80;Enabled;66.38;21.92;Yes;0;0;0;0;0;0
347677;No;632;632;94;1264;0.77;0.80;Enabled;66.38;21.92;Yes;0;0;0;0;0;0
347707;No;632;632;94;1264;0.77;0.80;Enabled;66.38;21.92;Yes;0;0;0;0;0;0
347739;No;632;632;94;1263;0.77;0.79;Enabled;66.38;21.92;Yes;0;0;0;0;0;0
347766;No;632;632;94;1263;0.77;0.79;Enabled;66.38;21.92;Yes;0;0;0;0;0;0
347798;No;632;632;94;1263;0.77;0.79;Enabled;66.38;21.92;Yes;0;0;0;0;0;0
347826;No;632;632;94;1263;0.77;0.79;Enabled;66.38;21.92;Yes;0;0;0;0;0;0
347858;No;632;632;94;1263;0.77;0.79;Enabled;66.38;21.92;Yes;0;0;0;0;0;0
347888;No;632;632;94;1263;0.77;0.79;Enabled;66.38;21.92;Yes;0;0;0;0;0;0
347921;No;632;632;94;1263;0.77;0.79;Enabled;66.38;21.92;Yes;0;0;0;0;0;0
347946;No;632;632;94;1263;0.77;0.79;Enabled;66.38;21.92;Yes;0;0;0;0;0;0
348010;No;632;632;94;1263;0.77;0.79;Enabled;66.38;21.92;Yes;0;0;0;0;0;0
348039;No;632;632;94;1263;0.77;0.79;Enabled;66.38;21.92;Yes;0;0;0;0;0;0
348067;No;632;632;94;1263;0.77;0.79;Enabled;66.38;21.92;Yes;0;0;0;0;0;0
348097;No;632;632;94;1263;0.77;0.79;Enabled;66.38;21.92;Yes;0;0;0;0;0;0
348128;No;632;632;94;1263;0.77;0.79;Enabled;66.38;21.92;Yes;0;0;0;0;0;0
348159;No;632;632;94;1263;0.77;0.79;Enabled;66.38;21.92;Yes;0;0;0;0;0;0
348186;No;632;632;94;1263;0.77;0.79;Enabled;66.38;21.92;Yes;0;0;0;0;0;0
348217;No;631;632;94;1263;0.77;0.79;Enabled;66.38;21.92;Yes;0;0;0;0;0;0
348280;No;631;631;94;1263;0.77;0.79;Enabled;66.38;21.92;Yes;0;0;0;0;0;0
348310;No;631;631;94;1263;0.77;0.79;Enabled;66.38;21.92;Yes;0;0;0;0;0;0
348338;No;631;631;94;1263;0.77;0.79;Enabled;66.38;21.92;Yes;0;0;0;0;0;0
348366;No;631;631;94;1263;0.77;0.79;Enabled;66.38;21.92;Yes;0;0;0;0;0;0
348398;No;631;631;94;1263;0.77;0.79;Enabled;66.38;21.92;Yes;0;0;0;0;0;0
348426;No;631;631;94;1263;0.77;0.79;Enabled;66.38;21.92;Yes;0;0;0;0;0;0
348458;No;631;631;94;1263;0.77;0.79;Enabled;66.38;21.92;Yes;0;0;0;0;0;0
348489;No;631;631;94;1263;0.77;0.79;Enabled;66.38;21.92;Yes;0;0;0;0;0;0
348518;No;631;631;94;1263;0.77;0.79;Enabled;66.38;21.92;Yes;0;0;0;0;0;0
348546;No;631;631;94;1263;0.77;0.79;Enabled;66.38;21.92;Yes;0;0;0;0;0;0
348609;No;631;631;94;1263;0.77;0.79;Enabled;66.38;21.92;Yes;0;0;0;0;0;0
348639;No;631;631;94;1263;0.77;0.78;Enabled;66.38;21.92;Yes;0;0;0;0;0;0
348667;No;631;631;94;1263;0.77;0.78;Enabled;66.38;21.92;Yes;0;0;0;0;0;0
348697;No;631;631;94;1262;0.77;0.78;Enabled;66.38;21.92;Yes;0;0;0;0;0;0
348728;No;631;631;94;1262;0.76;0.78;Enabled;66.38;21.92;Yes;0;0;0;0;0;0
348759;No;631;631;94;1262;0.76;0.78;Enabled;66.38;21.92;Yes;0;0;0;0;0;0
348787;No;631;631;94;1262;0.76;0.78;Enabled;66.38;21.92;Yes;0;0;0;0;0;0
348819;No;631;631;94;1262;0.76;0.78;Enabled;66.38;21.92;Yes;0;0;0;0;0;0
348898;No;631;631;94;1262;0.76;0.78;Enabled;66.38;21.92;Yes;0;0;0;0;0;0
348937;No;631;631;94;1262;0.76;0.78;Enabled;66.38;21.92;Yes;0;0;0;0;0;0
348965;No;631;631;94;1262;0.76;0.78;Enabled;66.38;21.92;Yes;0;0;0;0;0;0
349000;No;631;631;94;1262;0.76;0.78;Enabled;66.38;21.92;Yes;0;0;0;0;0;0
349026;No;631;631;94;1262;0.76;0.78;Enabled;66.38;21.92;Yes;0;0;0;0;0;0
349059;No;631;631;94;1262;0.76;0.78;Enabled;66.38;21.92;Yes;0;0;0;0;0;0
349088;No;631;631;94;1262;0.76;0.78;Enabled;66.38;21.92;Yes;0;0;0;0;0;0
349119;No;631;631;94;1262;0.76;0.77;Enabled;66.38;21.92;Yes;0;0;0;0;0;0
349177;No;631;631;94;1262;0.76;0.77;Enabled;66.38;21.92;Yes;0;0;0;0;0;0
349209;No;631;631;94;1262;0.76;0.77;Enabled;66.38;21.92;Yes;0;0;0;0;0;0
349239;No;631;631;94;1262;0.76;0.77;Enabled;66.38;21.92;Yes;0;0;0;0;0;0
349267;No;631;631;94;1262;0.76;0.77;Enabled;66.38;21.92;Yes;0;0;0;0;0;0
349299;No;631;631;94;1263;0.76;0.77;Enabled;66.38;21.92;Yes;0;0;0;0;0;0
349324;No;631;631;94;1263;0.76;0.77;Enabled;66.38;21.92;Yes;0;0;0;0;0;0
349358;No;631;631;94;1263;0.76;0.76;Enabled;66.38;21.92;Yes;0;0;0;0;0;0
349387;No;631;631;94;1263;0.76;0.76;Enabled;66.38;21.92;Yes;0;0;0;0;0;0
349420;No;631;631;94;1263;0.76;0.76;Enabled;66.38;21.92;Yes;0;0;0;0;0;0
349445;No;631;631;94;1263;0.76;0.76;Enabled;66.38;21.92;Yes;0;0;0;0;0;0
349508;No;631;631;94;1263;0.76;0.76;Enabled;66.38;21.92;Yes;0;0;0;0;0;0
349543;No;631;631;94;1263;0.76;0.76;Enabled;66.38;21.92;Yes;0;0;0;0;0;0
349566;No;631;631;94;1263;0.76;0.76;Enabled;66.38;21.92;Yes;0;0;0;0;0;0
349598;No;631;631;94;1263;0.76;0.75;Enabled;66.38;21.92;Yes;0;0;0;0;0;0
349625;No;631;631;94;1264;0.76;0.75;Enabled;66.38;21.92;Yes;0;0;0;0;0;0
349659;No;631;631;94;1264;0.76;0.75;Enabled;66.38;21.92;Yes;0;0;0;0;0;0
349687;No;631;631;94;1264;0.76;0.75;Enabled;66.38;21.92;Yes;0;0;0;0;0;0
349717;No;631;631;94;1264;0.76;0.76;Enabled;66.38;21.92;Yes;0;0;0;0;0;0
349777;No;630;631;94;1264;0.76;0.76;Enabled;66.38;21.92;Yes;0;0;0;0;0;0
349808;No;630;630;94;1265;0.76;0.76;Enabled;66.38;21.92;Yes;0;0;0;0;0;0
349838;No;630;630;94;1265;0.76;0.76;Enabled;66.38;21.92;Yes;0;0;0;0;0;0
349865;No;630;630;94;1265;0.76;0.76;Enabled;66.38;21.92;Yes;0;0;0;0;0;0
349899;No;630;630;94;1266;0.75;0.76;Enabled;66.38;21.92;Yes;0;0;0;0;0;0
349927;No;630;630;94;1266;0.75;0.76;Enabled;66.38;21.92;Yes;0;0;0;0;0;0
349959;No;630;630;94;1266;0.75;0.76;Enabled;66.38;21.92;Yes;0;0;0;0;0;0
349984;No;630;630;94;1266;0.75;0.76;Enabled;66.38;21.92;Yes;0;0;0;0;0;0
350018;No;630;630;94;1266;0.75;0.76;Enabled;66.38;21.92;Yes;0;0;0;0;0;0
350077;No;630;630;94;1267;0.75;0.76;Enabled;66.38;21.92;Yes;0;0;0;0;0;0
350107;No;630;630;94;1267;0.75;0.76;Enabled;66.38;21.92;Yes;0;0;0;0;0;0
350168;No;630;630;94;1267;0.75;0.77;Enabled;66.38;21.92;Yes;0;0;0;0;0;0
350198;No;630;630;94;1267;0.75;0.77;Enabled;66.38;21.92;Yes;0;0;0;0;0;0
350230;No;630;630;94;1266;0.75;0.77;Enabled;66.38;21.92;Yes;0;0;0;0;0;0
350258;No;630;630;94;1266;0.75;0.77;Enabled;66.38;21.92;Yes;0;0;0;0;0;0
350287;No;630;630;94;1266;0.75;0.77;Enabled;66.38;21.92;Yes;0;0;0;0;0;0
350321;No;630;630;94;1265;0.75;0.77;Enabled;66.38;21.92;Yes;0;0;0;0;0;0
350378;No;630;630;94;1264;0.75;0.77;Enabled;66.38;21.92;Yes;0;0;0;0;0;0
350409;No;630;630;94;1264;0.75;0.77;Enabled;66.38;21.92;Yes;0;0;0;0;0;0
350439;No;630;630;94;1264;0.75;0.77;Enabled;66.38;21.92;Yes;0;0;0;0;0;0
350465;No;630;630;94;1263;0.75;0.77;Enabled;66.38;21.92;Yes;0;0;0;0;0;0
350499;No;630;630;94;1263;0.75;0.77;Enabled;66.38;21.92;Yes;0;0;0;0;0;0
350527;No;630;630;94;1262;0.75;0.76;Enabled;66.38;21.92;Yes;0;0;0;0;0;0
350557;No;630;630;94;1262;0.75;0.76;Enabled;66.38;21.92;Yes;0;0;0;0;0;0
350586;No;630;630;94;1261;0.75;0.76;Enabled;66.38;21.92;Yes;0;0;0;0;0;0
350618;No;630;630;94;1261;0.75;0.76;Enabled;66.38;21.92;Yes;0;0;0;0;0;0
350646;No;630;630;94;1260;0.75;0.76;Enabled;66.38;21.92;Yes;0;0;0;0;0;0
350709;No;630;630;94;1260;0.74;0.76;Enabled;66.38;21.92;Yes;0;0;0;0;0;0
350741;No;630;630;94;1260;0.74;0.76;Enabled;66.38;21.92;Yes;0;0;0;0;0;0
350768;No;630;630;94;1260;0.74;0.76;Enabled;66.38;21.92;Yes;0;0;0;0;0;0
350800;No;630;630;94;1260;0.74;0.76;Enabled;66.38;21.92;Yes;0;0;0;0;0;0
350826;No;630;630;94;1261;0.74;0.76;Enabled;66.38;21.92;Yes;0;0;0;0;0;0
350859;No;630;630;94;1262;0.74;0.76;Enabled;66.38;21.92;Yes;0;0;0;0;0;0
350888;No;630;630;94;1262;0.74;0.76;Enabled;66.38;21.92;Yes;0;0;0;0;0;0
350918;No;630;630;94;1262;0.74;0.76;Enabled;66.38;21.92;Yes;0;0;0;0;0;0
350945;No;630;630;94;1263;0.74;0.76;Enabled;66.38;21.92;Yes;0;0;0;0;0;0
351007;No;630;630;94;1264;0.74;0.76;Enabled;66.38;21.92;Yes;0;0;0;0;0;0
351038;No;630;630;94;1264;0.74;0.76;Enabled;66.38;21.92;Yes;0;0;0;0;0;0
351067;No;630;630;94;1264;0.74;0.76;Enabled;66.38;21.92;Yes;0;0;0;0;0;0
351098;No;630;630;94;1265;0.74;0.76;Enabled;66.38;21.92;Yes;0;0;0;0;0;0
351126;No;630;630;94;1266;0.74;0.76;Enabled;66.38;21.92;Yes;0;0;0;0;0;0
351156;No;630;630;94;1266;0.74;0.76;Enabled;66.38;21.92;Yes;0;0;0;0;0;0
351184;No;630;630;94;1266;0.74;0.76;Enabled;66.38;21.92;Yes;0;0;0;0;0;0
351219;No;630;630;94;1267;0.74;0.76;Enabled;66.38;21.92;Yes;0;0;0;0;0;0
351280;No;630;630;94;1268;0.74;0.76;Enabled;66.38;21.92;Yes;0;0;0;0;0;0
351310;No;630;630;94;1268;0.74;0.76;Enabled;66.38;21.92;Yes;0;0;0;0;0;0
351338;No;630;630;94;1268;0.74;0.76;Enabled;66.38;21.92;Yes;0;0;0;0;0;0
351366;No;630;630;94;1268;0.74;0.76;Enabled;66.38;21.92;Yes;0;0;0;0;0;0
351417;No;630;630;94;1268;0.74;0.76;Enabled;66.38;21.92;Yes;0;0;0;0;0;0
351458;No;630;630;94;1268;0.74;0.76;Enabled;66.38;21.92;Yes;0;0;0;0;0;0
351489;No;630;630;94;1267;0.74;0.76;Enabled;66.38;21.92;Yes;0;0;0;0;0;0
351517;No;630;630;94;1267;0.74;0.76;Enabled;66.38;21.92;Yes;0;0;0;0;0;0
351579;No;630;630;94;1267;0.74;0.76;Enabled;66.38;21.92;Yes;0;0;0;0;0;0
351610;No;630;630;93;1267;0.74;0.76;Enabled;66.38;21.92;Yes;0;0;0;0;0;0
351640;No;630;630;93;1267;0.74;0.76;Enabled;66.38;21.92;Yes;0;0;0;0;0;0
351665;No;630;630;93;1266;0.74;0.76;Enabled;66.38;21.92;Yes;0;0;0;0;0;0
351700;No;630;630;93;1266;0.74;0.76;Enabled;66.38;21.92;Yes;0;0;0;0;0;0
351725;No;630;630;93;1266;0.74;0.76;Enabled;66.38;21.92;Yes;0;0;0;0;0;0
351760;No;630;630;93;1266;0.74;0.76;Enabled;66.38;21.92;Yes;0;0;0;0;0;0
351786;No;630;630;93;1266;0.74;0.76;Enabled;66.38;21.92;Yes;0;0;0;0;0;0
351819;No;630;630;93;1266;0.74;0.76;Enabled;66.38;21.92;Yes;0;0;0;0;0;0
351879;No;630;630;93;1266;0.74;0.76;Enabled;66.38;21.92;Yes;0;0;0;0;0;0
351910;No;629;630;93;1266;0.74;0.76;Enabled;66.38;21.92;Yes;0;0;0;0;0;0
351940;No;629;629;93;1265;0.74;0.76;Enabled;66.38;21.92;Yes;0;0;0;0;0;0
351965;No;629;629;93;1265;0.74;0.76;Enabled;66.38;21.92;Yes;0;0;0;0;0;0
352000;No;629;629;93;1264;0.74;0.76;Enabled;66.38;21.92;Yes;0;0;0;0;0;0
352028;No;629;629;93;1264;0.74;0.76;Enabled;66.38;21.92;Yes;0;0;0;0;0;0
352059;No;629;629;93;1264;0.74;0.76;Enabled;66.38;21.92;Yes;0;0;0;0;0;0
352089;No;629;629;93;1263;0.74;0.76;Enabled;66.38;21.92;Yes;0;0;0;0;0;0
352118;No;629;629;93;1263;0.74;0.76;Enabled;66.38;21.92;Yes;0;0;0;0;0;0
352179;No;629;629;93;1262;0.74;0.76;Enabled;66.38;21.92;Yes;0;0;0;0;0;0
352210;No;629;629;93;1262;0.74;0.76;Enabled;66.38;21.92;Yes;0;0;0;0;0;0
352240;No;629;629;93;1262;0.74;0.76;Enabled;66.38;21.92;Yes;0;0;0;0;0;0
352264;No;629;629;93;1261;0.74;0.76;Enabled;66.38;21.92;Yes;0;0;0;0;0;0
352299;No;629;629;93;1261;0.74;0.76;Enabled;66.38;21.92;Yes;0;0;0;0;0;0
352325;No;629;629;93;1260;0.73;0.76;Enabled;66.38;21.92;Yes;0;0;0;0;0;0
352360;No;629;629;93;1260;0.73;0.76;Enabled;66.38;21.92;Yes;0;0;0;0;0;0
352388;No;629;629;93;1260;0.73;0.76;Enabled;66.38;21.92;Yes;0;0;0;0;0;0
352420;No;629;629;93;1260;0.73;0.76;Enabled;66.38;21.92;Yes;0;0;0;0;0;0
352478;No;629;629;93;1259;0.73;0.76;Enabled;66.38;21.92;Yes;0;0;0;0;0;0
352510;No;629;629;93;1259;0.73;0.76;Enabled;66.38;21.92;Yes;0;0;0;0;0;0
352538;No;629;629;93;1259;0.73;0.76;Enabled;66.38;21.92;Yes;0;0;0;0;0;0
352566;No;629;629;93;1259;0.73;0.76;Enabled;66.38;21.92;Yes;0;0;0;0;0;0
352600;No;629;629;93;1259;0.73;0.76;Enabled;66.38;21.92;Yes;0;0;0;0;0;0
352628;No;629;629;93;1258;0.73;0.76;Enabled;66.38;21.92;Yes;0;0;0;0;0;0
352659;No;629;629;93;1258;0.73;0.76;Enabled;66.38;21.92;Yes;0;0;0;0;0;0
352695;No;629;629;93;1258;0.73;0.76;Enabled;66.38;21.92;Yes;0;0;0;0;0;0
352718;No;629;629;93;1258;0.73;0.76;Enabled;66.38;21.92;Yes;0;0;0;0;0;0
352746;No;629;629;93;1258;0.73;0.76;Enabled;66.38;21.92;Yes;0;0;0;0;0;0
352808;No;629;629;93;1258;0.73;0.76;Enabled;66.38;21.92;Yes;0;0;0;0;0;0
352838;No;629;629;93;1258;0.73;0.75;Enabled;66.38;21.92;Yes;0;0;0;0;0;0
352865;No;629;629;93;1258;0.73;0.75;Enabled;66.38;21.92;Yes;0;0;0;0;0;0
352896;No;629;629;93;1258;0.73;0.75;Enabled;66.38;21.92;Yes;0;0;0;0;0;0
352926;No;629;629;93;1258;0.73;0.75;Enabled;66.38;21.92;Yes;0;0;0;0;0;0
352960;No;629;629;93;1258;0.73;0.75;Enabled;66.38;21.92;Yes;0;0;0;0;0;0
352988;No;629;629;93;1258;0.73;0.75;Enabled;66.38;21.92;Yes;0;0;0;0;0;0
353020;No;629;629;93;1258;0.73;0.75;Enabled;66.38;21.92;Yes;0;0;0;0;0;0
353087;No;629;629;93;1258;0.73;0.75;Enabled;66.38;21.92;Yes;0;0;0;0;0;0
353110;No;629;629;93;1258;0.73;0.75;Enabled;66.38;21.92;Yes;0;0;0;0;0;0
353141;No;629;629;93;1258;0.73;0.75;Enabled;66.38;21.92;Yes;0;0;0;0;0;0
353165;No;629;629;93;1258;0.73;0.75;Enabled;66.38;21.92;Yes;0;0;0;0;0;0
353199;No;629;629;93;1258;0.73;0.75;Enabled;66.38;21.92;Yes;0;0;0;0;0;0
353226;No;629;629;93;1258;0.73;0.75;Enabled;66.38;21.92;Yes;0;0;0;0;0;0
353260;No;629;629;93;1259;0.73;0.75;Enabled;66.38;21.92;Yes;0;0;0;0;0;0
353288;No;629;629;93;1259;0.73;0.75;Enabled;66.38;21.92;Yes;0;0;0;0;0;0
353320;No;629;629;93;1259;0.73;0.75;Enabled;66.38;21.92;Yes;0;0;0;0;0;0
353379;No;629;629;93;1259;0.73;0.75;Enabled;66.38;21.92;Yes;0;0;0;0;0;0
353409;No;629;629;93;1260;0.73;0.75;Enabled;66.38;21.92;Yes;0;0;0;0;0;0
353442;No;629;629;93;1260;0.73;0.75;Enabled;66.38;21.92;Yes;0;0;0;0;0;0
353466;No;629;629;93;1260;0.73;0.75;Enabled;66.38;21.92;Yes;0;0;0;0;0;0
353499;No;629;629;93;1260;0.73;0.75;Enabled;66.38;21.92;Yes;0;0;0;0;0;0
353525;No;629;629;93;1260;0.73;0.75;Enabled;66.38;21.92;Yes;0;0;0;0;0;0
353560;No;629;629;93;1260;0.73;0.75;Enabled;66.38;21.92;Yes;0;0;0;0;0;0
353586;No;629;629;93;1260;0.73;0.75;Enabled;66.38;21.92;Yes;0;0;0;0;0;0
353619;No;629;629;93;1260;0.73;0.75;Enabled;66.38;21.92;Yes;0;0;0;0;0;0
353680;No;629;629;93;1260;0.73;0.75;Enabled;66.38;21.92;Yes;0;0;0;0;0;0
353708;No;629;629;93;1260;0.73;0.75;Enabled;66.38;21.92;Yes;0;0;0;0;0;0
353739;No;629;629;93;1260;0.73;0.75;Enabled;66.38;21.92;Yes;0;0;0;0;0;0
353769;No;629;629;93;1260;0.73;0.75;Enabled;66.38;21.92;Yes;0;0;0;0;0;0
353801;No;628;629;93;1260;0.73;0.75;Enabled;66.38;21.92;Yes;0;0;0;0;0;0
353826;No;628;628;93;1260;0.73;0.75;Enabled;66.38;21.92;Yes;0;0;0;0;0;0
353858;No;628;628;93;1260;0.73;0.75;Enabled;66.38;21.92;Yes;0;0;0;0;0;0
353890;No;628;628;93;1260;0.73;0.75;Enabled;66.38;21.92;Yes;0;0;0;0;0;0
353920;No;628;628;93;1260;0.73;0.75;Enabled;66.38;21.92;Yes;0;0;0;0;0;0
354000;No;628;628;93;1259;0.73;0.75;Enabled;66.38;21.92;Yes;0;0;0;0;0;0
354039;No;628;628;93;1259;0.73;0.75;Enabled;66.38;21.92;Yes;0;0;0;0;0;0
354066;No;628;628;93;1259;0.73;0.75;Enabled;66.38;21.92;Yes;0;0;0;0;0;0
354098;No;628;628;93;1259;0.73;0.75;Enabled;66.38;21.92;Yes;0;0;0;0;0;0
354128;No;628;628;93;1259;0.73;0.75;Enabled;66.38;21.92;Yes;0;0;0;0;0;0
354158;No;628;628;93;1259;0.73;0.75;Enabled;66.38;21.92;Yes;0;0;0;0;0;0
354186;No;628;628;93;1259;0.73;0.75;Enabled;66.38;21.92;Yes;0;0;0;0;0;0
354218;No;628;628;93;1259;0.73;0.75;Enabled;66.38;21.92;Yes;0;0;0;0;0;0
354279;No;628;628;93;1259;0.73;0.75;Enabled;66.38;21.92;Yes;0;0;0;0;0;0
354308;No;628;628;93;1258;0.73;0.75;Enabled;66.38;21.92;Yes;0;0;0;0;0;0
354341;No;628;628;93;1258;0.73;0.75;Enabled;66.38;21.92;Yes;0;0;0;0;0;0
354368;No;628;628;93;1258;0.73;0.75;Enabled;66.38;21.92;Yes;0;0;0;0;0;0
354398;No;628;628;93;1258;0.73;0.75;Enabled;66.38;21.92;Yes;0;0;0;0;0;0
354428;No;628;628;93;1258;0.73;0.75;Enabled;66.38;21.92;Yes;0;0;0;0;0;0
354459;No;628;628;93;1258;0.73;0.75;Enabled;66.38;21.92;Yes;0;0;0;0;0;0
354489;No;628;628;93;1258;0.73;0.75;Enabled;66.38;21.92;Yes;0;0;0;0;0;0
354517;No;628;628;93;1258;0.73;0.75;Enabled;66.38;21.92;Yes;0;0;0;0;0;0
354545;No;628;628;93;1258;0.73;0.75;Enabled;66.38;21.92;Yes;0;0;0;0;0;0
354608;No;628;628;93;1258;0.73;0.75;Enabled;66.38;21.92;Yes;0;0;0;0;0;0
354639;No;628;628;93;1258;0.73;0.75;Enabled;66.38;21.92;Yes;0;0;0;0;0;0
354666;No;628;628;93;1258;0.73;0.75;Enabled;66.38;21.92;Yes;0;0;0;0;0;0
354700;No;628;628;93;1258;0.73;0.75;Enabled;66.38;21.92;Yes;0;0;0;0;0;0
354726;No;628;628;93;1258;0.73;0.75;Enabled;66.38;21.92;Yes;0;0;0;0;0;0
354758;No;628;628;93;1258;0.73;0.75;Enabled;66.38;21.92;Yes;0;0;0;0;0;0
354785;No;628;628;93;1258;0.73;0.75;Enabled;66.38;21.92;Yes;0;0;0;0;0;0
354818;No;627;628;93;1258;0.73;0.75;Enabled;66.38;21.92;Yes;0;0;0;0;0;0
354846;No;627;627;93;1258;0.73;0.75;Disabled;66.38;21.92;Yes;0;0;0;0;0;0
354908;No;627;627;93;1258;0.73;0.75;Disabled;66.38;21.92;Yes;0;0;0;0;0;0
354939;No;627;627;93;1257;0.73;0.75;Disabled;66.38;21.92;Yes;0;0;0;0;0;0
354965;No;627;627;93;1257;0.73;0.75;Disabled;66.38;21.92;Yes;0;0;0;0;0;0
354997;No;627;627;93;1257;0.73;0.75;Disabled;66.38;21.92;Yes;0;0;0;0;0;0
355025;No;627;627;93;1257;0.73;0.75;Disabled;66.38;21.92;Yes;0;0;0;0;0;0
355059;No;627;627;93;1257;0.73;0.76;Disabled;66.38;21.92;Yes;0;0;0;0;0;0
355086;No;626;627;93;1257;0.73;0.76;Disabled;66.38;21.92;Yes;0;0;0;0;0;0
355118;No;626;626;93;1256;0.73;0.76;Disabled;66.38;21.92;Yes;0;0;0;0;0;0
355178;No;626;626;93;1256;0.73;0.76;Disabled;66.38;21.92;Yes;0;0;0;0;0;0
355209;No;626;626;93;1256;0.72;0.76;Disabled;66.38;21.92;Yes;0;0;0;0;0;0
355255;No;626;626;93;1256;0.72;0.76;Disabled;66.38;21.92;Yes;0;0;0;0;0;0
355296;No;626;626;93;1256;0.72;0.76;Disabled;66.38;21.92;Yes;0;0;0;0;0;0
355327;No;626;626;93;1256;0.72;0.76;Disabled;66.38;21.92;Yes;0;0;0;0;0;0
355359;No;626;626;93;1256;0.72;0.77;Disabled;66.38;21.92;Yes;0;0;0;0;0;0
355386;No;626;626;93;1253;0.72;0.77;Disabled;66.38;21.92;Yes;0;0;0;0;0;0
355419;No;626;626;93;1251;0.72;0.77;Disabled;66.38;21.92;Yes;0;0;0;0;0;0
355446;No;626;626;93;1248;0.72;0.77;Disabled;66.38;21.92;Yes;0;0;0;0;0;0
355509;No;625;626;93;1246;0.72;0.77;Disabled;66.38;21.92;Yes;0;0;0;0;0;0
355540;No;625;625;93;1243;0.72;0.77;Disabled;66.38;21.92;Yes;0;0;0;0;0;0
355568;No;625;625;93;1241;0.72;0.77;Disabled;66.38;21.92;Yes;0;0;0;0;0;0
355597;No;625;625;93;1238;0.73;0.77;Disabled;66.38;21.92;Yes;0;0;0;0;0;0
355624;No;625;625;93;1236;0.73;0.77;Disabled;66.38;21.92;Yes;0;0;0;0;0;0
355659;No;625;625;93;1233;0.73;0.77;Disabled;66.38;21.92;Yes;0;0;0;0;0;0
355688;No;625;625;93;1231;0.73;0.77;Disabled;66.38;21.92;Yes;0;0;0;0;0;0
355720;No;625;625;93;1228;0.73;0.77;Disabled;66.38;21.92;Yes;0;0;0;0;0;0
355782;No;625;625;93;1226;0.73;0.77;Disabled;66.38;21.92;Yes;0;0;0;0;0;0
355810;No;625;625;93;1223;0.73;0.77;Disabled;66.38;21.92;Yes;0;0;0;0;0;0
355838;No;624;625;93;1221;0.73;0.77;Disabled;66.38;21.92;Yes;0;0;0;0;0;0
355868;No;624;624;93;1218;0.73;0.78;Disabled;66.38;21.92;Yes;0;0;0;0;0;0
355896;No;624;624;93;1216;0.73;0.78;Disabled;66.38;21.92;Yes;0;0;0;0;0;0
355928;No;624;624;93;1213;0.73;0.78;Disabled;66.38;21.92;Yes;0;0;0;0;0;0
355959;No;624;624;93;1215;0.73;0.78;Disabled;66.38;21.92;Yes;0;0;0;0;0;0
355987;No;624;624;93;1218;0.73;0.78;Disabled;66.38;21.92;Yes;0;0;0;0;0;0
356019;No;624;624;93;1220;0.73;0.78;Disabled;66.38;21.92;Yes;0;0;0;0;0;0
356080;No;624;624;93;1222;0.73;0.78;Disabled;66.38;21.92;Yes;0;0;0;0;0;0
356111;No;624;624;93;1224;0.73;0.78;Disabled;66.38;21.92;Yes;0;0;0;0;0;0
356137;No;624;624;93;1226;0.73;0.78;Disabled;66.38;21.92;Yes;0;0;0;0;0;0
356169;No;624;624;93;1228;0.73;0.78;Disabled;66.38;21.92;Yes;0;0;0;0;0;0
356197;No;624;624;93;1230;0.73;0.78;Disabled;66.38;21.92;Yes;0;0;0;0;0;0
356225;No;624;624;93;1232;0.73;0.78;Disabled;66.38;21.92;Yes;0;0;0;0;0;0
356257;No;624;624;93;1234;0.73;0.78;Disabled;66.38;21.92;Yes;0;0;0;0;0;0
356287;No;624;623;93;1236;0.73;0.79;Disabled;66.38;21.92;Yes;0;0;0;0;0;0
356318;No;623;623;93;1238;0.73;0.79;Disabled;66.38;21.92;Yes;0;0;0;0;0;0
356378;No;623;623;93;1240;0.72;0.79;Disabled;66.38;21.92;Yes;0;0;0;0;0;0
356409;No;623;623;93;1242;0.72;0.79;Disabled;66.38;21.92;Yes;0;0;0;0;0;0
356439;No;623;623;93;1244;0.72;0.79;Disabled;66.38;21.92;Yes;0;0;0;0;0;0
356467;No;623;623;93;1247;0.72;0.79;Disabled;66.38;21.92;Yes;0;0;0;0;0;0
356499;No;623;623;93;1249;0.72;0.79;Disabled;66.38;21.92;Yes;0;0;0;0;0;0
356538;No;623;623;93;1249;0.72;0.79;Disabled;66.38;21.92;Yes;0;0;0;0;0;0
356557;No;623;623;93;1249;0.72;0.79;Disabled;66.38;21.92;Yes;0;0;0;0;0;0
356588;No;623;623;93;1248;0.72;0.79;Disabled;66.38;21.92;Yes;0;0;0;0;0;0
356620;No;623;623;93;1248;0.72;0.79;Disabled;66.38;21.92;Yes;0;0;0;0;0;0
356679;No;623;623;93;1248;0.72;0.79;Disabled;66.38;21.92;Yes;0;0;0;0;0;0
356707;No;623;622;93;1248;0.72;0.79;Disabled;66.38;21.92;Yes;0;0;0;0;0;0
356738;No;622;622;93;1248;0.72;0.79;Disabled;66.38;21.92;Yes;0;0;0;0;0;0
356768;No;622;622;93;1248;0.72;0.79;Disabled;66.38;21.92;Yes;0;0;0;0;0;0
356796;No;622;622;93;1248;0.72;0.79;Disabled;66.38;21.92;Yes;0;0;0;0;0;0
356827;No;622;622;93;1248;0.72;0.79;Disabled;66.38;21.92;Yes;0;0;0;0;0;0
356858;No;622;622;93;1248;0.72;0.79;Disabled;66.38;21.92;Yes;0;0;0;0;0;0
356889;No;622;622;93;1248;0.72;0.79;Disabled;66.38;21.92;Yes;0;0;0;0;0;0
356919;No;622;622;93;1248;0.72;0.79;Disabled;66.38;21.92;Yes;0;0;0;0;0;0
356946;No;622;622;93;1248;0.72;0.79;Disabled;66.38;21.92;Yes;0;0;0;0;0;0
357008;No;622;622;93;1248;0.72;0.79;Disabled;66.38;21.92;Yes;0;0;0;0;0;0
357039;No;622;622;93;1248;0.72;0.79;Disabled;66.38;21.92;Yes;0;0;0;0;0;0
357067;No;622;622;93;1248;0.72;0.79;Disabled;66.38;21.92;Yes;0;0;0;0;0;0
357099;No;622;622;93;1247;0.72;0.79;Disabled;66.38;21.92;Yes;0;0;0;0;0;0
357126;No;622;622;93;1246;0.72;0.79;Disabled;66.38;21.92;Yes;0;0;0;0;0;0
357158;No;621;621;93;1244;0.72;0.79;Enabled;66.38;21.92;Yes;0;0;0;0;0;0
357185;No;621;621;93;1243;0.72;0.79;Enabled;66.38;21.92;Yes;0;0;0;0;0;0
357219;No;621;621;93;1242;0.72;0.79;Enabled;66.38;21.92;Yes;0;0;0;0;0;0
357279;No;621;621;93;1241;0.72;0.79;Enabled;66.38;21.92;Yes;0;0;0;0;0;0
357309;No;621;621;93;1240;0.72;0.79;Enabled;66.38;21.92;Yes;0;0;0;0;0;0
357342;No;621;621;93;1238;0.72;0.79;Enabled;66.38;21.92;Yes;0;0;0;0;0;0
357369;No;621;621;93;1237;0.72;0.79;Enabled;66.38;21.92;Yes;0;0;0;0;0;0
357398;No;621;621;93;1236;0.72;0.79;Enabled;66.38;21.92;Yes;0;0;0;0;0;0
357426;No;621;621;93;1235;0.72;0.79;Enabled;66.38;21.92;Yes;0;0;0;0;0;0
357457;No;621;621;93;1234;0.72;0.79;Enabled;66.38;21.92;Yes;0;0;0;0;0;0
357489;No;621;620;93;1232;0.72;0.79;Enabled;66.38;21.92;Yes;0;0;0;0;0;0
357517;No;621;620;93;1231;0.72;0.80;Enabled;66.38;21.92;Yes;0;0;0;0;0;0
357578;No;620;620;93;1230;0.72;0.80;Enabled;66.38;21.92;Yes;0;0;0;0;0;0
357609;No;620;620;93;1229;0.72;0.80;Enabled;66.38;21.92;Yes;0;0;0;0;0;0
357639;No;620;620;93;1228;0.72;0.80;Enabled;66.38;21.92;Yes;0;0;0;0;0;0
357666;No;620;620;93;1221;0.72;0.80;Enabled;66.38;21.92;Yes;0;0;0;0;0;0
357699;No;620;620;93;1214;0.72;0.80;Enabled;66.38;21.92;Yes;0;0;0;0;0;0
357727;No;620;620;93;1208;0.72;0.80;Disabled;66.38;21.92;Yes;0;0;0;0;0;0
357758;No;620;620;93;1201;0.72;0.80;Disabled;66.38;21.92;Yes;0;0;0;0;0;0
357788;No;620;620;93;1194;0.72;0.80;Disabled;66.38;21.92;Yes;0;0;0;0;0;0
357880;No;620;620;93;1188;0.72;0.80;Disabled;66.38;21.92;Yes;0;0;0;0;0;0
357908;No;620;620;93;1181;0.72;0.80;Disabled;66.38;21.92;Yes;0;0;0;0;0;0
357939;No;620;620;93;1175;0.72;0.80;Disabled;66.38;21.92;Yes;0;0;0;0;0;0
357969;No;620;620;93;1168;0.72;0.80;Disabled;66.38;21.92;Yes;0;0;0;0;0;0
358000;No;620;620;93;1162;0.72;0.80;Disabled;66.38;21.92;Yes;0;0;0;0;0;0
358025;No;620;620;93;1155;0.72;0.80;Disabled;66.38;21.92;Yes;0;0;0;0;0;0
358060;No;620;620;93;1148;0.72;0.80;Disabled;66.38;21.92;Yes;0;0;0;0;0;0
358090;No;620;620;93;1142;0.72;0.80;Disabled;66.38;21.92;Yes;0;0;0;0;0;0
358118;No;620;620;93;1135;0.72;0.80;Disabled;66.38;21.92;Yes;0;0;0;0;0;0
358180;No;619;619;93;1128;0.72;0.80;Disabled;66.38;21.92;Yes;0;0;0;0;0;0
358207;No;619;619;93;1122;0.72;0.80;Disabled;66.38;21.92;Yes;0;0;0;0;0;0
358238;No;619;619;93;1115;0.72;0.80;Disabled;66.38;21.92;Yes;0;0;0;0;0;0
358269;No;619;619;93;1119;0.72;0.80;Disabled;66.38;21.92;Yes;0;0;0;0;0;0
358300;No;619;619;93;1123;0.72;0.80;Disabled;66.38;21.92;Yes;0;0;0;0;0;0
358329;No;619;619;93;1126;0.72;0.80;Disabled;66.38;21.92;Yes;0;0;0;0;0;0
358360;No;619;619;93;1130;0.72;0.80;Disabled;66.38;21.92;Yes;0;0;0;0;0;0
358387;No;619;619;93;1134;0.72;0.80;Disabled;66.38;21.92;Yes;0;0;0;0;0;0
358417;No;619;619;93;1138;0.72;0.80;Disabled;66.38;21.92;Yes;0;0;0;0;0;0
358480;No;619;619;93;1142;0.72;0.80;Disabled;66.38;21.92;Yes;0;0;0;0;0;0
358508;No;619;619;93;1145;0.72;0.80;Disabled;66.38;21.92;Yes;0;0;0;0;0;0
358539;No;619;619;93;1149;0.72;0.80;Disabled;66.38;21.92;Yes;0;0;0;0;0;0
358569;No;619;619;93;1152;0.72;0.80;Disabled;66.38;21.92;Yes;0;0;0;0;0;0
358600;No;619;619;93;1156;0.72;0.80;Disabled;66.38;21.92;Yes;0;0;0;0;0;0
358629;No;619;619;93;1160;0.72;0.80;Disabled;66.38;21.92;Yes;0;0;0;0;0;0
358659;No;619;619;93;1164;0.72;0.80;Disabled;66.38;21.92;Yes;0;0;0;0;0;0
358686;No;619;619;93;1168;0.72;0.80;Disabled;66.38;21.92;Yes;0;0;0;0;0;0
358718;No;618;619;93;1171;0.72;0.80;Disabled;66.38;21.92;Yes;0;0;0;0;0;0
358780;No;618;618;93;1175;0.72;0.80;Disabled;66.38;21.92;Yes;0;0;0;0;0;0
358810;No;618;618;93;1179;0.72;0.80;Disabled;66.38;21.92;Yes;0;0;0;0;0;0
358839;No;618;618;93;1181;0.72;0.80;Disabled;66.38;21.92;Yes;0;0;0;0;0;0
358870;No;618;618;93;1183;0.72;0.80;Disabled;66.38;21.92;Yes;0;0;0;0;0;0
358898;No;618;618;93;1185;0.72;0.80;Disabled;66.38;21.92;Yes;0;0;0;0;0;0
358925;No;618;618;93;1187;0.72;0.80;Disabled;66.38;21.92;Yes;0;0;0;0;0;0
358959;No;618;618;93;1190;0.72;0.80;Disabled;66.38;21.92;Yes;0;0;0;0;0;0
358986;No;618;618;93;1192;0.72;0.80;Disabled;66.38;21.92;Yes;0;0;0;0;0;0
359019;No;618;618;93;1194;0.72;0.80;Disabled;66.38;21.92;Yes;0;0;0;0;0;0
359100;No;617;618;93;1196;0.72;0.80;Disabled;66.38;21.92;Yes;0;0;0;0;0;0
359138;No;617;617;93;1198;0.72;0.80;Disabled;66.38;21.92;Yes;0;0;0;0;0;0
359168;No;617;617;93;1200;0.72;0.80;Disabled;66.38;21.92;Yes;0;0;0;0;0;0
359199;No;617;617;93;1202;0.72;0.80;Disabled;66.38;21.92;Yes;0;0;0;0;0;0
359228;No;617;617;93;1204;0.72;0.80;Disabled;66.38;21.92;Yes;0;0;0;0;0;0
359260;No;617;617;93;1206;0.72;0.80;Disabled;66.38;21.92;Yes;0;0;0;0;0;0
359287;No;617;617;93;1208;0.72;0.80;Disabled;66.38;21.92;Yes;0;0;0;0;0;0
359318;No;617;617;93;1211;0.72;0.80;Disabled;66.38;21.92;Yes;0;0;0;0;0;0
359346;No;617;617;93;1213;0.72;0.80;Disabled;66.38;21.92;Yes;0;0;0;0;0;0
359408;No;617;617;93;1215;0.72;0.80;Disabled;66.38;21.92;Yes;0;0;0;0;0;0
359440;No;616;617;93;1214;0.72;0.80;Disabled;66.38;21.92;Yes;0;0;0;0;0;0
359468;No;616;616;93;1212;0.72;0.80;Disabled;66.38;21.92;Yes;0;0;0;0;0;0
359499;No;616;616;93;1211;0.72;0.80;Disabled;66.38;21.92;Yes;0;0;0;0;0;0
359527;No;616;616;93;1210;0.72;0.80;Disabled;66.38;21.92;Yes;0;0;0;0;0;0
359559;No;616;616;93;1208;0.72;0.80;Disabled;66.38;21.92;Yes;0;0;0;0;0;0
359587;No;616;616;93;1207;0.72;0.80;Disabled;66.38;21.92;Yes;0;0;0;0;0;0
359617;No;616;616;93;1206;0.72;0.80;Disabled;66.38;21.92;Yes;0;0;0;0;0;0
359679;No;616;616;93;1204;0.72;0.79;Disabled;66.38;21.92;Yes;0;0;0;0;0;0
359710;No;616;616;93;1203;0.72;0.79;Disabled;66.38;21.92;Yes;0;0;0;0;0;0
359740;No;616;616;93;1202;0.72;0.79;Disabled;66.38;21.92;Yes;0;0;0;0;0;0
359767;No;616;616;93;1200;0.72;0.79;Disabled;66.38;21.92;Yes;0;0;0;0;0;0
359798;No;616;616;93;1199;0.72;0.79;Disabled;66.38;21.92;Yes;0;0;0;0;0;0
359828;No;616;616;93;1198;0.72;0.79;Disabled;66.38;21.92;Yes;0;0;0;0;0;0
359858;No;616;616;93;1196;0.72;0.79;Disabled;66.38;21.92;Yes;0;0;0;0;0;0
359889;No;616;616;93;1195;0.72;0.79;Disabled;66.38;21.92;Yes;0;0;0;0;0;0
359920;No;616;616;93;1194;0.72;0.79;Disabled;66.38;21.92;Yes;0;0;0;0;0;0
359978;No;616;616;93;1192;0.72;0.79;Disabled;66.38;21.92;Yes;0;0;0;0;0;0
360009;No;616;616;93;1192;0.72;0.79;Disabled;66.38;21.92;Yes;0;0;0;0;0;0
360039;No;615;615;93;1192;0.72;0.79;Disabled;66.38;21.92;Yes;0;0;0;0;0;0
360067;No;615;615;93;1192;0.72;0.79;Disabled;66.38;21.92;Yes;0;0;0;0;0;0
360098;No;615;615;93;1191;0.72;0.79;Disabled;66.38;21.92;Yes;0;0;0;0;0;0
360127;No;615;615;93;1191;0.72;0.79;Disabled;66.38;21.92;Yes;0;0;0;0;0;0
360159;No;615;615;93;1190;0.72;0.79;Disabled;66.38;21.92;Yes;0;0;0;0;0;0
360186;No;615;615;93;1190;0.72;0.79;Disabled;66.38;21.92;Yes;0;0;0;0;0;0
360220;No;615;615;93;1190;0.72;0.79;Disabled;66.38;21.92;Yes;0;0;0;0;0;0
360279;No;615;615;93;1190;0.72;0.79;Disabled;66.38;21.92;Yes;0;0;0;0;0;0
360309;No;615;615;93;1189;0.72;0.79;Disabled;66.38;21.92;Yes;0;0;0;0;0;0
360339;No;615;615;93;1189;0.72;0.79;Disabled;66.38;21.92;Yes;0;0;0;0;0;0
360377;No;615;615;93;1188;0.72;0.79;Disabled;66.38;21.92;Yes;0;0;0;0;0;0
360398;No;615;615;93;1188;0.72;0.79;Disabled;66.38;21.92;Yes;0;0;0;0;0;0
360427;No;615;615;93;1188;0.72;0.79;Disabled;66.38;21.92;Yes;0;0;0;0;0;0
360457;No;615;615;93;1188;0.72;0.79;Disabled;66.38;21.92;Yes;0;0;0;0;0;0
360488;No;615;614;93;1187;0.72;0.79;Disabled;66.38;21.92;Yes;0;0;0;0;0;0
360518;No;615;614;93;1187;0.72;0.79;Disabled;66.38;21.92;Yes;0;0;0;0;0;0
360587;No;614;614;93;1186;0.72;0.79;Disabled;66.38;21.92;Yes;0;0;0;0;0;0
360608;No;614;614;93;1184;0.72;0.79;Disabled;66.38;21.92;Yes;0;0;0;0;0;0
360639;No;614;614;93;1183;0.72;0.79;Disabled;66.38;21.92;Yes;0;0;0;0;0;0
360668;No;614;614;93;1182;0.72;0.79;Disabled;66.38;21.92;Yes;0;0;0;0;0;0
360699;No;614;614;93;1180;0.72;0.79;Disabled;66.38;21.92;Yes;0;0;0;0;0;0
360728;No;614;614;93;1179;0.72;0.79;Disabled;66.38;21.92;Yes;0;0;0;0;0;0
360758;No;614;614;93;1178;0.72;0.79;Disabled;66.38;21.92;Yes;0;0;0;0;0;0
360789;No;614;614;93;1176;0.72;0.79;Disabled;66.38;21.92;Yes;0;0;0;0;0;0
360819;No;614;614;93;1175;0.72;0.79;Disabled;66.38;21.92;Yes;0;0;0;0;0;0
360878;No;614;614;93;1174;0.72;0.79;Disabled;66.38;21.92;Yes;0;0;0;0;0;0
360910;No;614;614;93;1172;0.72;0.79;Disabled;66.38;21.92;Yes;0;0;0;0;0;0
360939;No;614;614;93;1171;0.72;0.79;Disabled;66.38;21.92;Yes;0;0;0;0;0;0
360967;No;614;614;93;1170;0.72;0.79;Disabled;66.38;21.92;Yes;0;0;0;0;0;0
360997;No;614;614;93;1168;0.72;0.79;Disabled;66.38;21.92;Yes;0;0;0;0;0;0
361028;No;614;614;93;1167;0.72;0.79;Disabled;66.38;21.92;Yes;0;0;0;0;0;0
361058;No;614;614;93;1166;0.72;0.79;Disabled;66.38;21.92;Yes;0;0;0;0;0;0
361089;No;614;614;93;1164;0.72;0.79;Disabled;66.38;21.92;Yes;0;0;0;0;0;0
361119;No;613;614;93;1163;0.72;0.79;Disabled;66.38;21.92;Yes;0;0;0;0;0;0
361179;No;613;613;93;1162;0.72;0.79;Disabled;66.38;21.92;Yes;0;0;0;0;0;0
361210;No;613;613;93;1161;0.72;0.79;Disabled;66.38;21.92;Yes;0;0;0;0;0;0
361240;No;613;613;93;1160;0.72;0.79;Disabled;66.38;21.92;Yes;0;0;0;0;0;0
361268;No;613;613;93;1158;0.72;0.79;Disabled;66.38;21.92;Yes;0;0;0;0;0;0
361300;No;613;613;93;1157;0.72;0.79;Disabled;66.38;21.92;Yes;0;0;0;0;0;0
361327;No;613;613;93;1156;0.72;0.79;Disabled;66.38;21.92;Yes;0;0;0;0;0;0
361357;No;613;613;93;1155;0.72;0.79;Disabled;66.38;21.92;Yes;0;0;0;0;0;0
361388;No;613;613;93;1154;0.72;0.79;Disabled;66.38;21.92;Yes;0;0;0;0;0;0
361418;No;613;613;93;1152;0.72;0.79;Disabled;66.38;21.92;Yes;0;0;0;0;0;0
361480;No;613;613;93;1151;0.72;0.79;Disabled;66.38;21.92;Yes;0;0;0;0;0;0
361509;No;613;613;93;1150;0.72;0.79;Disabled;66.38;21.92;Yes;0;0;0;0;0;0
361540;No;613;613;93;1149;0.72;0.79;Disabled;66.38;21.92;Yes;0;0;0;0;0;0
361566;No;613;613;93;1148;0.72;0.79;Disabled;66.38;21.92;Yes;0;0;0;0;0;0
361597;No;612;613;93;1146;0.72;0.79;Disabled;66.38;21.92;Yes;0;0;0;0;0;0
361628;No;612;612;93;1145;0.72;0.79;Disabled;66.38;21.92;Yes;0;0;0;0;0;0
361687;No;612;612;93;1144;0.72;0.79;Disabled;66.38;21.92;Yes;0;0;0;0;0;0
361718;No;612;612;93;1142;0.72;0.79;Disabled;66.38;21.92;Yes;0;0;0;0;0;0
361779;No;612;612;93;1141;0.72;0.79;Disabled;66.38;21.92;Yes;0;0;0;0;0;0
361808;No;612;612;93;1140;0.72;0.79;Disabled;66.38;21.92;Yes;0;0;0;0;0;0
361839;No;612;612;93;1138;0.72;0.79;Disabled;66.38;21.92;Yes;0;0;0;0;0;0
361867;No;612;612;93;1136;0.72;0.79;Disabled;66.38;21.92;Yes;0;0;0;0;0;0
361899;No;612;612;93;1135;0.72;0.79;Disabled;66.38;21.92;Yes;0;0;0;0;0;0
361927;No;612;612;93;1134;0.72;0.79;Disabled;66.38;21.92;Yes;0;0;0;0;0;0
361958;No;612;612;93;1132;0.72;0.79;Disabled;66.38;21.92;Yes;0;0;0;0;0;0
361988;No;612;612;93;1130;0.72;0.79;Disabled;66.38;21.92;Yes;0;0;0;0;0;0
362020;No;612;612;93;1129;0.72;0.79;Disabled;66.38;21.92;Yes;0;0;0;0;0;0
362080;No;612;612;93;1127;0.72;0.78;Disabled;66.38;21.92;Yes;0;0;0;0;0;0
362108;No;612;612;93;1126;0.72;0.78;Disabled;66.38;21.92;Yes;0;0;0;0;0;0
362141;No;612;612;93;1124;0.72;0.78;Disabled;66.38;21.92;Yes;0;0;0;0;0;0
362168;No;612;612;93;1123;0.72;0.78;Disabled;66.38;21.92;Yes;0;0;0;0;0;0
362200;No;612;612;93;1121;0.72;0.78;Disabled;66.38;21.92;Yes;0;0;0;0;0;0
362227;No;612;612;93;1120;0.72;0.78;Disabled;66.38;21.92;Yes;0;0;0;0;0;0
362258;No;611;612;93;1118;0.72;0.78;Disabled;66.38;21.92;Yes;0;0;0;0;0;0
362290;No;611;611;93;1116;0.72;0.78;Disabled;66.38;21.92;Yes;0;0;0;0;0;0
362319;No;611;611;93;1113;0.72;0.78;Disabled;66.38;21.92;Yes;0;0;0;0;0;0
362378;No;611;611;93;1111;0.72;0.78;Disabled;66.38;21.92;Yes;0;0;0;0;0;0
362407;No;611;611;93;1108;0.72;0.78;Disabled;66.38;21.92;Yes;0;0;0;0;0;0
362439;No;611;611;93;1106;0.72;0.78;Disabled;66.38;21.92;Yes;0;0;0;0;0;0
362467;No;611;611;93;1103;0.72;0.78;Disabled;66.38;21.92;Yes;0;0;0;0;0;0
362499;No;611;611;93;1101;0.72;0.78;Disabled;66.38;21.92;Yes;0;0;0;0;0;0
362527;No;611;611;93;1098;0.72;0.78;Disabled;66.38;21.92;Yes;0;0;0;0;0;0
362559;No;611;611;93;1096;0.72;0.78;Disabled;66.38;21.92;Yes;0;0;0;0;0;0
362586;No;611;611;93;1094;0.72;0.78;Disabled;66.38;21.92;Yes;0;0;0;0;0;0
362620;No;611;611;93;1091;0.72;0.78;Disabled;66.38;21.92;Yes;0;0;0;0;0;0
362679;No;611;611;93;1088;0.72;0.78;Disabled;66.38;21.92;Yes;0;0;0;0;0;0
362709;No;611;611;93;1086;0.72;0.78;Disabled;66.38;21.92;Yes;0;0;0;0;0;0
362738;No;611;611;93;1084;0.72;0.78;Disabled;66.38;21.92;Yes;0;0;0;0;0;0
362769;No;610;611;93;1081;0.72;0.78;Disabled;66.38;21.92;Yes;0;0;0;0;0;0
362797;No;610;610;93;1078;0.72;0.78;Disabled;66.38;21.92;Yes;0;0;0;0;0;0
362827;No;610;610;93;1076;0.72;0.78;Disabled;66.38;21.92;Yes;0;0;0;0;0;0
362857;No;610;610;93;1075;0.72;0.78;Disabled;66.38;21.92;Yes;0;0;0;0;0;0
362889;No;610;610;93;1074;0.72;0.78;Disabled;66.38;21.92;Yes;0;0;0;0;0;0
362936;No;610;610;93;1073;0.72;0.78;Disabled;66.38;21.92;Yes;0;0;0;0;0;0
363007;No;610;610;93;1072;0.72;0.78;Disabled;66.38;21.92;Yes;0;0;0;0;0;0
363039;No;610;610;93;1071;0.72;0.78;Disabled;66.38;21.92;Yes;0;0;0;0;0;0
363067;No;610;610;93;1070;0.72;0.78;Disabled;66.38;21.92;Yes;0;0;0;0;0;0
363100;No;610;610;93;1069;0.72;0.78;Disabled;66.38;21.92;Yes;0;0;0;0;0;0
363127;No;610;610;93;1068;0.72;0.78;Disabled;66.38;21.92;Yes;0;0;0;0;0;0
363159;No;610;610;93;1066;0.72;0.78;Disabled;66.38;21.92;Yes;0;0;0;0;0;0
363187;No;610;610;93;1066;0.72;0.78;Disabled;66.38;21.92;Yes;0;0;0;0;0;0
363219;No;610;610;93;1064;0.72;0.78;Disabled;66.38;21.92;Yes;0;0;0;0;0;0
363279;No;610;610;93;1064;0.72;0.78;Disabled;66.38;21.92;Yes;0;0;0;0;0;0
363309;No;610;610;93;1062;0.73;0.78;Disabled;66.38;21.92;Yes;0;0;0;0;0;0
363339;No;610;610;93;1062;0.73;0.78;Disabled;66.38;21.92;Yes;0;0;0;0;0;0
363367;No;610;610;93;1060;0.73;0.78;Disabled;66.38;21.92;Yes;0;0;0;0;0;0
363398;No;610;610;93;1059;0.73;0.78;Disabled;66.38;21.92;Yes;0;0;0;0;0;0
363427;No;610;610;93;1058;0.73;0.78;Disabled;66.38;21.92;Yes;0;0;0;0;0;0
363460;No;610;610;93;1053;0.73;0.78;Disabled;66.38;21.92;Yes;0;0;0;0;0;0
363488;No;609;609;93;1047;0.73;0.78;Disabled;66.38;21.92;Yes;0;0;0;0;0;0
363522;No;609;609;93;1042;0.73;0.78;Disabled;66.38;21.92;Yes;0;0;0;0;0;0
363579;No;609;609;93;1036;0.73;0.78;Disabled;66.38;21.92;Yes;0;0;0;0;0;0
363608;No;609;609;93;1030;0.73;0.78;Disabled;66.38;21.92;Yes;0;0;0;0;0;0
363638;No;609;609;93;1025;0.73;0.78;Disabled;66.38;21.92;Yes;0;0;0;0;0;0
363669;No;609;609;93;1020;0.73;0.78;Disabled;66.38;21.92;Yes;0;0;0;0;0;0
363697;No;609;609;93;1014;0.73;0.78;Disabled;66.38;21.92;Yes;0;0;0;0;0;0
363727;No;609;609;93;1008;0.73;0.78;Disabled;66.38;21.92;Yes;0;0;0;0;0;0
363759;No;609;609;93;1003;0.73;0.78;Disabled;66.38;21.92;Yes;0;0;0;0;0;0
363788;No;609;609;93;997;0.73;0.78;Disabled;66.38;21.92;Yes;0;0;0;0;0;0
363820;No;609;609;93;992;0.73;0.78;Disabled;66.38;21.92;Yes;0;0;0;0;0;0
363878;No;609;609;93;986;0.73;0.78;Disabled;66.38;21.92;Yes;0;0;0;0;0;0
363907;No;609;609;93;981;0.73;0.78;Disabled;66.38;21.92;Yes;0;0;0;0;0;0
363939;No;609;609;93;975;0.73;0.78;Disabled;66.38;21.92;Yes;0;0;0;0;0;0
363966;No;609;608;93;970;0.73;0.78;Disabled;66.38;21.92;Yes;0;0;0;0;0;0
363998;No;608;608;93;964;0.73;0.78;Disabled;66.38;21.92;Yes;0;0;0;0;0;0
364027;No;608;608;93;970;0.73;0.78;Disabled;66.38;21.92;Yes;0;0;0;0;0;0
364061;No;608;608;93;977;0.69;0.78;Disabled;66.38;21.92;Yes;0;0;0;0;0;0
364088;No;608;608;93;983;0.65;0.78;Disabled;66.38;21.92;Yes;0;0;0;0;0;0
364119;No;608;608;93;990;0.61;0.78;Disabled;66.38;21.92;Yes;0;0;0;0;0;0
364178;No;608;608;93;996;0.57;0.78;Disabled;66.38;21.92;Yes;0;0;0;0;0;0
364218;No;608;608;93;1002;0.53;0.78;Disabled;66.38;21.92;Yes;0;0;0;0;0;0
364237;No;608;608;93;1009;0.49;0.78;Disabled;66.38;21.92;Yes;0;0;0;0;0;0
364269;No;608;608;92;1015;0.45;0.78;Disabled;66.38;21.92;Yes;0;0;0;0;0;0
364299;No;608;608;92;1022;0.41;0.78;Disabled;66.38;21.92;Yes;0;0;0;0;0;0
364329;No;608;608;92;1028;0.37;0.78;Disabled;66.38;21.92;Yes;0;0;0;0;0;0
364357;No;608;608;92;1034;0.33;0.77;Disabled;66.38;21.92;Yes;0;0;0;0;0;0
364389;No;608;608;92;1040;0.29;0.77;Disabled;66.38;21.92;Yes;0;0;0;0;0;0
364419;No;608;608;92;1047;0.25;0.77;Disabled;66.38;21.92;Yes;0;0;0;0;0;0
364481;No;608;608;92;1053;0.21;0.77;Disabled;66.38;21.92;Yes;0;0;0;0;0;0
364509;No;607;608;92;1060;0.17;0.77;Disabled;66.38;21.92;Yes;0;0;0;0;0;0
364540;No;607;607;92;1066;0.13;0.77;Disabled;66.38;21.92;Yes;0;0;0;0;0;0
364567;No;607;607;92;1072;0.09;0.77;Disabled;66.38;21.92;Yes;0;0;0;0;0;0
364598;No;607;607;92;1074;0.05;0.77;Disabled;66.38;21.92;Yes;0;0;0;0;0;0
364629;No;607;607;92;1074;0.05;0.77;Disabled;66.38;21.92;Yes;0;0;0;0;0;0
364657;No;607;607;92;1075;0.04;0.73;Disabled;66.38;21.92;Yes;0;0;0;0;0;0
364688;No;607;607;92;1076;0.04;0.68;Disabled;66.38;21.92;Yes;0;0;0;0;0;0
364719;No;607;607;92;1077;0.04;0.64;Disabled;66.38;21.92;Yes;0;0;0;0;0;0
364779;No;607;607;92;1078;0.04;0.60;Disabled;66.38;21.92;Yes;0;0;0;0;0;0
364807;No;607;607;92;1079;0.03;0.55;Disabled;66.38;21.92;Yes;0;0;0;0;0;0
364839;No;607;607;92;1080;0.03;0.51;Disabled;66.38;21.92;Yes;0;0;0;0;0;0
364866;No;607;607;92;1081;0.03;0.46;Disabled;66.38;21.92;Yes;0;0;0;0;0;0
364899;No;607;607;92;1082;0.03;0.42;Disabled;66.38;21.92;Yes;0;0;0;0;0;0
364929;No;607;606;92;1083;0.02;0.38;Disabled;66.38;21.92;Yes;0;0;0;0;0;0
364958;No;607;606;92;1084;0.02;0.33;Disabled;66.38;21.92;Yes;0;0;0;0;0;0
364990;No;607;606;92;1085;0.02;0.29;Disabled;66.38;21.92;Yes;0;0;0;0;0;0
365018;No;606;606;92;1086;0.02;0.25;Disabled;66.38;21.92;Yes;0;0;0;0;0;0
365078;No;606;606;92;1087;0.01;0.20;Disabled;66.38;21.92;Yes;0;0;0;0;0;0
365109;No;606;606;92;1088;0.01;0.16;Disabled;66.38;21.92;Yes;0;0;0;0;0;0
365140;No;606;606;92;1089;0.01;0.11;Disabled;66.38;21.92;Yes;0;0;0;0;0;0
365168;No;606;606;92;1086;0.01;0.07;Disabled;66.38;21.92;Yes;0;0;0;0;0;0
365199;No;606;606;92;1082;0.00;0.03;Disabled;66.38;21.92;Yes;0;0;0;0;0;0
365226;No;606;606;92;1079;0.00;0.02;Disabled;66.38;21.92;Yes;0;0;0;0;0;0
365259;No;606;606;92;1076;0.00;0.02;Disabled;66.38;21.92;Yes;0;0;0;0;0;0
365286;No;606;606;92;1072;0.00;0.02;Disabled;66.38;21.92;Yes;0;0;0;0;0;0
365318;No;606;606;92;1069;0.00;0.02;Disabled;66.38;21.92;Yes;0;0;0;0;0;0
365378;No;606;606;92;1066;0.00;0.02;Disabled;66.38;21.92;Yes;0;0;0;0;0;0
365408;No;606;606;92;1062;0.00;0.02;Disabled;66.38;21.92;Yes;0;0;0;0;0;0
365439;No;606;606;92;1059;0.00;0.01;Disabled;66.38;21.92;Yes;0;0;0;0;0;0
365466;No;605;605;92;1056;0.00;0.01;Disabled;66.38;21.92;Yes;0;0;0;0;0;0
365500;No;605;605;92;1052;0.00;0.01;Disabled;66.38;21.92;Yes;0;0;0;0;0;0
365527;No;605;605;92;1049;0.00;0.01;Disabled;66.38;21.92;Yes;0;0;0;0;0;0
365558;No;605;605;92;1046;0.00;0.01;Disabled;66.38;21.92;Yes;0;0;0;0;0;0
365588;No;605;605;92;1043;0.00;0.01;Disabled;66.38;21.92;Yes;0;0;0;0;0;0
365619;No;605;605;92;1039;-0.00;0.00;Disabled;66.38;21.92;Yes;0;0;0;0;0;0
365678;No;605;605;92;1036;-0.00;0.00;Disabled;66.38;21.92;Yes;0;0;0;0;0;0
365711;No;605;605;92;1033;-0.00;0.00;Disabled;66.38;21.92;Yes;0;0;0;0;0;0
365741;No;605;605;92;1030;-0.00;-0.00;Disabled;66.38;21.92;Yes;0;0;0;0;0;0
365768;No;605;605;92;1026;-0.00;-0.00;Disabled;66.38;21.92;Yes;0;0;0;0;0;0
365799;No;605;605;92;1023;-0.00;-0.00;Disabled;66.38;21.92;Yes;0;0;0;0;0;0
365826;No;605;605;92;1020;-0.00;-0.00;Disabled;66.38;21.92;Yes;0;0;0;0;0;0
365859;No;604;605;92;1017;-0.00;-0.00;Disabled;66.38;21.92;Yes;0;0;0;0;0;0
365889;No;604;604;92;1014;-0.00;-0.00;Disabled;66.38;21.92;Yes;0;0;0;0;0;0
365919;No;604;604;92;1010;-0.00;-0.00;Disabled;66.38;21.92;Yes;0;0;0;0;0;0
365979;No;604;604;92;1007;-0.00;-0.00;Disabled;66.38;21.92;Yes;0;0;0;0;0;0
366007;No;604;604;92;1004;-0.00;-0.00;Disabled;66.38;21.92;Yes;0;0;0;0;0;0
366037;No;604;604;92;1001;-0.01;-0.00;Disabled;66.38;21.92;Yes;0;0;0;0;0;0
366068;No;604;604;92;998;-0.01;-0.01;Disabled;66.38;21.92;Yes;0;0;0;0;0;0
366099;No;604;604;92;994;-0.01;-0.01;Disabled;66.38;21.92;Yes;0;0;0;0;0;0
366129;No;604;604;92;991;-0.01;-0.01;Disabled;66.38;21.92;Yes;0;0;0;0;0;0
366161;No;604;604;92;988;-0.01;-0.01;Disabled;66.38;21.92;Yes;0;0;0;0;0;0
366188;No;604;604;92;985;-0.01;-0.01;Disabled;66.38;21.92;Yes;0;0;0;0;0;0
366219;No;604;604;92;982;-0.01;-0.01;Disabled;66.38;21.92;Yes;0;0;0;0;0;0
366284;No;604;604;92;978;-0.01;-0.01;Disabled;66.38;21.92;Yes;0;0;0;0;0;0
366308;No;604;604;92;974;-0.01;-0.01;Disabled;66.38;21.92;Yes;0;0;0;0;0;0
366339;No;603;603;92;970;-0.01;-0.01;Disabled;66.38;21.92;Yes;0;0;0;0;0;0
366367;No;603;603;92;965;-0.01;-0.01;Disabled;66.38;21.92;Yes;0;0;0;0;0;0
366398;No;603;603;92;961;-0.01;-0.01;Disabled;66.38;21.92;Yes;0;0;0;0;0;0
366429;No;603;603;92;956;-0.01;-0.01;Disabled;66.38;21.92;Yes;0;0;0;0;0;0
366458;No;603;603;92;952;-0.01;-0.01;Disabled;66.38;21.92;Yes;0;0;0;0;0;0
366488;No;603;603;92;948;-0.01;-0.01;Disabled;66.38;21.92;Yes;0;0;0;0;0;0
366519;No;603;603;92;943;-0.01;-0.01;Disabled;66.38;21.92;Yes;0;0;0;0;0;0
366579;No;603;603;92;939;-0.01;-0.01;Disabled;66.38;21.92;Yes;0;0;0;0;0;0
366607;No;603;603;92;934;-0.01;-0.01;Disabled;66.38;21.92;Yes;0;0;0;0;0;0
366638;No;603;603;92;930;-0.01;-0.01;Disabled;66.38;21.92;Yes;0;0;0;0;0;0
366668;No;603;603;92;926;-0.01;-0.01;Disabled;66.38;21.92;Yes;0;0;0;0;0;0
366699;No;603;602;92;921;-0.01;-0.01;Disabled;66.38;21.92;Yes;0;0;0;0;0;0
366729;No;603;602;92;917;-0.01;-0.01;Disabled;66.38;21.92;Yes;0;0;0;0;0;0
366776;No;602;602;92;912;-0.01;-0.01;Disabled;66.38;21.92;Yes;0;0;0;0;0;0
366817;No;602;602;92;908;-0.01;-0.01;Disabled;66.38;21.92;Yes;0;0;0;0;0;0
366879;No;602;602;92;904;-0.01;-0.01;Disabled;66.38;21.92;Yes;0;0;0;0;0;0
366909;No;602;602;92;912;-0.01;-0.01;Disabled;66.38;21.92;Yes;0;0;0;0;0;0
366939;No;602;602;92;920;-0.01;-0.01;Disabled;66.38;21.92;Yes;0;0;0;0;0;0
366966;No;602;602;92;928;-0.01;-0.01;Disabled;66.38;21.92;Yes;0;0;0;0;0;0
366998;No;602;602;92;936;-0.01;-0.01;Disabled;66.38;21.92;Yes;0;0;0;0;0;0
367026;No;602;602;92;944;-0.01;-0.01;Disabled;66.38;21.92;Yes;0;0;0;0;0;0
367057;No;602;602;92;952;-0.01;-0.01;Disabled;66.38;21.92;Yes;0;0;0;0;0;0
367088;No;602;602;92;959;-0.01;-0.01;Disabled;66.38;21.92;Yes;0;0;0;0;0;0
367119;No;602;602;92;967;-0.01;-0.01;Disabled;66.38;21.92;Yes;0;0;0;0;0;0
367179;No;602;601;92;975;-0.01;-0.01;Disabled;66.38;21.92;Yes;0;0;0;0;0;0
367210;No;602;601;92;983;-0.00;-0.01;Disabled;66.38;21.92;Yes;0;0;0;0;0;0
367237;No;601;601;92;991;-0.00;-0.01;Disabled;66.38;21.92;Yes;0;0;0;0;0;0
367269;No;601;601;92;999;-0.00;-0.01;Disabled;66.38;21.92;Yes;0;0;0;0;0;0
367296;No;601;601;92;1007;-0.00;-0.01;Disabled;66.38;21.92;Yes;0;0;0;0;0;0
367328;No;601;601;92;1015;-0.00;-0.01;Disabled;66.38;21.92;Yes;0;0;0;0;0;0
367360;No;601;601;92;1023;-0.00;-0.01;Disabled;66.38;21.92;Yes;0;0;0;0;0;0
367386;No;601;601;92;1031;-0.00;-0.01;Disabled;66.38;21.92;Yes;0;0;0;0;0;0
367418;No;601;601;92;1039;-0.00;-0.01;Disabled;66.38;21.92;Yes;0;0;0;0;0;0
367480;No;601;601;92;1042;-0.00;-0.01;Disabled;66.38;21.92;Yes;0;0;0;0;0;0
367508;No;601;601;92;1046;-0.00;-0.01;Disabled;66.38;21.92;Yes;0;0;0;0;0;0
367540;No;601;600;92;1049;-0.00;-0.01;Disabled;66.38;21.92;Yes;0;0;0;0;0;0
367566;No;600;600;92;1053;-0.00;-0.01;Disabled;66.38;21.92;Yes;0;0;0;0;0;0
367597;No;600;600;92;1056;-0.00;-0.01;Disabled;66.38;21.92;Yes;0;0;0;0;0;0
367627;No;600;600;92;1060;-0.00;-0.01;Disabled;66.38;21.92;Yes;0;0;0;0;0;0
367658;No;600;600;92;1063;-0.00;-0.01;Disabled;66.38;21.92;Yes;0;0;0;0;0;0
367687;No;600;600;92;1067;-0.00;-0.01;Disabled;66.38;21.92;Yes;0;0;0;0;0;0
367717;No;600;600;92;1070;-0.00;-0.01;Disabled;66.38;21.92;Yes;0;0;0;0;0;0
367779;No;600;600;92;1074;-0.00;-0.01;Disabled;66.38;21.92;Yes;0;0;0;0;0;0
367811;No;600;600;92;1077;-0.00;-0.01;Disabled;66.38;21.92;Yes;0;0;0;0;0;0
367839;No;600;600;92;1081;-0.00;-0.01;Disabled;66.38;21.92;Yes;0;0;0;0;0;0
367866;No;600;600;92;1084;-0.00;-0.01;Disabled;66.38;21.92;Yes;0;0;0;0;0;0
367899;No;600;600;92;1088;-0.00;-0.01;Disabled;66.38;21.92;Yes;0;0;0;0;0;0
367927;No;600;600;92;1091;-0.00;-0.01;Disabled;66.38;21.92;Yes;0;0;0;0;0;0
367960;No;599;600;92;1095;-0.00;-0.01;Disabled;66.38;21.92;Yes;0;0;0;0;0;0
367987;No;599;599;92;1098;-0.00;-0.01;Disabled;66.38;21.92;Yes;0;0;0;0;0;0
368018;No;599;599;92;1095;-0.00;-0.01;Disabled;66.38;21.92;Yes;0;0;0;0;0;0
368073;No;599;599;92;1091;-0.00;-0.01;Disabled;66.38;21.92;Yes;0;0;0;0;0;0
368110;No;599;599;92;1088;-0.00;-0.01;Disabled;66.38;21.92;Yes;0;0;0;0;0;0
368135;No;599;599;92;1084;-0.00;-0.01;Disabled;66.38;21.92;Yes;0;0;0;0;0;0
368167;No;599;599;92;1080;-0.00;-0.01;Disabled;66.38;21.92;Yes;0;0;0;0;0;0
368197;No;599;599;92;1077;-0.00;-0.01;Disabled;66.38;21.92;Yes;0;0;0;0;0;0
368228;No;599;599;92;1074;-0.00;-0.01;Disabled;66.38;21.92;Yes;0;0;0;0;0;0
368260;No;599;599;92;1070;-0.00;-0.01;Disabled;66.38;21.92;Yes;0;0;0;0;0;0
368286;No;599;599;92;1066;-0.00;-0.01;Disabled;66.38;21.92;Yes;0;0;0;0;0;0
368318;No;598;599;92;1063;-0.00;-0.01;Disabled;66.38;21.92;Yes;0;0;0;0;0;0
368378;No;598;598;92;1060;-0.00;-0.01;Disabled;66.38;21.92;Yes;0;0;0;0;0;0
368409;No;598;598;92;1056;-0.00;-0.01;Disabled;66.38;21.92;Yes;0;0;0;0;0;0
368439;No;598;598;92;1052;-0.00;-0.01;Disabled;66.38;21.92;Yes;0;0;0;0;0;0
368467;No;598;598;92;1049;-0.00;-0.01;Disabled;66.38;21.92;Yes;0;0;0;0;0;0
368498;No;598;598;92;1045;-0.00;-0.01;Disabled;66.38;21.92;Yes;0;0;0;0;0;0
368526;No;598;598;92;1042;-0.00;-0.01;Disabled;66.38;21.92;Yes;0;0;0;0;0;0
368559;No;598;598;92;1038;-0.00;-0.01;Disabled;66.38;21.92;Yes;0;0;0;0;0;0
368587;No;598;598;92;1033;-0.00;-0.01;Disabled;66.38;21.92;Yes;0;0;0;0;0;0
368618;No;598;598;92;1028;-0.00;-0.01;Disabled;66.38;21.92;Yes;0;0;0;0;0;0
368679;No;598;598;92;1022;-0.00;-0.01;Disabled;66.38;21.92;Yes;0;0;0;0;0;0
368709;No;598;598;92;1016;-0.00;-0.01;Disabled;66.38;21.92;Yes;0;0;0;0;0;0
368737;No;597;598;92;1011;-0.00;-0.01;Disabled;66.38;21.92;Yes;0;0;0;0;0;0
368769;No;597;597;92;1006;-0.00;-0.01;Disabled;66.38;21.92;Yes;0;0;0;0;0;0
368798;No;597;597;92;1000;-0.00;-0.01;Disabled;66.38;21.92;Yes;0;0;0;0;0;0
368829;No;597;597;91;995;-0.00;-0.01;Disabled;66.38;21.92;Yes;0;0;0;0;0;0
368859;No;597;597;91;990;-0.00;-0.01;Disabled;66.38;21.92;Yes;0;0;0;0;0;0
368888;No;597;597;91;984;-0.00;-0.01;Disabled;66.38;21.92;Yes;0;0;0;0;0;0
368918;No;597;597;91;979;-0.00;-0.00;Disabled;66.38;21.92;Yes;0;0;0;0;0;0
368980;No;597;597;91;973;0.00;-0.00;Disabled;66.38;21.92;Yes;0;0;0;0;0;0
369010;No;597;597;91;968;0.00;-0.00;Disabled;66.38;21.92;Yes;0;0;0;0;0;0
369038;No;597;597;91;962;0.00;-0.00;Disabled;66.38;21.92;Yes;0;0;0;0;0;0
369069;No;596;597;91;957;0.00;-0.00;Disabled;66.38;21.92;Yes;0;0;0;0;0;0
369097;No;596;596;91;952;0.00;-0.00;Disabled;66.38;21.92;Yes;0;0;0;0;0;0
369128;No;596;596;91;946;0.00;-0.00;Disabled;66.38;21.92;Yes;0;0;0;0;0;0
369157;No;596;596;91;939;0.00;-0.00;Disabled;66.38;21.92;Yes;0;0;0;0;0;0
369188;No;596;596;91;932;0.00;-0.00;Disabled;66.38;21.92;Yes;0;0;0;0;0;0
369219;No;596;596;91;926;0.00;-0.00;Disabled;66.38;21.92;Yes;0;0;0;0;0;0
369247;No;596;596;91;918;0.00;-0.00;Disabled;66.38;21.92;Yes;0;0;0;0;0;0
369308;No;596;596;91;912;0.00;0.00;Disabled;66.38;21.92;Yes;0;0;0;0;0;0
369367;No;596;596;91;904;0.00;0.00;Disabled;66.38;21.92;Yes;0;0;0;0;0;0
369398;No;596;596;91;898;0.01;0.00;Disabled;66.38;21.92;Yes;0;0;0;0;0;0
369428;No;595;596;91;891;0.01;0.00;Disabled;66.38;21.92;Yes;0;0;0;0;0;0
369458;No;595;595;91;884;0.01;0.00;Disabled;66.38;21.92;Yes;0;0;0;0;0;0
369487;No;595;595;91;877;0.01;0.01;Disabled;66.38;21.92;Yes;0;0;0;0;0;0
369521;No;595;595;91;870;0.01;0.01;Disabled;66.38;21.92;Yes;0;0;0;0;0;0
369578;No;595;595;91;863;0.01;0.01;Disabled;66.38;21.92;Yes;0;0;0;0;0;0
369608;No;595;595;91;856;0.01;0.01;Disabled;66.38;21.92;Yes;0;0;0;0;0;0
369640;No;595;595;91;849;0.01;0.01;Disabled;66.38;21.92;Yes;0;0;0;0;0;0
369668;No;595;595;91;842;0.01;0.01;Disabled;66.38;21.92;Yes;0;0;0;0;0;0
369698;No;595;595;91;835;0.01;0.01;Disabled;66.38;21.92;Yes;0;0;0;0;0;0
369727;No;594;594;91;828;0.01;0.01;Disabled;66.38;21.92;Yes;0;0;0;0;0;0
369758;No;594;594;91;839;0.02;0.01;Disabled;66.38;21.92;Yes;0;0;0;0;0;0
369786;No;594;594;91;850;0.02;0.02;Disabled;66.38;21.92;Yes;0;0;0;0;0;0
369820;No;594;594;91;860;0.02;0.02;Disabled;66.38;21.92;Yes;0;0;0;0;0;0
369880;No;594;594;91;871;0.02;0.02;Disabled;66.38;21.92;Yes;0;0;0;0;0;0
369908;No;594;594;91;882;0.02;0.02;Disabled;66.38;21.92;Yes;0;0;0;0;0;0
369939;No;594;594;91;892;0.02;0.02;Disabled;66.38;21.92;Yes;0;0;0;0;0;0
369969;No;594;594;91;903;0.02;0.02;Disabled;66.38;21.92;Yes;0;0;0;0;0;0
369998;No;594;593;91;914;0.02;0.02;Disabled;66.38;21.92;Yes;0;0;0;0;0;0
370030;No;594;593;91;925;0.02;0.02;Disabled;66.38;21.92;Yes;0;0;0;0;0;0
370061;No;593;593;91;936;0.03;0.02;Disabled;66.38;21.92;Yes;0;0;0;0;0;0
370086;No;593;593;91;946;0.03;0.03;Disabled;66.38;21.92;Yes;0;0;0;0;0;0
370118;No;593;593;91;957;0.03;0.03;Disabled;66.38;21.92;Yes;0;0;0;0;0;0
370177;No;593;593;91;968;0.03;0.03;Disabled;66.38;21.92;Yes;0;0;0;0;0;0
370208;No;593;592;91;978;0.03;0.03;Disabled;66.38;21.92;Yes;0;0;0;0;0;0
370238;No;593;592;91;989;0.03;0.03;Disabled;66.38;21.92;Yes;0;0;0;0;0;0
370269;No;593;592;91;1000;0.03;0.03;Disabled;66.38;21.92;Yes;0;0;0;0;0;0
370296;No;592;592;91;1010;0.03;0.03;Disabled;66.38;21.92;Yes;0;0;0;0;0;0
370328;No;592;592;91;1008;0.04;0.03;Disabled;66.38;21.92;Yes;0;0;0;0;0;0
370360;No;592;592;91;1006;0.04;0.04;Disabled;66.38;21.92;Yes;0;0;0;0;0;0
370388;No;592;592;91;1003;0.04;0.04;Disabled;66.38;21.92;Yes;0;0;0;0;0;0
370420;No;592;592;91;1000;0.04;0.04;Disabled;66.38;21.92;Yes;0;0;0;0;0;0
370479;No;592;591;91;998;0.04;0.04;Disabled;66.38;21.92;Yes;0;0;0;0;0;0
370511;No;592;591;91;996;0.04;0.04;Disabled;66.38;21.92;Yes;0;0;0;0;0;0
370538;No;591;591;91;993;0.04;0.04;Disabled;66.38;21.92;Yes;0;0;0;0;0;0
370566;No;591;591;91;990;0.04;0.04;Disabled;66.38;21.92;Yes;0;0;0;0;0;0
370615;No;591;591;91;988;0.04;0.04;Disabled;66.38;21.92;Yes;0;0;0;0;0;0
370658;No;591;591;91;985;0.04;0.04;Disabled;66.38;21.92;Yes;0;0;0;0;0;0
370688;No;591;590;91;983;0.04;0.04;Disabled;66.38;21.92;Yes;0;0;0;0;0;0
370720;No;591;590;91;980;0.04;0.04;Disabled;66.38;21.92;Yes;0;0;0;0;0;0
370779;No;590;590;91;978;0.04;0.04;Disabled;66.38;21.92;Yes;0;0;0;0;0;0
370808;No;590;590;91;975;0.04;0.04;Disabled;66.38;21.92;Yes;0;0;0;0;0;0
370838;No;590;590;91;973;0.04;0.04;Disabled;66.38;21.92;Yes;0;0;0;0;0;0
370869;No;590;590;91;970;0.04;0.04;Disabled;66.38;21.92;Yes;0;0;0;0;0;0
370899;No;590;590;91;968;0.04;0.04;Disabled;66.38;21.92;Yes;0;0;0;0;0;0
370926;No;590;590;91;965;0.04;0.04;Disabled;66.38;21.92;Yes;0;0;0;0;0;0
370961;No;590;589;91;962;0.04;0.04;Disabled;66.38;21.92;Yes;0;0;0;0;0;0
370987;No;589;589;91;959;0.05;0.05;Disabled;66.38;21.92;Yes;0;0;0;0;0;0
371020;No;589;589;91;956;0.05;0.05;Disabled;66.38;21.92;Yes;0;0;0;0;0;0
371079;No;589;589;91;954;0.05;0.05;Disabled;66.38;21.92;Yes;0;0;0;0;0;0
371107;No;589;589;91;951;0.05;0.05;Disabled;66.38;21.92;Yes;0;0;0;0;0;0
371138;No;589;589;91;948;0.05;0.05;Disabled;66.38;21.92;Yes;0;0;0;0;0;0
371166;No;589;589;91;946;0.05;0.05;Disabled;66.38;21.92;Yes;0;0;0;0;0;0
371196;No;588;588;91;942;0.05;0.05;Disabled;66.38;21.92;Yes;0;0;0;0;0;0
371227;No;588;588;91;940;0.05;0.05;Disabled;66.38;21.92;Yes;0;0;0;0;0;0
371258;No;588;588;91;937;0.05;0.05;Disabled;66.38;21.92;Yes;0;0;0;0;0;0
371290;No;588;588;91;934;0.05;0.05;Disabled;66.38;21.92;Yes;0;0;0;0;0;0
371318;No;588;588;91;932;0.05;0.05;Disabled;66.38;21.92;Yes;0;0;0;0;0;0
371381;No;588;588;91;929;0.05;0.05;Disabled;66.38;21.92;Yes;0;0;0;0;0;0
371408;No;588;588;91;926;0.05;0.05;Disabled;66.38;21.92;Yes;0;0;0;0;0;0
371438;No;588;588;91;923;0.05;0.05;Disabled;66.38;21.92;Yes;0;0;0;0;0;0
371467;No;587;588;91;920;0.05;0.05;Disabled;66.38;21.92;Yes;0;0;0;0;0;0
371498;No;587;587;91;921;0.05;0.05;Disabled;66.38;21.92;Yes;0;0;0;0;0;0
371528;No;587;587;91;922;0.05;0.05;Disabled;66.38;21.92;Yes;0;0;0;0;0;0
371559;No;587;587;91;923;0.05;0.06;Disabled;66.38;21.92;Yes;0;0;0;0;0;0
371587;No;587;587;91;924;0.05;0.06;Disabled;66.38;21.92;Yes;0;0;0;0;0;0
371620;No;587;587;91;924;0.05;0.06;Disabled;66.38;21.92;Yes;0;0;0;0;0;0
371681;No;587;587;91;926;0.05;0.06;Disabled;66.38;21.92;Yes;0;0;0;0;0;0
371708;No;587;586;91;926;0.05;0.06;Disabled;66.38;21.92;Yes;0;0;0;0;0;0
371738;No;586;586;91;927;0.05;0.06;Disabled;66.38;21.92;Yes;0;0;0;0;0;0
371766;No;586;586;91;928;0.05;0.06;Disabled;66.38;21.92;Yes;0;0;0;0;0;0
371797;No;586;586;91;929;0.05;0.06;Disabled;66.38;21.92;Yes;0;0;0;0;0;0
371827;No;586;586;91;930;0.06;0.06;Disabled;66.38;21.92;Yes;0;0;0;0;0;0
371858;No;586;586;91;931;0.06;0.06;Disabled;66.38;21.92;Yes;0;0;0;0;0;0
371896;No;586;586;91;932;0.06;0.06;Disabled;66.38;21.92;Yes;0;0;0;0;0;0
371918;No;586;586;91;932;0.06;0.07;Disabled;66.38;21.92;Yes;0;0;0;0;0;0
371981;No;586;585;91;933;0.06;0.07;Disabled;66.38;21.92;Yes;0;0;0;0;0;0
372011;No;586;585;91;934;0.06;0.07;Disabled;66.38;21.92;Yes;0;0;0;0;0;0
372038;No;585;585;91;935;0.06;0.07;Disabled;66.38;21.92;Yes;0;0;0;0;0;0
372066;No;585;585;91;943;0.06;0.07;Disabled;66.38;21.92;Yes;0;0;0;0;0;0
372098;No;585;585;91;951;0.06;0.07;Disabled;66.38;21.92;Yes;0;0;0;0;0;0
372129;No;585;585;91;959;0.06;0.07;Disabled;66.38;21.92;Yes;0;0;0;0;0;0
372161;No;585;585;91;967;0.06;0.07;Disabled;66.38;21.92;Yes;0;0;0;0;0;0
372188;No;585;584;91;975;0.06;0.07;Disabled;66.38;21.92;Yes;0;0;0;0;0;0
372220;No;584;584;91;983;0.06;0.07;Disabled;66.38;21.92;Yes;0;0;0;0;0;0
372283;No;584;584;91;992;0.06;0.07;Disabled;66.38;21.92;Yes;0;0;0;0;0;0
372307;No;584;584;90;1000;0.06;0.07;Disabled;66.38;21.92;Yes;0;0;0;0;0;0
372338;No;584;584;90;1008;0.06;0.07;Disabled;66.38;21.92;Yes;0;0;0;0;0;0
372366;No;584;584;90;1016;0.06;0.07;Disabled;66.38;21.92;Yes;0;0;0;0;0;0
372396;No;584;584;90;1024;0.07;0.07;Disabled;66.38;21.92;Yes;0;0;0;0;0;0
372427;No;584;584;90;1032;0.07;0.08;Disabled;66.38;21.92;Yes;0;0;0;0;0;0
372460;No;583;584;90;1040;0.07;0.08;Disabled;66.38;21.92;Yes;0;0;0;0;0;0
372488;No;583;583;90;1048;0.07;0.08;Disabled;66.38;21.92;Yes;0;0;0;0;0;0
372519;No;583;583;90;1056;0.07;0.08;Disabled;66.38;21.92;Yes;0;0;0;0;0;0
372546;No;583;583;90;1064;0.07;0.08;Disabled;66.38;21.92;Yes;0;0;0;0;0;0
372611;No;583;583;90;1072;0.07;0.08;Disabled;66.38;21.92;Yes;0;0;0;0;0;0
372639;No;582;583;90;1084;0.07;0.08;Disabled;66.38;21.92;Yes;0;0;0;0;0;0
372668;No;582;582;90;1095;0.07;0.08;Disabled;66.38;21.92;Yes;0;0;0;0;0;0
372699;No;582;582;90;1107;0.07;0.08;Disabled;66.38;21.92;Yes;0;0;0;0;0;0
372727;No;582;582;90;1118;0.07;0.08;Disabled;66.38;21.92;Yes;0;0;0;0;0;0
372759;No;582;582;90;1130;0.08;0.08;Disabled;66.38;21.92;Yes;0;0;0;0;0;0
372788;No;582;582;90;1141;0.08;0.08;Disabled;66.38;21.92;Yes;0;0;0;0;0;0
372818;No;582;582;90;1153;0.08;0.08;Disabled;66.38;21.92;Yes;0;0;0;0;0;0
372880;No;581;582;90;1164;0.08;0.09;Disabled;66.38;21.92;Yes;0;0;0;0;0;0
372907;No;581;581;90;1176;0.08;0.09;Disabled;66.38;21.92;Yes;0;0;0;0;0;0
372938;No;581;581;90;1188;0.08;0.09;Disabled;66.38;21.92;Yes;0;0;0;0;0;0
372966;No;581;581;90;1199;0.08;0.09;Disabled;66.38;21.92;Yes;0;0;0;0;0;0
372998;No;581;581;90;1210;0.08;0.09;Disabled;66.38;21.92;Yes;0;0;0;0;0;0
373028;No;580;581;90;1222;0.09;0.09;Disabled;66.38;21.92;Yes;0;0;0;0;0;0
373059;No;580;580;90;1234;0.09;0.09;Disabled;66.38;21.92;Yes;0;0;0;0;0;0
373091;No;580;580;90;1245;0.09;0.09;Disabled;66.38;21.92;Yes;0;0;0;0;0;0
373118;No;580;580;90;1257;0.09;0.09;Disabled;66.38;21.92;Yes;0;0;0;0;0;0
373202;No;580;580;90;1268;0.09;0.10;Disabled;66.38;21.92;Yes;0;0;0;0;0;0
373240;No;580;580;90;1275;0.09;0.10;Disabled;66.38;21.92;Yes;0;0;0;0;0;0
373268;No;580;580;90;1282;0.09;0.10;Disabled;66.38;21.92;Yes;0;0;0;0;0;0
373296;No;579;580;90;1289;0.10;0.13;Enabled;66.38;21.92;Yes;0;0;0;0;0;0
373327;No;579;579;90;1296;0.10;0.15;Enabled;66.38;21.92;Yes;0;0;0;0;0;0
373357;No;579;579;90;1303;0.10;0.18;Enabled;66.38;21.92;Yes;0;0;0;0;0;0
373388;No;579;579;90;1310;0.10;0.21;Enabled;66.38;21.92;Yes;0;0;0;0;0;0
373421;No;579;579;90;1317;0.10;0.24;Enabled;66.38;21.92;Yes;0;0;0;0;0;0
373481;No;579;579;90;1324;0.10;0.26;Enabled;66.38;21.92;Yes;0;0;0;0;0;0
373510;No;578;579;90;1331;0.11;0.29;Enabled;66.38;21.92;Yes;0;0;0;0;0;0
373537;No;578;578;90;1338;0.11;0.32;Enabled;66.38;21.92;Yes;0;0;0;0;0;0
373568;No;578;578;90;1345;0.11;0.35;Enabled;66.38;21.92;Yes;0;0;0;0;0;0
373596;No;578;578;90;1352;0.11;0.37;Enabled;66.38;21.92;Yes;0;0;0;0;0;0
373626;No;578;578;90;1359;0.11;0.40;Enabled;66.38;21.92;Yes;0;0;0;0;0;0
373657;No;578;578;90;1366;0.11;0.43;Enabled;66.38;21.92;Yes;0;0;0;0;0;0
373688;No;578;578;90;1373;0.11;0.46;Enabled;66.38;21.92;Yes;0;0;0;0;0;0
373717;No;578;578;90;1380;0.12;0.48;Enabled;66.38;21.92;Yes;0;0;0;0;0;0
373781;No;578;578;90;1387;0.12;0.51;Enabled;66.38;21.92;Yes;0;0;0;0;0;0
373807;No;577;577;90;1386;0.12;0.54;Enabled;66.38;21.92;Yes;0;0;0;0;0;0
373838;No;577;577;90;1386;0.14;0.57;Enabled;66.38;21.92;Yes;0;0;0;0;0;0
373866;No;577;577;90;1386;0.16;0.58;Enabled;66.38;21.92;Yes;0;0;0;0;0;0
373901;No;577;577;90;1385;0.19;0.59;Enabled;66.38;21.92;Yes;0;0;0;0;0;0
373929;No;577;577;90;1385;0.21;0.60;Enabled;66.38;21.92;Yes;0;0;0;0;0;0
373961;No;577;577;90;1384;0.23;0.61;Enabled;66.38;21.92;Yes;0;0;0;0;0;0
373990;No;577;577;90;1384;0.25;0.62;Enabled;66.38;21.92;Yes;0;0;0;0;0;0
374020;No;577;576;90;1384;0.28;0.64;Enabled;66.38;21.92;Yes;0;0;0;0;0;0
374081;No;576;576;90;1383;0.30;0.65;Enabled;66.38;21.92;Yes;0;0;0;0;0;0
374107;No;576;576;90;1383;0.32;0.66;Enabled;66.38;21.92;Yes;0;0;0;0;0;0
374138;No;576;576;90;1382;0.34;0.67;Enabled;66.38;21.92;Yes;0;0;0;0;0;0
374168;No;576;576;90;1382;0.37;0.68;Enabled;66.38;21.92;Yes;0;0;0;0;0;0
374197;No;576;576;90;1382;0.39;0.69;Enabled;66.38;21.92;Yes;0;0;0;0;0;0
374228;No;576;576;90;1382;0.41;0.71;Enabled;66.38;21.92;Yes;0;0;0;0;0;0
374259;No;576;576;90;1381;0.44;0.72;Enabled;66.38;21.92;Yes;0;0;0;0;0;0
374290;No;576;576;90;1381;0.46;0.73;Enabled;66.38;21.92;Yes;0;0;0;0;0;0
374318;No;576;575;90;1380;0.48;0.74;Enabled;66.38;21.92;Yes;0;0;0;0;0;0
374382;No;576;575;90;1367;0.50;0.75;Enabled;66.38;21.92;Yes;0;0;0;0;0;0
374409;No;576;575;90;1354;0.52;0.76;Enabled;66.38;21.92;Yes;0;0;0;0;0;0
374457;No;576;575;90;1342;0.54;0.77;Enabled;66.38;21.92;Yes;0;0;0;0;0;0
374499;No;575;575;90;1328;0.56;0.77;Enabled;66.38;21.92;Yes;0;0;0;0;0;0
374526;No;575;575;90;1316;0.57;0.77;Enabled;66.38;21.92;Yes;0;0;0;0;0;0
374560;No;575;575;90;1303;0.59;0.78;Enabled;66.38;21.92;Yes;0;0;0;0;0;0
374587;No;575;575;90;1290;0.61;0.78;Enabled;66.38;21.92;Yes;0;0;0;0;0;0
374617;No;575;575;89;1277;0.62;0.79;Enabled;66.38;21.92;Yes;0;0;0;0;0;0
374681;No;575;575;89;1264;0.64;0.79;Enabled;66.38;21.92;Yes;0;0;0;0;0;0
374709;No;575;575;89;1251;0.66;0.79;Enabled;66.38;21.92;Yes;0;0;0;0;0;0
374738;No;575;575;89;1238;0.68;0.80;Enabled;66.38;21.92;Yes;0;0;0;0;0;0
374768;No;575;574;89;1225;0.69;0.80;Enabled;66.38;21.92;Yes;0;0;0;0;0;0
374798;No;575;574;89;1212;0.71;0.80;Enabled;66.38;21.92;Yes;0;0;0;0;0;0
374829;No;574;574;89;1200;0.73;0.81;Enabled;66.38;21.92;Yes;0;0;0;0;0;0
374861;No;574;574;89;1186;0.75;0.81;Enabled;66.38;21.92;Yes;0;0;0;0;0;0
374887;No;574;574;89;1174;0.76;0.82;Enabled;66.38;21.92;Yes;0;0;0;0;0;0
374918;No;574;574;89;1161;0.78;0.82;Enabled;66.38;21.92;Yes;0;0;0;0;0;0
374947;No;574;574;89;1162;0.80;0.82;Enabled;66.38;21.92;Yes;0;0;0;0;0;0
375011;No;574;574;89;1162;0.79;0.83;Enabled;66.38;21.92;Yes;0;0;0;0;0;0
375039;No;574;574;89;1163;0.79;0.83;Enabled;66.38;21.92;Yes;0;0;0;0;0;0
375066;No;574;574;89;1164;0.79;0.82;Enabled;66.38;21.92;Yes;0;0;0;0;0;0
375098;No;574;574;89;1165;0.79;0.82;Enabled;66.38;21.92;Yes;0;0;0;0;0;0
375127;No;574;574;89;1166;0.79;0.82;Enabled;66.38;21.92;Yes;0;0;0;0;0;0
375158;No;574;574;89;1167;0.79;0.82;Enabled;66.38;21.92;Yes;0;0;0;0;0;0
375186;No;574;574;89;1168;0.78;0.82;Enabled;66.38;21.92;Yes;0;0;0;0;0;0
375221;No;574;574;89;1168;0.78;0.82;Enabled;66.38;21.92;Yes;0;0;0;0;0;0
375281;No;574;574;89;1170;0.78;0.82;Enabled;66.38;21.92;Yes;0;0;0;0;0;0
375307;No;574;574;89;1170;0.78;0.82;Enabled;66.38;21.92;Yes;0;0;0;0;0;0
375337;No;574;574;89;1171;0.77;0.82;Enabled;66.38;21.92;Yes;0;0;0;0;0;0
375368;No;574;574;89;1172;0.77;0.82;Enabled;66.38;21.92;Yes;0;0;0;0;0;0
375398;No;574;574;89;1173;0.77;0.82;Enabled;66.38;21.92;Yes;0;0;0;0;0;0
375427;No;574;574;89;1174;0.77;0.82;Enabled;66.38;21.92;Yes;0;0;0;0;0;0
375458;No;573;574;89;1175;0.77;0.81;Enabled;66.38;21.92;Yes;0;0;0;0;0;0
375490;No;573;573;89;1176;0.76;0.81;Enabled;66.38;21.92;Yes;0;0;0;0;0;0
375518;No;573;573;89;1180;0.76;0.81;Enabled;66.38;21.92;Yes;0;0;0;0;0;0
375590;No;573;573;89;1184;0.76;0.81;Enabled;66.38;21.92;Yes;0;0;0;0;0;0
375610;No;573;573;89;1188;0.76;0.81;Enabled;66.38;21.92;Yes;0;0;0;0;0;0
375637;No;573;573;89;1192;0.76;0.81;Enabled;66.38;21.92;Yes;0;0;0;0;0;0
375669;No;573;573;89;1197;0.76;0.81;Enabled;66.38;21.92;Yes;0;0;0;0;0;0
375696;No;573;573;89;1201;0.76;0.80;Enabled;66.38;21.92;Yes;0;0;0;0;0;0
375736;No;573;573;89;1205;0.76;0.80;Enabled;66.38;21.92;Yes;0;0;0;0;0;0
375758;No;573;573;89;1210;0.76;0.80;Enabled;66.38;21.92;Yes;0;0;0;0;0;0
375788;No;573;573;89;1214;0.76;0.80;Enabled;66.38;21.92;Yes;0;0;0;0;0;0
375818;No;573;573;89;1218;0.75;0.80;Enabled;66.38;21.92;Yes;0;0;0;0;0;0
375881;No;573;573;89;1222;0.75;0.80;Enabled;66.38;21.92;Yes;0;0;0;0;0;0
375910;No;573;573;89;1226;0.75;0.79;Enabled;66.38;21.92;Yes;0;0;0;0;0;0
375937;No;573;573;89;1231;0.75;0.79;Enabled;66.38;21.92;Yes;0;0;0;0;0;0
375969;No;573;573;89;1235;0.75;0.79;Enabled;66.38;21.92;Yes;0;0;0;0;0;0
375998;No;573;573;89;1239;0.75;0.79;Enabled;66.38;21.92;Yes;0;0;0;0;0;0
376028;No;573;573;89;1244;0.75;0.79;Enabled;66.38;21.92;Yes;0;0;0;0;0;0
376058;No;573;573;89;1248;0.75;0.79;Enabled;66.38;21.92;Yes;0;0;0;0;0;0
376090;No;573;573;89;1254;0.75;0.78;Enabled;66.38;21.92;Yes;0;0;0;0;0;0
376118;No;573;573;89;1260;0.72;0.78;Enabled;66.38;21.92;Yes;0;0;0;0;0;0
376181;No;573;573;89;1265;0.69;0.78;Enabled;66.38;21.92;Yes;0;0;0;0;0;0
376208;No;573;573;89;1271;0.66;0.78;Enabled;66.38;21.92;Yes;0;0;0;0;0;0
376238;No;573;573;89;1277;0.63;0.78;Enabled;66.38;21.92;Yes;0;0;0;0;0;0
376269;No;573;573;89;1283;0.61;0.78;Enabled;66.38;21.92;Yes;0;0;0;0;0;0
376297;No;573;573;89;1288;0.58;0.78;Enabled;66.38;21.92;Yes;0;0;0;0;0;0
376328;No;573;573;89;1294;0.55;0.78;Enabled;66.38;21.92;Yes;0;0;0;0;0;0
376359;No;573;573;89;1300;0.52;0.78;Enabled;66.38;21.92;Yes;0;0;0;0;0;0
376387;No;573;573;89;1306;0.49;0.78;Enabled;66.38;21.92;Yes;0;0;0;0;0;0
376419;No;573;573;89;1312;0.46;0.79;Enabled;66.38;21.92;Yes;0;0;0;0;0;0
376446;No;573;573;89;1318;0.44;0.79;Enabled;66.38;21.92;Yes;0;0;0;0;0;0
376511;No;573;573;89;1324;0.41;0.79;Enabled;66.38;21.92;Yes;0;0;0;0;0;0
376538;No;573;573;89;1330;0.38;0.79;Enabled;66.38;21.92;Yes;0;0;0;0;0;0
376569;No;573;573;89;1335;0.35;0.79;Enabled;66.38;21.92;Yes;0;0;0;0;0;0
376598;No;573;573;89;1341;0.32;0.79;Enabled;66.38;21.92;Yes;0;0;0;0;0;0
376628;No;573;573;89;1347;0.29;0.79;Enabled;66.38;21.92;Yes;0;0;0;0;0;0
376659;No;573;573;89;1351;0.26;0.79;Enabled;66.38;21.92;Yes;0;0;0;0;0;0
376686;No;573;573;89;1356;0.28;0.79;Enabled;66.38;21.92;Yes;0;0;0;0;0;0
376719;No;573;573;89;1360;0.29;0.79;Enabled;66.38;21.92;Yes;0;0;0;0;0;0
376781;No;573;573;89;1364;0.30;0.79;Enabled;66.38;21.92;Yes;0;0;0;0;0;0
376809;No;573;573;89;1368;0.31;0.79;Enabled;66.38;21.92;Yes;0;0;0;0;0;0
376837;No;573;573;89;1372;0.32;0.79;Enabled;66.38;21.92;Yes;0;0;0;0;0;0
376868;No;573;573;89;1376;0.33;0.78;Enabled;66.38;21.92;Yes;0;0;0;0;0;0
376896;No;573;573;89;1380;0.34;0.78;Enabled;66.38;21.92;Yes;0;0;0;0;0;0
376928;No;573;573;89;1385;0.35;0.78;Enabled;66.38;21.92;Yes;0;0;0;0;0;0
376958;No;573;573;89;1389;0.36;0.78;Enabled;66.38;21.92;Yes;0;0;0;0;0;0
376989;No;573;573;89;1393;0.37;0.78;Enabled;66.38;21.92;Yes;0;0;0;0;0;0
377046;No;573;573;89;1397;0.38;0.78;Enabled;66.38;21.92;Yes;0;0;0;0;0;0
377110;No;573;573;89;1402;0.39;0.78;Enabled;66.38;21.92;Yes;0;0;0;0;0;0
377138;No;573;573;89;1406;0.40;0.78;Enabled;66.38;21.92;Yes;0;0;0;0;0;0
377166;No;573;573;89;1410;0.41;0.78;Enabled;66.38;21.92;Yes;0;0;0;0;0;0
377198;No;573;573;89;1414;0.42;0.78;Enabled;66.38;21.92;Yes;0;0;0;0;0;0
377228;No;573;573;89;1418;0.43;0.78;Enabled;66.38;21.92;Yes;0;0;0;0;0;0
377259;No;573;573;89;1422;0.45;0.78;Enabled;66.38;21.92;Yes;0;0;0;0;0;0
377288;No;573;573;89;1426;0.46;0.78;Enabled;66.38;21.92;Yes;0;0;0;0;0;0
377320;No;573;573;89;1430;0.47;0.78;Enabled;66.38;21.92;Yes;0;0;0;0;0;0
377346;No;573;573;89;1433;0.49;0.78;Enabled;66.38;21.92;Yes;0;0;0;0;0;0
377411;No;573;573;89;1437;0.50;0.78;Enabled;66.38;21.92;Yes;0;0;0;0;0;0
377438;No;573;573;89;1441;0.52;0.78;Enabled;66.38;21.92;Yes;0;0;0;0;0;0
377468;No;573;573;89;1445;0.53;0.78;Enabled;66.38;21.92;Yes;0;0;0;0;0;0
377499;No;573;573;89;1448;0.55;0.78;Enabled;66.38;21.92;Yes;0;0;0;0;0;0
377528;No;573;573;89;1452;0.56;0.78;Enabled;66.38;21.92;Yes;0;0;0;0;0;0
377559;No;573;574;89;1456;0.57;0.78;Enabled;66.38;21.92;Yes;0;0;0;0;0;0
377588;No;573;574;89;1460;0.59;0.79;Enabled;66.38;21.92;Yes;0;0;0;0;0;0
377618;No;574;574;89;1464;0.60;0.79;Enabled;66.38;21.92;Yes;0;0;0;0;0;0
377646;No;574;574;89;1468;0.62;0.79;Enabled;66.38;21.92;Yes;0;0;0;0;0;0
377707;No;574;574;89;1471;0.63;0.79;Enabled;66.38;21.92;Yes;0;0;0;0;0;0
377738;No;574;574;89;1475;0.65;0.79;Enabled;66.38;21.92;Yes;0;0;0;0;0;0
377768;No;574;574;89;1479;0.66;0.79;Enabled;66.38;21.92;Yes;0;0;0;0;0;0
377799;No;574;574;89;1482;0.67;0.79;Enabled;66.38;21.92;Yes;0;0;0;0;0;0
377827;No;574;574;89;1486;0.69;0.79;Enabled;66.38;21.92;Yes;0;0;0;0;0;0
377858;No;574;574;89;1489;0.70;0.79;Enabled;66.38;21.92;Yes;0;0;0;0;0;0
377886;No;574;574;89;1492;0.70;0.79;Enabled;66.38;21.92;Yes;0;0;0;0;0;0
377917;No;574;574;89;1496;0.71;0.80;Enabled;66.38;21.92;Yes;0;0;0;0;0;0
377981;No;574;574;89;1499;0.71;0.80;Enabled;66.38;21.92;Yes;0;0;0;0;0;0
378012;No;574;574;89;1502;0.72;0.80;Enabled;66.38;21.92;Yes;0;0;0;0;0;0
378038;No;574;574;89;1506;0.73;0.80;Enabled;66.38;21.92;Yes;0;0;0;0;0;0
378068;No;574;574;89;1509;0.73;0.81;Enabled;66.38;21.92;Yes;0;0;0;0;0;0
378097;No;574;574;89;1512;0.74;0.81;Enabled;66.38;21.92;Yes;0;0;0;0;0;0
378126;No;574;574;89;1516;0.75;0.81;Enabled;66.38;21.92;Yes;0;0;0;0;0;0
378158;No;574;574;89;1519;0.75;0.81;Enabled;66.38;21.92;Yes;0;0;0;0;0;0
378188;No;574;574;89;1522;0.76;0.82;Enabled;66.38;21.92;Yes;0;0;0;0;0;0
378221;No;574;574;89;1526;0.77;0.82;Enabled;66.38;21.92;Yes;0;0;0;0;0;0
378303;No;574;574;89;1529;0.77;0.82;Enabled;66.38;21.92;Yes;0;0;0;0;0;0
378338;No;574;574;89;1532;0.78;0.82;Enabled;66.38;21.92;Yes;0;0;0;0;0;0
378366;No;574;574;89;1536;0.78;0.82;Enabled;66.38;21.92;Yes;0;0;0;0;0;0
378398;No;574;574;89;1539;0.79;0.83;Enabled;66.38;21.92;Yes;0;0;0;0;0;0
378429;No;574;574;89;1538;0.80;0.83;Enabled;66.38;21.92;Yes;0;0;0;0;0;0
378458;No;574;574;89;1538;0.80;0.83;Enabled;66.38;21.92;Yes;0;0;0;0;0;0
378486;No;574;574;89;1538;0.80;0.83;Enabled;66.38;21.92;Yes;0;0;0;0;0;0
378522;No;574;574;89;1537;0.80;0.83;Enabled;66.38;21.92;Yes;0;0;0;0;0;0
378580;No;574;574;89;1536;0.80;0.83;Enabled;66.38;21.92;Yes;0;0;0;0;0;0
378608;No;575;575;89;1536;0.80;0.83;Enabled;66.38;21.92;Yes;0;0;0;0;0;0
378639;No;575;575;89;1536;0.80;0.83;Enabled;66.38;21.92;Yes;0;0;0;0;0;0
378666;No;575;575;89;1535;0.80;0.83;Enabled;66.38;21.92;Yes;0;0;0;0;0;0
378696;No;575;575;89;1535;0.80;0.83;Enabled;66.38;21.92;Yes;0;0;0;0;0;0
378728;No;575;575;89;1534;0.80;0.83;Enabled;66.38;21.92;Yes;0;0;0;0;0;0
378758;No;575;575;89;1534;0.81;0.83;Enabled;66.38;21.92;Yes;0;0;0;0;0;0
378788;No;575;575;89;1534;0.81;0.83;Enabled;66.38;21.92;Yes;0;0;0;0;0;0
378820;No;575;575;89;1533;0.81;0.83;Enabled;66.38;21.92;Yes;0;0;0;0;0;0
378881;No;575;575;89;1533;0.81;0.83;Enabled;66.38;21.92;Yes;0;0;0;0;0;0
378910;No;575;575;89;1532;0.81;0.83;Enabled;66.38;21.92;Yes;0;0;0;0;0;0
378937;No;575;575;89;1532;0.81;0.83;Enabled;66.38;21.92;Yes;0;0;0;0;0;0
378968;No;575;575;89;1532;0.81;0.83;Enabled;66.38;21.92;Yes;0;0;0;0;0;0
378999;No;575;575;89;1515;0.81;0.83;Enabled;66.38;21.92;Yes;0;0;0;0;0;0
379026;No;575;575;89;1499;0.81;0.83;Enabled;66.38;21.92;Yes;0;0;0;0;0;0
379060;No;575;575;89;1483;0.81;0.83;Enabled;66.38;21.92;Yes;0;0;0;0;0;0
379090;No;575;575;89;1466;0.82;0.83;Enabled;66.38;21.92;Yes;0;0;0;0;0;0
379118;No;575;575;89;1450;0.82;0.83;Enabled;66.38;21.92;Yes;0;0;0;0;0;0
379181;No;575;575;89;1434;0.82;0.83;Enabled;66.38;21.92;Yes;0;0;0;0;0;0
379209;No;575;575;89;1418;0.82;0.83;Enabled;66.38;21.92;Yes;0;0;0;0;0;0
379237;No;575;575;89;1402;0.82;0.83;Enabled;66.38;21.92;Yes;0;0;0;0;0;0
379267;No;575;575;89;1386;0.82;0.83;Enabled;66.38;21.92;Yes;0;0;0;0;0;0
379298;No;575;576;89;1369;0.82;0.83;Enabled;66.38;21.92;Yes;0;0;0;0;0;0
379328;No;576;576;89;1353;0.83;0.83;Enabled;66.38;21.92;Yes;0;0;0;0;0;0
379357;No;576;576;89;1337;0.83;0.83;Enabled;66.38;21.92;Yes;0;0;0;0;0;0
379388;No;576;576;89;1320;0.83;0.84;Enabled;66.38;21.92;Yes;0;0;0;0;0;0
379421;No;576;576;89;1304;0.83;0.84;Enabled;66.38;21.92;Yes;0;0;0;0;0;0
379481;No;576;576;89;1288;0.83;0.84;Enabled;66.38;21.92;Yes;0;0;0;0;0;0
379508;No;576;576;89;1272;0.83;0.84;Enabled;66.38;21.92;Yes;0;0;0;0;0;0
379538;No;576;576;89;1256;0.83;0.84;Enabled;66.38;21.92;Yes;0;0;0;0;0;0
379578;No;576;576;89;1255;0.84;0.84;Enabled;66.38;21.92;Yes;0;0;0;0;0;0
379598;No;576;576;89;1255;0.83;0.84;Enabled;66.38;21.92;Yes;0;0;0;0;0;0
379628;No;576;576;89;1255;0.83;0.84;Enabled;66.38;21.92;Yes;0;0;0;0;0;0
379658;No;576;576;89;1254;0.83;0.84;Enabled;66.38;21.92;Yes;0;0;0;0;0;0
379688;No;576;576;89;1254;0.83;0.84;Enabled;66.38;21.92;Yes;0;0;0;0;0;0
379716;No;576;576;89;1254;0.83;0.84;Enabled;66.38;21.92;Yes;0;0;0;0;0;0
379781;No;576;576;89;1254;0.83;0.83;Enabled;66.38;21.92;Yes;0;0;0;0;0;0
379810;No;576;576;89;1254;0.83;0.83;Enabled;66.38;21.92;Yes;0;0;0;0;0;0
379837;No;576;576;89;1253;0.82;0.83;Enabled;66.38;21.92;Yes;0;0;0;0;0;0
379868;No;576;576;89;1253;0.82;0.83;Enabled;66.38;21.92;Yes;0;0;0;0;0;0
379900;No;576;576;89;1252;0.82;0.83;Enabled;66.38;21.92;Yes;0;0;0;0;0;0
379930;No;576;576;89;1252;0.82;0.83;Enabled;66.38;21.92;Yes;0;0;0;0;0;0
379960;No;576;576;89;1252;0.82;0.83;Enabled;66.38;21.92;Yes;0;0;0;0;0;0
379988;No;576;576;89;1252;0.82;0.83;Enabled;66.38;21.92;Yes;0;0;0;0;0;0
380021;No;576;576;89;1252;0.82;0.83;Enabled;66.38;21.92;Yes;0;0;0;0;0;0
380081;No;576;576;89;1251;0.81;0.83;Enabled;66.38;21.92;Yes;0;0;0;0;0;0
380108;No;576;576;89;1251;0.81;0.82;Enabled;66.38;21.92;Yes;0;0;0;0;0;0
380139;No;577;576;89;1253;0.81;0.82;Enabled;66.38;21.92;Yes;0;0;0;0;0;0
380167;No;577;577;89;1255;0.81;0.82;Enabled;66.38;21.92;Yes;0;0;0;0;0;0
380198;No;577;577;89;1257;0.81;0.82;Enabled;66.38;21.92;Yes;0;0;0;0;0;0
380226;No;577;577;89;1259;0.81;0.82;Enabled;66.38;21.92;Yes;0;0;0;0;0;0
380258;No;577;577;89;1261;0.81;0.82;Enabled;66.38;21.92;Yes;0;0;0;0;0;0
380288;No;577;577;89;1264;0.81;0.82;Enabled;66.38;21.92;Yes;0;0;0;0;0;0
380317;No;577;577;89;1266;0.80;0.82;Enabled;66.38;21.92;Yes;0;0;0;0;0;0
380381;No;577;577;89;1268;0.80;0.81;Enabled;66.38;21.92;Yes;0;0;0;0;0;0
380408;No;577;577;89;1270;0.80;0.81;Enabled;66.38;21.92;Yes;0;0;0;0;0;0
380438;No;577;577;89;1272;0.80;0.81;Enabled;66.38;21.92;Yes;0;0;0;0;0;0
380469;No;577;577;89;1274;0.80;0.81;Enabled;66.38;21.92;Yes;0;0;0;0;0;0
380497;No;577;577;89;1276;0.80;0.81;Enabled;66.38;21.92;Yes;0;0;0;0;0;0
380528;No;577;577;89;1278;0.80;0.81;Enabled;66.38;21.92;Yes;0;0;0;0;0;0
380558;No;577;577;89;1280;0.80;0.81;Enabled;66.38;21.92;Yes;0;0;0;0;0;0
380591;No;577;577;89;1282;0.80;0.81;Enabled;66.38;21.92;Yes;0;0;0;0;0;0
380617;No;577;577;89;1284;0.79;0.81;Enabled;66.38;21.92;Yes;0;0;0;0;0;0
380680;No;577;577;89;1286;0.79;0.80;Enabled;66.38;21.92;Yes;0;0;0;0;0;0
380707;No;577;577;89;1288;0.79;0.80;Enabled;66.38;21.92;Yes;0;0;0;0;0;0
380737;No;577;577;89;1289;0.79;0.80;Enabled;66.38;21.92;Yes;0;0;0;0;0;0
380767;No;578;577;89;1290;0.79;0.80;Enabled;66.38;21.92;Yes;0;0;0;0;0;0
380798;No;578;578;89;1292;0.79;0.80;Enabled;66.38;21.92;Yes;0;0;0;0;0;0
380827;No;578;578;89;1294;0.79;0.80;Enabled;66.38;21.92;Yes;0;0;0;0;0;0
380888;No;578;578;89;1295;0.79;0.80;Enabled;66.38;21.92;Yes;0;0;0;0;0;0
380919;No;578;578;89;1296;0.79;0.80;Enabled;66.38;21.92;Yes;0;0;0;0;0;0
380981;No;578;578;89;1298;0.79;0.80;Enabled;66.38;21.92;Yes;0;0;0;0;0;0
381009;No;578;578;89;1299;0.79;0.80;Enabled;66.38;21.92;Yes;0;0;0;0;0;0
381036;No;578;578;89;1301;0.78;0.80;Enabled;66.38;21.92;Yes;0;0;0;0;0;0
381067;No;578;578;89;1302;0.78;0.80;Enabled;66.38;21.92;Yes;0;0;0;0;0;0
381098;No;578;578;89;1304;0.78;0.80;Enabled;66.38;21.92;Yes;0;0;0;0;0;0
381129;No;578;578;89;1305;0.78;0.80;Enabled;66.38;21.92;Yes;0;0;0;0;0;0
381158;No;578;578;89;1306;0.78;0.79;Enabled;66.38;21.92;Yes;0;0;0;0;0;0
381186;No;578;578;89;1308;0.78;0.79;Enabled;66.38;21.92;Yes;0;0;0;0;0;0
381218;No;578;578;89;1309;0.78;0.79;Enabled;66.38;21.92;Yes;0;0;0;0;0;0
381281;No;578;578;89;1311;0.78;0.79;Enabled;66.38;21.92;Yes;0;0;0;0;0;0
381308;No;578;578;89;1312;0.78;0.79;Enabled;66.38;21.92;Yes;0;0;0;0;0;0
381338;No;578;578;89;1314;0.78;0.79;Enabled;66.38;21.92;Yes;0;0;0;0;0;0
381369;No;578;578;89;1315;0.78;0.79;Enabled;66.38;21.92;Yes;0;0;0;0;0;0
381397;No;578;578;89;1316;0.77;0.79;Enabled;66.38;21.92;Yes;0;0;0;0;0;0
381427;No;578;578;89;1318;0.77;0.79;Enabled;66.38;21.92;Yes;0;0;0;0;0;0
381457;No;578;578;89;1319;0.77;0.79;Enabled;66.38;21.92;Yes;0;0;0;0;0;0
381486;No;578;578;89;1320;0.77;0.79;Enabled;66.38;21.92;Yes;0;0;0;0;0;0
381517;No;578;578;90;1322;0.77;0.79;Enabled;66.38;21.92;Yes;0;0;0;0;0;0
381581;No;578;578;90;1323;0.77;0.79;Enabled;66.38;21.92;Yes;0;0;0;0;0;0
381611;No;578;578;90;1324;0.77;0.79;Enabled;66.38;21.92;Yes;0;0;0;0;0;0
381636;No;578;578;90;1326;0.77;0.79;Enabled;66.38;21.92;Yes;0;0;0;0;0;0
381666;No;578;579;90;1327;0.77;0.79;Enabled;66.38;21.92;Yes;0;0;0;0;0;0
381698;No;579;579;90;1329;0.77;0.79;Enabled;66.38;21.92;Yes;0;0;0;0;0;0
381729;No;579;579;90;1330;0.77;0.79;Enabled;66.38;21.92;Yes;0;0;0;0;0;0
381758;No;579;579;90;1332;0.77;0.79;Enabled;66.38;21.92;Yes;0;0;0;0;0;0
381790;No;579;579;90;1333;0.76;0.79;Enabled;66.38;21.92;Yes;0;0;0;0;0;0
381820;No;579;579;90;1334;0.76;0.79;Enabled;66.38;21.92;Yes;0;0;0;0;0;0
381881;No;579;579;90;1330;0.76;0.79;Enabled;66.38;21.92;Yes;0;0;0;0;0;0
381910;No;579;579;90;1325;0.76;0.79;Enabled;66.38;21.92;Yes;0;0;0;0;0;0
381940;No;579;579;90;1320;0.76;0.79;Enabled;66.38;21.92;Yes;0;0;0;0;0;0
381968;No;579;579;90;1316;0.76;0.79;Enabled;66.38;21.92;Yes;0;0;0;0;0;0
381998;No;579;579;90;1311;0.76;0.79;Enabled;66.38;21.92;Yes;0;0;0;0;0;0
382027;No;579;579;90;1306;0.76;0.79;Enabled;66.38;21.92;Yes;0;0;0;0;0;0
382057;No;579;579;90;1302;0.76;0.78;Enabled;66.38;21.92;Yes;0;0;0;0;0;0
382087;No;579;579;90;1297;0.76;0.78;Enabled;66.38;21.92;Yes;0;0;0;0;0;0
382136;No;579;579;90;1292;0.76;0.78;Enabled;66.38;21.92;Yes;0;0;0;0;0;0
382182;No;579;579;90;1288;0.76;0.78;Enabled;66.38;21.92;Yes;0;0;0;0;0;0
382209;No;579;579;90;1283;0.76;0.78;Enabled;66.38;21.92;Yes;0;0;0;0;0;0
382236;No;579;579;90;1278;0.76;0.78;Enabled;66.38;21.92;Yes;0;0;0;0;0;0
382268;No;579;579;90;1274;0.76;0.78;Enabled;66.38;21.92;Yes;0;0;0;0;0;0
382299;No;579;579;90;1269;0.75;0.78;Enabled;66.38;21.92;Yes;0;0;0;0;0;0
382328;No;579;579;90;1264;0.75;0.78;Enabled;66.38;21.92;Yes;0;0;0;0;0;0
382357;No;580;579;90;1260;0.75;0.78;Enabled;66.38;21.92;Yes;0;0;0;0;0;0
382388;No;580;580;90;1255;0.75;0.78;Enabled;66.38;21.92;Yes;0;0;0;0;0;0
382419;No;580;580;90;1244;0.75;0.78;Enabled;66.38;21.92;Yes;0;0;0;0;0;0
382447;No;580;580;90;1234;0.75;0.78;Enabled;66.38;21.92;Yes;0;0;0;0;0;0
382510;No;580;580;90;1222;0.75;0.78;Enabled;66.38;21.92;Yes;0;0;0;0;0;0
382538;No;580;580;90;1212;0.75;0.78;Enabled;66.38;21.92;Yes;0;0;0;0;0;0
382568;No;580;580;90;1201;0.75;0.77;Enabled;66.38;21.92;Yes;0;0;0;0;0;0
382596;No;580;580;90;1190;0.75;0.77;Enabled;66.38;21.92;Yes;0;0;0;0;0;0
382626;No;580;580;90;1179;0.75;0.77;Enabled;66.38;21.92;Yes;0;0;0;0;0;0
382658;No;580;580;90;1168;0.75;0.77;Enabled;66.38;21.92;Yes;0;0;0;0;0;0
382687;No;580;580;90;1158;0.74;0.77;Enabled;66.38;21.92;Yes;0;0;0;0;0;0
382717;No;580;580;90;1147;0.74;0.77;Enabled;66.38;21.92;Yes;0;0;0;0;0;0
382781;No;580;580;90;1136;0.74;0.77;Enabled;66.38;21.92;Yes;0;0;0;0;0;0
382808;No;580;580;90;1125;0.74;0.77;Enabled;66.38;21.92;Yes;0;0;0;0;0;0
382837;No;580;580;90;1114;0.74;0.76;Enabled;66.38;21.92;Yes;0;0;0;0;0;0
382868;No;580;580;90;1104;0.74;0.76;Enabled;66.38;21.92;Yes;0;0;0;0;0;0
382897;No;580;580;90;1093;0.74;0.76;Enabled;66.38;21.92;Yes;0;0;0;0;0;0
382927;No;580;580;90;1082;0.74;0.76;Enabled;66.38;21.92;Yes;0;0;0;0;0;0
382958;No;580;580;90;1071;0.73;0.76;Enabled;66.38;21.92;Yes;0;0;0;0;0;0
382989;No;580;580;90;1072;0.73;0.76;Enabled;66.38;21.92;Yes;0;0;0;0;0;0
383020;No;580;580;90;1074;0.70;0.76;Enabled;66.38;21.92;Yes;0;0;0;0;0;0
383081;No;580;580;90;1074;0.66;0.76;Enabled;66.38;21.92;Yes;0;0;0;0;0;0
383110;No;580;580;90;1076;0.63;0.76;Enabled;66.38;21.92;Yes;0;0;0;0;0;0
383137;No;580;580;90;1077;0.59;0.76;Enabled;66.38;21.92;Yes;0;0;0;0;0;0
383167;No;580;580;90;1078;0.55;0.76;Enabled;66.38;21.92;Yes;0;0;0;0;0;0
383198;No;581;580;90;1079;0.52;0.76;Enabled;66.38;21.92;Yes;0;0;0;0;0;0
383229;No;581;581;90;1080;0.48;0.76;Enabled;66.38;21.92;Yes;0;0;0;0;0;0
383257;No;581;581;90;1081;0.45;0.76;Enabled;66.38;21.92;Yes;0;0;0;0;0;0
383288;No;581;581;90;1082;0.41;0.76;Enabled;66.38;21.92;Yes;0;0;0;0;0;0
383318;No;581;581;90;1083;0.37;0.76;Enabled;66.38;21.92;Yes;0;0;0;0;0;0
383380;No;581;581;90;1084;0.34;0.76;Enabled;66.38;21.92;Yes;0;0;0;0;0;0
383417;No;581;581;90;1086;0.30;0.76;Enabled;66.38;21.92;Yes;0;0;0;0;0;0
383438;No;581;581;90;1086;0.27;0.76;Enabled;66.38;21.92;Yes;0;0;0;0;0;0
383468;No;581;581;90;1088;0.23;0.76;Enabled;66.38;21.92;Yes;0;0;0;0;0;0
383497;No;581;581;90;1089;0.20;0.76;Enabled;66.38;21.92;Yes;0;0;0;0;0;0
383532;No;581;581;90;1090;0.16;0.76;Enabled;66.38;21.92;Yes;0;0;0;0;0;0
383559;No;581;581;90;1090;0.12;0.76;Enabled;66.38;21.92;Yes;0;0;0;0;0;0
383588;No;581;581;90;1090;0.12;0.76;Enabled;66.38;21.92;Yes;0;0;0;0;0;0
383619;No;581;581;90;1090;0.12;0.76;Enabled;66.38;21.92;Yes;0;0;0;0;0;0
383647;No;581;581;90;1091;0.12;0.76;Enabled;66.38;21.92;Yes;0;0;0;0;0;0
383710;No;581;581;90;1091;0.11;0.76;Enabled;66.38;21.92;Yes;0;0;0;0;0;0
383738;No;581;581;90;1091;0.11;0.76;Enabled;66.38;21.92;Yes;0;0;0;0;0;0
383769;No;581;581;90;1092;0.11;0.76;Enabled;66.38;21.92;Yes;0;0;0;0;0;0
383796;No;581;581;90;1092;0.11;0.76;Enabled;66.38;21.92;Yes;0;0;0;0;0;0
383827;No;581;581;90;1092;0.10;0.76;Enabled;66.38;21.92;Yes;0;0;0;0;0;0
383857;No;581;582;90;1092;0.10;0.76;Enabled;66.38;21.92;Yes;0;0;0;0;0;0
383891;No;582;582;90;1092;0.10;0.76;Enabled;66.38;21.92;Yes;0;0;0;0;0;0
383918;No;582;582;90;1092;0.10;0.76;Enabled;66.38;21.92;Yes;0;0;0;0;0;0
383981;No;582;582;90;1093;0.10;0.76;Enabled;66.38;21.92;Yes;0;0;0;0;0;0
384008;No;582;582;90;1093;0.09;0.76;Enabled;66.38;21.92;Yes;0;0;0;0;0;0
384037;No;582;582;90;1093;0.09;0.76;Enabled;66.38;21.92;Yes;0;0;0;0;0;0
384068;No;582;582;90;1094;0.09;0.76;Enabled;66.38;21.92;Yes;0;0;0;0;0;0
384099;No;582;582;90;1094;0.09;0.76;Enabled;66.38;21.92;Yes;0;0;0;0;0;0
384127;No;582;582;90;1094;0.08;0.76;Enabled;66.38;21.92;Yes;0;0;0;0;0;0
384159;No;582;582;90;1094;0.09;0.76;Enabled;66.38;21.92;Yes;0;0;0;0;0;0
384188;No;582;582;90;1094;0.09;0.76;Enabled;66.38;21.92;Yes;0;0;0;0;0;0
384218;No;582;582;90;1094;0.09;0.76;Enabled;66.38;21.92;Yes;0;0;0;0;0;0
384281;No;582;582;90;1094;0.09;0.76;Enabled;66.38;21.92;Yes;0;0;0;0;0;0
384309;No;582;582;90;1094;0.10;0.76;Enabled;66.38;21.92;Yes;0;0;0;0;0;0
384336;No;582;582;90;1094;0.10;0.76;Enabled;66.38;21.92;Yes;0;0;0;0;0;0
384366;No;582;582;90;1094;0.10;0.76;Enabled;66.38;21.92;Yes;0;0;0;0;0;0
384397;No;582;582;90;1094;0.10;0.76;Enabled;66.38;21.92;Yes;0;0;0;0;0;0
384428;No;582;582;90;1094;0.10;0.76;Enabled;66.38;21.92;Yes;0;0;0;0;0;0
384458;No;582;582;90;1094;0.11;0.75;Enabled;66.38;21.92;Yes;0;0;0;0;0;0
384489;No;582;582;90;1095;0.11;0.75;Enabled;66.38;21.92;Yes;0;0;0;0;0;0
384520;No;582;582;90;1095;0.11;0.75;Enabled;66.38;21.92;Yes;0;0;0;0;0;0
384580;No;582;582;90;1095;0.11;0.75;Enabled;66.38;21.92;Yes;0;0;0;0;0;0
384611;No;582;582;90;1095;0.12;0.75;Enabled;66.38;21.92;Yes;0;0;0;0;0;0
384636;No;582;582;90;1095;0.12;0.75;Enabled;66.38;21.92;Yes;0;0;0;0;0;0
384667;No;582;582;90;1095;0.12;0.75;Enabled;66.38;21.92;Yes;0;0;0;0;0;0
384728;No;582;582;90;1096;0.12;0.75;Enabled;66.38;21.92;Yes;0;0;0;0;0;0
384759;No;582;582;90;1097;0.12;0.75;Enabled;66.38;21.92;Yes;0;0;0;0;0;0
384787;No;583;582;90;1098;0.12;0.75;Enabled;66.38;21.92;Yes;0;0;0;0;0;0
384819;No;583;583;90;1099;0.13;0.75;Enabled;66.38;21.92;Yes;0;0;0;0;0;0
384846;No;583;583;90;1100;0.13;0.75;Enabled;66.38;21.92;Yes;0;0;0;0;0;0
384910;No;583;583;90;1101;0.13;0.75;Enabled;66.38;21.92;Yes;0;0;0;0;0;0
384938;No;583;583;90;1102;0.13;0.75;Enabled;66.38;21.92;Yes;0;0;0;0;0;0
384968;No;583;583;90;1103;0.13;0.75;Enabled;66.38;21.92;Yes;0;0;0;0;0;0
385000;No;583;583;90;1104;0.13;0.75;Enabled;66.38;21.92;Yes;0;0;0;0;0;0
385028;No;583;583;90;1105;0.13;0.75;Enabled;66.38;21.92;Yes;0;0;0;0;0;0
385058;No;583;583;90;1106;0.13;0.75;Enabled;66.38;21.92;Yes;0;0;0;0;0;0
385088;No;583;583;90;1107;0.14;0.75;Enabled;66.38;21.92;Yes;0;0;0;0;0;0
385118;No;583;583;90;1108;0.14;0.75;Enabled;66.38;21.92;Yes;0;0;0;0;0;0
385180;No;583;583;90;1110;0.14;0.75;Enabled;66.38;21.92;Yes;0;0;0;0;0;0
385211;No;583;583;90;1110;0.14;0.75;Enabled;66.38;21.92;Yes;0;0;0;0;0;0
385237;No;583;583;90;1112;0.14;0.75;Enabled;66.38;21.92;Yes;0;0;0;0;0;0
385267;No;583;583;90;1112;0.14;0.75;Enabled;66.38;21.92;Yes;0;0;0;0;0;0
385298;No;583;583;90;1112;0.14;0.75;Enabled;66.38;21.92;Yes;0;0;0;0;0;0
385329;No;583;583;90;1112;0.14;0.75;Enabled;66.38;21.92;Yes;0;0;0;0;0;0
385357;No;583;583;90;1112;0.14;0.75;Enabled;66.38;21.92;Yes;0;0;0;0;0;0
385389;No;583;583;90;1111;0.15;0.75;Enabled;66.38;21.92;Yes;0;0;0;0;0;0
385417;No;583;583;90;1111;0.15;0.75;Enabled;66.38;21.92;Yes;0;0;0;0;0;0
385481;No;583;583;90;1110;0.15;0.75;Enabled;66.38;21.92;Yes;0;0;0;0;0;0
385509;No;583;583;90;1110;0.15;0.75;Enabled;66.38;21.92;Yes;0;0;0;0;0;0
385537;No;583;584;91;1110;0.15;0.75;Enabled;66.38;21.92;Yes;0;0;0;0;0;0
385569;No;584;584;91;1109;0.15;0.75;Enabled;66.38;21.92;Yes;0;0;0;0;0;0
385596;No;584;584;91;1109;0.15;0.75;Enabled;66.38;21.92;Yes;0;0;0;0;0;0
385628;No;584;584;91;1108;0.15;0.75;Enabled;66.38;21.92;Yes;0;0;0;0;0;0
385659;No;584;584;91;1108;0.15;0.75;Enabled;66.38;21.92;Yes;0;0;0;0;0;0
385686;No;584;584;91;1108;0.15;0.75;Enabled;66.38;21.92;Yes;0;0;0;0;0;0
385719;No;584;584;91;1108;0.15;0.75;Enabled;66.38;21.92;Yes;0;0;0;0;0;0
385747;No;584;584;91;1107;0.15;0.75;Enabled;66.38;21.92;Yes;0;0;0;0;0;0
385810;No;584;584;91;1107;0.16;0.75;Enabled;66.38;21.92;Yes;0;0;0;0;0;0
385840;No;584;584;91;1106;0.16;0.75;Enabled;66.38;21.92;Yes;0;0;0;0;0;0
385871;No;584;584;91;1107;0.16;0.75;Enabled;66.38;21.92;Yes;0;0;0;0;0;0
385898;No;584;584;91;1108;0.16;0.75;Enabled;66.38;21.92;Yes;0;0;0;0;0;0
385926;No;584;584;91;1109;0.16;0.75;Disabled;66.38;21.92;Yes;0;0;0;0;0;0
385976;No;584;584;91;1110;0.16;0.75;Disabled;66.38;21.92;Yes;0;0;0;0;0;0
386017;No;584;584;91;1110;0.16;0.75;Disabled;66.38;21.92;Yes;0;0;0;0;0;0
386046;No;584;584;91;1111;0.16;0.75;Disabled;66.38;21.92;Yes;0;0;0;0;0;0
386111;No;584;584;91;1112;0.16;0.75;Disabled;66.38;21.92;Yes;0;0;0;0;0;0
386137;No;584;584;91;1113;0.16;0.75;Disabled;66.38;21.92;Yes;0;0;0;0;0;0
386167;No;584;584;91;1114;0.16;0.75;Disabled;66.38;21.92;Yes;0;0;0;0;0;0
386197;No;584;584;91;1114;0.16;0.75;Disabled;66.38;21.92;Yes;0;0;0;0;0;0
386227;No;584;584;91;1116;0.16;0.76;Disabled;66.38;21.92;Yes;0;0;0;0;0;0
386258;No;584;584;91;1116;0.16;0.76;Disabled;66.38;21.92;Yes;0;0;0;0;0;0
386290;No;584;583;91;1117;0.16;0.76;Disabled;66.38;21.92;Yes;0;0;0;0;0;0
386318;No;584;583;91;1118;0.17;0.76;Disabled;66.38;21.92;Yes;0;0;0;0;0;0
386346;No;584;583;91;1119;0.17;0.76;Disabled;66.38;21.92;Yes;0;0;0;0;0;0
386411;No;583;583;91;1120;0.17;0.76;Disabled;66.38;21.92;Yes;0;0;0;0;0;0
386438;No;583;583;91;1120;0.17;0.76;Disabled;66.38;21.92;Yes;0;0;0;0;0;0
386466;No;583;583;91;1115;0.17;0.76;Disabled;66.38;21.92;Yes;0;0;0;0;0;0
386497;No;583;583;91;1109;0.17;0.76;Disabled;66.38;21.92;Yes;0;0;0;0;0;0
386531;No;583;583;91;1104;0.17;0.76;Disabled;66.38;21.92;Yes;0;0;0;0;0;0
386558;No;583;583;91;1098;0.17;0.76;Disabled;66.38;21.92;Yes;0;0;0;0;0;0
386588;No;583;583;91;1092;0.17;0.76;Disabled;66.38;21.92;Yes;0;0;0;0;0;0
386618;No;583;583;91;1087;0.17;0.76;Disabled;66.38;21.92;Yes;0;0;0;0;0;0
386681;No;583;583;91;1082;0.17;0.77;Disabled;66.38;21.92;Yes;0;0;0;0;0;0
386710;No;583;583;91;1076;0.17;0.77;Disabled;66.38;21.92;Yes;0;0;0;0;0;0
386738;No;583;583;91;1070;0.17;0.77;Disabled;66.38;21.92;Yes;0;0;0;0;0;0
386769;No;583;583;91;1065;0.17;0.77;Disabled;66.38;21.92;Yes;0;0;0;0;0;0
386797;No;583;583;91;1060;0.17;0.77;Disabled;66.38;21.92;Yes;0;0;0;0;0;0
386828;No;583;583;91;1054;0.17;0.77;Disabled;66.38;21.92;Yes;0;0;0;0;0;0
386860;No;583;583;91;1048;0.17;0.77;Disabled;66.38;21.92;Yes;0;0;0;0;0;0
386886;No;583;583;91;1043;0.17;0.77;Disabled;66.38;21.92;Yes;0;0;0;0;0;0
386920;No;583;583;91;1037;0.17;0.77;Disabled;66.38;21.92;Yes;0;0;0;0;0;0
386981;No;583;583;91;1032;0.17;0.77;Disabled;66.38;21.92;Yes;0;0;0;0;0;0
387010;No;583;583;91;1026;0.17;0.77;Disabled;66.38;21.92;Yes;0;0;0;0;0;0
387037;No;583;583;91;1020;0.17;0.77;Disabled;66.38;21.92;Yes;0;0;0;0;0;0
387068;No;583;583;91;1015;0.17;0.77;Disabled;66.38;21.92;Yes;0;0;0;0;0;0
387097;No;583;583;91;1009;0.17;0.77;Disabled;66.38;21.92;Yes;0;0;0;0;0;0
387128;No;583;583;91;1004;0.17;0.77;Disabled;66.38;21.92;Yes;0;0;0;0;0;0
387159;No;583;583;91;998;0.17;0.77;Disabled;66.38;21.92;Yes;0;0;0;0;0;0
387187;No;583;583;91;992;0.17;0.77;Disabled;66.38;21.92;Yes;0;0;0;0;0;0
387219;No;583;583;91;986;0.18;0.77;Disabled;66.38;21.92;Yes;0;0;0;0;0;0
387292;No;583;583;91;981;0.18;0.77;Disabled;66.38;21.92;Yes;0;0;0;0;0;0
387337;No;583;583;91;975;0.18;0.77;Disabled;66.38;21.92;Yes;0;0;0;0;0;0
387367;No;583;583;91;969;0.18;0.77;Disabled;66.38;21.92;Yes;0;0;0;0;0;0
387398;No;583;583;91;964;0.18;0.77;Disabled;66.38;21.92;Yes;0;0;0;0;0;0
387427;No;583;583;91;958;0.18;0.77;Disabled;66.38;21.92;Yes;0;0;0;0;0;0
387460;No;583;583;91;952;0.18;0.77;Disabled;66.38;21.92;Yes;0;0;0;0;0;0
387488;No;583;583;91;946;0.18;0.77;Disabled;66.38;21.92;Yes;0;0;0;0;0;0
387519;No;583;583;91;941;0.18;0.77;Disabled;66.38;21.92;Yes;0;0;0;0;0;0
387581;No;583;583;91;935;0.18;0.77;Disabled;66.38;21.92;Yes;0;0;0;0;0;0
387610;No;582;583;91;930;0.18;0.77;Disabled;66.38;21.92;Yes;0;0;0;0;0;0
387638;No;582;582;91;938;0.18;0.77;Disabled;66.38;21.92;Yes;0;0;0;0;0;0
387666;No;582;582;91;947;0.18;0.77;Disabled;66.38;21.92;Yes;0;0;0;0;0;0
387696;No;582;582;91;956;0.18;0.77;Disabled;66.38;21.92;Yes;0;0;0;0;0;0
387727;No;582;582;91;964;0.18;0.77;Disabled;66.38;21.92;Yes;0;0;0;0;0;0
387759;No;582;582;91;973;0.18;0.77;Disabled;66.38;21.92;Yes;0;0;0;0;0;0
387787;No;582;582;91;982;0.18;0.77;Disabled;66.38;21.92;Yes;0;0;0;0;0;0
387818;No;582;582;91;990;0.19;0.77;Disabled;66.38;21.92;Yes;0;0;0;0;0;0
387848;No;582;582;92;999;0.19;0.77;Disabled;66.38;21.92;Yes;0;0;0;0;0;0
387909;No;582;582;92;1007;0.19;0.77;Disabled;66.38;21.92;Yes;0;0;0;0;0;0
387936;No;582;582;92;1016;0.19;0.77;Disabled;66.38;21.92;Yes;0;0;0;0;0;0
387966;No;582;582;92;1024;0.19;0.77;Disabled;66.38;21.92;Yes;0;0;0;0;0;0
387998;No;582;582;92;1033;0.19;0.77;Disabled;66.38;21.92;Yes;0;0;0;0;0;0
388029;No;582;582;92;1042;0.19;0.77;Disabled;66.38;21.92;Yes;0;0;0;0;0;0
388056;No;582;582;92;1050;0.19;0.77;Disabled;66.38;21.92;Yes;0;0;0;0;0;0
388094;No;582;582;92;1059;0.19;0.77;Disabled;66.38;21.92;Yes;0;0;0;0;0;0
388119;No;582;582;92;1068;0.19;0.77;Disabled;66.38;21.92;Yes;0;0;0;0;0;0
388181;No;582;582;92;1076;0.19;0.77;Disabled;66.38;21.92;Yes;0;0;0;0;0;0
388211;No;582;582;92;1078;0.19;0.77;Disabled;66.38;21.92;Yes;0;0;0;0;0;0
388237;No;582;582;92;1079;0.19;0.77;Disabled;66.38;21.92;Yes;0;0;0;0;0;0
388268;No;582;582;92;1080;0.19;0.77;Disabled;66.38;21.92;Yes;0;0;0;0;0;0
388295;No;582;582;92;1081;0.19;0.77;Disabled;66.38;21.92;Yes;0;0;0;0;0;0
388332;No;582;582;92;1082;0.19;0.77;Disabled;66.38;21.92;Yes;0;0;0;0;0;0
388355;No;582;582;92;1084;0.19;0.77;Disabled;66.38;21.92;Yes;0;0;0;0;0;0
388386;No;582;582;92;1085;0.19;0.77;Disabled;66.38;21.92;Yes;0;0;0;0;0;0
388415;No;582;582;92;1086;0.19;0.77;Disabled;66.38;21.92;Yes;0;0;0;0;0;0
388481;No;582;582;92;1087;0.19;0.77;Disabled;66.38;21.92;Yes;0;0;0;0;0;0
388509;No;582;582;92;1088;0.19;0.77;Disabled;66.38;21.92;Yes;0;0;0;0;0;0
388569;No;582;582;92;1090;0.19;0.77;Disabled;66.38;21.92;Yes;0;0;0;0;0;0
388596;No;581;582;92;1091;0.19;0.77;Disabled;66.38;21.92;Yes;0;0;0;0;0;0
388626;No;581;581;92;1092;0.20;0.77;Disabled;66.38;21.92;Yes;0;0;0;0;0;0
388660;No;581;581;92;1094;0.20;0.77;Disabled;66.38;21.92;Yes;0;0;0;0;0;0
388688;No;581;581;92;1094;0.20;0.77;Disabled;66.38;21.92;Yes;0;0;0;0;0;0
388718;No;581;581;92;1096;0.20;0.77;Disabled;66.38;21.92;Yes;0;0;0;0;0;0
388781;No;581;581;92;1097;0.20;0.77;Disabled;66.38;21.92;Yes;0;0;0;0;0;0
388810;No;581;581;92;1098;0.20;0.77;Disabled;66.38;21.92;Yes;0;0;0;0;0;0
388838;No;581;581;92;1099;0.20;0.77;Disabled;66.38;21.92;Yes;0;0;0;0;0;0
388869;No;581;581;92;1100;0.20;0.77;Disabled;66.38;21.92;Yes;0;0;0;0;0;0
388895;No;581;581;92;1100;0.20;0.77;Disabled;66.38;21.92;Yes;0;0;0;0;0;0
388926;No;581;581;92;1102;0.20;0.78;Disabled;66.38;21.92;Yes;0;0;0;0;0;0
388956;No;581;581;92;1102;0.20;0.78;Disabled;66.38;21.92;Yes;0;0;0;0;0;0
388986;No;581;581;92;1103;0.20;0.78;Disabled;66.38;21.92;Yes;0;0;0;0;0;0
389018;No;581;581;92;1104;0.20;0.78;Disabled;66.38;21.92;Yes;0;0;0;0;0;0
389048;No;581;581;92;1105;0.20;0.78;Disabled;66.38;21.92;Yes;0;0;0;0;0;0
389076;No;581;581;92;1106;0.20;0.78;Disabled;66.38;21.92;Yes;0;0;0;0;0;0
389113;No;581;581;92;1107;0.20;0.78;Disabled;66.38;21.92;Yes;0;0;0;0;0;0
389136;No;581;581;92;1108;0.20;0.78;Disabled;66.38;21.92;Yes;0;0;0;0;0;0
389168;No;581;581;92;1108;0.20;0.79;Disabled;66.38;21.92;Yes;0;0;0;0;0;0
389196;No;581;581;92;1109;0.20;0.79;Disabled;66.38;21.92;Yes;0;0;0;0;0;0
389227;No;581;581;92;1110;0.20;0.79;Disabled;66.38;21.92;Yes;0;0;0;0;0;0
389258;No;580;581;92;1111;0.20;0.79;Disabled;66.38;21.92;Yes;0;0;0;0;0;0
389288;No;580;580;92;1112;0.20;0.79;Disabled;66.38;21.92;Yes;0;0;0;0;0;0
389318;No;580;580;92;1115;0.20;0.79;Disabled;66.38;21.92;Yes;0;0;0;0;0;0
389377;No;580;580;92;1118;0.20;0.79;Disabled;66.38;21.92;Yes;0;0;0;0;0;0
389411;No;580;580;92;1121;0.20;0.79;Enabled;66.38;21.92;Yes;0;0;0;0;0;0
389438;No;580;580;92;1124;0.20;0.79;Enabled;66.38;21.92;Yes;0;0;0;0;0;0
389468;No;580;580;92;1127;0.20;0.79;Enabled;66.38;21.92;Yes;0;0;0;0;0;0
389498;No;580;580;92;1130;0.20;0.79;Enabled;66.38;21.92;Yes;0;0;0;0;0;0
389528;No;580;580;92;1132;0.20;0.79;Enabled;66.38;21.92;Yes;0;0;0;0;0;0
389559;No;580;580;92;1136;0.20;0.79;Enabled;66.38;21.92;Yes;0;0;0;0;0;0
389589;No;580;580;92;1138;0.20;0.79;Enabled;66.38;21.92;Yes;0;0;0;0;0;0
389616;No;580;580;92;1142;0.20;0.79;Enabled;66.38;21.92;Yes;0;0;0;0;0;0
389677;No;580;580;92;1144;0.20;0.79;Enabled;66.38;21.92;Yes;0;0;0;0;0;0
389712;No;580;580;92;1147;0.20;0.79;Enabled;66.38;21.92;Yes;0;0;0;0;0;0
389739;No;580;580;92;1150;0.21;0.79;Enabled;66.38;21.92;Yes;0;0;0;0;0;0
389768;No;580;580;92;1153;0.21;0.80;Enabled;66.38;21.92;Yes;0;0;0;0;0;0
389816;No;580;580;92;1156;0.21;0.80;Enabled;66.38;21.92;Yes;0;0;0;0;0;0
389856;No;580;580;92;1159;0.21;0.80;Enabled;66.38;21.92;Yes;0;0;0;0;0;0
389893;No;580;580;92;1162;0.21;0.80;Enabled;66.38;21.92;Yes;0;0;0;0;0;0
389916;No;580;580;92;1157;0.21;0.80;Enabled;66.38;21.92;Yes;0;0;0;0;0;0
389977;No;580;580;92;1152;0.21;0.80;Enabled;66.38;21.92;Yes;0;0;0;0;0;0
390011;No;580;580;92;1147;0.21;0.80;Enabled;66.38;21.92;Yes;0;0;0;0;0;0
390038;No;580;580;92;1142;0.21;0.80;Enabled;66.38;21.92;Yes;0;0;0;0;0;0
390069;No;580;580;92;1137;0.21;0.80;Enabled;66.38;21.92;Yes;0;0;0;0;0;0
390097;No;580;580;92;1132;0.21;0.80;Enabled;66.38;21.92;Yes;0;0;0;0;0;0
390130;No;580;580;92;1127;0.21;0.80;Enabled;66.38;21.92;Yes;0;0;0;0;0;0
390160;No;580;580;92;1122;0.21;0.80;Enabled;66.38;21.92;Yes;0;0;0;0;0;0
390187;No;580;580;92;1117;0.21;0.80;Enabled;66.38;21.92;Yes;0;0;0;0;0;0
390217;No;580;580;92;1112;0.21;0.80;Enabled;66.38;21.92;Yes;0;0;0;0;0;0
390277;No;580;580;92;1107;0.21;0.80;Enabled;66.38;21.92;Yes;0;0;0;0;0;0
390309;No;580;580;92;1102;0.21;0.80;Enabled;66.38;21.92;Yes;0;0;0;0;0;0
390338;No;580;580;92;1097;0.21;0.80;Enabled;66.38;21.92;Yes;0;0;0;0;0;0
390369;No;580;580;92;1092;0.21;0.80;Enabled;66.38;21.92;Yes;0;0;0;0;0;0
390398;No;580;580;92;1087;0.21;0.80;Enabled;66.38;21.92;Yes;0;0;0;0;0;0
390426;No;580;580;92;1082;0.21;0.80;Enabled;66.38;21.92;Yes;0;0;0;0;0;0
390457;No;580;580;92;1077;0.21;0.80;Enabled;66.38;21.92;Yes;0;0;0;0;0;0
390490;No;580;580;92;1076;0.21;0.80;Enabled;66.38;21.92;Yes;0;0;0;0;0;0
390518;No;580;580;92;1076;0.21;0.80;Enabled;66.38;21.92;Yes;0;0;0;0;0;0
390577;No;580;580;92;1076;0.21;0.80;Enabled;66.38;21.92;Yes;0;0;0;0;0;0
390636;No;579;580;92;1076;0.21;0.80;Enabled;66.38;21.92;Yes;0;0;0;0;0;0
390670;No;579;579;92;1076;0.21;0.80;Enabled;66.38;21.92;Yes;0;0;0;0;0;0
390698;No;579;579;92;1076;0.21;0.80;Enabled;66.38;21.92;Yes;0;0;0;0;0;0
390729;No;579;579;92;1075;0.21;0.80;Enabled;66.38;21.92;Yes;0;0;0;0;0;0
390758;No;579;579;92;1075;0.21;0.80;Enabled;66.38;21.92;Yes;0;0;0;0;0;0
390785;No;579;579;92;1075;0.21;0.80;Enabled;66.38;21.92;Yes;0;0;0;0;0;0
390816;No;579;579;92;1074;0.21;0.80;Enabled;66.38;21.92;Yes;0;0;0;0;0;0
390877;No;579;579;92;1074;0.21;0.80;Enabled;66.38;21.92;Yes;0;0;0;0;0;0
390911;No;579;579;92;1074;0.21;0.80;Enabled;66.38;21.92;Yes;0;0;0;0;0;0
390939;No;579;579;92;1074;0.21;0.80;Enabled;66.38;21.92;Yes;0;0;0;0;0;0
390967;No;579;579;92;1074;0.21;0.80;Enabled;66.38;21.92;Yes;0;0;0;0;0;0
390999;No;579;579;92;1074;0.21;0.80;Enabled;66.38;21.92;Yes;0;0;0;0;0;0
391028;No;579;579;92;1073;0.21;0.80;Enabled;66.38;21.92;Yes;0;0;0;0;0;0
391056;No;579;579;92;1073;0.21;0.80;Enabled;66.38;21.92;Yes;0;0;0;0;0;0
391095;No;579;579;92;1073;0.21;0.80;Enabled;66.38;21.92;Yes;0;0;0;0;0;0
391119;No;579;579;92;1072;0.21;0.80;Enabled;66.38;21.92;Yes;0;0;0;0;0;0
391177;No;579;579;92;1072;0.21;0.80;Enabled;66.38;21.92;Yes;0;0;0;0;0;0
391210;No;579;579;92;1072;0.21;0.80;Enabled;66.38;21.92;Yes;0;0;0;0;0;0
391238;No;579;579;92;1072;0.21;0.80;Enabled;66.38;21.92;Yes;0;0;0;0;0;0
391268;No;579;579;92;1072;0.21;0.80;Enabled;66.38;21.92;Yes;0;0;0;0;0;0
391298;No;579;579;92;1072;0.21;0.80;Enabled;66.38;21.92;Yes;0;0;0;0;0;0
391329;No;579;579;92;1072;0.21;0.80;Enabled;66.38;21.92;Yes;0;0;0;0;0;0
391357;No;579;579;92;1071;0.21;0.80;Enabled;66.38;21.92;Yes;0;0;0;0;0;0
391389;No;578;579;92;1071;0.21;0.80;Enabled;66.38;21.92;Yes;0;0;0;0;0;0
391417;No;578;578;92;1071;0.21;0.80;Enabled;66.38;21.92;Yes;0;0;0;0;0;0
391477;No;578;578;92;1071;0.21;0.80;Enabled;66.38;21.92;Yes;0;0;0;0;0;0
391510;No;578;578;92;1070;0.21;0.80;Enabled;66.38;21.92;Yes;0;0;0;0;0;0
391538;No;578;578;92;1070;0.21;0.80;Enabled;66.38;21.92;Yes;0;0;0;0;0;0
391568;No;578;578;92;1070;0.21;0.80;Enabled;66.38;21.92;Yes;0;0;0;0;0;0
391598;No;578;578;92;1070;0.21;0.80;Enabled;66.38;21.92;Yes;0;0;0;0;0;0
391629;No;578;578;92;1070;0.22;0.80;Enabled;66.38;21.92;Yes;0;0;0;0;0;0
391657;No;578;578;92;1070;0.22;0.80;Enabled;66.38;21.92;Yes;0;0;0;0;0;0
391686;No;578;578;92;1070;0.22;0.80;Enabled;66.38;21.92;Yes;0;0;0;0;0;0
391716;No;578;578;92;1070;0.22;0.80;Enabled;66.38;21.92;Yes;0;0;0;0;0;0
391777;No;578;578;92;1070;0.22;0.80;Enabled;66.38;21.92;Yes;0;0;0;0;0;0
391809;No;578;578;92;1069;0.22;0.80;Enabled;66.38;21.92;Yes;0;0;0;0;0;0
391838;No;578;578;92;1069;0.22;0.80;Enabled;66.38;21.92;Yes;0;0;0;0;0;0
391865;No;578;578;92;1069;0.22;0.80;Enabled;66.38;21.92;Yes;0;0;0;0;0;0
391896;No;578;578;92;1069;0.22;0.80;Enabled;66.38;21.92;Yes;0;0;0;0;0;0
391926;No;578;578;92;1069;0.22;0.80;Enabled;66.38;21.92;Yes;0;0;0;0;0;0
391958;No;578;578;92;1069;0.22;0.80;Enabled;66.38;21.92;Yes;0;0;0;0;0;0
391989;No;578;578;92;1069;0.22;0.80;Enabled;66.38;21.92;Yes;0;0;0;0;0;0
392019;No;578;578;92;1069;0.22;0.80;Enabled;66.38;21.92;Yes;0;0;0;0;0;0
392076;No;578;578;92;1068;0.22;0.80;Enabled;66.38;21.92;Yes;0;0;0;0;0;0
392109;No;578;578;92;1068;0.22;0.80;Enabled;66.38;21.92;Yes;0;0;0;0;0;0
392136;No;578;578;92;1068;0.22;0.80;Enabled;66.38;21.92;Yes;0;0;0;0;0;0
392165;No;578;578;92;1068;0.22;0.80;Enabled;66.38;21.92;Yes;0;0;0;0;0;0
392198;No;578;577;92;1068;0.22;0.80;Enabled;66.38;21.92;Yes;0;0;0;0;0;0
392229;No;578;577;92;1068;0.22;0.80;Enabled;66.38;21.92;Yes;0;0;0;0;0;0
392257;No;577;577;92;1067;0.22;0.80;Enabled;66.38;21.92;Yes;0;0;0;0;0;0
392289;No;577;577;92;1066;0.22;0.80;Enabled;66.38;21.92;Yes;0;0;0;0;0;0
392316;No;577;577;92;1066;0.22;0.80;Enabled;66.38;21.92;Yes;0;0;0;0;0;0
392399;No;577;577;92;1065;0.22;0.80;Enabled;66.38;21.92;Yes;0;0;0;0;0;0
392437;No;577;577;92;1064;0.22;0.80;Enabled;66.38;21.92;Yes;0;0;0;0;0;0
392469;No;577;577;92;1064;0.22;0.80;Enabled;66.38;21.92;Yes;0;0;0;0;0;0
392498;No;577;577;92;1063;0.22;0.80;Enabled;66.38;21.92;Yes;0;0;0;0;0;0
392529;No;577;577;92;1062;0.22;0.80;Enabled;66.38;21.92;Yes;0;0;0;0;0;0
392556;No;577;577;92;1062;0.22;0.80;Enabled;66.38;21.92;Yes;0;0;0;0;0;0
392589;No;577;577;92;1061;0.22;0.80;Enabled;66.38;21.92;Yes;0;0;0;0;0;0
392615;No;577;576;92;1060;0.22;0.80;Enabled;66.38;21.92;Yes;0;0;0;0;0;0
392679;No;577;576;92;1060;0.22;0.80;Enabled;66.38;21.92;Yes;0;0;0;0;0;0
392709;No;577;576;92;1059;0.22;0.80;Enabled;66.38;21.92;Yes;0;0;0;0;0;0
392739;No;576;576;92;1058;0.22;0.80;Enabled;66.38;21.92;Yes;0;0;0;0;0;0
392765;No;576;576;92;1058;0.22;0.80;Enabled;66.38;21.92;Yes;0;0;0;0;0;0
392796;No;576;576;92;1057;0.22;0.80;Enabled;66.38;21.92;Yes;0;0;0;0;0;0
392828;No;576;576;92;1054;0.22;0.80;Enabled;66.38;21.92;Yes;0;0;0;0;0;0
392860;No;576;576;92;1050;0.22;0.80;Enabled;66.38;21.92;Yes;0;0;0;0;0;0
392888;No;576;576;92;1047;0.22;0.80;Disabled;66.38;21.92;Yes;0;0;0;0;0;0
392919;No;576;576;92;1044;0.22;0.80;Disabled;66.38;21.92;Yes;0;0;0;0;0;0
392980;No;576;576;92;1040;0.22;0.80;Disabled;66.38;21.92;Yes;0;0;0;0;0;0
393011;No;576;576;92;1037;0.22;0.80;Disabled;66.38;21.92;Yes;0;0;0;0;0;0
393039;No;576;576;92;1033;0.22;0.80;Disabled;66.38;21.92;Yes;0;0;0;0;0;0
393065;No;576;576;93;1030;0.22;0.79;Disabled;66.38;21.92;Yes;0;0;0;0;0;0
393098;No;576;576;93;1026;0.22;0.79;Disabled;66.38;21.92;Yes;0;0;0;0;0;0
393129;No;576;576;93;1023;0.22;0.79;Disabled;66.38;21.92;Yes;0;0;0;0;0;0
393155;No;576;576;93;1020;0.22;0.79;Disabled;66.38;21.92;Yes;0;0;0;0;0;0
393189;No;576;576;93;1016;0.22;0.79;Disabled;66.38;21.92;Yes;0;0;0;0;0;0
393215;No;576;576;93;1013;0.22;0.79;Disabled;66.38;21.92;Yes;0;0;0;0;0;0
393280;No;576;576;93;1009;0.22;0.79;Disabled;66.38;21.92;Yes;0;0;0;0;0;0
393308;No;576;576;93;1006;0.22;0.79;Disabled;66.38;21.92;Yes;0;0;0;0;0;0
393336;No;576;576;93;1002;0.22;0.79;Disabled;66.38;21.92;Yes;0;0;0;0;0;0
393366;No;576;576;93;999;0.23;0.79;Disabled;66.38;21.92;Yes;0;0;0;0;0;0
393397;No;576;576;93;996;0.23;0.79;Disabled;66.38;21.92;Yes;0;0;0;0;0;0
393425;No;576;576;93;993;0.23;0.79;Disabled;66.38;21.92;Yes;0;0;0;0;0;0
393456;No;576;576;93;990;0.23;0.79;Disabled;66.38;21.92;Yes;0;0;0;0;0;0
393489;No;576;576;93;986;0.23;0.79;Disabled;66.38;21.92;Yes;0;0;0;0;0;0
393516;No;575;576;93;984;0.23;0.79;Disabled;66.38;21.92;Yes;0;0;0;0;0;0
393579;No;575;575;93;980;0.23;0.79;Disabled;66.38;21.92;Yes;0;0;0;0;0;0
393610;No;575;575;93;977;0.23;0.79;Disabled;66.38;21.92;Yes;0;0;0;0;0;0
393655;No;575;575;93;974;0.23;0.79;Disabled;66.38;21.92;Yes;0;0;0;0;0;0
393697;No;575;575;93;971;0.23;0.79;Disabled;66.38;21.92;Yes;0;0;0;0;0;0
393727;No;575;575;93;968;0.23;0.79;Disabled;66.38;21.92;Yes;0;0;0;0;0;0
393759;No;575;575;93;965;0.23;0.79;Disabled;66.38;21.92;Yes;0;0;0;0;0;0
393788;No;575;575;93;962;0.23;0.79;Disabled;66.38;21.92;Yes;0;0;0;0;0;0
393816;No;575;575;93;959;0.23;0.79;Disabled;66.38;21.92;Yes;0;0;0;0;0;0
393879;No;575;575;93;956;0.23;0.79;Disabled;66.38;21.92;Yes;0;0;0;0;0;0
393910;No;575;575;93;952;0.23;0.79;Disabled;66.38;21.92;Yes;0;0;0;0;0;0
393938;No;575;575;93;949;0.23;0.79;Disabled;66.38;21.92;Yes;0;0;0;0;0;0
393966;No;575;575;93;946;0.23;0.79;Disabled;66.38;21.92;Yes;0;0;0;0;0;0
393996;No;575;575;93;951;0.23;0.79;Disabled;66.38;21.92;Yes;0;0;0;0;0;0
394028;No;575;575;93;956;0.23;0.79;Disabled;66.38;21.92;Yes;0;0;0;0;0;0
394058;No;575;575;93;960;0.23;0.79;Disabled;66.38;21.92;Yes;0;0;0;0;0;0
394086;No;575;575;93;965;0.23;0.79;Disabled;66.38;21.92;Yes;0;0;0;0;0;0
394117;No;575;575;93;970;0.23;0.79;Disabled;66.38;21.92;Yes;0;0;0;0;0;0
394179;No;575;575;93;975;0.23;0.79;Disabled;66.38;21.92;Yes;0;0;0;0;0;0
394210;No;575;575;93;980;0.23;0.79;Disabled;66.38;21.92;Yes;0;0;0;0;0;0
394236;No;575;575;93;984;0.23;0.79;Disabled;66.38;21.92;Yes;0;0;0;0;0;0
394268;No;575;575;93;989;0.23;0.79;Disabled;66.38;21.92;Yes;0;0;0;0;0;0
394295;No;575;575;93;994;0.23;0.79;Disabled;66.38;21.92;Yes;0;0;0;0;0;0
394326;No;575;575;93;998;0.23;0.79;Disabled;66.38;21.92;Yes;0;0;0;0;0;0
394359;No;575;575;93;1003;0.23;0.79;Disabled;66.38;21.92;Yes;0;0;0;0;0;0
394389;No;575;575;93;1008;0.23;0.79;Disabled;66.38;21.92;Yes;0;0;0;0;0;0
394416;No;575;574;93;1013;0.23;0.79;Disabled;66.38;21.92;Yes;0;0;0;0;0;0
394479;No;575;574;93;1018;0.23;0.79;Disabled;66.38;21.92;Yes;0;0;0;0;0;0
394509;No;574;574;93;1022;0.23;0.79;Disabled;66.38;21.92;Yes;0;0;0;0;0;0
394536;No;574;574;93;1027;0.24;0.79;Disabled;66.38;21.92;Yes;0;0;0;0;0;0
394566;No;574;574;93;1028;0.24;0.79;Disabled;66.38;21.92;Yes;0;0;0;0;0;0
394598;No;574;574;93;1028;0.24;0.79;Disabled;66.38;21.92;Yes;0;0;0;0;0;0
394629;No;574;574;93;1029;0.24;0.79;Disabled;66.38;21.92;Yes;0;0;0;0;0;0
394658;No;574;574;93;1030;0.24;0.79;Disabled;66.38;21.92;Yes;0;0;0;0;0;0
394689;No;574;574;93;1030;0.24;0.79;Disabled;66.38;21.92;Yes;0;0;0;0;0;0
394716;No;574;574;93;1031;0.24;0.79;Disabled;66.38;21.92;Yes;0;0;0;0;0;0
394780;No;574;574;93;1032;0.24;0.79;Disabled;66.38;21.92;Yes;0;0;0;0;0;0
394810;No;574;574;93;1032;0.24;0.79;Disabled;66.38;21.92;Yes;0;0;0;0;0;0
394837;No;574;574;93;1033;0.24;0.79;Disabled;66.38;21.92;Yes;0;0;0;0;0;0
394865;No;574;574;93;1033;0.24;0.79;Disabled;66.38;21.92;Yes;0;0;0;0;0;0
394896;No;574;574;93;1034;0.24;0.79;Disabled;66.38;21.92;Yes;0;0;0;0;0;0
394935;No;574;574;93;1034;0.24;0.79;Disabled;66.38;21.92;Yes;0;0;0;0;0;0
394959;No;574;574;93;1035;0.24;0.79;Disabled;66.38;21.92;Yes;0;0;0;0;0;0
394988;No;574;574;93;1036;0.24;0.80;Disabled;66.38;21.92;Yes;0;0;0;0;0;0
395019;No;574;574;93;1036;0.24;0.80;Disabled;66.38;21.92;Yes;0;0;0;0;0;0
395078;No;574;574;93;1037;0.24;0.80;Disabled;66.38;21.92;Yes;0;0;0;0;0;0
395109;No;574;574;93;1038;0.24;0.80;Disabled;66.38;21.92;Yes;0;0;0;0;0;0
395135;No;574;574;93;1038;0.24;0.80;Disabled;66.38;21.92;Yes;0;0;0;0;0;0
395168;No;574;574;93;1037;0.24;0.80;Disabled;66.38;21.92;Yes;0;0;0;0;0;0
395199;No;574;574;93;1037;0.24;0.80;Disabled;66.38;21.92;Yes;0;0;0;0;0;0
395229;No;574;574;93;1037;0.24;0.80;Disabled;66.38;21.92;Yes;0;0;0;0;0;0
395257;No;574;574;93;1037;0.24;0.80;Disabled;66.38;21.92;Yes;0;0;0;0;0;0
395290;No;574;574;93;1036;0.24;0.80;Disabled;66.38;21.92;Yes;0;0;0;0;0;0
395318;No;573;574;93;1036;0.24;0.80;Disabled;66.38;21.92;Yes;0;0;0;0;0;0
395378;No;573;573;93;1036;0.24;0.80;Disabled;66.38;21.92;Yes;0;0;0;0;0;0
395410;No;573;573;93;1036;0.24;0.80;Disabled;66.38;21.92;Yes;0;0;0;0;0;0
395437;No;573;573;93;1036;0.24;0.80;Disabled;66.38;21.92;Yes;0;0;0;0;0;0
395468;No;573;573;93;1036;0.24;0.80;Disabled;66.38;21.92;Yes;0;0;0;0;0;0
395498;No;573;573;93;1036;0.24;0.80;Disabled;66.38;21.92;Yes;0;0;0;0;0;0
395529;No;573;573;93;1035;0.24;0.80;Disabled;66.38;21.92;Yes;0;0;0;0;0;0
395556;No;573;573;93;1035;0.24;0.80;Disabled;66.38;21.92;Yes;0;0;0;0;0;0
395595;No;573;573;93;1035;0.24;0.80;Disabled;66.38;21.92;Yes;0;0;0;0;0;0
395619;No;573;573;93;1035;0.24;0.80;Disabled;66.38;21.92;Yes;0;0;0;0;0;0
395680;No;573;573;93;1034;0.25;0.80;Disabled;66.38;21.92;Yes;0;0;0;0;0;0
395710;No;573;573;93;1035;0.25;0.80;Disabled;66.38;21.92;Yes;0;0;0;0;0;0
395739;No;573;573;93;1035;0.24;0.80;Disabled;66.38;21.92;Yes;0;0;0;0;0;0
395770;No;573;573;93;1036;0.23;0.80;Disabled;66.38;21.92;Yes;0;0;0;0;0;0
395798;No;573;573;93;1036;0.22;0.80;Disabled;66.38;21.92;Yes;0;0;0;0;0;0
395828;No;573;573;93;1036;0.21;0.80;Disabled;66.38;21.92;Yes;0;0;0;0;0;0
395855;No;573;573;93;1036;0.20;0.80;Disabled;66.38;21.92;Yes;0;0;0;0;0;0
395888;No;573;573;93;1037;0.19;0.80;Disabled;66.38;21.92;Yes;0;0;0;0;0;0
395919;No;573;573;93;1037;0.18;0.80;Disabled;66.38;21.92;Yes;0;0;0;0;0;0
395979;No;573;573;93;1037;0.17;0.80;Disabled;66.38;21.92;Yes;0;0;0;0;0;0
396009;No;573;572;93;1038;0.16;0.80;Disabled;66.38;21.92;Yes;0;0;0;0;0;0
396037;No;573;572;93;1038;0.15;0.80;Disabled;66.38;21.92;Yes;0;0;0;0;0;0
396067;No;573;572;93;1038;0.14;0.80;Disabled;66.38;21.92;Yes;0;0;0;0;0;0
396099;No;572;572;93;1038;0.13;0.80;Disabled;66.38;21.92;Yes;0;0;0;0;0;0
396130;No;572;572;93;1039;0.13;0.80;Disabled;66.38;21.92;Yes;0;0;0;0;0;0
396160;No;572;572;93;1039;0.12;0.80;Disabled;66.38;21.92;Yes;0;0;0;0;0;0
396185;No;572;572;93;1040;0.11;0.80;Disabled;66.38;21.92;Yes;0;0;0;0;0;0
396219;No;572;572;93;1040;0.10;0.80;Disabled;66.38;21.92;Yes;0;0;0;0;0;0
396279;No;572;572;93;1039;0.09;0.80;Disabled;66.38;21.92;Yes;0;0;0;0;0;0
396311;No;572;572;93;1038;0.09;0.80;Disabled;66.38;21.92;Yes;0;0;0;0;0;0
396339;No;572;572;93;1037;0.09;0.80;Disabled;66.38;21.92;Yes;0;0;0;0;0;0
396368;No;572;572;93;1036;0.09;0.80;Disabled;66.38;21.92;Yes;0;0;0;0;0;0
396397;No;572;572;93;1035;0.09;0.80;Disabled;66.38;21.92;Yes;0;0;0;0;0;0
396427;No;572;572;93;1034;0.09;0.80;Disabled;66.38;21.92;Yes;0;0;0;0;0;0
396460;No;572;572;93;1033;0.09;0.80;Disabled;66.38;21.92;Yes;0;0;0;0;0;0
396487;No;572;572;93;1032;0.09;0.80;Disabled;66.38;21.92;Yes;0;0;0;0;0;0
396519;No;572;572;93;1031;0.09;0.80;Disabled;66.38;21.92;Yes;0;0;0;0;0;0
396580;No;572;572;93;1030;0.09;0.80;Disabled;66.38;21.92;Yes;0;0;0;0;0;0
396610;No;572;572;93;1029;0.09;0.80;Disabled;66.38;21.92;Yes;0;0;0;0;0;0
396638;No;572;572;93;1028;0.09;0.80;Disabled;66.38;21.92;Yes;0;0;0;0;0;0
396669;No;572;572;93;1027;0.08;0.80;Disabled;66.38;21.92;Yes;0;0;0;0;0;0
396695;No;572;572;93;1026;0.08;0.80;Disabled;66.38;21.92;Yes;0;0;0;0;0;0
396728;No;572;572;93;1025;0.08;0.80;Disabled;66.38;21.92;Yes;0;0;0;0;0;0
396755;No;572;572;93;1024;0.08;0.80;Disabled;66.38;21.92;Yes;0;0;0;0;0;0
396785;No;572;572;93;1023;0.08;0.80;Disabled;66.38;21.92;Yes;0;0;0;0;0;0
396816;No;571;572;93;1022;0.08;0.80;Disabled;66.38;21.92;Yes;0;0;0;0;0;0
396880;No;571;571;93;1021;0.08;0.80;Disabled;66.38;21.92;Yes;0;0;0;0;0;0
396908;No;571;571;93;1019;0.09;0.80;Disabled;66.38;21.92;Yes;0;0;0;0;0;0
396937;No;571;571;93;1018;0.09;0.80;Disabled;66.38;21.92;Yes;0;0;0;0;0;0
396968;No;571;571;93;1017;0.09;0.80;Disabled;66.38;21.92;Yes;0;0;0;0;0;0
396999;No;571;571;93;1016;0.09;0.80;Disabled;66.38;21.92;Yes;0;0;0;0;0;0
397026;No;571;571;93;1014;0.09;0.80;Disabled;66.38;21.92;Yes;0;0;0;0;0;0
397057;No;571;571;93;1013;0.09;0.80;Disabled;66.38;21.92;Yes;0;0;0;0;0;0
397089;No;571;571;93;1012;0.09;0.80;Disabled;66.38;21.92;Yes;0;0;0;0;0;0
397116;No;571;571;93;1010;0.09;0.80;Disabled;66.38;21.92;Yes;0;0;0;0;0;0
397179;No;571;571;93;1009;0.09;0.80;Disabled;66.38;21.92;Yes;0;0;0;0;0;0
397209;No;571;571;93;1008;0.09;0.80;Disabled;66.38;21.92;Yes;0;0;0;0;0;0
397238;No;571;571;93;1006;0.09;0.80;Disabled;66.38;21.92;Yes;0;0;0;0;0;0
397269;No;571;571;93;1005;0.09;0.80;Disabled;66.38;21.92;Yes;0;0;0;0;0;0
397296;No;571;571;93;1004;0.10;0.80;Disabled;66.38;21.92;Yes;0;0;0;0;0;0
397325;No;571;571;93;1002;0.10;0.80;Disabled;66.38;21.92;Yes;0;0;0;0;0;0
397358;No;571;571;93;1001;0.10;0.80;Disabled;66.38;21.92;Yes;0;0;0;0;0;0
397385;No;570;571;93;1000;0.10;0.80;Disabled;66.38;21.92;Yes;0;0;0;0;0;0
397416;No;570;570;93;999;0.10;0.80;Disabled;66.38;21.92;Yes;0;0;0;0;0;0
397501;No;570;570;93;998;0.10;0.80;Disabled;66.38;21.92;Yes;0;0;0;0;0;0
397539;No;570;570;93;997;0.10;0.80;Disabled;66.38;21.92;Yes;0;0;0;0;0;0
397569;No;570;570;93;996;0.10;0.80;Disabled;66.38;21.92;Yes;0;0;0;0;0;0
397599;No;570;570;93;995;0.10;0.80;Disabled;66.38;21.92;Yes;0;0;0;0;0;0
397625;No;570;570;93;994;0.10;0.80;Disabled;66.38;21.92;Yes;0;0;0;0;0;0
397656;No;570;570;93;993;0.10;0.80;Disabled;66.38;21.92;Yes;0;0;0;0;0;0
397688;No;570;570;93;992;0.11;0.80;Disabled;66.38;21.92;Yes;0;0;0;0;0;0
397718;No;570;570;93;991;0.11;0.80;Disabled;66.38;21.92;Yes;0;0;0;0;0;0
397778;No;570;570;93;990;0.11;0.80;Disabled;66.38;21.92;Yes;0;0;0;0;0;0
397808;No;570;570;93;989;0.11;0.80;Disabled;66.38;21.92;Yes;0;0;0;0;0;0
397839;No;570;570;93;988;0.11;0.80;Disabled;66.38;21.92;Yes;0;0;0;0;0;0
397868;No;569;570;93;988;0.11;0.80;Disabled;66.38;21.92;Yes;0;0;0;0;0;0
397899;No;569;569;93;986;0.11;0.80;Disabled;66.38;21.92;Yes;0;0;0;0;0;0
397930;No;569;569;93;986;0.11;0.80;Disabled;66.38;21.92;Yes;0;0;0;0;0;0
397958;No;569;569;93;984;0.11;0.80;Disabled;66.38;21.92;Yes;0;0;0;0;0;0
397990;No;569;569;93;976;0.11;0.80;Disabled;66.38;21.92;Yes;0;0;0;0;0;0
398018;No;569;569;93;966;0.11;0.80;Disabled;66.38;21.92;Yes;0;0;0;0;0;0
398079;No;569;569;93;957;0.11;0.80;Disabled;66.38;21.92;Yes;0;0;0;0;0;0
398108;No;569;569;93;948;0.11;0.80;Disabled;66.38;21.92;Yes;0;0;0;0;0;0
398139;No;569;569;93;939;0.11;0.80;Disabled;66.38;21.92;Yes;0;0;0;0;0;0
398168;No;569;569;93;930;0.11;0.80;Disabled;66.38;21.92;Yes;0;0;0;0;0;0
398201;No;569;569;93;921;0.11;0.80;Disabled;66.38;21.92;Yes;0;0;0;0;0;0
398229;No;569;569;93;912;0.11;0.80;Disabled;66.38;21.92;Yes;0;0;0;0;0;0
398259;No;569;569;93;903;0.11;0.80;Disabled;66.38;21.92;Yes;0;0;0;0;0;0
398287;No;569;569;93;894;0.11;0.80;Disabled;66.38;21.92;Yes;0;0;0;0;0;0
398319;No;569;569;93;885;0.11;0.80;Disabled;66.38;21.92;Yes;0;0;0;0;0;0
398382;No;568;569;93;876;0.11;0.80;Disabled;66.38;21.92;Yes;0;0;0;0;0;0
398412;No;568;568;93;866;0.11;0.80;Disabled;66.38;21.92;Yes;0;0;0;0;0;0
398439;No;568;568;93;858;0.11;0.80;Disabled;66.38;21.92;Yes;0;0;0;0;0;0
398465;No;568;568;93;848;0.11;0.80;Disabled;66.38;21.92;Yes;0;0;0;0;0;0
398496;No;568;568;93;839;0.11;0.80;Disabled;66.38;21.92;Yes;0;0;0;0;0;0
398528;No;568;568;93;830;0.11;0.80;Disabled;66.38;21.92;Yes;0;0;0;0;0;0
398556;No;568;568;93;830;0.11;0.80;Disabled;66.38;21.92;Yes;0;0;0;0;0;0
398589;No;568;568;93;829;0.11;0.80;Disabled;66.38;21.92;Yes;0;0;0;0;0;0
398615;No;568;568;93;829;0.11;0.80;Disabled;66.38;21.92;Yes;0;0;0;0;0;0
398680;No;568;568;93;828;0.11;0.80;Disabled;66.38;21.92;Yes;0;0;0;0;0;0
398708;No;568;568;93;828;0.11;0.80;Disabled;66.38;21.92;Yes;0;0;0;0;0;0
398738;No;568;568;93;827;0.11;0.80;Disabled;66.38;21.92;Yes;0;0;0;0;0;0
398776;No;568;568;93;827;0.12;0.80;Disabled;66.38;21.92;Yes;0;0;0;0;0;0
398798;No;568;568;93;826;0.12;0.80;Disabled;66.38;21.92;Yes;0;0;0;0;0;0
398830;No;568;568;93;826;0.12;0.80;Disabled;66.38;21.92;Yes;0;0;0;0;0;0
398857;No;568;568;93;826;0.12;0.80;Disabled;66.38;21.92;Yes;0;0;0;0;0;0
398889;No;568;568;93;825;0.12;0.80;Disabled;66.38;21.92;Yes;0;0;0;0;0;0
398916;No;568;568;93;824;0.12;0.80;Disabled;66.38;21.92;Yes;0;0;0;0;0;0
398979;No;568;568;93;824;0.12;0.80;Disabled;66.38;21.92;Yes;0;0;0;0;0;0
399010;No;568;568;93;824;0.12;0.80;Disabled;66.38;21.92;Yes;0;0;0;0;0;0
399038;No;568;568;93;823;0.12;0.80;Disabled;66.38;21.92;Yes;0;0;0;0;0;0
399066;No;568;568;93;822;0.12;0.80;Disabled;66.38;21.92;Yes;0;0;0;0;0;0
399096;No;568;568;93;822;0.12;0.80;Disabled;66.38;21.92;Yes;0;0;0;0;0;0
399128;No;568;568;93;830;0.12;0.80;Disabled;66.38;21.92;Yes;0;0;0;0;0;0
399160;No;568;568;93;838;0.12;0.80;Disabled;66.38;21.92;Yes;0;0;0;0;0;0
399188;No;568;568;93;845;0.12;0.80;Disabled;66.38;21.92;Yes;0;0;0;0;0;0
399217;No;568;568;93;853;0.12;0.80;Disabled;66.38;21.92;Yes;0;0;0;0;0;0
399278;No;568;567;93;860;0.12;0.80;Disabled;66.38;21.92;Yes;0;0;0;0;0;0
399308;No;567;567;93;868;0.12;0.80;Disabled;66.38;21.92;Yes;0;0;0;0;0;0
399335;No;567;567;93;876;0.12;0.80;Disabled;66.38;21.92;Yes;0;0;0;0;0;0
399366;No;567;567;93;884;0.12;0.80;Disabled;66.38;21.92;Yes;0;0;0;0;0;0
399397;No;567;567;93;891;0.12;0.80;Disabled;66.38;21.92;Yes;0;0;0;0;0;0
399429;No;567;567;93;899;0.12;0.80;Disabled;66.38;21.92;Yes;0;0;0;0;0;0
399456;No;567;567;93;906;0.12;0.80;Disabled;66.38;21.92;Yes;0;0;0;0;0;0
399490;No;567;567;93;914;0.12;0.80;Disabled;66.38;21.92;Yes;0;0;0;0;0;0
399519;No;567;567;93;922;0.12;0.80;Disabled;66.38;21.92;Yes;0;0;0;0;0;0
399578;No;567;567;93;930;0.13;0.80;Disabled;66.38;21.92;Yes;0;0;0;0;0;0
399608;No;567;567;93;937;0.13;0.80;Disabled;66.38;21.92;Yes;0;0;0;0;0;0
399636;No;567;567;93;945;0.13;0.80;Disabled;66.38;21.92;Yes;0;0;0;0;0;0
399666;No;567;567;93;953;0.13;0.80;Disabled;66.38;21.92;Yes;0;0;0;0;0;0
399698;No;567;567;93;951;0.13;0.80;Disabled;66.38;21.92;Yes;0;0;0;0;0;0
399730;No;567;567;93;949;0.13;0.80;Disabled;66.38;21.92;Yes;0;0;0;0;0;0
399759;No;567;567;93;947;0.13;0.80;Disabled;66.38;21.92;Yes;0;0;0;0;0;0
399786;No;567;567;93;945;0.13;0.80;Disabled;66.38;21.92;Yes;0;0;0;0;0;0
399816;No;567;567;93;943;0.13;0.80;Disabled;66.38;21.92;Yes;0;0;0;0;0;0
399878;No;567;567;93;941;0.13;0.80;Disabled;66.38;21.92;Yes;0;0;0;0;0;0
399908;No;567;567;93;939;0.13;0.80;Disabled;66.38;21.92;Yes;0;0;0;0;0;0
399937;No;567;567;93;937;0.13;0.80;Disabled;66.38;21.92;Yes;0;0;0;0;0;0
399969;No;567;566;93;936;0.13;0.80;Disabled;66.38;21.92;Yes;0;0;0;0;0;0
399999;No;566;566;93;934;0.13;0.80;Disabled;66.38;21.92;Yes;0;0;0;0;0;0
400026;No;566;566;93;932;0.13;0.80;Disabled;66.38;21.92;Yes;0;0;0;0;0;0
400060;No;566;566;93;930;0.13;0.80;Disabled;66.38;21.92;Yes;0;0;0;0;0;0
400088;No;566;566;93;928;0.13;0.80;Disabled;66.38;21.92;Yes;0;0;0;0;0;0
400118;No;566;566;93;926;0.14;0.80;Disabled;66.38;21.92;Yes;0;0;0;0;0;0
400177;No;566;566;93;924;0.14;0.80;Disabled;66.38;21.92;Yes;0;0;0;0;0;0
400209;No;566;566;93;922;0.14;0.80;Disabled;66.38;21.92;Yes;0;0;0;0;0;0
400237;No;566;566;93;920;0.14;0.80;Disabled;66.38;21.92;Yes;0;0;0;0;0;0
400269;No;566;566;93;920;0.14;0.80;Disabled;66.38;21.92;Yes;0;0;0;0;0;0
400296;No;566;566;93;920;0.14;0.80;Disabled;66.38;21.92;Yes;0;0;0;0;0;0
400328;No;566;566;93;920;0.14;0.80;Disabled;66.38;21.92;Yes;0;0;0;0;0;0
400358;No;566;566;93;920;0.14;0.80;Disabled;66.38;21.92;Yes;0;0;0;0;0;0
400390;No;566;566;93;920;0.14;0.80;Disabled;66.38;21.92;Yes;0;0;0;0;0;0
400416;No;566;566;93;920;0.13;0.80;Disabled;66.38;21.92;Yes;0;0;0;0;0;0
400478;No;566;566;93;919;0.13;0.80;Disabled;66.38;21.92;Yes;0;0;0;0;0;0
400509;No;566;566;93;919;0.13;0.80;Disabled;66.38;21.92;Yes;0;0;0;0;0;0
400538;No;566;566;93;919;0.13;0.80;Disabled;66.38;21.92;Yes;0;0;0;0;0;0
400569;No;566;566;93;919;0.13;0.80;Disabled;66.38;21.92;Yes;0;0;0;0;0;0
400599;No;566;566;93;919;0.13;0.80;Disabled;66.38;21.92;Yes;0;0;0;0;0;0
400626;No;566;566;93;919;0.13;0.80;Disabled;66.38;21.92;Yes;0;0;0;0;0;0
400657;No;566;566;93;919;0.13;0.80;Disabled;66.38;21.92;Yes;0;0;0;0;0;0
400689;No;566;566;93;918;0.13;0.80;Disabled;66.38;21.92;Yes;0;0;0;0;0;0
400717;No;566;566;93;918;0.13;0.80;Disabled;66.38;21.92;Yes;0;0;0;0;0;0
400779;No;565;566;93;918;0.13;0.80;Disabled;66.38;21.92;Yes;0;0;0;0;0;0
400807;No;565;565;93;918;0.13;0.80;Disabled;66.38;21.92;Yes;0;0;0;0;0;0
400841;No;565;565;93;912;0.13;0.80;Disabled;66.38;21.92;Yes;0;0;0;0;0;0
400869;No;565;565;93;906;0.13;0.80;Disabled;66.38;21.92;Yes;0;0;0;0;0;0
400896;No;565;565;93;900;0.13;0.80;Disabled;66.38;21.92;Yes;0;0;0;0;0;0
400927;No;565;565;93;893;0.12;0.80;Disabled;66.38;21.92;Yes;0;0;0;0;0;0
400956;No;565;565;93;887;0.12;0.80;Disabled;66.38;21.92;Yes;0;0;0;0;0;0
400990;No;565;565;93;880;0.12;0.80;Disabled;66.38;21.92;Yes;0;0;0;0;0;0
401021;No;565;565;93;874;0.12;0.80;Disabled;66.38;21.92;Yes;0;0;0;0;0;0
401079;No;565;565;93;868;0.12;0.80;Disabled;66.38;21.92;Yes;0;0;0;0;0;0
401110;No;565;565;93;862;0.12;0.80;Disabled;66.38;21.92;Yes;0;0;0;0;0;0
401138;No;565;565;93;856;0.12;0.80;Disabled;66.38;21.92;Yes;0;0;0;0;0;0
401170;No;565;565;93;849;0.12;0.80;Disabled;66.38;21.92;Yes;0;0;0;0;0;0
401198;No;565;565;93;843;0.12;0.80;Disabled;66.38;21.92;Yes;0;0;0;0;0;0
401229;No;565;565;93;836;0.12;0.80;Disabled;66.38;21.92;Yes;0;0;0;0;0;0
401258;No;565;565;93;830;0.12;0.80;Disabled;66.38;21.92;Yes;0;0;0;0;0;0
401288;No;565;565;93;824;0.12;0.80;Disabled;66.38;21.92;Yes;0;0;0;0;0;0
401336;No;565;565;93;818;0.12;0.80;Disabled;66.38;21.92;Yes;0;0;0;0;0;0
401410;No;564;565;93;812;0.11;0.80;Disabled;66.38;21.92;Yes;0;0;0;0;0;0
401440;No;564;564;93;824;0.11;0.80;Disabled;66.38;21.92;Yes;0;0;0;0;0;0
401469;No;564;564;93;836;0.11;0.80;Disabled;66.38;21.92;Yes;0;0;0;0;0;0
401495;No;564;564;93;848;0.11;0.80;Disabled;66.38;21.92;Yes;0;0;0;0;0;0
401530;No;564;564;93;860;0.11;0.80;Disabled;66.38;21.92;Yes;0;0;0;0;0;0
401558;No;564;564;93;872;0.11;0.80;Disabled;66.38;21.92;Yes;0;0;0;0;0;0
401588;No;564;564;93;884;0.11;0.80;Disabled;66.38;21.92;Yes;0;0;0;0;0;0
401618;No;564;564;93;896;0.11;0.80;Disabled;66.38;21.92;Yes;0;0;0;0;0;0
401678;No;564;564;93;908;0.11;0.80;Disabled;66.38;21.92;Yes;0;0;0;0;0;0
401709;No;564;564;93;920;0.11;0.80;Disabled;66.38;21.92;Yes;0;0;0;0;0;0
401735;No;564;564;93;932;0.11;0.80;Disabled;66.38;21.92;Yes;0;0;0;0;0;0
401771;No;564;564;93;944;0.11;0.80;Disabled;66.38;21.92;Yes;0;0;0;0;0;0
401798;No;564;564;93;956;0.11;0.80;Disabled;66.38;21.92;Yes;0;0;0;0;0;0
401829;No;564;564;93;968;0.11;0.80;Disabled;66.38;21.92;Yes;0;0;0;0;0;0
401856;No;564;564;93;980;0.11;0.80;Disabled;66.38;21.92;Yes;0;0;0;0;0;0
401889;No;563;564;93;992;0.11;0.80;Disabled;66.38;21.92;Yes;0;0;0;0;0;0
401917;No;563;563;93;1004;0.11;0.80;Disabled;66.38;21.92;Yes;0;0;0;0;0;0
401979;No;563;563;93;1016;0.11;0.80;Disabled;66.38;21.92;Yes;0;0;0;0;0;0
402013;No;563;563;93;1012;0.11;0.80;Disabled;66.38;21.92;Yes;0;0;0;0;0;0
402038;No;563;563;93;1007;0.11;0.80;Disabled;66.38;21.92;Yes;0;0;0;0;0;0
402068;No;563;563;93;1003;0.11;0.80;Disabled;66.38;21.92;Yes;0;0;0;0;0;0
402099;No;563;563;93;999;0.11;0.80;Disabled;66.38;21.92;Yes;0;0;0;0;0;0
402126;No;563;563;93;995;0.11;0.80;Disabled;66.38;21.92;Yes;0;0;0;0;0;0
402158;No;563;563;93;991;0.11;0.80;Disabled;66.38;21.92;Yes;0;0;0;0;0;0
402186;No;563;563;93;987;0.11;0.80;Disabled;66.38;21.92;Yes;0;0;0;0;0;0
402216;No;563;563;92;983;0.11;0.80;Disabled;66.38;21.92;Yes;0;0;0;0;0;0
402281;No;563;563;92;979;0.11;0.80;Disabled;66.38;21.92;Yes;0;0;0;0;0;0
402308;No;563;563;92;975;0.11;0.80;Disabled;66.38;21.92;Yes;0;0;0;0;0;0
402339;No;563;562;92;971;0.11;0.80;Disabled;66.38;21.92;Yes;0;0;0;0;0;0
402366;No;563;562;92;966;0.11;0.80;Disabled;66.38;21.92;Yes;0;0;0;0;0;0
402398;No;563;562;92;962;0.11;0.80;Disabled;66.38;21.92;Yes;0;0;0;0;0;0
402429;No;562;562;92;958;0.11;0.80;Disabled;66.38;21.92;Yes;0;0;0;0;0;0
402456;No;562;562;92;954;0.11;0.80;Disabled;66.38;21.92;Yes;0;0;0;0;0;0
402489;No;562;562;92;950;0.11;0.80;Disabled;66.38;21.92;Yes;0;0;0;0;0;0
402518;No;562;562;92;946;0.11;0.80;Disabled;66.38;21.92;Yes;0;0;0;0;0;0
402579;No;562;562;92;939;0.11;0.80;Disabled;66.38;21.92;Yes;0;0;0;0;0;0
402616;No;562;562;92;932;0.11;0.80;Disabled;66.38;21.92;Yes;0;0;0;0;0;0
402639;No;562;562;92;924;0.11;0.80;Disabled;66.38;21.92;Yes;0;0;0;0;0;0
402669;No;562;562;92;917;0.11;0.80;Disabled;66.38;21.92;Yes;0;0;0;0;0;0
402698;No;562;562;92;910;0.11;0.80;Disabled;66.38;21.92;Yes;0;0;0;0;0;0
402726;No;562;562;92;903;0.11;0.80;Disabled;66.38;21.92;Yes;0;0;0;0;0;0
402758;No;562;562;92;896;0.11;0.80;Disabled;66.38;21.92;Yes;0;0;0;0;0;0
402789;No;562;562;92;888;0.11;0.80;Disabled;66.38;21.92;Yes;0;0;0;0;0;0
402815;No;562;562;92;881;0.11;0.80;Disabled;66.38;21.92;Yes;0;0;0;0;0;0
402879;No;562;562;92;874;0.11;0.80;Disabled;66.38;21.92;Yes;0;0;0;0;0;0
402910;No;562;562;92;867;0.11;0.80;Disabled;66.38;21.92;Yes;0;0;0;0;0;0
402935;No;561;562;92;860;0.11;0.80;Disabled;66.38;21.92;Yes;0;0;0;0;0;0
402966;No;561;561;92;852;0.11;0.80;Disabled;66.38;21.92;Yes;0;0;0;0;0;0
402998;No;561;561;92;845;0.11;0.80;Disabled;66.38;21.92;Yes;0;0;0;0;0;0
403029;No;561;561;92;838;0.11;0.80;Disabled;66.38;21.92;Yes;0;0;0;0;0;0
403055;No;561;561;92;831;0.10;0.80;Disabled;66.38;21.92;Yes;0;0;0;0;0;0
403089;No;561;561;92;824;0.10;0.80;Disabled;66.38;21.92;Yes;0;0;0;0;0;0
403116;No;561;561;92;818;0.10;0.80;Disabled;66.38;21.92;Yes;0;0;0;0;0;0
403178;No;561;561;92;811;0.10;0.80;Disabled;66.38;21.92;Yes;0;0;0;0;0;0
403210;No;561;561;92;805;0.10;0.80;Disabled;66.38;21.92;Yes;0;0;0;0;0;0
403235;No;561;561;92;799;0.11;0.80;Disabled;66.38;21.92;Yes;0;0;0;0;0;0
403270;No;561;561;92;793;0.11;0.80;Disabled;66.38;21.92;Yes;0;0;0;0;0;0
403298;No;561;561;92;787;0.11;0.80;Disabled;66.38;21.92;Yes;0;0;0;0;0;0
403329;No;561;561;92;781;0.11;0.80;Disabled;66.38;21.92;Yes;0;0;0;0;0;0
403356;No;561;561;92;775;0.11;0.80;Disabled;66.38;21.92;Yes;0;0;0;0;0;0
403389;No;560;561;92;769;0.11;0.80;Disabled;66.38;21.92;Yes;0;0;0;0;0;0
403416;No;560;560;92;763;0.11;0.80;Disabled;66.38;21.92;Yes;0;0;0;0;0;0
403480;No;560;560;92;757;0.11;0.80;Disabled;66.38;21.92;Yes;0;0;0;0;0;0
403511;No;560;560;92;750;0.11;0.80;Disabled;66.38;21.92;Yes;0;0;0;0;0;0
403535;No;560;560;92;744;0.11;0.80;Disabled;66.38;21.92;Yes;0;0;0;0;0;0
403568;No;560;560;92;738;0.11;0.80;Disabled;66.38;21.92;Yes;0;0;0;0;0;0
403598;No;560;560;92;732;0.11;0.80;Disabled;66.38;21.92;Yes;0;0;0;0;0;0
403629;No;560;560;92;726;0.11;0.80;Disabled;66.38;21.92;Yes;0;0;0;0;0;0
403656;No;560;560;92;720;0.11;0.80;Disabled;66.38;21.92;Yes;0;0;0;0;0;0
403689;No;560;560;92;716;0.11;0.80;Disabled;66.38;21.92;Yes;0;0;0;0;0;0
403716;No;560;560;92;713;0.11;0.80;Disabled;66.38;21.92;Yes;0;0;0;0;0;0
403780;No;560;560;92;709;0.11;0.80;Disabled;66.38;21.92;Yes;0;0;0;0;0;0
403811;No;560;560;92;705;0.11;0.80;Disabled;66.38;21.92;Yes;0;0;0;0;0;0
403838;No;560;560;92;702;0.11;0.80;Disabled;66.38;21.92;Yes;0;0;0;0;0;0
403869;No;559;560;92;698;0.11;0.80;Disabled;66.38;21.92;Yes;0;0;0;0;0;0
403928;No;559;559;92;694;0.10;0.80;Disabled;66.38;21.92;Yes;0;0;0;0;0;0
403956;No;559;559;92;690;0.10;0.80;Disabled;66.38;21.92;Yes;0;0;0;0;0;0
403988;No;559;559;92;687;0.10;0.80;Disabled;66.38;21.92;Yes;0;0;0;0;0;0
404018;No;559;559;92;683;0.10;0.80;Disabled;66.38;21.92;Yes;0;0;0;0;0;0
404079;No;559;559;92;679;0.10;0.80;Disabled;66.38;21.92;Yes;0;0;0;0;0;0
404110;No;559;559;92;676;0.10;0.80;Disabled;66.38;21.92;Yes;0;0;0;0;0;0
404136;No;559;559;92;672;0.10;0.80;Disabled;66.38;21.92;Yes;0;0;0;0;0;0
404168;No;559;559;92;668;0.09;0.80;Disabled;66.38;21.92;Yes;0;0;0;0;0;0
404199;No;559;559;92;664;0.09;0.80;Disabled;66.38;21.92;Yes;0;0;0;0;0;0
404226;No;558;559;92;661;0.09;0.80;Disabled;66.38;21.92;Yes;0;0;0;0;0;0
404257;No;558;558;92;657;0.09;0.80;Disabled;66.38;21.92;Yes;0;0;0;0;0;0
404289;No;558;558;92;658;0.09;0.80;Disabled;66.38;21.92;Yes;0;0;0;0;0;0
404317;No;558;558;92;659;0.09;0.80;Disabled;66.38;21.92;Yes;0;0;0;0;0;0
404379;No;558;558;92;660;0.09;0.80;Disabled;66.38;21.92;Yes;0;0;0;0;0;0
404408;No;558;558;92;660;0.09;0.80;Disabled;66.38;21.92;Yes;0;0;0;0;0;0
404436;No;558;558;92;662;0.09;0.80;Disabled;66.38;21.92;Yes;0;0;0;0;0;0
404468;No;558;558;92;662;0.09;0.80;Disabled;66.38;21.92;Yes;0;0;0;0;0;0
404501;No;558;558;92;663;0.09;0.80;Disabled;66.38;21.92;Yes;0;0;0;0;0;0
404528;No;557;558;92;664;0.09;0.80;Disabled;66.38;21.92;Yes;0;0;0;0;0;0
404556;No;557;557;92;665;0.09;0.80;Disabled;66.38;21.92;Yes;0;0;0;0;0;0
404589;No;557;557;92;666;0.09;0.80;Disabled;66.38;21.92;Yes;0;0;0;0;0;0
404617;No;557;557;92;667;0.09;0.80;Disabled;66.38;21.92;Yes;0;0;0;0;0;0
404678;No;557;557;92;668;0.09;0.80;Disabled;66.38;21.92;Yes;0;0;0;0;0;0
404711;No;557;557;92;668;0.10;0.80;Disabled;66.38;21.92;Yes;0;0;0;0;0;0
404739;No;557;557;92;669;0.10;0.80;Disabled;66.38;21.92;Yes;0;0;0;0;0;0
404769;No;557;557;92;670;0.10;0.80;Disabled;66.38;21.92;Yes;0;0;0;0;0;0
404799;No;556;557;92;671;0.10;0.80;Disabled;66.38;21.92;Yes;0;0;0;0;0;0
404829;No;556;556;92;672;0.10;0.80;Disabled;66.38;21.92;Yes;0;0;0;0;0;0
404861;No;556;556;92;672;0.10;0.80;Disabled;66.38;21.92;Yes;0;0;0;0;0;0
404888;No;556;556;92;672;0.10;0.80;Disabled;66.38;21.92;Yes;0;0;0;0;0;0
404918;No;556;556;92;671;0.10;0.80;Disabled;66.38;21.92;Yes;0;0;0;0;0;0
404979;No;556;556;92;671;0.10;0.80;Disabled;66.38;21.92;Yes;0;0;0;0;0;0
405011;No;556;556;92;670;0.10;0.80;Disabled;66.38;21.92;Yes;0;0;0;0;0;0
405039;No;556;556;92;670;0.10;0.80;Disabled;66.38;21.92;Yes;0;0;0;0;0;0
405070;No;556;556;92;670;0.11;0.80;Disabled;66.38;21.92;Yes;0;0;0;0;0;0
405098;No;556;556;92;670;0.11;0.79;Disabled;66.38;21.92;Yes;0;0;0;0;0;0
405130;No;555;556;92;670;0.11;0.79;Disabled;66.38;21.92;Yes;0;0;0;0;0;0
405175;No;555;555;92;669;0.11;0.79;Disabled;66.38;21.92;Yes;0;0;0;0;0;0
405215;No;555;555;92;669;0.11;0.79;Disabled;66.38;21.92;Yes;0;0;0;0;0;0
405279;No;555;555;92;669;0.11;0.79;Disabled;66.38;21.92;Yes;0;0;0;0;0;0
405310;No;555;555;92;668;0.11;0.79;Disabled;66.38;21.92;Yes;0;0;0;0;0;0
405338;No;555;555;92;668;0.11;0.79;Disabled;66.38;21.92;Yes;0;0;0;0;0;0
405369;No;555;555;92;668;0.11;0.79;Disabled;66.38;21.92;Yes;0;0;0;0;0;0
405398;No;555;555;92;668;0.12;0.79;Disabled;66.38;21.92;Yes;0;0;0;0;0;0
405429;No;555;555;92;667;0.12;0.79;Disabled;66.38;21.92;Yes;0;0;0;0;0;0
405458;No;554;555;92;698;0.12;0.79;Disabled;66.38;21.92;Yes;0;0;0;0;0;0
405489;No;554;554;92;728;0.12;0.79;Disabled;66.38;21.92;Yes;0;0;0;0;0;0
405519;No;554;554;92;758;0.12;0.79;Disabled;66.38;21.92;Yes;0;0;0;0;0;0
405578;No;554;554;92;789;0.12;0.79;Disabled;66.38;21.92;Yes;0;0;0;0;0;0
405609;No;554;554;92;819;0.12;0.79;Disabled;66.38;21.92;Yes;0;0;0;0;0;0
405640;No;554;554;92;850;0.12;0.79;Disabled;66.38;21.92;Yes;0;0;0;0;0;0
405669;No;554;554;92;880;0.12;0.79;Disabled;66.38;21.92;Yes;0;0;0;0;0;0
405698;No;554;554;92;910;0.13;0.79;Disabled;66.38;21.92;Yes;0;0;0;0;0;0
405730;No;554;554;92;941;0.13;0.79;Disabled;66.38;21.92;Yes;0;0;0;0;0;0
405758;No;554;554;92;971;0.13;0.79;Disabled;66.38;21.92;Yes;0;0;0;0;0;0
405788;No;554;554;92;1002;0.13;0.79;Disabled;66.38;21.92;Yes;0;0;0;0;0;0
405820;No;554;554;92;1032;0.13;0.79;Disabled;66.38;21.92;Yes;0;0;0;0;0;0
405880;No;554;554;92;1062;0.13;0.79;Disabled;66.38;21.92;Yes;0;0;0;0;0;0
405910;No;554;554;92;1093;0.13;0.79;Disabled;66.38;21.92;Yes;0;0;0;0;0;0
405938;No;554;554;92;1123;0.13;0.79;Disabled;66.38;21.92;Yes;0;0;0;0;0;0
405969;No;554;553;92;1154;0.14;0.79;Disabled;66.38;21.92;Yes;0;0;0;0;0;0
405998;No;554;553;92;1184;0.14;0.79;Disabled;66.38;21.92;Yes;0;0;0;0;0;0
406027;No;553;553;92;1206;0.14;0.79;Disabled;66.38;21.92;Yes;0;0;0;0;0;0
406058;No;553;553;92;1228;0.14;0.79;Disabled;66.38;21.92;Yes;0;0;0;0;0;0
406086;No;553;553;92;1250;0.14;0.79;Disabled;66.38;21.92;Yes;0;0;0;0;0;0
406118;No;553;553;92;1272;0.14;0.79;Disabled;66.38;21.92;Yes;0;0;0;0;0;0
406178;No;553;553;92;1294;0.15;0.79;Disabled;66.38;21.92;Yes;0;0;0;0;0;0
406210;No;553;553;92;1316;0.15;0.79;Disabled;66.38;21.92;Yes;0;0;0;0;0;0
406240;No;553;553;92;1338;0.15;0.79;Disabled;66.38;21.92;Yes;0;0;0;0;0;0
406269;No;553;553;92;1360;0.15;0.79;Disabled;66.38;21.92;Yes;0;0;0;0;0;0
406298;No;553;553;92;1382;0.15;0.79;Disabled;66.38;21.92;Yes;0;0;0;0;0;0
406330;No;553;553;92;1404;0.16;0.79;Disabled;66.38;21.92;Yes;0;0;0;0;0;0
406358;No;553;553;92;1425;0.16;0.79;Disabled;66.38;21.92;Yes;0;0;0;0;0;0
406390;No;553;553;92;1447;0.16;0.79;Disabled;66.38;21.92;Yes;0;0;0;0;0;0
406418;No;553;553;92;1469;0.16;0.79;Disabled;66.38;21.92;Yes;0;0;0;0;0;0
406499;No;553;553;92;1491;0.16;0.79;Disabled;66.38;21.92;Yes;0;0;0;0;0;0
406539;No;553;552;92;1513;0.17;0.79;Disabled;66.38;21.92;Yes;0;0;0;0;0;0
406566;No;552;552;92;1535;0.17;0.79;Disabled;66.38;21.92;Yes;0;0;0;0;0;0
406596;No;552;552;92;1557;0.17;0.79;Disabled;66.38;21.92;Yes;0;0;0;0;0;0
406628;No;552;552;92;1573;0.17;0.79;Disabled;66.38;21.92;Yes;0;0;0;0;0;0
406659;No;552;552;92;1588;0.17;0.79;Disabled;66.38;21.92;Yes;0;0;0;0;0;0
406690;No;552;552;92;1604;0.17;0.79;Enabled;66.38;21.92;Yes;0;0;0;0;0;0
406718;No;552;552;92;1620;0.17;0.79;Enabled;66.38;21.92;Yes;0;0;0;0;0;0
406778;No;552;552;92;1636;0.18;0.79;Enabled;66.38;21.92;Yes;0;0;0;0;0;0
406810;No;552;552;92;1651;0.18;0.79;Enabled;66.38;21.92;Yes;0;0;0;0;0;0
406838;No;552;552;92;1667;0.18;0.79;Enabled;66.38;21.92;Yes;0;0;0;0;0;0
406869;No;552;552;92;1683;0.18;0.79;Enabled;66.38;21.92;Yes;0;0;0;0;0;0
406896;No;552;552;92;1698;0.18;0.79;Enabled;66.38;21.92;Yes;0;0;0;0;0;0
406929;No;552;552;92;1714;0.18;0.79;Enabled;66.38;21.92;Yes;0;0;0;0;0;0
406956;No;552;552;92;1730;0.18;0.78;Enabled;66.38;21.92;Yes;0;0;0;0;0;0
406990;No;552;552;92;1746;0.18;0.78;Enabled;66.38;21.92;Yes;0;0;0;0;0;0
407020;No;552;552;92;1761;0.18;0.78;Enabled;66.38;21.92;Yes;0;0;0;0;0;0
407079;No;552;552;92;1777;0.18;0.78;Enabled;66.38;21.92;Yes;0;0;0;0;0;0
407111;No;552;552;92;1792;0.18;0.78;Enabled;66.38;21.92;Yes;0;0;0;0;0;0
407138;No;552;552;92;1808;0.18;0.78;Enabled;66.38;21.92;Yes;0;0;0;0;0;0
407169;No;552;552;92;1824;0.19;0.78;Enabled;66.38;21.92;Yes;0;0;0;0;0;0
407197;No;552;552;92;1845;0.19;0.78;Enabled;66.38;21.92;Yes;0;0;0;0;0;0
407228;No;552;552;92;1866;0.20;0.78;Enabled;66.38;21.92;Yes;0;0;0;0;0;0
407259;No;552;552;92;1887;0.22;0.78;Enabled;66.38;21.92;Yes;0;0;0;0;0;0
407287;No;552;552;92;1908;0.23;0.78;Enabled;66.38;21.92;Yes;0;0;0;0;0;0
407319;No;552;552;92;1929;0.25;0.78;Enabled;66.38;21.92;Yes;0;0;0;0;0;0
407380;No;552;552;92;1950;0.26;0.78;Enabled;66.38;21.92;Yes;0;0;0;0;0;0
407410;No;552;552;92;1972;0.28;0.78;Enabled;66.38;21.92;Yes;0;0;0;0;0;0
407439;No;552;552;92;1992;0.29;0.77;Enabled;66.38;21.92;Yes;0;0;0;0;0;0
407468;No;552;552;92;2014;0.31;0.77;Enabled;66.38;21.92;Yes;0;0;0;0;0;0
407500;No;552;552;92;2035;0.33;0.77;Enabled;66.38;21.92;Yes;0;0;0;0;0;0
407528;No;552;552;92;2056;0.34;0.77;Enabled;66.38;21.92;Yes;0;0;0;0;0;0
407559;No;552;552;92;2077;0.36;0.77;Enabled;66.38;21.92;Yes;0;0;0;0;0;0
407585;No;552;552;92;2098;0.37;0.77;Enabled;66.38;21.92;Yes;0;0;0;0;0;0
407617;No;552;552;92;2119;0.39;0.76;Enabled;66.38;21.92;Yes;0;0;0;0;0;0
407679;No;552;552;92;2140;0.40;0.76;Enabled;66.38;21.92;Yes;0;0;0;0;0;0
407707;No;552;552;92;2161;0.42;0.76;Enabled;66.38;21.92;Yes;0;0;0;0;0;0
407768;No;552;552;92;2182;0.43;0.76;Enabled;66.38;21.92;Yes;0;0;0;0;0;0
407799;No;552;552;92;2192;0.45;0.76;Enabled;66.38;21.92;Yes;0;0;0;0;0;0
407828;No;552;552;92;2201;0.47;0.76;Enabled;66.38;21.92;Yes;0;0;0;0;0;0
407861;No;552;552;92;2210;0.49;0.76;Enabled;66.38;21.92;Yes;0;0;0;0;0;0
407889;No;552;552;92;2220;0.52;0.76;Enabled;66.38;21.92;Yes;0;0;0;0;0;0
407918;No;552;552;92;2229;0.54;0.76;Enabled;66.38;21.92;Yes;0;0;0;0;0;0
407979;No;552;552;92;2239;0.56;0.76;Enabled;66.38;21.92;Yes;0;0;0;0;0;0
408010;No;552;552;92;2248;0.58;0.76;Enabled;66.38;21.92;Yes;0;0;0;0;0;0
408040;No;552;552;92;2258;0.60;0.77;Enabled;66.38;21.92;Yes;0;0;0;0;0;0
408068;No;552;552;92;2267;0.62;0.77;Enabled;66.38;21.92;Yes;0;0;0;0;0;0
408101;No;552;552;92;2276;0.65;0.77;Enabled;66.38;21.92;Yes;0;0;0;0;0;0
408130;No;552;552;92;2286;0.67;0.77;Enabled;66.38;21.92;Yes;0;0;0;0;0;0
408158;No;552;552;92;2295;0.69;0.77;Enabled;66.38;21.92;Yes;0;0;0;0;0;0
408189;No;552;552;92;2304;0.71;0.77;Enabled;66.38;21.92;Yes;0;0;0;0;0;0
408219;No;552;552;92;2314;0.73;0.78;Enabled;66.38;21.92;Yes;0;0;0;0;0;0
408279;No;552;552;92;2324;0.76;0.78;Enabled;66.38;21.92;Yes;0;0;0;0;0;0
408309;No;552;552;92;2333;0.78;0.78;Enabled;66.38;21.92;Yes;0;0;0;0;0;0
408339;No;552;552;92;2342;0.80;0.78;Enabled;66.38;21.92;Yes;0;0;0;0;0;0
408371;No;552;552;92;2309;0.82;0.78;Enabled;66.38;21.92;Yes;0;0;0;0;0;0
408398;No;552;552;92;2276;0.82;0.78;Enabled;66.38;21.92;Yes;0;0;0;0;0;0
408428;No;552;552;92;2242;0.83;0.78;Enabled;66.38;21.92;Yes;0;0;0;0;0;0
408460;No;552;552;92;2208;0.83;0.79;Enabled;66.38;21.92;Yes;0;0;0;0;0;0
408487;No;552;552;92;2175;0.83;0.79;Enabled;66.38;21.92;Yes;0;0;0;0;0;0
408519;No;552;552;92;2142;0.83;0.79;Enabled;66.38;21.92;Yes;0;0;0;0;0;0
408578;No;552;552;92;2108;0.83;0.79;Enabled;66.38;21.92;Yes;0;0;0;0;0;0
408608;No;552;552;91;2075;0.83;0.79;Enabled;66.38;21.92;Yes;0;0;0;0;0;0
408639;No;552;552;91;2042;0.84;0.79;Enabled;66.38;21.92;Yes;0;0;0;0;0;0
408669;No;552;552;91;2008;0.84;0.79;Enabled;66.38;21.92;Yes;0;0;0;0;0;0
408700;No;552;552;91;1975;0.84;0.79;Enabled;66.38;21.92;Yes;0;0;0;0;0;0
408730;No;552;552;91;1941;0.84;0.80;Enabled;66.38;21.92;Yes;0;0;0;0;0;0
408758;No;552;552;91;1908;0.85;0.80;Enabled;66.38;21.92;Yes;0;0;0;0;0;0
408792;No;552;552;91;1874;0.85;0.80;Enabled;66.38;21.92;Yes;0;0;0;0;0;0
408815;No;552;552;91;1841;0.85;0.80;Enabled;66.38;21.92;Yes;0;0;0;0;0;0
408879;No;552;552;91;1808;0.85;0.80;Enabled;66.38;21.92;Yes;0;0;0;0;0;0
408911;No;552;552;91;1774;0.85;0.80;Enabled;66.38;21.92;Yes;0;0;0;0;0;0
408939;No;552;552;91;1776;0.86;0.81;Enabled;66.38;21.92;Yes;0;0;0;0;0;0
408971;No;553;552;91;1778;0.85;0.81;Enabled;66.38;21.92;Yes;0;0;0;0;0;0
409016;No;553;553;91;1780;0.85;0.80;Enabled;66.38;21.92;Yes;0;0;0;0;0;0
409058;No;553;553;91;1783;0.85;0.80;Enabled;66.38;21.92;Yes;0;0;0;0;0;0
409089;No;553;553;91;1785;0.84;0.80;Enabled;66.38;21.92;Yes;0;0;0;0;0;0
409119;No;553;553;91;1787;0.84;0.80;Enabled;66.38;21.92;Yes;0;0;0;0;0;0
409179;No;553;553;91;1789;0.84;0.79;Enabled;66.38;21.92;Yes;0;0;0;0;0;0
409211;No;553;553;91;1791;0.83;0.79;Enabled;66.38;21.92;Yes;0;0;0;0;0;0
409238;No;553;553;91;1793;0.83;0.79;Enabled;66.38;21.92;Yes;0;0;0;0;0;0
409268;No;553;553;91;1795;0.83;0.79;Enabled;66.38;21.92;Yes;0;0;0;0;0;0
409300;No;553;553;91;1798;0.83;0.78;Enabled;66.38;21.92;Yes;0;0;0;0;0;0
409329;No;553;553;91;1800;0.82;0.78;Enabled;66.38;21.92;Yes;0;0;0;0;0;0
409357;No;553;553;91;1802;0.82;0.78;Enabled;66.38;21.92;Yes;0;0;0;0;0;0
409389;No;553;553;91;1804;0.82;0.78;Enabled;66.38;21.92;Yes;0;0;0;0;0;0
409420;No;553;553;91;1806;0.82;0.77;Enabled;66.38;21.92;Yes;0;0;0;0;0;0
409480;No;553;553;91;1808;0.81;0.77;Enabled;66.38;21.92;Yes;0;0;0;0;0;0
409511;No;553;553;91;1810;0.81;0.77;Enabled;66.38;21.92;Yes;0;0;0;0;0;0
409537;No;553;553;91;1798;0.81;0.77;Enabled;66.38;21.92;Yes;0;0;0;0;0;0
409569;No;554;553;91;1786;0.81;0.76;Enabled;66.38;21.92;Yes;0;0;0;0;0;0
409597;No;554;554;91;1774;0.80;0.76;Enabled;66.38;21.92;Yes;0;0;0;0;0;0
409627;No;554;554;91;1761;0.80;0.76;Enabled;66.38;21.92;Yes;0;0;0;0;0;0
409657;No;554;554;91;1749;0.80;0.76;Enabled;66.38;21.92;Yes;0;0;0;0;0;0
409689;No;554;554;91;1737;0.80;0.76;Enabled;66.38;21.92;Yes;0;0;0;0;0;0
409720;No;554;554;91;1724;0.80;0.76;Enabled;66.38;21.92;Yes;0;0;0;0;0;0
409780;No;554;554;91;1712;0.80;0.76;Enabled;66.38;21.92;Yes;0;0;0;0;0;0
409809;No;554;554;91;1700;0.79;0.76;Enabled;66.38;21.92;Yes;0;0;0;0;0;0
409838;No;554;554;91;1688;0.79;0.76;Enabled;66.38;21.92;Yes;0;0;0;0;0;0
409869;No;554;554;91;1676;0.79;0.76;Enabled;66.38;21.92;Yes;0;0;0;0;0;0
409900;No;554;554;91;1664;0.79;0.76;Enabled;66.38;21.92;Yes;0;0;0;0;0;0
409927;No;554;554;91;1651;0.79;0.76;Enabled;66.38;21.92;Yes;0;0;0;0;0;0
409958;No;554;554;91;1639;0.79;0.76;Enabled;66.38;21.92;Yes;0;0;0;0;0;0
409988;No;554;554;91;1627;0.79;0.76;Enabled;66.38;21.92;Yes;0;0;0;0;0;0
410019;No;554;554;91;1615;0.79;0.76;Enabled;66.38;21.92;Yes;0;0;0;0;0;0
410079;No;554;554;91;1602;0.78;0.76;Enabled;66.38;21.92;Yes;0;0;0;0;0;0
410109;No;554;554;91;1576;0.78;0.76;Enabled;66.38;21.92;Yes;0;0;0;0;0;0
410140;No;554;554;91;1550;0.78;0.76;Enabled;66.38;21.92;Yes;0;0;0;0;0;0
410169;No;554;554;91;1523;0.77;0.76;Disabled;66.38;21.92;Yes;0;0;0;0;0;0
410201;No;554;554;91;1497;0.77;0.76;Disabled;66.38;21.92;Yes;0;0;0;0;0;0
410228;No;555;555;91;1470;0.76;0.76;Disabled;66.38;21.92;Yes;0;0;0;0;0;0
410259;No;555;555;91;1444;0.76;0.76;Disabled;66.38;21.92;Yes;0;0;0;0;0;0
410299;No;555;555;91;1418;0.75;0.75;Disabled;66.38;21.92;Yes;0;0;0;0;0;0
410320;No;555;555;91;1392;0.75;0.75;Disabled;66.38;21.92;Yes;0;0;0;0;0;0
410380;No;555;555;91;1365;0.75;0.75;Disabled;66.38;21.92;Yes;0;0;0;0;0;0
410412;No;555;555;91;1339;0.74;0.75;Disabled;66.38;21.92;Yes;0;0;0;0;0;0
410439;No;555;555;91;1312;0.74;0.75;Disabled;66.38;21.92;Yes;0;0;0;0;0;0
410470;No;555;555;91;1286;0.73;0.75;Disabled;66.38;21.92;Yes;0;0;0;0;0;0
410498;No;555;555;91;1260;0.73;0.75;Disabled;66.38;21.92;Yes;0;0;0;0;0;0
410530;No;555;555;91;1233;0.72;0.75;Disabled;66.38;21.92;Yes;0;0;0;0;0;0
410558;No;555;555;91;1207;0.72;0.75;Disabled;66.38;21.92;Yes;0;0;0;0;0;0
410588;No;555;555;91;1180;0.71;0.75;Disabled;66.38;21.92;Yes;0;0;0;0;0;0
410617;No;555;555;91;1154;0.71;0.75;Disabled;66.38;21.92;Yes;0;0;0;0;0;0
410679;No;555;555;91;1151;0.70;0.75;Disabled;66.38;21.92;Yes;0;0;0;0;0;0
410713;No;555;555;91;1148;0.70;0.75;Disabled;66.38;21.92;Yes;0;0;0;0;0;0
410738;No;555;555;91;1144;0.70;0.75;Disabled;66.38;21.92;Yes;0;0;0;0;0;0
410769;No;555;555;91;1141;0.69;0.75;Disabled;66.38;21.92;Yes;0;0;0;0;0;0
410798;No;555;555;91;1138;0.69;0.75;Disabled;66.38;21.92;Yes;0;0;0;0;0;0
410828;No;555;555;91;1135;0.68;0.75;Disabled;66.38;21.92;Yes;0;0;0;0;0;0
410861;No;555;555;91;1132;0.68;0.75;Disabled;66.38;21.92;Yes;0;0;0;0;0;0
410887;No;555;555;92;1128;0.67;0.75;Disabled;66.38;21.92;Yes;0;0;0;0;0;0
410919;No;555;555;92;1125;0.67;0.75;Disabled;66.38;21.92;Yes;0;0;0;0;0;0
410980;No;555;555;92;1122;0.67;0.75;Disabled;66.38;21.92;Yes;0;0;0;0;0;0
411008;No;555;555;92;1119;0.66;0.75;Disabled;66.38;21.92;Yes;0;0;0;0;0;0
411039;No;555;555;92;1116;0.66;0.75;Disabled;66.38;21.92;Yes;0;0;0;0;0;0
411071;No;555;555;92;1112;0.65;0.75;Disabled;66.38;21.92;Yes;0;0;0;0;0;0
411097;No;555;555;92;1109;0.65;0.75;Disabled;66.38;21.92;Yes;0;0;0;0;0;0
411131;No;555;555;92;1106;0.64;0.75;Disabled;66.38;21.92;Yes;0;0;0;0;0;0
411163;No;555;555;92;1103;0.64;0.75;Disabled;66.38;21.92;Yes;0;0;0;0;0;0
411190;No;555;555;92;1100;0.63;0.75;Disabled;66.38;21.92;Yes;0;0;0;0;0;0
411217;No;555;555;92;1099;0.63;0.75;Disabled;66.38;21.92;Yes;0;0;0;0;0;0
411278;No;555;555;92;1099;0.62;0.75;Disabled;66.38;21.92;Yes;0;0;0;0;0;0
411311;No;555;555;92;1098;0.60;0.75;Disabled;66.38;21.92;Yes;0;0;0;0;0;0
411339;No;555;555;92;1098;0.58;0.75;Disabled;66.38;21.92;Yes;0;0;0;0;0;0
411370;No;555;555;92;1098;0.57;0.75;Disabled;66.38;21.92;Yes;0;0;0;0;0;0
411398;No;555;555;92;1097;0.55;0.75;Disabled;66.38;21.92;Yes;0;0;0;0;0;0
411430;No;555;555;92;1097;0.54;0.75;Disabled;66.38;21.92;Yes;0;0;0;0;0;0
411459;No;555;555;92;1096;0.52;0.75;Disabled;66.38;21.92;Yes;0;0;0;0;0;0
411490;No;555;555;92;1096;0.51;0.75;Disabled;66.38;21.92;Yes;0;0;0;0;0;0
411520;No;555;555;92;1096;0.49;0.75;Disabled;66.38;21.92;Yes;0;0;0;0;0;0
411600;No;555;555;92;1096;0.48;0.75;Disabled;66.38;21.92;Yes;0;0;0;0;0;0
411638;No;555;555;92;1095;0.46;0.75;Disabled;66.38;21.92;Yes;0;0;0;0;0;0
411669;No;555;555;92;1094;0.44;0.75;Disabled;66.38;21.92;Yes;0;0;0;0;0;0
411699;No;555;555;92;1094;0.43;0.75;Disabled;66.38;21.92;Yes;0;0;0;0;0;0
411731;No;555;555;92;1094;0.41;0.75;Disabled;66.38;21.92;Yes;0;0;0;0;0;0
411758;No;555;555;92;1094;0.40;0.75;Disabled;66.38;21.92;Yes;0;0;0;0;0;0
411789;No;555;555;92;1093;0.38;0.75;Disabled;66.38;21.92;Yes;0;0;0;0;0;0
411821;No;555;555;92;1092;0.37;0.75;Disabled;66.38;21.92;Yes;0;0;0;0;0;0
411880;No;555;555;92;1090;0.36;0.75;Disabled;66.38;21.92;Yes;0;0;0;0;0;0
411909;No;555;555;92;1089;0.36;0.75;Disabled;66.38;21.92;Yes;0;0;0;0;0;0
411939;No;555;555;92;1088;0.35;0.75;Disabled;66.38;21.92;Yes;0;0;0;0;0;0
411970;No;555;555;92;1086;0.35;0.75;Disabled;66.38;21.92;Yes;0;0;0;0;0;0
411998;No;555;555;92;1085;0.34;0.75;Disabled;66.38;21.92;Yes;0;0;0;0;0;0
412029;No;555;555;92;1084;0.34;0.75;Disabled;66.38;21.92;Yes;0;0;0;0;0;0
412056;No;555;555;92;1083;0.33;0.75;Disabled;66.38;21.92;Yes;0;0;0;0;0;0
412090;No;555;555;92;1082;0.33;0.75;Disabled;66.38;21.92;Yes;0;0;0;0;0;0
412117;No;555;555;92;1080;0.32;0.75;Disabled;66.38;21.92;Yes;0;0;0;0;0;0
412179;No;555;555;92;1079;0.32;0.75;Disabled;66.38;21.92;Yes;0;0;0;0;0;0
412209;No;555;555;92;1078;0.31;0.75;Disabled;66.38;21.92;Yes;0;0;0;0;0;0
412237;No;555;555;92;1076;0.31;0.75;Disabled;66.38;21.92;Yes;0;0;0;0;0;0
412268;No;555;555;92;1075;0.30;0.74;Disabled;66.38;21.92;Yes;0;0;0;0;0;0
412298;No;555;555;92;1074;0.30;0.74;Disabled;66.38;21.92;Yes;0;0;0;0;0;0
412331;No;555;555;92;1072;0.29;0.74;Disabled;66.38;21.92;Yes;0;0;0;0;0;0
412356;No;555;555;92;1071;0.29;0.74;Disabled;66.38;21.92;Yes;0;0;0;0;0;0
412389;No;555;555;92;1070;0.28;0.74;Disabled;66.38;21.92;Yes;0;0;0;0;0;0
412420;No;555;555;92;1069;0.28;0.74;Disabled;66.38;21.92;Yes;0;0;0;0;0;0
412479;No;555;555;92;1068;0.27;0.74;Disabled;66.38;21.92;Yes;0;0;0;0;0;0
412510;No;555;555;92;1067;0.26;0.74;Disabled;66.38;21.92;Yes;0;0;0;0;0;0
412537;No;555;555;92;1066;0.25;0.74;Disabled;66.38;21.92;Yes;0;0;0;0;0;0
412567;No;555;555;92;1065;0.24;0.74;Disabled;66.38;21.92;Yes;0;0;0;0;0;0
412598;No;555;555;92;1064;0.23;0.74;Disabled;66.38;21.92;Yes;0;0;0;0;0;0
412628;No;555;555;92;1063;0.22;0.74;Disabled;66.38;21.92;Yes;0;0;0;0;0;0
412659;No;555;555;92;1062;0.21;0.74;Disabled;66.38;21.92;Yes;0;0;0;0;0;0
412690;No;555;555;92;1061;0.20;0.74;Disabled;66.38;21.92;Yes;0;0;0;0;0;0
412717;No;555;555;92;1060;0.19;0.74;Disabled;66.38;21.92;Yes;0;0;0;0;0;0
412778;No;555;555;92;1058;0.18;0.74;Disabled;66.38;21.92;Yes;0;0;0;0;0;0
412811;No;555;555;92;1058;0.17;0.74;Disabled;66.38;21.92;Yes;0;0;0;0;0;0
412855;No;555;555;92;1056;0.17;0.74;Disabled;66.38;21.92;Yes;0;0;0;0;0;0
412896;No;555;555;92;1055;0.16;0.74;Disabled;66.38;21.92;Yes;0;0;0;0;0;0
412928;No;555;555;92;1054;0.15;0.74;Disabled;66.38;21.92;Yes;0;0;0;0;0;0
412956;No;555;555;92;1053;0.14;0.74;Disabled;66.38;21.92;Yes;0;0;0;0;0;0
412988;No;555;555;92;1052;0.13;0.74;Disabled;66.38;21.92;Yes;0;0;0;0;0;0
413020;No;555;555;92;1052;0.13;0.74;Disabled;66.38;21.92;Yes;0;0;0;0;0;0
413078;No;555;555;92;1050;0.13;0.74;Disabled;66.38;21.92;Yes;0;0;0;0;0;0
413111;No;555;555;92;1050;0.13;0.74;Disabled;66.38;21.92;Yes;0;0;0;0;0;0
413141;No;555;555;92;1049;0.13;0.74;Disabled;66.38;21.92;Yes;0;0;0;0;0;0
413169;No;555;555;92;1048;0.13;0.74;Disabled;66.38;21.92;Yes;0;0;0;0;0;0
413200;No;555;555;92;1047;0.13;0.74;Disabled;66.38;21.92;Yes;0;0;0;0;0;0
413228;No;555;555;93;1046;0.13;0.74;Disabled;66.38;21.92;Yes;0;0;0;0;0;0
413259;No;554;555;93;1045;0.13;0.74;Disabled;66.38;21.92;Yes;0;0;0;0;0;0
413288;No;554;554;93;1044;0.12;0.74;Disabled;66.38;21.92;Yes;0;0;0;0;0;0
413319;No;554;554;93;1043;0.12;0.74;Disabled;66.38;21.92;Yes;0;0;0;0;0;0
413382;No;554;554;93;1042;0.12;0.74;Disabled;66.38;21.92;Yes;0;0;0;0;0;0
413409;No;554;554;93;1042;0.12;0.74;Disabled;66.38;21.92;Yes;0;0;0;0;0;0
413438;No;554;554;93;1040;0.12;0.74;Disabled;66.38;21.92;Yes;0;0;0;0;0;0
413468;No;554;554;93;1040;0.12;0.74;Disabled;66.38;21.92;Yes;0;0;0;0;0;0
413499;No;554;554;93;1039;0.12;0.74;Disabled;66.38;21.92;Yes;0;0;0;0;0;0
413530;No;554;554;93;1038;0.12;0.74;Disabled;66.38;21.92;Yes;0;0;0;0;0;0
413559;No;554;554;93;1037;0.12;0.74;Disabled;66.38;21.92;Yes;0;0;0;0;0;0
413590;No;554;554;93;1036;0.12;0.74;Disabled;66.38;21.92;Yes;0;0;0;0;0;0
413618;No;554;554;93;1036;0.12;0.74;Disabled;66.38;21.92;Yes;0;0;0;0;0;0
413678;No;554;554;93;1035;0.12;0.74;Disabled;66.38;21.92;Yes;0;0;0;0;0;0
413710;No;554;554;93;1035;0.12;0.74;Disabled;66.38;21.92;Yes;0;0;0;0;0;0
413739;No;554;554;93;1034;0.12;0.74;Disabled;66.38;21.92;Yes;0;0;0;0;0;0
413770;No;554;554;93;1034;0.12;0.74;Disabled;66.38;21.92;Yes;0;0;0;0;0;0
413798;No;554;554;93;1033;0.12;0.74;Disabled;66.38;21.92;Yes;0;0;0;0;0;0
413830;No;554;554;93;1032;0.12;0.74;Disabled;66.38;21.92;Yes;0;0;0;0;0;0
413859;No;554;554;93;1032;0.13;0.74;Disabled;66.38;21.92;Yes;0;0;0;0;0;0
413890;No;554;554;93;1031;0.13;0.74;Disabled;66.38;21.92;Yes;0;0;0;0;0;0
413919;No;554;554;93;1030;0.13;0.74;Disabled;66.38;21.92;Yes;0;0;0;0;0;0
413979;No;554;554;93;1030;0.13;0.74;Disabled;66.38;21.92;Yes;0;0;0;0;0;0
414009;No;554;554;93;1029;0.13;0.74;Disabled;66.38;21.92;Yes;0;0;0;0;0;0
414039;No;554;554;93;1028;0.13;0.74;Disabled;66.38;21.92;Yes;0;0;0;0;0;0
414069;No;554;554;93;1028;0.13;0.74;Disabled;66.38;21.92;Yes;0;0;0;0;0;0
414097;No;554;554;93;1027;0.13;0.74;Disabled;66.38;21.92;Yes;0;0;0;0;0;0
414135;No;554;554;93;1022;0.13;0.74;Disabled;66.38;21.92;Yes;0;0;0;0;0;0
414159;No;554;554;93;1017;0.13;0.74;Disabled;66.38;21.92;Yes;0;0;0;0;0;0
414188;No;554;554;93;1012;0.13;0.74;Disabled;66.38;21.92;Yes;0;0;0;0;0;0
414218;No;554;554;93;1007;0.13;0.74;Disabled;66.38;21.92;Yes;0;0;0;0;0;0
414279;No;554;554;93;1002;0.13;0.74;Disabled;66.38;21.92;Yes;0;0;0;0;0;0
414311;No;554;554;93;998;0.13;0.74;Disabled;66.38;21.92;Yes;0;0;0;0;0;0
414340;No;554;554;93;992;0.13;0.74;Disabled;66.38;21.92;Yes;0;0;0;0;0;0
414368;No;554;554;93;988;0.13;0.74;Disabled;66.38;21.92;Yes;0;0;0;0;0;0
414398;No;554;554;93;982;0.13;0.74;Disabled;66.38;21.92;Yes;0;0;0;0;0;0
414429;No;554;554;93;978;0.13;0.74;Disabled;66.38;21.92;Yes;0;0;0;0;0;0
414458;No;554;554;93;972;0.13;0.74;Disabled;66.38;21.92;Yes;0;0;0;0;0;0
414488;No;554;554;93;968;0.13;0.74;Disabled;66.38;21.92;Yes;0;0;0;0;0;0
414519;No;554;554;93;963;0.13;0.74;Disabled;66.38;21.92;Yes;0;0;0;0;0;0
414580;No;554;554;93;958;0.13;0.74;Disabled;66.38;21.92;Yes;0;0;0;0;0;0
414611;No;554;554;93;953;0.13;0.74;Disabled;66.38;21.92;Yes;0;0;0;0;0;0
414639;No;554;554;93;948;0.13;0.74;Disabled;66.38;21.92;Yes;0;0;0;0;0;0
414670;No;553;553;93;943;0.13;0.74;Disabled;66.38;21.92;Yes;0;0;0;0;0;0
414698;No;553;553;93;937;0.13;0.74;Disabled;66.38;21.92;Yes;0;0;0;0;0;0
414730;No;553;553;93;932;0.13;0.74;Disabled;66.38;21.92;Yes;0;0;0;0;0;0
414758;No;553;553;93;926;0.13;0.74;Disabled;66.38;21.92;Yes;0;0;0;0;0;0
414789;No;553;553;93;920;0.13;0.74;Disabled;66.38;21.92;Yes;0;0;0;0;0;0
414823;No;553;553;93;915;0.13;0.74;Disabled;66.38;21.92;Yes;0;0;0;0;0;0
414878;No;553;553;93;910;0.14;0.74;Disabled;66.38;21.92;Yes;0;0;0;0;0;0
414909;No;553;553;93;904;0.14;0.74;Disabled;66.38;21.92;Yes;0;0;0;0;0;0
414941;No;553;553;93;898;0.14;0.74;Disabled;66.38;21.92;Yes;0;0;0;0;0;0
414970;No;553;553;93;893;0.14;0.74;Disabled;66.38;21.92;Yes;0;0;0;0;0;0
414997;No;553;553;93;887;0.14;0.74;Disabled;66.38;21.92;Yes;0;0;0;0;0;0
415028;No;553;553;93;882;0.14;0.74;Disabled;66.38;21.92;Yes;0;0;0;0;0;0
415059;No;553;553;93;876;0.14;0.74;Disabled;66.38;21.92;Yes;0;0;0;0;0;0
415090;No;553;553;93;871;0.14;0.74;Disabled;66.38;21.92;Yes;0;0;0;0;0;0
415120;No;553;553;93;865;0.14;0.74;Disabled;66.38;21.92;Yes;0;0;0;0;0;0
415179;No;553;553;93;860;0.14;0.74;Disabled;66.38;21.92;Yes;0;0;0;0;0;0
415209;No;553;553;93;854;0.14;0.74;Disabled;66.38;21.92;Yes;0;0;0;0;0;0
415239;No;553;553;93;848;0.14;0.74;Disabled;66.38;21.92;Yes;0;0;0;0;0;0
415270;No;553;553;93;845;0.14;0.74;Disabled;66.38;21.92;Yes;0;0;0;0;0;0
415300;No;553;553;93;841;0.14;0.74;Disabled;66.38;21.92;Yes;0;0;0;0;0;0
415330;No;553;553;93;838;0.14;0.74;Disabled;66.38;21.92;Yes;0;0;0;0;0;0
415361;No;553;553;93;834;0.14;0.74;Disabled;66.38;21.92;Yes;0;0;0;0;0;0
415390;No;553;553;93;830;0.14;0.74;Disabled;66.38;21.92;Yes;0;0;0;0;0;0
415479;No;553;553;93;826;0.14;0.74;Disabled;66.38;21.92;Yes;0;0;0;0;0;0
415512;No;553;553;93;823;0.14;0.74;Disabled;66.38;21.92;Yes;0;0;0;0;0;0
415540;No;553;553;93;819;0.14;0.74;Disabled;66.38;21.92;Yes;0;0;0;0;0;0
415568;No;553;553;93;816;0.14;0.74;Disabled;66.38;21.92;Yes;0;0;0;0;0;0
415605;No;553;553;93;812;0.15;0.74;Disabled;66.38;21.92;Yes;0;0;0;0;0;0
415627;No;553;553;93;808;0.15;0.74;Disabled;66.38;21.92;Yes;0;0;0;0;0;0
415658;No;553;553;93;804;0.15;0.74;Disabled;66.38;21.92;Yes;0;0;0;0;0;0
415687;No;553;553;93;801;0.15;0.74;Disabled;66.38;21.92;Yes;0;0;0;0;0;0
415718;No;553;552;93;797;0.15;0.74;Disabled;66.38;21.92;Yes;0;0;0;0;0;0
415779;No;552;552;93;793;0.15;0.74;Disabled;66.38;21.92;Yes;0;0;0;0;0;0
415811;No;552;552;93;790;0.15;0.74;Disabled;66.38;21.92;Yes;0;0;0;0;0;0
415841;No;552;552;93;786;0.15;0.74;Disabled;66.38;21.92;Yes;0;0;0;0;0;0
415870;No;552;552;93;784;0.15;0.74;Disabled;66.38;21.92;Yes;0;0;0;0;0;0
415899;No;552;552;93;783;0.15;0.74;Disabled;66.38;21.92;Yes;0;0;0;0;0;0
415927;No;552;552;93;781;0.15;0.74;Disabled;66.38;21.92;Yes;0;0;0;0;0;0
415959;No;552;552;93;779;0.15;0.74;Disabled;66.38;21.92;Yes;0;0;0;0;0;0
415987;No;552;552;93;778;0.15;0.74;Disabled;66.38;21.92;Yes;0;0;0;0;0;0
416019;No;552;552;93;776;0.15;0.74;Disabled;66.38;21.92;Yes;0;0;0;0;0;0
416079;No;552;552;93;774;0.15;0.74;Disabled;66.38;21.92;Yes;0;0;0;0;0;0
416111;No;552;552;93;773;0.15;0.74;Disabled;66.38;21.92;Yes;0;0;0;0;0;0
416139;No;552;552;93;771;0.15;0.74;Disabled;66.38;21.92;Yes;0;0;0;0;0;0
416171;No;552;552;93;770;0.15;0.74;Disabled;66.38;21.92;Yes;0;0;0;0;0;0
416201;No;552;552;93;768;0.15;0.74;Disabled;66.38;21.92;Yes;0;0;0;0;0;0
416229;No;552;552;93;766;0.15;0.74;Disabled;66.38;21.92;Yes;0;0;0;0;0;0
416257;No;552;552;93;764;0.15;0.74;Disabled;66.38;21.92;Yes;0;0;0;0;0;0
416288;No;552;552;93;763;0.16;0.74;Disabled;66.38;21.92;Yes;0;0;0;0;0;0
416318;No;552;552;93;761;0.16;0.74;Disabled;66.38;21.92;Yes;0;0;0;0;0;0
416381;No;552;552;93;760;0.16;0.74;Disabled;66.38;21.92;Yes;0;0;0;0;0;0
416408;No;552;552;93;758;0.16;0.74;Disabled;66.38;21.92;Yes;0;0;0;0;0;0
416440;No;551;552;93;756;0.16;0.74;Disabled;66.38;21.92;Yes;0;0;0;0;0;0
416468;No;551;551;93;754;0.16;0.74;Disabled;66.38;21.92;Yes;0;0;0;0;0;0
416498;No;551;551;93;752;0.16;0.74;Disabled;66.38;21.92;Yes;0;0;0;0;0;0
416529;No;551;551;93;750;0.16;0.74;Disabled;66.38;21.92;Yes;0;0;0;0;0;0
416557;No;551;551;93;749;0.16;0.74;Disabled;66.38;21.92;Yes;0;0;0;0;0;0
416588;No;551;551;93;747;0.16;0.74;Disabled;66.38;21.92;Yes;0;0;0;0;0;0
416618;No;551;551;93;745;0.16;0.74;Disabled;66.38;21.92;Yes;0;0;0;0;0;0
416699;No;551;551;93;744;0.16;0.74;Disabled;66.38;21.92;Yes;0;0;0;0;0;0
416738;No;551;551;93;742;0.16;0.74;Disabled;66.38;21.92;Yes;0;0;0;0;0;0
416768;No;551;551;93;740;0.16;0.74;Disabled;66.38;21.92;Yes;0;0;0;0;0;0
416799;No;551;551;93;738;0.16;0.74;Disabled;66.38;21.92;Yes;0;0;0;0;0;0
416829;No;551;551;93;736;0.16;0.74;Disabled;66.38;21.92;Yes;0;0;0;0;0;0
416860;No;551;551;93;734;0.16;0.74;Disabled;66.38;21.92;Yes;0;0;0;0;0;0
416888;No;551;551;93;733;0.17;0.74;Disabled;66.38;21.92;Yes;0;0;0;0;0;0
416919;No;550;551;93;731;0.17;0.74;Disabled;66.38;21.92;Yes;0;0;0;0;0;0
416980;No;550;550;93;729;0.17;0.74;Disabled;66.38;21.92;Yes;0;0;0;0;0;0
417012;No;550;550;93;727;0.17;0.74;Disabled;66.38;21.92;Yes;0;0;0;0;0;0
417038;No;550;550;93;726;0.17;0.74;Disabled;66.38;21.92;Yes;0;0;0;0;0;0
417071;No;550;550;93;726;0.17;0.74;Disabled;66.38;21.92;Yes;0;0;0;0;0;0
417099;No;550;550;93;725;0.17;0.74;Disabled;66.38;21.92;Yes;0;0;0;0;0;0
417127;No;550;550;93;724;0.17;0.74;Disabled;66.38;21.92;Yes;0;0;0;0;0;0
417158;No;550;550;93;724;0.17;0.74;Disabled;66.38;21.92;Yes;0;0;0;0;0;0
417189;No;550;550;93;723;0.17;0.74;Disabled;66.38;21.92;Yes;0;0;0;0;0;0
417217;No;550;550;93;722;0.17;0.74;Disabled;66.38;21.92;Yes;0;0;0;0;0;0
417278;No;550;550;93;721;0.17;0.74;Disabled;66.38;21.92;Yes;0;0;0;0;0;0
417308;No;550;550;93;720;0.17;0.74;Disabled;66.38;21.92;Yes;0;0;0;0;0;0
417339;No;550;550;93;720;0.17;0.74;Disabled;66.38;21.92;Yes;0;0;0;0;0;0
417367;No;550;550;93;719;0.17;0.74;Disabled;66.38;21.92;Yes;0;0;0;0;0;0
417399;No;550;550;93;718;0.17;0.74;Disabled;66.38;21.92;Yes;0;0;0;0;0;0
417429;No;550;550;93;717;0.17;0.74;Disabled;66.38;21.92;Yes;0;0;0;0;0;0
417460;No;550;550;93;716;0.17;0.74;Disabled;66.38;21.92;Yes;0;0;0;0;0;0
417488;No;550;550;93;716;0.17;0.74;Disabled;66.38;21.92;Yes;0;0;0;0;0;0
417518;No;550;550;93;715;0.17;0.74;Disabled;66.38;21.92;Yes;0;0;0;0;0;0
417579;No;550;550;93;714;0.17;0.74;Disabled;66.38;21.92;Yes;0;0;0;0;0;0
417612;No;549;549;93;716;0.17;0.74;Disabled;66.38;21.92;Yes;0;0;0;0;0;0
417639;No;549;549;93;717;0.17;0.74;Disabled;66.38;21.92;Yes;0;0;0;0;0;0
417668;No;549;549;93;718;0.17;0.74;Disabled;66.38;21.92;Yes;0;0;0;0;0;0
417699;No;549;549;93;720;0.17;0.74;Disabled;66.38;21.92;Yes;0;0;0;0;0;0
417728;No;549;549;93;721;0.17;0.74;Disabled;66.38;21.92;Yes;0;0;0;0;0;0
417758;No;549;549;93;722;0.17;0.74;Disabled;66.38;21.92;Yes;0;0;0;0;0;0
417789;No;549;549;93;724;0.17;0.74;Disabled;66.38;21.92;Yes;0;0;0;0;0;0
417819;No;549;549;93;725;0.17;0.74;Disabled;66.38;21.92;Yes;0;0;0;0;0;0
417879;No;549;549;93;726;0.17;0.74;Disabled;66.38;21.92;Yes;0;0;0;0;0;0
417912;No;549;549;93;728;0.17;0.74;Disabled;66.38;21.92;Yes;0;0;0;0;0;0
417938;No;549;549;93;729;0.17;0.74;Disabled;66.38;21.92;Yes;0;0;0;0;0;0
417977;No;549;549;93;731;0.17;0.74;Disabled;66.38;21.92;Yes;0;0;0;0;0;0
418000;No;549;549;93;732;0.18;0.74;Disabled;66.38;21.92;Yes;0;0;0;0;0;0
418028;No;549;549;93;734;0.18;0.73;Disabled;66.38;21.92;Yes;0;0;0;0;0;0
418059;No;549;549;93;735;0.18;0.73;Disabled;66.38;21.92;Yes;0;0;0;0;0;0
418089;No;549;549;93;736;0.18;0.73;Disabled;66.38;21.92;Yes;0;0;0;0;0;0
418117;No;549;548;93;738;0.18;0.73;Disabled;66.38;21.92;Yes;0;0;0;0;0;0
418179;No;549;548;93;738;0.18;0.73;Disabled;66.38;21.92;Yes;0;0;0;0;0;0
418211;No;548;548;93;738;0.18;0.73;Disabled;66.38;21.92;Yes;0;0;0;0;0;0
418239;No;548;548;93;739;0.18;0.73;Disabled;66.38;21.92;Yes;0;0;0;0;0;0
418269;No;548;548;93;740;0.18;0.73;Disabled;66.38;21.92;Yes;0;0;0;0;0;0
418299;No;548;548;93;740;0.18;0.73;Disabled;66.38;21.92;Yes;0;0;0;0;0;0
418327;No;548;548;93;740;0.18;0.73;Disabled;66.38;21.92;Yes;0;0;0;0;0;0
418357;No;548;548;93;741;0.18;0.73;Disabled;66.38;21.92;Yes;0;0;0;0;0;0
418389;No;548;548;93;742;0.18;0.73;Disabled;66.38;21.92;Yes;0;0;0;0;0;0
418420;No;548;548;93;742;0.18;0.73;Disabled;66.38;21.92;Yes;0;0;0;0;0;0
418479;No;548;548;93;743;0.18;0.73;Disabled;66.38;21.92;Yes;0;0;0;0;0;0
418509;No;548;548;93;743;0.18;0.73;Disabled;66.38;21.92;Yes;0;0;0;0;0;0
418539;No;548;548;93;744;0.18;0.73;Disabled;66.38;21.92;Yes;0;0;0;0;0;0
418568;No;548;548;93;744;0.18;0.73;Disabled;66.38;21.92;Yes;0;0;0;0;0;0
418599;No;548;548;93;745;0.18;0.73;Disabled;66.38;21.92;Yes;0;0;0;0;0;0
418630;No;548;548;93;745;0.18;0.73;Disabled;66.38;21.92;Yes;0;0;0;0;0;0
418660;No;548;548;93;746;0.18;0.73;Disabled;66.38;21.92;Yes;0;0;0;0;0;0
418689;No;548;548;93;746;0.18;0.73;Disabled;66.38;21.92;Yes;0;0;0;0;0;0
418720;No;548;548;93;746;0.18;0.73;Disabled;66.38;21.92;Yes;0;0;0;0;0;0
418779;No;548;548;93;745;0.18;0.73;Disabled;66.38;21.92;Yes;0;0;0;0;0;0
418810;No;548;548;93;744;0.18;0.73;Disabled;66.38;21.92;Yes;0;0;0;0;0;0
418838;No;548;548;93;744;0.18;0.73;Disabled;66.38;21.92;Yes;0;0;0;0;0;0
418871;No;548;548;93;743;0.18;0.73;Disabled;66.38;21.92;Yes;0;0;0;0;0;0
418899;No;547;548;93;742;0.18;0.73;Disabled;66.38;21.92;Yes;0;0;0;0;0;0
418927;No;547;547;93;742;0.19;0.73;Disabled;66.38;21.92;Yes;0;0;0;0;0;0
418959;No;547;547;93;741;0.19;0.73;Disabled;66.38;21.92;Yes;0;0;0;0;0;0
418987;No;547;547;93;741;0.19;0.73;Disabled;66.38;21.92;Yes;0;0;0;0;0;0
419017;No;547;547;93;740;0.19;0.73;Disabled;66.38;21.92;Yes;0;0;0;0;0;0
419078;No;547;547;93;740;0.19;0.73;Disabled;66.38;21.92;Yes;0;0;0;0;0;0
419109;No;547;547;93;739;0.19;0.73;Disabled;66.38;21.92;Yes;0;0;0;0;0;0
419139;No;547;547;93;738;0.19;0.73;Disabled;66.38;21.92;Yes;0;0;0;0;0;0
419169;No;547;547;93;738;0.19;0.73;Disabled;66.38;21.92;Yes;0;0;0;0;0;0
419199;No;547;547;93;737;0.19;0.73;Disabled;66.38;21.92;Yes;0;0;0;0;0;0
419227;No;547;547;93;736;0.19;0.73;Disabled;66.38;21.92;Yes;0;0;0;0;0;0
419259;No;547;547;93;736;0.19;0.73;Disabled;66.38;21.92;Yes;0;0;0;0;0;0
419287;No;547;547;93;736;0.19;0.73;Disabled;66.38;21.92;Yes;0;0;0;0;0;0
419318;No;547;547;93;736;0.19;0.73;Disabled;66.38;21.92;Yes;0;0;0;0;0;0
419381;No;547;547;93;736;0.19;0.73;Disabled;66.38;21.92;Yes;0;0;0;0;0;0
419409;No;547;547;93;736;0.19;0.73;Disabled;66.38;21.92;Yes;0;0;0;0;0;0
419437;No;547;547;93;736;0.19;0.73;Disabled;66.38;21.92;Yes;0;0;0;0;0;0
419468;No;547;547;93;737;0.19;0.73;Disabled;66.38;21.92;Yes;0;0;0;0;0;0
419498;No;546;547;93;737;0.19;0.73;Disabled;66.38;21.92;Yes;0;0;0;0;0;0
419529;No;546;546;93;737;0.19;0.73;Disabled;66.38;21.92;Yes;0;0;0;0;0;0
419559;No;546;546;93;737;0.19;0.73;Disabled;66.38;21.92;Yes;0;0;0;0;0;0
419589;No;546;546;93;737;0.19;0.73;Disabled;66.38;21.92;Yes;0;0;0;0;0;0
419619;No;546;546;93;738;0.19;0.73;Disabled;66.38;21.92;Yes;0;0;0;0;0;0
419680;No;546;546;93;738;0.19;0.73;Disabled;66.38;21.92;Yes;0;0;0;0;0;0
419711;No;546;546;93;738;0.20;0.73;Disabled;66.38;21.92;Yes;0;0;0;0;0;0
419740;No;546;546;93;738;0.20;0.73;Disabled;66.38;21.92;Yes;0;0;0;0;0;0
419770;No;546;546;93;738;0.20;0.73;Disabled;66.38;21.92;Yes;0;0;0;0;0;0
419798;No;546;546;93;738;0.20;0.73;Disabled;66.38;21.92;Yes;0;0;0;0;0;0
419829;No;546;546;93;738;0.20;0.73;Disabled;66.38;21.92;Yes;0;0;0;0;0;0
419858;No;546;546;93;738;0.20;0.73;Disabled;66.38;21.92;Yes;0;0;0;0;0;0
419887;No;546;546;93;738;0.20;0.73;Disabled;66.38;21.92;Yes;0;0;0;0;0;0
419919;No;546;546;93;738;0.20;0.73;Disabled;66.38;21.92;Yes;0;0;0;0;0;0
419979;No;546;546;93;738;0.20;0.73;Disabled;66.38;21.92;Yes;0;0;0;0;0;0
420011;No;546;546;93;738;0.20;0.73;Disabled;66.38;21.92;Yes;0;0;0;0;0;0
420039;No;546;546;93;738;0.20;0.73;Disabled;66.38;21.92;Yes;0;0;0;0;0;0
420070;No;546;546;93;738;0.20;0.73;Disabled;66.38;21.92;Yes;0;0;0;0;0;0
420100;No;546;546;93;738;0.20;0.73;Disabled;66.38;21.92;Yes;0;0;0;0;0;0
420127;No;546;546;93;738;0.20;0.73;Disabled;66.38;21.92;Yes;0;0;0;0;0;0
420157;No;546;546;93;738;0.20;0.73;Disabled;66.38;21.92;Yes;0;0;0;0;0;0
420189;No;546;546;93;738;0.20;0.73;Disabled;66.38;21.92;Yes;0;0;0;0;0;0
420219;No;546;546;93;738;0.20;0.73;Disabled;66.38;21.92;Yes;0;0;0;0;0;0
420279;No;546;546;93;738;0.20;0.73;Disabled;66.38;21.92;Yes;0;0;0;0;0;0
420309;No;546;546;93;738;0.20;0.73;Disabled;66.38;21.92;Yes;0;0;0;0;0;0
420337;No;546;546;93;738;0.20;0.73;Disabled;66.38;21.92;Yes;0;0;0;0;0;0
420369;No;546;546;93;738;0.20;0.73;Disabled;66.38;21.92;Yes;0;0;0;0;0;0
420400;No;546;545;93;738;0.20;0.73;Disabled;66.38;21.92;Yes;0;0;0;0;0;0
420429;No;545;545;93;738;0.20;0.73;Disabled;66.38;21.92;Yes;0;0;0;0;0;0
420461;No;545;545;93;738;0.20;0.73;Disabled;66.38;21.92;Yes;0;0;0;0;0;0
420489;No;545;545;93;739;0.20;0.73;Disabled;66.38;21.92;Yes;0;0;0;0;0;0
420536;No;545;545;93;739;0.20;0.73;Disabled;66.38;21.92;Yes;0;0;0;0;0;0
420580;No;545;545;93;740;0.20;0.73;Disabled;66.38;21.92;Yes;0;0;0;0;0;0
420609;No;545;545;93;740;0.20;0.73;Disabled;66.38;21.92;Yes;0;0;0;0;0;0
420638;No;545;545;93;740;0.20;0.73;Disabled;66.38;21.92;Yes;0;0;0;0;0;0
420669;No;545;545;93;741;0.20;0.73;Disabled;66.38;21.92;Yes;0;0;0;0;0;0
420698;No;545;545;93;741;0.20;0.73;Disabled;66.38;21.92;Yes;0;0;0;0;0;0
420729;No;545;545;93;742;0.20;0.73;Disabled;66.38;21.92;Yes;0;0;0;0;0;0
420759;No;545;545;93;742;0.20;0.73;Disabled;66.38;21.92;Yes;0;0;0;0;0;0
420787;No;545;545;93;742;0.20;0.73;Disabled;66.38;21.92;Yes;0;0;0;0;0;0
420819;No;545;545;93;743;0.21;0.73;Disabled;66.38;21.92;Yes;0;0;0;0;0;0
420881;No;545;545;93;743;0.21;0.72;Disabled;66.38;21.92;Yes;0;0;0;0;0;0
420909;No;545;545;93;744;0.21;0.72;Disabled;66.38;21.92;Yes;0;0;0;0;0;0
420942;No;545;545;93;744;0.21;0.72;Disabled;66.38;21.92;Yes;0;0;0;0;0;0
420969;No;545;545;93;744;0.21;0.72;Disabled;66.38;21.92;Yes;0;0;0;0;0;0
420999;No;545;545;93;745;0.21;0.72;Disabled;66.38;21.92;Yes;0;0;0;0;0;0
421028;No;545;545;93;745;0.21;0.72;Disabled;66.38;21.92;Yes;0;0;0;0;0;0
421059;No;545;545;93;745;0.21;0.72;Disabled;66.38;21.92;Yes;0;0;0;0;0;0
421090;No;545;545;93;746;0.21;0.72;Disabled;66.38;21.92;Yes;0;0;0;0;0;0
421118;No;545;545;93;746;0.21;0.72;Disabled;66.38;21.92;Yes;0;0;0;0;0;0
421149;No;545;545;93;746;0.21;0.72;Disabled;66.38;21.92;Yes;0;0;0;0;0;0
421177;No;544;544;93;746;0.21;0.72;Disabled;66.38;21.92;Yes;0;0;0;0;0;0
421209;No;544;544;93;746;0.21;0.72;Disabled;66.38;21.92;Yes;0;0;0;0;0;0
421239;No;544;544;93;746;0.21;0.72;Disabled;66.38;21.92;Yes;0;0;0;0;0;0
421271;No;544;544;93;747;0.21;0.72;Disabled;66.38;21.92;Yes;0;0;0;0;0;0
421299;No;544;544;93;747;0.21;0.72;Disabled;66.38;21.92;Yes;0;0;0;0;0;0
421328;No;544;544;93;747;0.21;0.72;Disabled;66.38;21.92;Yes;0;0;0;0;0;0
421377;No;544;544;93;748;0.21;0.72;Disabled;66.38;21.92;Yes;0;0;0;0;0;0
421416;No;544;544;93;748;0.21;0.72;Disabled;66.38;21.92;Yes;0;0;0;0;0;0
421449;No;544;544;93;748;0.21;0.72;Disabled;66.38;21.92;Yes;0;0;0;0;0;0
421480;No;544;544;93;748;0.21;0.72;Disabled;66.38;21.92;Yes;0;0;0;0;0;0
421509;No;544;544;93;748;0.21;0.72;Disabled;66.38;21.92;Yes;0;0;0;0;0;0
421539;No;544;544;93;749;0.21;0.72;Disabled;66.38;21.92;Yes;0;0;0;0;0;0
421570;No;544;544;93;749;0.21;0.72;Disabled;66.38;21.92;Yes;0;0;0;0;0;0
421598;No;544;544;93;750;0.21;0.72;Disabled;66.38;21.92;Yes;0;0;0;0;0;0
421630;No;544;544;93;750;0.21;0.72;Disabled;66.38;21.92;Yes;0;0;0;0;0;0
421675;No;544;544;93;751;0.21;0.72;Disabled;66.38;21.92;Yes;0;0;0;0;0;0
421716;No;544;544;93;751;0.21;0.72;Disabled;66.38;21.92;Yes;0;0;0;0;0;0
421748;No;544;544;93;752;0.21;0.72;Disabled;66.38;21.92;Yes;0;0;0;0;0;0
421778;No;544;544;93;752;0.21;0.72;Disabled;66.38;21.92;Yes;0;0;0;0;0;0
421839;No;544;544;93;752;0.21;0.72;Disabled;66.38;21.92;Yes;0;0;0;0;0;0
421867;No;544;544;93;753;0.21;0.72;Disabled;66.38;21.92;Yes;0;0;0;0;0;0
421897;No;544;544;93;753;0.21;0.72;Disabled;66.38;21.92;Yes;0;0;0;0;0;0
421929;No;544;544;93;754;0.21;0.72;Disabled;66.38;21.92;Yes;0;0;0;0;0;0
421977;No;544;544;93;754;0.21;0.72;Disabled;66.38;21.92;Yes;0;0;0;0;0;0
422018;No;544;544;93;754;0.21;0.72;Disabled;66.38;21.92;Yes;0;0;0;0;0;0
422050;No;544;544;93;755;0.21;0.72;Disabled;66.38;21.92;Yes;0;0;0;0;0;0
422078;No;544;544;93;755;0.21;0.72;Disabled;66.38;21.92;Yes;0;0;0;0;0;0
422108;No;544;544;93;756;0.22;0.72;Disabled;66.38;21.92;Yes;0;0;0;0;0;0
422137;No;544;544;93;756;0.22;0.72;Disabled;66.38;21.92;Yes;0;0;0;0;0;0
422169;No;544;544;93;756;0.22;0.72;Disabled;66.38;21.92;Yes;0;0;0;0;0;0
422198;No;544;544;93;755;0.22;0.72;Disabled;66.38;21.92;Yes;0;0;0;0;0;0
422229;No;544;544;93;755;0.22;0.72;Disabled;66.38;21.92;Yes;0;0;0;0;0;0
422279;No;544;544;93;755;0.22;0.72;Disabled;66.38;21.92;Yes;0;0;0;0;0;0
422317;No;544;544;93;755;0.22;0.72;Disabled;66.38;21.92;Yes;0;0;0;0;0;0
422349;No;544;544;93;755;0.22;0.72;Disabled;66.38;21.92;Yes;0;0;0;0;0;0
422379;No;544;544;93;755;0.22;0.72;Disabled;66.38;21.92;Yes;0;0;0;0;0;0
422411;No;543;543;93;754;0.22;0.72;Disabled;66.38;21.92;Yes;0;0;0;0;0;0
422439;No;543;543;93;754;0.22;0.72;Disabled;66.38;21.92;Yes;0;0;0;0;0;0
422469;No;543;543;93;754;0.22;0.72;Disabled;66.38;21.92;Yes;0;0;0;0;0;0
422500;No;543;543;93;754;0.22;0.72;Disabled;66.38;21.92;Yes;0;0;0;0;0;0
422527;No;543;543;93;754;0.22;0.72;Disabled;66.38;21.92;Yes;0;0;0;0;0;0
422578;No;543;543;93;754;0.22;0.72;Disabled;66.38;21.92;Yes;0;0;0;0;0;0
422619;No;543;543;93;754;0.22;0.72;Disabled;66.38;21.92;Yes;0;0;0;0;0;0
422650;No;543;543;93;754;0.22;0.72;Disabled;66.38;21.92;Yes;0;0;0;0;0;0
422677;No;543;543;93;754;0.22;0.72;Disabled;66.38;21.92;Yes;0;0;0;0;0;0
422709;No;543;543;93;753;0.23;0.72;Disabled;66.38;21.92;Yes;0;0;0;0;0;0
422740;No;543;543;93;752;0.23;0.72;Disabled;66.38;21.92;Yes;0;0;0;0;0;0
422767;No;543;543;93;752;0.23;0.72;Disabled;66.38;21.92;Yes;0;0;0;0;0;0
422796;No;543;543;93;751;0.23;0.72;Disabled;66.38;21.92;Yes;0;0;0;0;0;0
422826;No;543;543;93;750;0.23;0.72;Disabled;66.38;21.92;Yes;0;0;0;0;0;0
422878;No;543;543;93;750;0.23;0.72;Disabled;66.38;21.92;Yes;0;0;0;0;0;0
422917;No;543;543;93;749;0.23;0.72;Disabled;66.38;21.92;Yes;0;0;0;0;0;0
422949;No;543;543;93;748;0.23;0.72;Disabled;66.38;21.92;Yes;0;0;0;0;0;0
422980;No;543;543;93;748;0.23;0.72;Disabled;66.38;21.92;Yes;0;0;0;0;0;0
423011;No;543;543;93;747;0.23;0.72;Disabled;66.38;21.92;Yes;0;0;0;0;0;0
423039;No;543;543;93;746;0.23;0.72;Disabled;66.38;21.92;Yes;0;0;0;0;0;0
423070;No;543;543;93;746;0.23;0.72;Disabled;66.38;21.92;Yes;0;0;0;0;0;0
423130;No;543;543;93;745;0.23;0.72;Disabled;66.38;21.92;Yes;0;0;0;0;0;0
423177;No;543;543;93;744;0.23;0.72;Disabled;66.38;21.92;Yes;0;0;0;0;0;0
423220;No;543;543;93;743;0.23;0.72;Disabled;66.38;21.92;Yes;0;0;0;0;0;0
423247;No;543;543;93;743;0.23;0.72;Disabled;66.38;21.92;Yes;0;0;0;0;0;0
423277;No;543;543;93;742;0.23;0.72;Disabled;66.38;21.92;Yes;0;0;0;0;0;0
423312;No;543;543;93;741;0.23;0.72;Disabled;66.38;21.92;Yes;0;0;0;0;0;0
423340;No;543;543;93;740;0.23;0.72;Disabled;66.38;21.92;Yes;0;0;0;0;0;0
423366;No;543;543;93;739;0.23;0.72;Disabled;66.38;21.92;Yes;0;0;0;0;0;0
423398;No;543;543;93;738;0.23;0.72;Disabled;66.38;21.92;Yes;0;0;0;0;0;0
423427;No;543;543;93;736;0.23;0.72;Disabled;66.38;21.92;Yes;0;0;0;0;0;0
423478;No;543;543;93;736;0.23;0.72;Disabled;66.38;21.92;Yes;0;0;0;0;0;0
423518;No;543;543;93;734;0.23;0.72;Disabled;66.38;21.92;Yes;0;0;0;0;0;0
423550;No;542;543;93;733;0.23;0.72;Disabled;66.38;21.92;Yes;0;0;0;0;0;0
423580;No;542;542;93;732;0.23;0.72;Disabled;66.38;21.92;Yes;0;0;0;0;0;0
423610;No;542;542;93;731;0.23;0.72;Disabled;66.38;21.92;Yes;0;0;0;0;0;0
423638;No;542;542;93;730;0.23;0.72;Disabled;66.38;21.92;Yes;0;0;0;0;0;0
423669;No;542;542;93;729;0.23;0.72;Disabled;66.38;21.92;Yes;0;0;0;0;0;0
423699;No;542;542;93;728;0.23;0.72;Disabled;66.38;21.92;Yes;0;0;0;0;0;0
423730;No;542;542;93;726;0.23;0.72;Disabled;66.38;21.92;Yes;0;0;0;0;0;0
423778;No;542;542;93;726;0.23;0.72;Disabled;66.38;21.92;Yes;0;0;0;0;0;0
423819;No;542;542;93;724;0.23;0.72;Disabled;66.38;21.92;Yes;0;0;0;0;0;0
423849;No;542;542;93;723;0.24;0.72;Disabled;66.38;21.92;Yes;0;0;0;0;0;0
423882;No;542;542;93;722;0.24;0.72;Disabled;66.38;21.92;Yes;0;0;0;0;0;0
423909;No;542;542;93;722;0.24;0.72;Disabled;66.38;21.92;Yes;0;0;0;0;0;0
423940;No;542;542;93;721;0.24;0.72;Disabled;66.38;21.92;Yes;0;0;0;0;0;0
423967;No;542;542;93;721;0.24;0.72;Disabled;66.38;21.92;Yes;0;0;0;0;0;0
423999;No;542;542;93;720;0.24;0.72;Disabled;66.38;21.92;Yes;0;0;0;0;0;0
424028;No;542;542;93;719;0.24;0.72;Disabled;66.38;21.92;Yes;0;0;0;0;0;0
424078;No;542;542;93;719;0.24;0.72;Disabled;66.38;21.92;Yes;0;0;0;0;0;0
424119;No;542;542;93;718;0.24;0.72;Disabled;66.38;21.92;Yes;0;0;0;0;0;0
424151;No;542;542;93;718;0.24;0.72;Disabled;66.38;21.92;Yes;0;0;0;0;0;0
424177;No;542;542;93;717;0.24;0.72;Disabled;66.38;21.92;Yes;0;0;0;0;0;0
424208;No;542;542;93;716;0.24;0.72;Disabled;66.38;21.92;Yes;0;0;0;0;0;0
424237;No;542;542;93;716;0.24;0.72;Disabled;66.38;21.92;Yes;0;0;0;0;0;0
424267;No;542;542;93;715;0.24;0.72;Disabled;66.38;21.92;Yes;0;0;0;0;0;0
424297;No;542;542;93;714;0.24;0.72;Disabled;66.38;21.92;Yes;0;0;0;0;0;0
424328;No;542;542;93;714;0.24;0.72;Disabled;66.38;21.92;Yes;0;0;0;0;0;0
424400;No;542;542;93;713;0.24;0.72;Disabled;66.38;21.92;Yes;0;0;0;0;0;0
424420;No;542;542;93;712;0.24;0.72;Disabled;66.38;21.92;Yes;0;0;0;0;0;0
424447;No;542;542;93;711;0.24;0.72;Disabled;66.38;21.92;Yes;0;0;0;0;0;0
424476;No;542;542;93;710;0.24;0.72;Disabled;66.38;21.92;Yes;0;0;0;0;0;0
424511;No;542;542;93;708;0.24;0.72;Disabled;66.38;21.92;Yes;0;0;0;0;0;0
424540;No;542;542;93;707;0.24;0.72;Disabled;66.38;21.92;Yes;0;0;0;0;0;0
424567;No;542;542;93;706;0.24;0.72;Disabled;66.38;21.92;Yes;0;0;0;0;0;0
424597;No;542;542;93;704;0.24;0.72;Disabled;66.38;21.92;Yes;0;0;0;0;0;0
424626;No;542;542;93;703;0.24;0.72;Disabled;66.38;21.92;Yes;0;0;0;0;0;0
424678;No;542;542;93;701;0.24;0.72;Disabled;66.38;21.92;Yes;0;0;0;0;0;0
424717;No;542;542;93;700;0.25;0.72;Disabled;66.38;21.92;Yes;0;0;0;0;0;0
424747;No;542;542;93;698;0.25;0.72;Disabled;66.38;21.92;Yes;0;0;0;0;0;0
424776;No;542;542;93;697;0.25;0.72;Disabled;66.38;21.92;Yes;0;0;0;0;0;0
424811;No;542;542;93;696;0.25;0.72;Disabled;66.38;21.92;Yes;0;0;0;0;0;0
424840;No;542;542;93;694;0.25;0.72;Disabled;66.38;21.92;Yes;0;0;0;0;0;0
424869;No;542;542;93;693;0.25;0.72;Disabled;66.38;21.92;Yes;0;0;0;0;0;0
424898;No;542;542;93;692;0.25;0.72;Disabled;66.38;21.92;Yes;0;0;0;0;0;0
424929;No;541;542;93;690;0.25;0.72;Disabled;66.38;21.92;Yes;0;0;0;0;0;0
424980;No;541;541;93;689;0.25;0.72;Disabled;66.38;21.92;Yes;0;0;0;0;0;0
425018;No;541;541;93;690;0.25;0.72;Disabled;66.38;21.92;Yes;0;0;0;0;0;0
425049;No;541;541;93;690;0.25;0.72;Disabled;66.38;21.92;Yes;0;0;0;0;0;0
425077;No;541;541;93;691;0.25;0.72;Disabled;66.38;21.92;Yes;0;0;0;0;0;0
425111;No;541;541;93;692;0.25;0.72;Disabled;66.38;21.92;Yes;0;0;0;0;0;0
425139;No;541;541;93;692;0.25;0.72;Disabled;66.38;21.92;Yes;0;0;0;0;0;0
425170;No;541;541;93;693;0.25;0.72;Disabled;66.38;21.92;Yes;0;0;0;0;0;0
425197;No;541;541;93;694;0.25;0.72;Disabled;66.38;21.92;Yes;0;0;0;0;0;0
425229;No;541;541;94;695;0.26;0.72;Disabled;66.38;21.92;Yes;0;0;0;0;0;0
425280;No;541;541;94;696;0.26;0.72;Disabled;66.38;21.92;Yes;0;0;0;0;0;0
425319;No;541;541;94;696;0.26;0.72;Disabled;66.38;21.92;Yes;0;0;0;0;0;0
425350;No;541;541;94;697;0.26;0.72;Disabled;66.38;21.92;Yes;0;0;0;0;0;0
425379;No;541;541;94;698;0.26;0.72;Disabled;66.38;21.92;Yes;0;0;0;0;0;0
425409;No;541;541;94;698;0.26;0.72;Disabled;66.38;21.92;Yes;0;0;0;0;0;0
425440;No;541;541;94;699;0.26;0.72;Disabled;66.38;21.92;Yes;0;0;0;0;0;0
425467;No;541;541;94;700;0.26;0.72;Disabled;66.38;21.92;Yes;0;0;0;0;0;0
425496;No;541;541;94;700;0.26;0.72;Disabled;66.38;21.92;Yes;0;0;0;0;0;0
425527;No;541;541;94;701;0.26;0.72;Disabled;66.38;21.92;Yes;0;0;0;0;0;0
425578;No;541;541;94;702;0.26;0.72;Disabled;66.38;21.92;Yes;0;0;0;0;0;0
425616;No;541;541;94;703;0.27;0.72;Disabled;66.38;21.92;Yes;0;0;0;0;0;0
425656;No;541;541;94;704;0.27;0.72;Disabled;66.38;21.92;Yes;0;0;0;0;0;0
425680;No;541;541;94;705;0.27;0.72;Disabled;66.38;21.92;Yes;0;0;0;0;0;0
425710;No;541;541;94;706;0.27;0.72;Disabled;66.38;21.92;Yes;0;0;0;0;0;0
425740;No;541;541;94;706;0.27;0.72;Disabled;66.38;21.92;Yes;0;0;0;0;0;0
425768;No;541;541;94;708;0.27;0.72;Disabled;66.38;21.92;Yes;0;0;0;0;0;0
425799;No;541;541;94;708;0.27;0.72;Disabled;66.38;21.92;Yes;0;0;0;0;0;0
425830;No;541;541;94;709;0.27;0.72;Disabled;66.38;21.92;Yes;0;0;0;0;0;0
425881;No;541;541;94;710;0.27;0.72;Disabled;66.38;21.92;Yes;0;0;0;0;0;0
425920;No;541;541;94;711;0.27;0.72;Disabled;66.38;21.92;Yes;0;0;0;0;0;0
425947;No;541;541;94;712;0.27;0.72;Disabled;66.38;21.92;Yes;0;0;0;0;0;0
425976;No;541;541;94;713;0.28;0.72;Disabled;66.38;21.92;Yes;0;0;0;0;0;0
426009;No;541;540;94;714;0.28;0.72;Disabled;66.38;21.92;Yes;0;0;0;0;0;0
426039;No;541;540;94;714;0.28;0.72;Disabled;66.38;21.92;Yes;0;0;0;0;0;0
426070;No;541;540;94;715;0.28;0.72;Disabled;66.38;21.92;Yes;0;0;0;0;0;0
426097;No;540;540;94;716;0.28;0.72;Disabled;66.38;21.92;Yes;0;0;0;0;0;0
426130;No;540;540;94;716;0.28;0.72;Disabled;66.38;21.92;Yes;0;0;0;0;0;0
426180;No;540;540;94;717;0.28;0.72;Disabled;66.38;21.92;Yes;0;0;0;0;0;0
426218;No;540;540;94;717;0.28;0.72;Disabled;66.38;21.92;Yes;0;0;0;0;0;0
426250;No;540;540;94;718;0.28;0.72;Disabled;66.38;21.92;Yes;0;0;0;0;0;0
426277;No;540;540;94;718;0.28;0.72;Disabled;66.38;21.92;Yes;0;0;0;0;0;0
426309;No;540;540;94;718;0.29;0.72;Disabled;66.38;21.92;Yes;0;0;0;0;0;0
426340;No;540;540;94;718;0.29;0.72;Disabled;66.38;21.92;Yes;0;0;0;0;0;0
426367;No;540;540;94;719;0.29;0.72;Disabled;66.38;21.92;Yes;0;0;0;0;0;0
426399;No;540;540;94;719;0.29;0.72;Disabled;66.38;21.92;Yes;0;0;0;0;0;0
426430;No;540;540;94;720;0.29;0.72;Disabled;66.38;21.92;Yes;0;0;0;0;0;0
426487;No;540;540;94;720;0.29;0.72;Disabled;66.38;21.92;Yes;0;0;0;0;0;0
426519;No;540;540;94;720;0.29;0.72;Disabled;66.38;21.92;Yes;0;0;0;0;0;0
426550;No;540;540;94;721;0.29;0.72;Disabled;66.38;21.92;Yes;0;0;0;0;0;0
426580;No;540;540;94;721;0.29;0.72;Disabled;66.38;21.92;Yes;0;0;0;0;0;0
426609;No;540;540;94;721;0.29;0.72;Disabled;66.38;21.92;Yes;0;0;0;0;0;0
426640;No;540;540;94;722;0.30;0.72;Disabled;66.38;21.92;Yes;0;0;0;0;0;0
426670;No;540;540;94;722;0.30;0.72;Disabled;66.38;21.92;Yes;0;0;0;0;0;0
426697;No;540;540;94;734;0.30;0.72;Disabled;66.38;21.92;Yes;0;0;0;0;0;0
426726;No;540;540;94;746;0.30;0.72;Disabled;66.38;21.92;Yes;0;0;0;0;0;0
426780;No;540;540;94;758;0.30;0.72;Disabled;66.38;21.92;Yes;0;0;0;0;0;0
426818;No;540;540;94;770;0.30;0.72;Disabled;66.38;21.92;Yes;0;0;0;0;0;0
426849;No;540;540;94;781;0.30;0.72;Disabled;66.38;21.92;Yes;0;0;0;0;0;0
426878;No;540;540;94;793;0.30;0.72;Disabled;66.38;21.92;Yes;0;0;0;0;0;0
426911;No;540;540;94;805;0.30;0.72;Disabled;66.38;21.92;Yes;0;0;0;0;0;0
426967;No;540;540;94;817;0.30;0.72;Disabled;66.38;21.92;Yes;0;0;0;0;0;0
426998;No;540;540;94;829;0.30;0.72;Disabled;66.38;21.92;Yes;0;0;0;0;0;0
427028;No;540;540;94;841;0.30;0.72;Disabled;66.38;21.92;Yes;0;0;0;0;0;0
427078;No;540;540;94;852;0.30;0.72;Disabled;66.38;21.92;Yes;0;0;0;0;0;0
427120;No;540;540;94;864;0.30;0.72;Disabled;66.38;21.92;Yes;0;0;0;0;0;0
427150;No;540;540;94;876;0.30;0.72;Disabled;66.38;21.92;Yes;0;0;0;0;0;0
427180;No;540;540;94;888;0.30;0.71;Disabled;66.38;21.92;Yes;0;0;0;0;0;0
427210;No;540;540;94;900;0.30;0.71;Disabled;66.38;21.92;Yes;0;0;0;0;0;0
427239;No;540;540;94;912;0.30;0.71;Disabled;66.38;21.92;Yes;0;0;0;0;0;0
427270;No;540;540;94;924;0.30;0.71;Disabled;66.38;21.92;Yes;0;0;0;0;0;0
427298;No;540;540;94;917;0.30;0.71;Disabled;66.38;21.92;Yes;0;0;0;0;0;0
427327;No;540;540;94;910;0.31;0.71;Disabled;66.38;21.92;Yes;0;0;0;0;0;0
427379;No;540;540;94;903;0.31;0.71;Enabled;66.38;21.92;Yes;0;0;0;0;0;0
427418;No;540;540;94;896;0.31;0.71;Enabled;66.38;21.92;Yes;0;0;0;0;0;0
427449;No;540;540;94;890;0.31;0.71;Enabled;66.38;21.92;Yes;0;0;0;0;0;0
427478;No;540;540;94;883;0.31;0.71;Enabled;66.38;21.92;Yes;0;0;0;0;0;0
427508;No;540;540;94;876;0.31;0.71;Enabled;66.38;21.92;Yes;0;0;0;0;0;0
427538;No;540;540;94;869;0.32;0.72;Enabled;66.38;21.92;Yes;0;0;0;0;0;0
427567;No;540;540;94;862;0.32;0.72;Enabled;66.38;21.92;Yes;0;0;0;0;0;0
427598;No;540;540;94;856;0.32;0.72;Enabled;66.38;21.92;Yes;0;0;0;0;0;0
427628;No;540;540;94;849;0.32;0.72;Enabled;66.38;21.92;Yes;0;0;0;0;0;0
427679;No;540;540;94;842;0.32;0.72;Enabled;66.38;21.92;Yes;0;0;0;0;0;0
427721;No;540;540;94;835;0.32;0.72;Enabled;66.38;21.92;Yes;0;0;0;0;0;0
427748;No;540;540;94;828;0.33;0.72;Enabled;66.38;21.92;Yes;0;0;0;0;0;0
427780;No;540;540;94;822;0.33;0.72;Enabled;66.38;21.92;Yes;0;0;0;0;0;0
427812;No;540;540;94;814;0.33;0.72;Enabled;66.38;21.92;Yes;0;0;0;0;0;0
427838;No;540;540;94;808;0.33;0.72;Enabled;66.38;21.92;Yes;0;0;0;0;0;0
427867;No;540;540;94;802;0.33;0.72;Enabled;66.38;21.92;Yes;0;0;0;0;0;0
427898;No;540;540;94;797;0.33;0.72;Enabled;66.38;21.92;Yes;0;0;0;0;0;0
427928;No;540;540;94;792;0.34;0.72;Enabled;66.38;21.92;Yes;0;0;0;0;0;0
427978;No;540;540;94;786;0.34;0.72;Enabled;66.38;21.92;Yes;0;0;0;0;0;0
428018;No;540;540;94;781;0.34;0.72;Enabled;66.38;21.92;Yes;0;0;0;0;0;0
428049;No;540;540;94;776;0.34;0.72;Enabled;66.38;21.92;Yes;0;0;0;0;0;0
428078;No;540;540;94;770;0.34;0.72;Enabled;66.38;21.92;Yes;0;0;0;0;0;0
428111;No;539;540;94;765;0.35;0.71;Enabled;66.38;21.92;Yes;0;0;0;0;0;0
428141;No;539;539;94;760;0.35;0.71;Enabled;66.38;21.92;Yes;0;0;0;0;0;0
428167;No;539;539;94;754;0.35;0.71;Enabled;66.38;21.92;Yes;0;0;0;0;0;0
428217;No;539;539;94;749;0.35;0.71;Enabled;66.38;21.92;Yes;0;0;0;0;0;0
428279;No;539;539;94;743;0.36;0.71;Enabled;66.38;21.92;Yes;0;0;0;0;0;0
428318;No;539;539;94;738;0.36;0.71;Enabled;66.38;21.92;Yes;0;0;0;0;0;0
428348;No;539;539;94;732;0.36;0.71;Enabled;66.38;21.92;Yes;0;0;0;0;0;0
428381;No;539;539;94;727;0.36;0.71;Enabled;66.38;21.92;Yes;0;0;0;0;0;0
428411;No;539;539;94;722;0.36;0.71;Enabled;66.38;21.92;Yes;0;0;0;0;0;0
428439;No;539;539;94;716;0.37;0.71;Enabled;66.38;21.92;Yes;0;0;0;0;0;0
428467;No;539;539;94;716;0.37;0.71;Enabled;66.38;21.92;Yes;0;0;0;0;0;0
428499;No;539;539;94;715;0.37;0.71;Enabled;66.38;21.92;Yes;0;0;0;0;0;0
428528;No;539;539;94;714;0.37;0.71;Enabled;66.38;21.92;Yes;0;0;0;0;0;0
428578;No;539;539;94;714;0.37;0.71;Enabled;66.38;21.92;Yes;0;0;0;0;0;0
428618;No;539;539;94;713;0.37;0.71;Enabled;66.38;21.92;Yes;0;0;0;0;0;0
428647;No;539;539;94;712;0.38;0.71;Enabled;66.38;21.92;Yes;0;0;0;0;0;0
428676;No;539;539;94;712;0.38;0.71;Enabled;66.38;21.92;Yes;0;0;0;0;0;0
428711;No;539;539;94;711;0.38;0.71;Enabled;66.38;21.92;Yes;0;0;0;0;0;0
428738;No;539;539;94;710;0.38;0.71;Enabled;66.38;21.92;Yes;0;0;0;0;0;0
428768;No;539;539;94;710;0.38;0.71;Enabled;66.38;21.92;Yes;0;0;0;0;0;0
428798;No;539;539;94;709;0.38;0.71;Enabled;66.38;21.92;Yes;0;0;0;0;0;0
428828;No;539;539;94;708;0.39;0.71;Enabled;66.38;21.92;Yes;0;0;0;0;0;0
428878;No;539;539;94;708;0.39;0.71;Enabled;66.38;21.92;Yes;0;0;0;0;0;0
428918;No;539;539;94;707;0.39;0.71;Enabled;66.38;21.92;Yes;0;0;0;0;0;0
428950;No;539;539;94;706;0.39;0.71;Enabled;66.38;21.92;Yes;0;0;0;0;0;0
428977;No;539;539;94;706;0.39;0.71;Enabled;66.38;21.92;Yes;0;0;0;0;0;0
429009;No;539;539;94;705;0.39;0.71;Enabled;66.38;21.92;Yes;0;0;0;0;0;0
429039;No;539;539;94;700;0.40;0.71;Enabled;66.38;21.92;Yes;0;0;0;0;0;0
429067;No;539;539;94;696;0.40;0.71;Enabled;66.38;21.92;Yes;0;0;0;0;0;0
429098;No;539;539;94;692;0.40;0.71;Enabled;66.38;21.92;Yes;0;0;0;0;0;0
429130;No;539;539;94;687;0.40;0.71;Enabled;66.38;21.92;Yes;0;0;0;0;0;0
429179;No;539;539;94;683;0.40;0.71;Enabled;66.38;21.92;Yes;0;0;0;0;0;0
429217;No;539;539;94;678;0.41;0.71;Enabled;66.38;21.92;Yes;0;0;0;0;0;0
429250;No;539;539;94;674;0.41;0.71;Enabled;66.38;21.92;Yes;0;0;0;0;0;0
429280;No;539;539;94;669;0.41;0.71;Enabled;66.38;21.92;Yes;0;0;0;0;0;0
429311;No;539;539;94;665;0.41;0.71;Enabled;66.38;21.92;Yes;0;0;0;0;0;0
429337;No;539;539;94;660;0.41;0.71;Enabled;66.38;21.92;Yes;0;0;0;0;0;0
429368;No;539;539;94;656;0.41;0.71;Enabled;66.38;21.92;Yes;0;0;0;0;0;0
429399;No;539;539;94;652;0.42;0.71;Enabled;66.38;21.92;Yes;0;0;0;0;0;0
429427;No;539;539;94;647;0.42;0.71;Enabled;66.38;21.92;Yes;0;0;0;0;0;0
429501;No;539;539;94;642;0.42;0.71;Enabled;66.38;21.92;Yes;0;0;0;0;0;0
429520;No;539;539;94;638;0.42;0.71;Enabled;66.38;21.92;Yes;0;0;0;0;0;0
429548;No;539;539;94;634;0.42;0.71;Enabled;66.38;21.92;Yes;0;0;0;0;0;0
429580;No;539;539;94;629;0.42;0.71;Enabled;66.38;21.92;Yes;0;0;0;0;0;0
429610;No;539;539;94;630;0.43;0.71;Enabled;66.38;21.92;Yes;0;0;0;0;0;0
429637;No;539;539;94;632;0.43;0.71;Enabled;66.38;21.92;Yes;0;0;0;0;0;0
429668;No;539;539;94;632;0.43;0.71;Enabled;66.38;21.92;Yes;0;0;0;0;0;0
429700;No;538;539;94;634;0.43;0.71;Enabled;66.38;21.92;Yes;0;0;0;0;0;0
429727;No;538;538;94;635;0.43;0.71;Enabled;66.38;21.92;Yes;0;0;0;0;0;0
429779;No;538;538;94;636;0.43;0.71;Enabled;66.38;21.92;Yes;0;0;0;0;0;0
429816;No;538;538;94;637;0.43;0.71;Enabled;66.38;21.92;Yes;0;0;0;0;0;0
429848;No;538;538;94;638;0.43;0.71;Enabled;66.38;21.92;Yes;0;0;0;0;0;0
429878;No;538;538;94;639;0.43;0.71;Enabled;66.38;21.92;Yes;0;0;0;0;0;0
429910;No;538;538;94;640;0.44;0.71;Enabled;66.38;21.92;Yes;0;0;0;0;0;0
429939;No;538;538;94;642;0.44;0.71;Enabled;66.38;21.92;Yes;0;0;0;0;0;0
429970;No;538;538;94;643;0.44;0.71;Enabled;66.38;21.92;Yes;0;0;0;0;0;0
429998;No;538;538;94;644;0.44;0.71;Enabled;66.38;21.92;Yes;0;0;0;0;0;0
430029;No;538;538;94;645;0.44;0.71;Enabled;66.38;21.92;Yes;0;0;0;0;0;0
430079;No;538;538;94;646;0.44;0.71;Enabled;66.38;21.92;Yes;0;0;0;0;0;0
430118;No;538;538;94;647;0.44;0.71;Enabled;66.38;21.92;Yes;0;0;0;0;0;0
430148;No;538;538;94;648;0.44;0.71;Enabled;66.38;21.92;Yes;0;0;0;0;0;0
430180;No;538;538;94;648;0.45;0.71;Enabled;66.38;21.92;Yes;0;0;0;0;0;0
430211;No;538;538;94;648;0.45;0.71;Enabled;66.38;21.92;Yes;0;0;0;0;0;0
430238;No;538;538;94;647;0.45;0.71;Enabled;66.38;21.92;Yes;0;0;0;0;0;0
430267;No;538;538;94;647;0.45;0.71;Enabled;66.38;21.92;Yes;0;0;0;0;0;0
430298;No;538;538;94;646;0.45;0.71;Enabled;66.38;21.92;Yes;0;0;0;0;0;0
430328;No;538;538;94;646;0.45;0.71;Enabled;66.38;21.92;Yes;0;0;0;0;0;0
430379;No;538;538;94;646;0.45;0.71;Enabled;66.38;21.92;Yes;0;0;0;0;0;0
430420;No;538;538;94;645;0.45;0.71;Enabled;66.38;21.92;Yes;0;0;0;0;0;0
430449;No;538;538;94;645;0.45;0.71;Enabled;66.38;21.92;Yes;0;0;0;0;0;0
430481;No;538;538;94;644;0.45;0.71;Enabled;66.38;21.92;Yes;0;0;0;0;0;0
430511;No;538;538;94;644;0.45;0.71;Enabled;66.38;21.92;Yes;0;0;0;0;0;0
430538;No;538;538;94;644;0.45;0.71;Enabled;66.38;21.92;Yes;0;0;0;0;0;0
430567;No;538;538;94;643;0.45;0.71;Enabled;66.38;21.92;Yes;0;0;0;0;0;0
430598;No;538;538;94;643;0.45;0.71;Enabled;66.38;21.92;Yes;0;0;0;0;0;0
430630;No;538;538;94;642;0.45;0.71;Enabled;66.38;21.92;Yes;0;0;0;0;0;0
430678;No;538;538;94;642;0.45;0.71;Enabled;66.38;21.92;Yes;0;0;0;0;0;0
430718;No;538;538;94;642;0.45;0.71;Enabled;66.38;21.92;Yes;0;0;0;0;0;0
430748;No;538;538;94;644;0.46;0.71;Enabled;66.38;21.92;Yes;0;0;0;0;0;0
430810;No;538;538;94;646;0.46;0.71;Enabled;66.38;21.92;Yes;0;0;0;0;0;0
430839;No;538;538;94;648;0.46;0.71;Enabled;66.38;21.92;Yes;0;0;0;0;0;0
430870;No;538;538;94;650;0.46;0.71;Enabled;66.38;21.92;Yes;0;0;0;0;0;0
430898;No;538;538;94;652;0.46;0.71;Enabled;66.38;21.92;Yes;0;0;0;0;0;0
430930;No;538;538;94;655;0.46;0.71;Enabled;66.38;21.92;Yes;0;0;0;0;0;0
430978;No;538;538;94;657;0.46;0.71;Enabled;66.38;21.92;Yes;0;0;0;0;0;0
431018;No;538;538;94;659;0.46;0.71;Enabled;66.38;21.92;Yes;0;0;0;0;0;0
431050;No;538;538;94;661;0.47;0.71;Enabled;66.38;21.92;Yes;0;0;0;0;0;0
431077;No;538;538;94;664;0.47;0.71;Enabled;66.38;21.92;Yes;0;0;0;0;0;0
431111;No;538;538;94;666;0.47;0.71;Enabled;66.38;21.92;Yes;0;0;0;0;0;0
431138;No;538;538;94;668;0.47;0.71;Enabled;66.38;21.92;Yes;0;0;0;0;0;0
431170;No;538;538;94;670;0.47;0.71;Enabled;66.38;21.92;Yes;0;0;0;0;0;0
431199;No;538;538;94;672;0.47;0.71;Enabled;66.38;21.92;Yes;0;0;0;0;0;0
431233;No;538;538;94;674;0.48;0.71;Enabled;66.38;21.92;Yes;0;0;0;0;0;0
431280;No;537;538;94;677;0.48;0.71;Enabled;66.38;21.92;Yes;0;0;0;0;0;0
431319;No;537;537;94;679;0.48;0.71;Enabled;66.38;21.92;Yes;0;0;0;0;0;0
431347;No;537;537;94;679;0.48;0.71;Enabled;66.38;21.92;Yes;0;0;0;0;0;0
431377;No;537;537;94;679;0.48;0.71;Enabled;66.38;21.92;Yes;0;0;0;0;0;0
431409;No;537;537;94;679;0.48;0.71;Enabled;66.38;21.92;Yes;0;0;0;0;0;0
431439;No;537;537;94;680;0.48;0.71;Enabled;66.38;21.92;Yes;0;0;0;0;0;0
431470;No;537;537;94;680;0.48;0.71;Enabled;66.38;21.92;Yes;0;0;0;0;0;0
431499;No;537;537;94;680;0.48;0.71;Enabled;66.38;21.92;Yes;0;0;0;0;0;0
431530;No;537;537;94;680;0.48;0.71;Enabled;66.38;21.92;Yes;0;0;0;0;0;0
431579;No;537;537;94;680;0.48;0.71;Enabled;66.38;21.92;Yes;0;0;0;0;0;0
431617;No;537;537;94;680;0.48;0.71;Enabled;66.38;21.92;Yes;0;0;0;0;0;0
431649;No;537;537;94;680;0.48;0.71;Enabled;66.38;21.92;Yes;0;0;0;0;0;0
431680;No;537;537;94;680;0.49;0.71;Enabled;66.38;21.92;Yes;0;0;0;0;0;0
431712;No;537;537;94;680;0.49;0.71;Enabled;66.38;21.92;Yes;0;0;0;0;0;0
431738;No;537;537;94;680;0.49;0.71;Enabled;66.38;21.92;Yes;0;0;0;0;0;0
431770;No;537;537;94;681;0.49;0.71;Enabled;66.38;21.92;Yes;0;0;0;0;0;0
431799;No;537;537;94;681;0.49;0.71;Enabled;66.38;21.92;Yes;0;0;0;0;0;0
431830;No;537;537;94;681;0.49;0.71;Enabled;66.38;21.92;Yes;0;0;0;0;0;0
431878;No;537;537;94;681;0.49;0.71;Enabled;66.38;21.92;Yes;0;0;0;0;0;0
431919;No;537;537;94;682;0.49;0.71;Enabled;66.38;21.92;Yes;0;0;0;0;0;0
431950;No;537;537;94;682;0.49;0.71;Enabled;66.38;21.92;Yes;0;0;0;0;0;0
431976;No;537;537;94;683;0.49;0.71;Enabled;66.38;21.92;Yes;0;0;0;0;0;0
432011;No;537;537;94;683;0.49;0.71;Enabled;66.38;21.92;Yes;0;0;0;0;0;0
432056;No;537;537;94;684;0.50;0.71;Enabled;66.38;21.92;Yes;0;0;0;0;0;0
432095;No;537;537;94;684;0.50;0.71;Enabled;66.38;21.92;Yes;0;0;0;0;0;0
432129;No;537;537;94;685;0.50;0.71;Enabled;66.38;21.92;Yes;0;0;0;0;0;0
432179;No;537;537;94;686;0.50;0.71;Enabled;66.38;21.92;Yes;0;0;0;0;0;0
432217;No;537;537;94;686;0.50;0.71;Enabled;66.38;21.92;Yes;0;0;0;0;0;0
432247;No;537;537;94;686;0.50;0.71;Enabled;66.38;21.92;Yes;0;0;0;0;0;0
432280;No;537;537;94;687;0.50;0.71;Enabled;66.38;21.92;Yes;0;0;0;0;0;0
432310;No;537;537;94;688;0.50;0.71;Enabled;66.38;21.92;Yes;0;0;0;0;0;0
432339;No;537;537;94;688;0.51;0.71;Enabled;66.38;21.92;Yes;0;0;0;0;0;0
432370;No;537;537;94;689;0.51;0.71;Enabled;66.38;21.92;Yes;0;0;0;0;0;0
432398;No;537;537;94;690;0.51;0.71;Enabled;66.38;21.92;Yes;0;0;0;0;0;0
432429;No;537;537;94;690;0.51;0.71;Enabled;66.38;21.92;Yes;0;0;0;0;0;0
432478;No;536;537;94;690;0.51;0.71;Enabled;66.38;21.92;Yes;0;0;0;0;0;0
432517;No;536;536;94;695;0.51;0.71;Enabled;66.38;21.92;Yes;0;0;0;0;0;0
432549;No;536;536;94;700;0.51;0.71;Enabled;66.38;21.92;Yes;0;0;0;0;0;0
432577;No;536;536;94;704;0.51;0.71;Enabled;66.38;21.92;Yes;0;0;0;0;0;0
432611;No;536;536;94;709;0.52;0.71;Enabled;66.38;21.92;Yes;0;0;0;0;0;0
432638;No;536;536;94;713;0.52;0.71;Enabled;66.38;21.92;Yes;0;0;0;0;0;0
432668;No;536;536;94;718;0.52;0.71;Enabled;66.38;21.92;Yes;0;0;0;0;0;0
432699;No;536;536;94;722;0.52;0.71;Enabled;66.38;21.92;Yes;0;0;0;0;0;0
432728;No;536;536;95;727;0.52;0.71;Enabled;66.38;21.92;Yes;0;0;0;0;0;0
432779;No;536;536;95;732;0.52;0.71;Enabled;66.38;21.92;Yes;0;0;0;0;0;0
432818;No;536;536;95;736;0.52;0.71;Enabled;66.38;21.92;Yes;0;0;0;0;0;0
432850;No;536;536;95;741;0.52;0.71;Enabled;66.38;21.92;Yes;0;0;0;0;0;0
432879;No;536;536;95;745;0.52;0.71;Enabled;66.38;21.92;Yes;0;0;0;0;0;0
432909;No;536;536;95;750;0.52;0.71;Enabled;66.38;21.92;Yes;0;0;0;0;0;0
432942;No;536;536;95;754;0.52;0.71;Enabled;66.38;21.92;Yes;0;0;0;0;0;0
432969;No;536;536;95;759;0.52;0.71;Enabled;66.38;21.92;Yes;0;0;0;0;0;0
432997;No;536;536;95;764;0.52;0.71;Enabled;66.38;21.92;Yes;0;0;0;0;0;0
433027;No;536;536;95;768;0.52;0.71;Enabled;66.38;21.92;Yes;0;0;0;0;0;0
433078;No;536;536;95;770;0.52;0.71;Enabled;66.38;21.92;Yes;0;0;0;0;0;0
433118;No;536;536;95;771;0.52;0.71;Enabled;66.38;21.92;Yes;0;0;0;0;0;0
433151;No;536;536;95;773;0.52;0.71;Enabled;66.38;21.92;Yes;0;0;0;0;0;0
433178;No;536;536;95;774;0.52;0.71;Enabled;66.38;21.92;Yes;0;0;0;0;0;0
433210;No;536;536;95;776;0.52;0.71;Enabled;66.38;21.92;Yes;0;0;0;0;0;0
433242;No;536;536;95;778;0.52;0.71;Enabled;66.38;21.92;Yes;0;0;0;0;0;0
433270;No;536;536;95;779;0.53;0.71;Enabled;66.38;21.92;Yes;0;0;0;0;0;0
433297;No;536;536;95;781;0.53;0.71;Enabled;66.38;21.92;Yes;0;0;0;0;0;0
433335;No;536;536;95;782;0.53;0.71;Enabled;66.38;21.92;Yes;0;0;0;0;0;0
433380;No;536;536;95;784;0.53;0.71;Enabled;66.38;21.92;Yes;0;0;0;0;0;0
433415;No;536;536;95;786;0.53;0.71;Enabled;66.38;21.92;Yes;0;0;0;0;0;0
433447;No;536;536;95;787;0.53;0.71;Enabled;66.38;21.92;Yes;0;0;0;0;0;0
433480;No;536;536;95;789;0.53;0.71;Enabled;66.38;21.92;Yes;0;0;0;0;0;0
433511;No;536;536;95;790;0.53;0.71;Enabled;66.38;21.92;Yes;0;0;0;0;0;0
433543;No;536;536;95;792;0.53;0.71;Enabled;66.38;21.92;Yes;0;0;0;0;0;0
433571;No;536;536;95;794;0.53;0.71;Enabled;66.38;21.92;Yes;0;0;0;0;0;0
433600;No;536;536;95;795;0.53;0.71;Enabled;66.38;21.92;Yes;0;0;0;0;0;0
433627;No;536;536;95;788;0.53;0.70;Enabled;66.38;21.92;Yes;0;0;0;0;0;0
433679;No;536;536;95;781;0.53;0.70;Enabled;66.38;21.92;Yes;0;0;0;0;0;0
433716;No;536;536;95;774;0.53;0.70;Enabled;66.38;21.92;Yes;0;0;0;0;0;0
433750;No;536;536;95;767;0.53;0.71;Enabled;66.38;21.92;Yes;0;0;0;0;0;0
433779;No;536;536;95;760;0.53;0.71;Enabled;66.38;21.92;Yes;0;0;0;0;0;0
433810;No;536;536;95;752;0.53;0.71;Enabled;66.38;21.92;Yes;0;0;0;0;0;0
433837;No;536;536;95;746;0.53;0.71;Enabled;66.38;21.92;Yes;0;0;0;0;0;0
433867;No;536;536;95;738;0.53;0.71;Enabled;66.38;21.92;Yes;0;0;0;0;0;0
433899;No;536;536;95;731;0.53;0.71;Enabled;66.38;21.92;Yes;0;0;0;0;0;0
433929;No;536;536;95;724;0.53;0.71;Enabled;66.38;21.92;Yes;0;0;0;0;0;0
433979;No;536;536;95;717;0.53;0.71;Enabled;66.38;21.92;Yes;0;0;0;0;0;0
434016;No;536;536;95;710;0.53;0.71;Enabled;66.38;21.92;Yes;0;0;0;0;0;0
434049;No;536;536;95;703;0.54;0.71;Enabled;66.38;21.92;Yes;0;0;0;0;0;0
434079;No;536;536;95;696;0.54;0.71;Enabled;66.38;21.92;Yes;0;0;0;0;0;0
434111;No;536;536;95;689;0.54;0.71;Enabled;66.38;21.92;Yes;0;0;0;0;0;0
434136;No;536;536;95;682;0.54;0.71;Enabled;66.38;21.92;Yes;0;0;0;0;0;0
434167;No;536;536;95;675;0.54;0.71;Enabled;66.38;21.92;Yes;0;0;0;0;0;0
434199;No;536;536;95;674;0.54;0.71;Enabled;66.38;21.92;Yes;0;0;0;0;0;0
434231;No;536;536;95;674;0.54;0.71;Enabled;66.38;21.92;Yes;0;0;0;0;0;0
434279;No;536;536;95;673;0.54;0.71;Enabled;66.38;21.92;Yes;0;0;0;0;0;0
434318;No;536;536;95;672;0.54;0.71;Enabled;66.38;21.92;Yes;0;0;0;0;0;0
434347;No;536;536;95;672;0.54;0.71;Enabled;66.38;21.92;Yes;0;0;0;0;0;0
434380;No;536;536;95;672;0.54;0.71;Enabled;66.38;21.92;Yes;0;0;0;0;0;0
434412;No;536;536;95;671;0.54;0.71;Enabled;66.38;21.92;Yes;0;0;0;0;0;0
434438;No;536;536;95;670;0.54;0.71;Enabled;66.38;21.92;Yes;0;0;0;0;0;0
434468;No;535;536;95;670;0.54;0.71;Enabled;66.38;21.92;Yes;0;0;0;0;0;0
434500;No;535;535;95;669;0.54;0.71;Enabled;66.38;21.92;Yes;0;0;0;0;0;0
434527;No;535;535;95;668;0.54;0.71;Enabled;66.38;21.92;Yes;0;0;0;0;0;0
434578;No;535;535;95;668;0.54;0.71;Enabled;66.38;21.92;Yes;0;0;0;0;0;0
434617;No;535;535;95;668;0.54;0.71;Enabled;66.38;21.92;Yes;0;0;0;0;0;0
434646;No;535;535;95;667;0.55;0.71;Enabled;66.38;21.92;Yes;0;0;0;0;0;0
434681;No;535;535;95;666;0.55;0.71;Enabled;66.38;21.92;Yes;0;0;0;0;0;0
434711;No;535;535;95;666;0.55;0.71;Enabled;66.38;21.92;Yes;0;0;0;0;0;0
434737;No;535;535;95;665;0.55;0.71;Enabled;66.38;21.92;Yes;0;0;0;0;0;0
434769;No;535;535;95;666;0.55;0.71;Enabled;66.38;21.92;Yes;0;0;0;0;0;0
434797;No;535;535;95;667;0.55;0.71;Enabled;66.38;21.92;Yes;0;0;0;0;0;0
434827;No;535;535;95;668;0.55;0.71;Enabled;66.38;21.92;Yes;0;0;0;0;0;0
434879;No;535;535;95;668;0.55;0.71;Enabled;66.38;21.92;Yes;0;0;0;0;0;0
434916;No;535;535;95;669;0.55;0.71;Enabled;66.38;21.92;Yes;0;0;0;0;0;0
434948;No;535;535;95;670;0.55;0.71;Enabled;66.38;21.92;Yes;0;0;0;0;0;0
434977;No;535;535;95;671;0.55;0.71;Enabled;66.38;21.92;Yes;0;0;0;0;0;0
435009;No;535;535;95;672;0.55;0.71;Enabled;66.38;21.92;Yes;0;0;0;0;0;0
435040;No;535;535;95;672;0.55;0.71;Enabled;66.38;21.92;Yes;0;0;0;0;0;0
435070;No;535;535;95;673;0.55;0.71;Enabled;66.38;21.92;Yes;0;0;0;0;0;0
435100;No;535;535;95;674;0.55;0.71;Enabled;66.38;21.92;Yes;0;0;0;0;0;0
435129;No;535;535;95;675;0.55;0.71;Enabled;66.38;21.92;Yes;0;0;0;0;0;0
435179;No;535;535;95;676;0.55;0.71;Enabled;66.38;21.92;Yes;0;0;0;0;0;0
435217;No;535;535;95;676;0.56;0.71;Enabled;66.38;21.92;Yes;0;0;0;0;0;0
435247;No;535;535;95;678;0.56;0.71;Enabled;66.38;21.92;Yes;0;0;0;0;0;0
435280;No;535;535;95;678;0.56;0.71;Enabled;66.38;21.92;Yes;0;0;0;0;0;0
435310;No;535;535;95;679;0.56;0.71;Enabled;66.38;21.92;Yes;0;0;0;0;0;0
435337;No;535;535;95;678;0.56;0.71;Enabled;66.38;21.92;Yes;0;0;0;0;0;0
435366;No;535;535;95;678;0.56;0.71;Enabled;66.38;21.92;Yes;0;0;0;0;0;0
435399;No;535;535;95;677;0.56;0.71;Enabled;66.38;21.92;Yes;0;0;0;0;0;0
435426;No;535;535;95;676;0.56;0.71;Enabled;66.38;21.92;Yes;0;0;0;0;0;0
435478;No;535;535;95;675;0.56;0.71;Enabled;66.38;21.92;Yes;0;0;0;0;0;0
435519;No;535;535;95;674;0.56;0.71;Enabled;66.38;21.92;Yes;0;0;0;0;0;0
435550;No;535;535;95;674;0.56;0.71;Enabled;66.38;21.92;Yes;0;0;0;0;0;0
435578;No;535;535;95;673;0.56;0.71;Enabled;66.38;21.92;Yes;0;0;0;0;0;0
435610;No;535;535;95;672;0.56;0.71;Enabled;66.38;21.92;Yes;0;0;0;0;0;0
435637;No;535;535;95;672;0.56;0.71;Enabled;66.38;21.92;Yes;0;0;0;0;0;0
435667;No;535;535;95;671;0.56;0.71;Enabled;66.38;21.92;Yes;0;0;0;0;0;0
435700;No;534;535;95;670;0.56;0.71;Enabled;66.38;21.92;Yes;0;0;0;0;0;0
435727;No;534;534;95;669;0.56;0.71;Enabled;66.38;21.92;Yes;0;0;0;0;0;0
435778;No;534;534;95;668;0.57;0.71;Enabled;66.38;21.92;Yes;0;0;0;0;0;0
435818;No;534;534;95;668;0.57;0.71;Enabled;66.38;21.92;Yes;0;0;0;0;0;0
435849;No;534;534;95;667;0.57;0.71;Enabled;66.38;21.92;Yes;0;0;0;0;0;0
435896;No;534;534;95;666;0.57;0.71;Enabled;66.38;21.92;Yes;0;0;0;0;0;0
435936;No;534;534;95;666;0.57;0.70;Enabled;66.38;21.92;Yes;0;0;0;0;0;0
435969;No;534;534;95;666;0.57;0.70;Enabled;66.38;21.92;Yes;0;0;0;0;0;0
436000;No;534;534;95;665;0.57;0.70;Enabled;66.38;21.92;Yes;0;0;0;0;0;0
436030;No;534;534;95;664;0.57;0.70;Enabled;66.38;21.92;Yes;0;0;0;0;0;0
436082;No;534;534;95;664;0.57;0.70;Enabled;66.38;21.92;Yes;0;0;0;0;0;0
436119;No;534;534;95;664;0.57;0.70;Enabled;66.38;21.92;Yes;0;0;0;0;0;0
436148;No;534;534;95;663;0.57;0.70;Enabled;66.38;21.92;Yes;0;0;0;0;0;0
436178;No;534;534;95;663;0.57;0.70;Enabled;66.38;21.92;Yes;0;0;0;0;0;0
436211;No;534;534;95;662;0.57;0.70;Enabled;66.38;21.92;Yes;0;0;0;0;0;0
436237;No;534;534;95;662;0.57;0.70;Enabled;66.38;21.92;Yes;0;0;0;0;0;0
436268;No;534;534;95;662;0.57;0.70;Enabled;66.38;21.92;Yes;0;0;0;0;0;0
436301;No;534;534;95;661;0.57;0.70;Enabled;66.38;21.92;Yes;0;0;0;0;0;0
436331;No;534;534;95;661;0.57;0.70;Enabled;66.38;21.92;Yes;0;0;0;0;0;0
436381;No;534;534;95;660;0.58;0.70;Enabled;66.38;21.92;Yes;0;0;0;0;0;0
436421;No;534;534;95;660;0.58;0.70;Enabled;66.38;21.92;Yes;0;0;0;0;0;0
436449;No;534;534;95;660;0.58;0.70;Enabled;66.38;21.92;Yes;0;0;0;0;0;0
436480;No;534;534;95;659;0.58;0.70;Enabled;66.38;21.92;Yes;0;0;0;0;0;0
436509;No;534;534;95;660;0.58;0.70;Enabled;66.38;21.92;Yes;0;0;0;0;0;0
436539;No;534;534;95;661;0.58;0.70;Enabled;66.38;21.92;Yes;0;0;0;0;0;0
436570;No;534;534;95;662;0.58;0.70;Enabled;66.38;21.92;Yes;0;0;0;0;0;0
436598;No;534;534;95;662;0.58;0.70;Enabled;66.38;21.92;Yes;0;0;0;0;0;0
436630;No;534;534;95;663;0.58;0.70;Enabled;66.38;21.92;Yes;0;0;0;0;0;0
436679;No;534;534;95;664;0.58;0.70;Enabled;66.38;21.92;Yes;0;0;0;0;0;0
436718;No;534;534;95;664;0.58;0.70;Enabled;66.38;21.92;Yes;0;0;0;0;0;0
436748;No;534;534;95;665;0.58;0.70;Enabled;66.38;21.92;Yes;0;0;0;0;0;0
436779;No;534;534;95;666;0.59;0.70;Enabled;66.38;21.92;Yes;0;0;0;0;0;0
436811;No;534;534;95;666;0.59;0.70;Enabled;66.38;21.92;Yes;0;0;0;0;0;0
436838;No;534;534;95;667;0.59;0.70;Enabled;66.38;21.92;Yes;0;0;0;0;0;0
436869;No;534;534;95;668;0.59;0.70;Enabled;66.38;21.92;Yes;0;0;0;0;0;0
436899;No;534;534;95;669;0.59;0.70;Enabled;66.38;21.92;Yes;0;0;0;0;0;0
436927;No;534;534;95;670;0.59;0.70;Enabled;66.38;21.92;Yes;0;0;0;0;0;0
436978;No;534;534;95;670;0.59;0.70;Enabled;66.38;21.92;Yes;0;0;0;0;0;0
437018;No;534;534;95;671;0.59;0.70;Enabled;66.38;21.92;Yes;0;0;0;0;0;0
437049;No;534;534;95;672;0.60;0.70;Enabled;66.38;21.92;Yes;0;0;0;0;0;0
437079;No;534;534;95;671;0.60;0.70;Enabled;66.38;21.92;Yes;0;0;0;0;0;0
437109;No;534;534;95;670;0.60;0.70;Enabled;66.38;21.92;Yes;0;0;0;0;0;0
437137;No;534;534;95;668;0.60;0.70;Enabled;66.38;21.92;Yes;0;0;0;0;0;0
437175;No;534;534;95;668;0.60;0.70;Enabled;66.38;21.92;Yes;0;0;0;0;0;0
437199;No;534;534;95;666;0.60;0.70;Enabled;66.38;21.92;Yes;0;0;0;0;0;0
437228;No;534;534;95;665;0.60;0.70;Enabled;66.38;21.92;Yes;0;0;0;0;0;0
437279;No;534;534;95;664;0.60;0.70;Enabled;66.38;21.92;Yes;0;0;0;0;0;0
437317;No;534;534;95;663;0.60;0.70;Enabled;66.38;21.92;Yes;0;0;0;0;0;0
437347;No;534;534;95;662;0.60;0.70;Enabled;66.38;21.92;Yes;0;0;0;0;0;0
437377;No;534;534;95;661;0.60;0.70;Enabled;66.38;21.92;Yes;0;0;0;0;0;0
437409;No;534;533;95;660;0.60;0.70;Enabled;66.38;21.92;Yes;0;0;0;0;0;0
437441;No;533;533;95;659;0.60;0.70;Enabled;66.38;21.92;Yes;0;0;0;0;0;0
437469;No;533;533;95;658;0.60;0.70;Enabled;66.38;21.92;Yes;0;0;0;0;0;0
437500;No;533;533;95;656;0.60;0.70;Enabled;66.38;21.92;Yes;0;0;0;0;0;0
437529;No;533;533;95;656;0.60;0.70;Enabled;66.38;21.92;Yes;0;0;0;0;0;0
437578;No;533;533;95;654;0.61;0.70;Enabled;66.38;21.92;Yes;0;0;0;0;0;0
437619;No;533;533;95;653;0.61;0.70;Enabled;66.38;21.92;Yes;0;0;0;0;0;0
437649;No;533;533;95;652;0.61;0.70;Enabled;66.38;21.92;Yes;0;0;0;0;0;0
437677;No;533;533;95;651;0.61;0.70;Enabled;66.38;21.92;Yes;0;0;0;0;0;0
437711;No;533;533;95;650;0.61;0.70;Enabled;66.38;21.92;Yes;0;0;0;0;0;0
437738;No;533;533;95;649;0.61;0.70;Enabled;66.38;21.92;Yes;0;0;0;0;0;0
437766;No;533;533;95;648;0.61;0.70;Enabled;66.38;21.92;Yes;0;0;0;0;0;0
437797;No;533;533;95;647;0.61;0.70;Enabled;66.38;21.92;Yes;0;0;0;0;0;0
437830;No;533;533;95;646;0.61;0.70;Enabled;66.38;21.92;Yes;0;0;0;0;0;0
437882;No;533;533;95;645;0.61;0.70;Enabled;66.38;21.92;Yes;0;0;0;0;0;0
437916;No;533;533;95;644;0.61;0.70;Enabled;66.38;21.92;Yes;0;0;0;0;0;0
437947;No;533;533;95;643;0.61;0.70;Enabled;66.38;21.92;Yes;0;0;0;0;0;0
437978;No;533;533;95;642;0.61;0.70;Enabled;66.38;21.92;Yes;0;0;0;0;0;0
438009;No;533;533;95;641;0.61;0.70;Enabled;66.38;21.92;Yes;0;0;0;0;0;0
438040;No;533;533;95;640;0.61;0.70;Enabled;66.38;21.92;Yes;0;0;0;0;0;0
438070;No;533;533;95;639;0.61;0.70;Enabled;66.38;21.92;Yes;0;0;0;0;0;0
438097;No;533;533;95;638;0.61;0.70;Enabled;66.38;21.92;Yes;0;0;0;0;0;0
438130;No;533;533;95;637;0.62;0.70;Enabled;66.38;21.92;Yes;0;0;0;0;0;0
438178;No;533;533;95;636;0.62;0.70;Enabled;66.38;21.92;Yes;0;0;0;0;0;0
438218;No;533;533;95;636;0.62;0.70;Enabled;66.38;21.92;Yes;0;0;0;0;0;0
438249;No;533;533;95;637;0.62;0.70;Enabled;66.38;21.92;Yes;0;0;0;0;0;0
438280;No;533;533;95;638;0.62;0.70;Enabled;66.38;21.92;Yes;0;0;0;0;0;0
438311;No;533;533;95;639;0.62;0.70;Enabled;66.38;21.92;Yes;0;0;0;0;0;0
438336;No;533;533;95;640;0.62;0.70;Enabled;66.38;21.92;Yes;0;0;0;0;0;0
438366;No;533;533;95;640;0.62;0.70;Enabled;66.38;21.92;Yes;0;0;0;0;0;0
438397;No;533;533;95;641;0.62;0.70;Enabled;66.38;21.92;Yes;0;0;0;0;0;0
438430;No;533;533;95;642;0.62;0.70;Enabled;66.38;21.92;Yes;0;0;0;0;0;0
438499;No;533;533;95;642;0.62;0.70;Enabled;66.38;21.92;Yes;0;0;0;0;0;0
438519;No;533;533;95;643;0.62;0.70;Enabled;66.38;21.92;Yes;0;0;0;0;0;0
438549;No;533;533;95;644;0.62;0.70;Enabled;66.38;21.92;Yes;0;0;0;0;0;0
438576;No;533;533;95;645;0.62;0.70;Enabled;66.38;21.92;Yes;0;0;0;0;0;0
438612;No;533;533;95;646;0.62;0.70;Enabled;66.38;21.92;Yes;0;0;0;0;0;0
438643;No;533;533;95;646;0.62;0.70;Enabled;66.38;21.92;Yes;0;0;0;0;0;0
438671;No;533;533;95;647;0.62;0.70;Enabled;66.38;21.92;Yes;0;0;0;0;0;0
438699;No;533;533;95;648;0.62;0.70;Enabled;66.38;21.92;Yes;0;0;0;0;0;0
438728;No;533;533;95;648;0.62;0.70;Enabled;66.38;21.92;Yes;0;0;0;0;0;0
438782;No;533;533;95;648;0.62;0.70;Enabled;66.38;21.92;Yes;0;0;0;0;0;0
438821;No;533;533;95;648;0.62;0.70;Enabled;66.38;21.92;Yes;0;0;0;0;0;0
438848;No;533;533;95;647;0.62;0.70;Enabled;66.38;21.92;Yes;0;0;0;0;0;0
438880;No;532;533;95;646;0.62;0.70;Enabled;66.38;21.92;Yes;0;0;0;0;0;0
438909;No;532;532;95;646;0.62;0.70;Enabled;66.38;21.92;Yes;0;0;0;0;0;0
438939;No;532;532;95;646;0.62;0.70;Enabled;66.38;21.92;Yes;0;0;0;0;0;0
438966;No;532;532;95;645;0.62;0.70;Enabled;66.38;21.92;Yes;0;0;0;0;0;0
438997;No;532;532;95;644;0.62;0.70;Enabled;66.38;21.92;Yes;0;0;0;0;0;0
439030;No;532;532;95;644;0.62;0.70;Enabled;66.38;21.92;Yes;0;0;0;0;0;0
439078;No;532;532;95;644;0.62;0.70;Enabled;66.38;21.92;Yes;0;0;0;0;0;0
439119;No;532;532;95;643;0.62;0.70;Enabled;66.38;21.92;Yes;0;0;0;0;0;0
439150;No;532;532;95;642;0.62;0.70;Enabled;66.38;21.92;Yes;0;0;0;0;0;0
439179;No;532;532;95;642;0.62;0.70;Enabled;66.38;21.92;Yes;0;0;0;0;0;0
439210;No;532;532;95;642;0.62;0.70;Enabled;66.38;21.92;Yes;0;0;0;0;0;0
439240;No;532;532;95;641;0.62;0.70;Enabled;66.38;21.92;Yes;0;0;0;0;0;0
439267;No;532;532;95;640;0.62;0.70;Enabled;66.38;21.92;Yes;0;0;0;0;0;0
439297;No;532;532;95;640;0.62;0.70;Enabled;66.38;21.92;Yes;0;0;0;0;0;0
439330;No;532;532;95;639;0.62;0.70;Enabled;66.38;21.92;Yes;0;0;0;0;0;0
439381;No;532;532;95;638;0.62;0.70;Enabled;66.38;21.92;Yes;0;0;0;0;0;0
439419;No;532;532;95;637;0.62;0.70;Enabled;66.38;21.92;Yes;0;0;0;0;0;0
439447;No;532;532;95;636;0.62;0.70;Enabled;66.38;21.92;Yes;0;0;0;0;0;0
439478;No;532;532;95;634;0.62;0.70;Enabled;66.38;21.92;Yes;0;0;0;0;0;0
439509;No;532;532;95;634;0.62;0.70;Enabled;66.38;21.92;Yes;0;0;0;0;0;0
439540;No;532;532;95;632;0.62;0.70;Enabled;66.38;21.92;Yes;0;0;0;0;0;0
439569;No;532;532;96;631;0.62;0.70;Enabled;66.38;21.92;Yes;0;0;0;0;0;0
439600;No;532;532;96;630;0.62;0.70;Enabled;66.38;21.92;Yes;0;0;0;0;0;0
439629;No;532;532;96;629;0.62;0.70;Enabled;66.38;21.92;Yes;0;0;0;0;0;0
439679;No;532;532;96;628;0.62;0.70;Enabled;66.38;21.92;Yes;0;0;0;0;0;0
439735;No;532;532;96;627;0.62;0.70;Enabled;66.38;21.92;Yes;0;0;0;0;0;0
439776;No;532;532;96;626;0.62;0.70;Enabled;66.38;21.92;Yes;0;0;0;0;0;0
439809;No;532;532;96;624;0.62;0.70;Enabled;66.38;21.92;Yes;0;0;0;0;0;0
439839;No;532;532;96;624;0.62;0.70;Enabled;66.38;21.92;Yes;0;0;0;0;0;0
439869;No;532;532;96;622;0.62;0.70;Enabled;66.38;21.92;Yes;0;0;0;0;0;0
439897;No;532;532;96;621;0.63;0.70;Enabled;66.38;21.92;Yes;0;0;0;0;0;0
439928;No;532;532;96;620;0.63;0.70;Enabled;66.38;21.92;Yes;0;0;0;0;0;0
439981;No;532;532;96;620;0.63;0.70;Enabled;66.38;21.92;Yes;0;0;0;0;0;0
440020;No;532;532;96;619;0.63;0.70;Enabled;66.38;21.92;Yes;0;0;0;0;0;0
440050;No;532;532;96;618;0.63;0.70;Enabled;66.38;21.92;Yes;0;0;0;0;0;0
440077;No;532;532;96;617;0.63;0.70;Enabled;66.38;21.92;Yes;0;0;0;0;0;0
440107;No;532;532;96;616;0.63;0.70;Enabled;66.38;21.92;Yes;0;0;0;0;0;0
440140;No;532;532;96;616;0.63;0.70;Enabled;66.38;21.92;Yes;0;0;0;0;0;0
440167;No;532;532;96;615;0.63;0.70;Enabled;66.38;21.92;Yes;0;0;0;0;0;0
440197;No;532;532;96;614;0.63;0.70;Enabled;66.38;21.92;Yes;0;0;0;0;0;0
440227;No;532;532;96;614;0.63;0.70;Enabled;66.38;21.92;Yes;0;0;0;0;0;0
440278;No;532;532;96;613;0.63;0.70;Enabled;66.38;21.92;Yes;0;0;0;0;0;0
440317;No;532;532;96;612;0.63;0.70;Enabled;66.38;21.92;Yes;0;0;0;0;0;0
440350;No;532;532;96;611;0.63;0.70;Enabled;66.38;21.92;Yes;0;0;0;0;0;0
440377;No;532;532;96;610;0.63;0.70;Enabled;66.38;21.92;Yes;0;0;0;0;0;0
440408;No;532;532;96;610;0.63;0.70;Enabled;66.38;21.92;Yes;0;0;0;0;0;0
440441;No;531;532;96;609;0.63;0.70;Enabled;66.38;21.92;Yes;0;0;0;0;0;0
440467;No;531;531;96;608;0.63;0.70;Enabled;66.38;21.92;Yes;0;0;0;0;0;0
440498;No;531;531;96;607;0.63;0.70;Enabled;66.38;21.92;Yes;0;0;0;0;0;0
440530;No;531;531;96;606;0.63;0.70;Enabled;66.38;21.92;Yes;0;0;0;0;0;0
440579;No;531;531;96;606;0.63;0.70;Enabled;66.38;21.92;Yes;0;0;0;0;0;0
440620;No;531;531;96;605;0.63;0.70;Enabled;66.38;21.92;Yes;0;0;0;0;0;0
440648;No;531;531;96;604;0.63;0.70;Enabled;66.38;21.92;Yes;0;0;0;0;0;0
440680;No;531;531;96;604;0.63;0.70;Enabled;66.38;21.92;Yes;0;0;0;0;0;0
440708;No;531;531;96;603;0.63;0.70;Enabled;66.38;21.92;Yes;0;0;0;0;0;0
440738;No;531;531;96;602;0.63;0.70;Enabled;66.38;21.92;Yes;0;0;0;0;0;0
440769;No;531;531;96;602;0.63;0.70;Enabled;66.38;21.92;Yes;0;0;0;0;0;0
440800;No;531;531;96;601;0.63;0.70;Enabled;66.38;21.92;Yes;0;0;0;0;0;0
440829;No;531;531;96;600;0.63;0.70;Enabled;66.38;21.92;Yes;0;0;0;0;0;0
440878;No;531;531;96;600;0.63;0.70;Enabled;66.38;21.92;Yes;0;0;0;0;0;0
440918;No;531;531;96;599;0.63;0.70;Enabled;66.38;21.92;Yes;0;0;0;0;0;0
440949;No;531;531;96;598;0.63;0.70;Enabled;66.38;21.92;Yes;0;0;0;0;0;0
440979;No;531;531;96;598;0.63;0.70;Enabled;66.38;21.92;Yes;0;0;0;0;0;0
441018;No;531;531;96;597;0.63;0.70;Enabled;66.38;21.92;Yes;0;0;0;0;0;0
441040;No;531;531;96;596;0.64;0.70;Enabled;66.38;21.92;Yes;0;0;0;0;0;0
441069;No;531;531;96;596;0.64;0.70;Enabled;66.38;21.92;Yes;0;0;0;0;0;0
441099;No;531;531;96;596;0.64;0.70;Enabled;66.38;21.92;Yes;0;0;0;0;0;0
441127;No;531;531;96;596;0.64;0.70;Enabled;66.38;21.92;Yes;0;0;0;0;0;0
441179;No;531;531;96;596;0.64;0.70;Enabled;66.38;21.92;Yes;0;0;0;0;0;0
441217;No;531;531;96;596;0.64;0.70;Enabled;66.38;21.92;Yes;0;0;0;0;0;0
441247;No;531;531;96;596;0.64;0.70;Enabled;66.38;21.92;Yes;0;0;0;0;0;0
441277;No;531;531;96;596;0.64;0.70;Enabled;66.38;21.92;Yes;0;0;0;0;0;0
441310;No;531;531;96;596;0.64;0.70;Enabled;66.38;21.92;Yes;0;0;0;0;0;0
441340;No;531;531;96;596;0.64;0.70;Enabled;66.38;21.92;Yes;0;0;0;0;0;0
441367;No;531;531;96;596;0.64;0.70;Enabled;66.38;21.92;Yes;0;0;0;0;0;0
441399;No;531;531;96;595;0.64;0.70;Enabled;66.38;21.92;Yes;0;0;0;0;0;0
441429;No;531;531;96;595;0.64;0.70;Enabled;66.38;21.92;Yes;0;0;0;0;0;0
441479;No;531;531;96;595;0.64;0.70;Enabled;66.38;21.92;Yes;0;0;0;0;0;0
441519;No;531;530;96;595;0.64;0.70;Enabled;66.38;21.92;Yes;0;0;0;0;0;0
441551;No;531;530;96;595;0.64;0.70;Enabled;66.38;21.92;Yes;0;0;0;0;0;0
441578;No;530;530;96;595;0.64;0.70;Enabled;66.38;21.92;Yes;0;0;0;0;0;0
441609;No;530;530;96;595;0.64;0.70;Enabled;66.38;21.92;Yes;0;0;0;0;0;0
441641;No;530;530;96;595;0.64;0.70;Enabled;66.38;21.92;Yes;0;0;0;0;0;0
441667;No;530;530;96;594;0.64;0.70;Enabled;66.38;21.92;Yes;0;0;0;0;0;0
441696;No;530;530;96;594;0.64;0.70;Enabled;66.38;21.92;Yes;0;0;0;0;0;0
441729;No;530;530;96;594;0.64;0.70;Enabled;66.38;21.92;Yes;0;0;0;0;0;0
441778;No;530;530;96;594;0.64;0.70;Enabled;66.38;21.92;Yes;0;0;0;0;0;0
441818;No;530;530;96;593;0.64;0.70;Enabled;66.38;21.92;Yes;0;0;0;0;0;0
441850;No;530;530;96;593;0.64;0.70;Enabled;66.38;21.92;Yes;0;0;0;0;0;0
441878;No;530;530;96;592;0.64;0.70;Enabled;66.38;21.92;Yes;0;0;0;0;0;0
441909;No;530;530;96;592;0.64;0.70;Enabled;66.38;21.92;Yes;0;0;0;0;0;0
441939;No;530;530;96;592;0.64;0.70;Enabled;66.38;21.92;Yes;0;0;0;0;0;0
441968;No;530;530;96;592;0.64;0.70;Enabled;66.38;21.92;Yes;0;0;0;0;0;0
441999;No;530;530;96;591;0.64;0.70;Enabled;66.38;21.92;Yes;0;0;0;0;0;0
442027;No;530;530;96;591;0.64;0.70;Enabled;66.38;21.92;Yes;0;0;0;0;0;0
442059;No;530;530;96;591;0.64;0.70;Enabled;66.38;21.92;Yes;0;0;0;0;0;0
442086;No;530;530;96;590;0.64;0.70;Enabled;66.38;21.92;Yes;0;0;0;0;0;0
442116;No;530;530;96;590;0.64;0.70;Enabled;66.38;21.92;Yes;0;0;0;0;0;0
442148;No;530;530;96;590;0.64;0.70;Enabled;66.38;21.92;Yes;0;0;0;0;0;0
442178;No;530;530;96;592;0.64;0.70;Enabled;66.38;21.92;Yes;0;0;0;0;0;0
442209;No;530;530;96;594;0.64;0.70;Enabled;66.38;21.92;Yes;0;0;0;0;0;0
442240;No;530;530;96;596;0.64;0.70;Enabled;66.38;21.92;Yes;0;0;0;0;0;0
442268;No;530;530;96;598;0.64;0.70;Enabled;66.38;21.92;Yes;0;0;0;0;0;0
442330;No;530;530;96;600;0.64;0.70;Enabled;66.38;21.92;Yes;0;0;0;0;0;0
442380;No;530;530;96;602;0.64;0.70;Enabled;66.38;21.92;Yes;0;0;0;0;0;0
442420;No;530;530;96;604;0.64;0.70;Enabled;66.38;21.92;Yes;0;0;0;0;0;0
442447;No;530;530;96;606;0.64;0.70;Enabled;66.38;21.92;Yes;0;0;0;0;0;0
442479;No;530;530;96;608;0.64;0.70;Enabled;66.38;21.92;Yes;0;0;0;0;0;0
442512;No;530;530;96;610;0.64;0.70;Enabled;66.38;21.92;Yes;0;0;0;0;0;0
442540;No;530;530;96;612;0.64;0.70;Enabled;66.38;21.92;Yes;0;0;0;0;0;0
442568;No;530;530;96;614;0.64;0.70;Enabled;66.38;21.92;Yes;0;0;0;0;0;0
442597;No;530;530;96;616;0.64;0.70;Enabled;66.38;21.92;Yes;0;0;0;0;0;0
442630;No;530;530;96;618;0.64;0.70;Enabled;66.38;21.92;Yes;0;0;0;0;0;0
442676;No;530;530;96;620;0.64;0.70;Enabled;66.38;21.92;Yes;0;0;0;0;0;0
442717;No;530;530;96;622;0.64;0.70;Enabled;66.38;21.92;Yes;0;0;0;0;0;0
442748;No;530;530;96;624;0.64;0.70;Enabled;66.38;21.92;Yes;0;0;0;0;0;0
442779;No;530;530;96;624;0.64;0.70;Enabled;66.38;21.92;Yes;0;0;0;0;0;0
442810;No;530;530;96;623;0.64;0.70;Enabled;66.38;21.92;Yes;0;0;0;0;0;0
442838;No;530;530;96;623;0.64;0.70;Enabled;66.38;21.92;Yes;0;0;0;0;0;0
442869;No;530;530;96;623;0.64;0.70;Enabled;66.38;21.92;Yes;0;0;0;0;0;0
442900;No;530;529;96;623;0.64;0.70;Enabled;66.38;21.92;Yes;0;0;0;0;0;0
442929;No;529;529;96;623;0.64;0.70;Enabled;66.38;21.92;Yes;0;0;0;0;0;0
442979;No;529;529;96;623;0.64;0.70;Enabled;66.38;21.92;Yes;0;0;0;0;0;0
443018;No;529;529;96;623;0.64;0.70;Enabled;66.38;21.92;Yes;0;0;0;0;0;0
443048;No;529;529;96;623;0.64;0.70;Enabled;66.38;21.92;Yes;0;0;0;0;0;0
443080;No;529;529;96;623;0.64;0.70;Enabled;66.38;21.92;Yes;0;0;0;0;0;0
443114;No;529;529;96;623;0.64;0.70;Enabled;66.38;21.92;Yes;0;0;0;0;0;0
443138;No;529;529;96;622;0.64;0.70;Enabled;66.38;21.92;Yes;0;0;0;0;0;0
443169;No;529;529;96;622;0.64;0.70;Enabled;66.38;21.92;Yes;0;0;0;0;0;0
443200;No;529;529;96;622;0.64;0.70;Enabled;66.38;21.92;Yes;0;0;0;0;0;0
443229;No;529;529;96;622;0.64;0.70;Enabled;66.38;21.92;Yes;0;0;0;0;0;0
443277;No;529;529;96;622;0.64;0.70;Enabled;66.38;21.92;Yes;0;0;0;0;0;0
443318;No;529;529;96;622;0.64;0.70;Enabled;66.38;21.92;Yes;0;0;0;0;0;0
443350;No;529;529;96;622;0.64;0.70;Enabled;66.38;21.92;Yes;0;0;0;0;0;0
443380;No;529;529;96;622;0.64;0.70;Enabled;66.38;21.92;Yes;0;0;0;0;0;0
443410;No;529;529;96;622;0.64;0.70;Enabled;66.38;21.92;Yes;0;0;0;0;0;0
443438;No;529;529;96;622;0.64;0.70;Enabled;66.38;21.92;Yes;0;0;0;0;0;0
443470;No;529;529;96;623;0.64;0.70;Enabled;66.38;21.92;Yes;0;0;0;0;0;0
443497;No;529;529;96;623;0.64;0.70;Enabled;66.38;21.92;Yes;0;0;0;0;0;0
443531;No;529;529;96;623;0.64;0.70;Enabled;66.38;21.92;Yes;0;0;0;0;0;0
443600;No;529;529;96;623;0.64;0.70;Enabled;66.38;21.92;Yes;0;0;0;0;0;0
443620;No;529;529;96;623;0.64;0.70;Enabled;66.38;21.92;Yes;0;0;0;0;0;0
443650;No;529;529;96;623;0.64;0.70;Enabled;66.38;21.92;Yes;0;0;0;0;0;0
443678;No;529;529;96;623;0.64;0.70;Enabled;66.38;21.92;Yes;0;0;0;0;0;0
443709;No;529;529;96;623;0.64;0.70;Enabled;66.38;21.92;Yes;0;0;0;0;0;0
443739;No;529;529;96;624;0.64;0.70;Enabled;66.38;21.92;Yes;0;0;0;0;0;0
443767;No;529;529;96;624;0.64;0.70;Enabled;66.38;21.92;Yes;0;0;0;0;0;0
443799;No;529;529;96;624;0.64;0.70;Enabled;66.38;21.92;Yes;0;0;0;0;0;0
443829;No;529;529;96;624;0.64;0.70;Enabled;66.38;21.92;Yes;0;0;0;0;0;0
443877;No;529;529;96;624;0.64;0.70;Enabled;66.38;21.92;Yes;0;0;0;0;0;0
443918;No;529;529;96;623;0.64;0.70;Enabled;66.38;21.92;Yes;0;0;0;0;0;0
443949;No;529;529;96;622;0.64;0.70;Enabled;66.38;21.92;Yes;0;0;0;0;0;0
443978;No;529;529;96;622;0.64;0.70;Enabled;66.38;21.92;Yes;0;0;0;0;0;0
444011;No;529;529;96;622;0.64;0.70;Enabled;66.38;21.92;Yes;0;0;0;0;0;0
444038;No;529;529;96;621;0.64;0.70;Enabled;66.38;21.92;Yes;0;0;0;0;0;0
444069;No;529;529;96;620;0.64;0.70;Enabled;66.38;21.92;Yes;0;0;0;0;0;0
444100;No;529;529;96;620;0.64;0.70;Enabled;66.38;21.92;Yes;0;0;0;0;0;0
444129;No;529;529;96;619;0.64;0.70;Enabled;66.38;21.92;Yes;0;0;0;0;0;0
444177;No;529;529;96;618;0.64;0.70;Enabled;66.38;21.92;Yes;0;0;0;0;0;0
444218;No;529;529;96;618;0.64;0.70;Enabled;66.38;21.92;Yes;0;0;0;0;0;0
444248;No;529;529;96;617;0.64;0.70;Enabled;66.38;21.92;Yes;0;0;0;0;0;0
444279;No;528;529;96;617;0.64;0.70;Enabled;66.38;21.92;Yes;0;0;0;0;0;0
444309;No;528;528;96;616;0.64;0.70;Enabled;66.38;21.92;Yes;0;0;0;0;0;0
444339;No;528;528;96;616;0.64;0.70;Enabled;66.38;21.92;Yes;0;0;0;0;0;0
444370;No;528;528;96;615;0.64;0.70;Enabled;66.38;21.92;Yes;0;0;0;0;0;0
444399;No;528;528;96;614;0.64;0.70;Enabled;66.38;21.92;Yes;0;0;0;0;0;0
444429;No;528;528;96;614;0.64;0.70;Enabled;66.38;21.92;Yes;0;0;0;0;0;0
444478;No;528;528;96;614;0.64;0.70;Enabled;66.38;21.92;Yes;0;0;0;0;0;0
444518;No;528;528;96;615;0.64;0.70;Enabled;66.38;21.92;Yes;0;0;0;0;0;0
444548;No;528;528;96;616;0.64;0.70;Enabled;66.38;21.92;Yes;0;0;0;0;0;0
444580;No;528;528;96;617;0.64;0.70;Enabled;66.38;21.92;Yes;0;0;0;0;0;0
444611;No;528;528;96;618;0.64;0.70;Enabled;66.38;21.92;Yes;0;0;0;0;0;0
444638;No;528;528;96;618;0.64;0.70;Enabled;66.38;21.92;Yes;0;0;0;0;0;0
444669;No;528;528;96;619;0.64;0.70;Enabled;66.38;21.92;Yes;0;0;0;0;0;0
444697;No;528;528;96;620;0.64;0.70;Enabled;66.38;21.92;Yes;0;0;0;0;0;0
444729;No;528;528;96;621;0.64;0.70;Enabled;66.38;21.92;Yes;0;0;0;0;0;0
444776;No;528;528;96;622;0.64;0.70;Enabled;66.38;21.92;Yes;0;0;0;0;0;0
444818;No;528;528;96;622;0.64;0.70;Enabled;66.38;21.92;Yes;0;0;0;0;0;0
444857;No;528;528;96;623;0.64;0.70;Enabled;66.38;21.92;Yes;0;0;0;0;0;0
444877;No;528;528;96;624;0.64;0.70;Enabled;66.38;21.92;Yes;0;0;0;0;0;0
444911;No;528;528;96;625;0.64;0.70;Enabled;66.38;21.92;Yes;0;0;0;0;0;0
444939;No;528;528;96;626;0.64;0.70;Enabled;66.38;21.92;Yes;0;0;0;0;0;0
444970;No;528;528;96;626;0.64;0.70;Enabled;66.38;21.92;Yes;0;0;0;0;0;0
444996;No;528;528;96;627;0.64;0.70;Enabled;66.38;21.92;Yes;0;0;0;0;0;0
445028;No;528;528;96;629;0.64;0.70;Enabled;66.38;21.92;Yes;0;0;0;0;0;0
445078;No;528;528;96;631;0.64;0.70;Enabled;66.38;21.92;Yes;0;0;0;0;0;0
445117;No;528;528;96;633;0.63;0.70;Enabled;66.38;21.92;Yes;0;0;0;0;0;0
445150;No;528;528;96;634;0.63;0.70;Enabled;66.38;21.92;Yes;0;0;0;0;0;0
445179;No;528;528;96;636;0.63;0.70;Enabled;66.38;21.92;Yes;0;0;0;0;0;0
445210;No;528;528;96;638;0.63;0.70;Enabled;66.38;21.92;Yes;0;0;0;0;0;0
445237;No;528;528;96;640;0.63;0.70;Enabled;66.38;21.92;Yes;0;0;0;0;0;0
445270;No;528;528;96;642;0.63;0.70;Enabled;66.38;21.92;Yes;0;0;0;0;0;0
445296;No;528;528;96;644;0.63;0.70;Enabled;66.38;21.92;Yes;0;0;0;0;0;0
445329;No;528;528;96;646;0.63;0.70;Enabled;66.38;21.92;Yes;0;0;0;0;0;0
445381;No;528;528;96;647;0.63;0.70;Enabled;66.38;21.92;Yes;0;0;0;0;0;0
445420;No;528;528;96;649;0.63;0.70;Enabled;66.38;21.92;Yes;0;0;0;0;0;0
445447;No;528;528;96;651;0.63;0.70;Enabled;66.38;21.92;Yes;0;0;0;0;0;0
445480;No;528;528;96;653;0.63;0.70;Enabled;66.38;21.92;Yes;0;0;0;0;0;0
445513;No;528;528;96;654;0.63;0.70;Enabled;66.38;21.92;Yes;0;0;0;0;0;0
445540;No;528;528;96;656;0.63;0.70;Enabled;66.38;21.92;Yes;0;0;0;0;0;0
445567;No;528;528;96;658;0.63;0.70;Enabled;66.38;21.92;Yes;0;0;0;0;0;0
445599;No;528;528;96;657;0.63;0.70;Enabled;66.38;21.92;Yes;0;0;0;0;0;0
445679;No;528;528;96;655;0.63;0.70;Enabled;66.38;21.92;Yes;0;0;0;0;0;0
445719;No;528;528;96;654;0.63;0.70;Enabled;66.38;21.92;Yes;0;0;0;0;0;0
445747;No;528;528;96;652;0.63;0.70;Enabled;66.38;21.92;Yes;0;0;0;0;0;0
445776;No;528;528;96;650;0.63;0.70;Enabled;66.38;21.92;Yes;0;0;0;0;0;0
445810;No;528;528;96;649;0.63;0.70;Enabled;66.38;21.92;Yes;0;0;0;0;0;0
445840;No;528;528;96;647;0.63;0.70;Enabled;66.38;21.92;Yes;0;0;0;0;0;0
445867;No;528;528;96;646;0.63;0.70;Enabled;66.38;21.92;Yes;0;0;0;0;0;0
445897;No;528;528;96;644;0.63;0.70;Enabled;66.38;21.92;Yes;0;0;0;0;0;0
445929;No;528;527;96;642;0.63;0.70;Enabled;66.38;21.92;Yes;0;0;0;0;0;0
445981;No;528;527;96;640;0.63;0.70;Enabled;66.38;21.92;Yes;0;0;0;0;0;0
446019;No;527;527;96;639;0.63;0.70;Enabled;66.38;21.92;Yes;0;0;0;0;0;0
446050;No;527;527;96;638;0.63;0.70;Enabled;66.38;21.92;Yes;0;0;0;0;0;0
446080;No;527;527;96;636;0.63;0.70;Enabled;66.38;21.92;Yes;0;0;0;0;0;0
446110;No;527;527;96;634;0.63;0.70;Enabled;66.38;21.92;Yes;0;0;0;0;0;0
446171;No;527;527;96;632;0.63;0.70;Enabled;66.38;21.92;Yes;0;0;0;0;0;0
446197;No;527;527;96;631;0.63;0.70;Enabled;66.38;21.92;Yes;0;0;0;0;0;0
446229;No;527;527;96;630;0.63;0.70;Enabled;66.38;21.92;Yes;0;0;0;0;0;0
446281;No;527;527;96;630;0.63;0.70;Enabled;66.38;21.92;Yes;0;0;0;0;0;0
446317;No;527;527;96;628;0.63;0.70;Enabled;66.38;21.92;Yes;0;0;0;0;0;0
446347;No;527;527;96;628;0.63;0.70;Enabled;66.38;21.92;Yes;0;0;0;0;0;0
446379;No;527;527;96;627;0.63;0.70;Enabled;66.38;21.92;Yes;0;0;0;0;0;0
446410;No;527;527;96;626;0.63;0.70;Enabled;66.38;21.92;Yes;0;0;0;0;0;0
446439;No;527;527;96;626;0.63;0.70;Enabled;66.38;21.92;Yes;0;0;0;0;0;0
446470;No;527;527;96;625;0.63;0.70;Enabled;66.38;21.92;Yes;0;0;0;0;0;0
446496;No;527;527;96;624;0.63;0.70;Enabled;66.38;21.92;Yes;0;0;0;0;0;0
446527;No;527;527;96;623;0.63;0.70;Enabled;66.38;21.92;Yes;0;0;0;0;0;0
446579;No;527;527;96;622;0.63;0.70;Enabled;66.38;21.92;Yes;0;0;0;0;0;0
446620;No;527;527;96;622;0.63;0.70;Enabled;66.38;21.92;Yes;0;0;0;0;0;0
446650;No;527;527;96;621;0.63;0.70;Enabled;66.38;21.92;Yes;0;0;0;0;0;0
446677;No;527;527;96;620;0.63;0.70;Enabled;66.38;21.92;Yes;0;0;0;0;0;0
446708;No;527;527;96;619;0.63;0.70;Enabled;66.38;21.92;Yes;0;0;0;0;0;0
446737;No;527;527;96;618;0.63;0.70;Enabled;66.38;21.92;Yes;0;0;0;0;0;0
446766;No;527;527;96;618;0.63;0.70;Enabled;66.38;21.92;Yes;0;0;0;0;0;0
446797;No;527;527;96;617;0.63;0.70;Enabled;66.38;21.92;Yes;0;0;0;0;0;0
446829;No;527;527;96;617;0.63;0.70;Enabled;66.38;21.92;Yes;0;0;0;0;0;0
446880;No;527;527;96;616;0.63;0.70;Enabled;66.38;21.92;Yes;0;0;0;0;0;0
446921;No;527;527;96;616;0.63;0.70;Enabled;66.38;21.92;Yes;0;0;0;0;0;0
446950;No;527;527;96;616;0.63;0.70;Enabled;66.38;21.92;Yes;0;0;0;0;0;0
446979;No;527;527;96;616;0.63;0.70;Enabled;66.38;21.92;Yes;0;0;0;0;0;0
447012;No;527;527;96;616;0.63;0.70;Enabled;66.38;21.92;Yes;0;0;0;0;0;0
447037;No;527;527;96;615;0.63;0.70;Enabled;66.38;21.92;Yes;0;0;0;0;0;0
447069;No;527;527;96;615;0.63;0.70;Enabled;66.38;21.92;Yes;0;0;0;0;0;0
447100;No;527;527;96;614;0.63;0.70;Enabled;66.38;21.92;Yes;0;0;0;0;0;0
447127;No;527;527;96;614;0.63;0.70;Enabled;66.38;21.92;Yes;0;0;0;0;0;0
447179;No;527;527;96;614;0.63;0.70;Enabled;66.38;21.92;Yes;0;0;0;0;0;0
447220;No;527;527;96;614;0.63;0.70;Enabled;66.38;21.92;Yes;0;0;0;0;0;0
447246;No;527;527;96;614;0.63;0.70;Enabled;66.38;21.92;Yes;0;0;0;0;0;0
447277;No;527;527;96;613;0.63;0.70;Enabled;66.38;21.92;Yes;0;0;0;0;0;0
447313;No;527;527;96;613;0.63;0.70;Enabled;66.38;21.92;Yes;0;0;0;0;0;0
447339;No;526;527;96;612;0.63;0.70;Enabled;66.38;21.92;Yes;0;0;0;0;0;0
447371;No;526;526;96;612;0.63;0.70;Enabled;66.38;21.92;Yes;0;0;0;0;0;0
447416;No;526;526;96;612;0.63;0.70;Enabled;66.38;21.92;Yes;0;0;0;0;0;0
447479;No;526;526;96;612;0.63;0.70;Enabled;66.38;21.92;Yes;0;0;0;0;0;0
447519;No;526;526;96;612;0.63;0.70;Enabled;66.38;21.92;Yes;0;0;0;0;0;0
447549;No;526;526;96;612;0.63;0.70;Enabled;66.38;21.92;Yes;0;0;0;0;0;0
447577;No;526;526;96;612;0.63;0.70;Enabled;66.38;21.92;Yes;0;0;0;0;0;0
447611;No;526;526;96;612;0.63;0.70;Enabled;66.38;21.92;Yes;0;0;0;0;0;0
447636;No;526;526;96;612;0.63;0.70;Enabled;66.38;21.92;Yes;0;0;0;0;0;0
447669;No;526;526;96;612;0.63;0.70;Enabled;66.38;21.92;Yes;0;0;0;0;0;0
447697;No;526;526;96;612;0.63;0.70;Enabled;66.38;21.92;Yes;0;0;0;0;0;0
447727;No;526;526;96;612;0.63;0.70;Enabled;66.38;21.92;Yes;0;0;0;0;0;0
447779;No;526;526;96;612;0.63;0.70;Enabled;66.38;21.92;Yes;0;0;0;0;0;0
447817;No;526;526;96;612;0.63;0.70;Enabled;66.38;21.92;Yes;0;0;0;0;0;0
447847;No;526;526;96;612;0.63;0.70;Enabled;66.38;21.92;Yes;0;0;0;0;0;0
447880;No;526;526;96;612;0.63;0.70;Enabled;66.38;21.92;Yes;0;0;0;0;0;0
447910;No;526;526;96;612;0.63;0.70;Enabled;66.38;21.92;Yes;0;0;0;0;0;0
