time(ms);MISFIRE;CATEMP11(°C);CATEMP21(°C);ECT(°C);TFTV(V);RPM(1/min);O2S12(V);O2S22(V)
0;No;-;-;-;-;-;-;-
0;No;479;-;-;-;-;-;-
72;No;479;479;-;-;-;-;-
87;No;479;479;94;-;-;-;-
129;No;479;479;94;0.93;-;-;-
168;No;479;479;94;0.93;647;-;-
222;No;479;479;94;0.93;646;0.77;-
237;No;479;479;94;0.93;645;0.77;0.74
277;No;479;479;94;0.93;644;0.77;0.74
316;No;479;479;94;0.93;644;0.77;0.74
371;No;479;479;94;0.93;642;0.77;0.74
387;No;479;479;94;0.93;642;0.77;0.74
427;No;479;479;94;0.93;641;0.77;0.74
466;No;479;479;94;0.93;640;0.77;0.74
530;No;478;479;94;0.93;641;0.77;0.74
574;No;478;478;94;0.93;642;0.77;0.74
619;No;478;478;94;0.93;643;0.77;0.74
671;No;478;478;94;0.93;644;0.77;0.74
709;No;478;478;94;0.93;644;0.77;0.74
750;No;478;478;94;0.93;646;0.77;0.74
809;No;478;478;94;0.93;646;0.77;0.74
857;No;478;478;94;0.93;648;0.77;0.74
898;No;478;478;94;0.93;648;0.77;0.74
972;No;478;478;94;0.93;648;0.77;0.74
988;No;478;478;94;0.93;648;0.77;0.74
1027;No;478;478;94;0.93;649;0.77;0.74
1066;No;478;478;94;0.93;649;0.77;0.74
1107;No;478;478;94;0.93;649;0.77;0.74
1151;No;478;478;94;0.93;650;0.77;0.74
1168;No;478;478;94;0.93;650;0.77;0.74
1207;No;478;478;94;0.93;652;0.77;0.74
1272;No;478;478;94;0.93;654;0.77;0.74
1287;No;478;478;94;0.93;656;0.77;0.74
1327;No;478;478;94;0.93;658;0.77;0.74
1366;No;478;478;94;0.93;660;0.77;0.74
1429;No;478;478;94;0.93;662;0.77;0.74
1470;No;478;478;94;0.93;664;0.77;0.74
1513;No;478;478;94;0.93;666;0.77;0.74
1571;No;478;478;94;0.93;667;0.77;0.74
1587;No;478;478;94;0.93;668;0.77;0.74
1625;No;478;478;94;0.93;668;0.77;0.74
1667;No;478;478;94;0.93;670;0.77;0.74
1706;No;478;478;94;0.93;670;0.77;0.74
1746;No;478;478;94;0.93;671;0.77;0.74
1786;No;478;478;94;0.93;672;0.77;0.74
1825;No;478;478;94;0.93;673;0.77;0.74
1904;No;478;478;94;0.93;673;0.77;0.74
1919;No;478;478;94;0.93;673;0.77;0.74
1961;No;478;478;94;0.93;674;0.77;0.74
2009;No;478;478;94;0.93;674;0.77;0.74
2057;No;478;478;94;0.93;674;0.77;0.74
2096;No;478;478;94;0.93;674;0.77;0.74
2173;No;478;478;94;0.93;674;0.77;0.74
2186;No;478;478;94;0.93;674;0.77;0.74
2229;No;478;478;94;0.93;673;0.77;0.74
2277;No;478;478;94;0.93;672;0.77;0.74
2317;No;477;478;93;0.93;670;0.78;0.74
2358;No;477;477;93;0.93;668;0.78;0.74
2396;No;477;477;93;0.93;667;0.78;0.74
2437;No;477;477;93;0.93;665;0.78;0.74
2507;No;477;477;93;0.93;664;0.78;0.74
2548;No;477;477;93;0.93;662;0.78;0.74
2586;No;477;477;93;0.93;662;0.78;0.74
2625;No;477;477;93;0.93;662;0.78;0.74
2670;No;477;477;93;0.93;662;0.78;0.74
2710;No;477;477;93;0.93;663;0.78;0.74
2749;No;477;477;93;0.93;663;0.79;0.74
2805;No;477;477;93;0.93;663;0.79;0.74
2847;No;477;477;93;0.93;663;0.79;0.74
2885;No;477;477;93;0.93;663;0.79;0.74
2924;No;477;477;93;0.93;664;0.79;0.74
2990;No;477;477;93;0.93;665;0.79;0.74
3032;No;477;477;93;0.93;666;0.79;0.74
3105;No;477;477;93;0.93;668;0.79;0.74
3169;No;477;477;93;0.93;669;0.79;0.74
3208;No;477;477;93;0.93;670;0.78;0.74
3247;No;477;477;93;0.93;671;0.78;0.74
3289;No;477;477;93;0.93;672;0.78;0.73
3336;No;477;477;93;0.93;672;0.78;0.73
3409;No;477;477;93;0.93;673;0.78;0.73
3448;No;477;477;93;0.93;673;0.78;0.73
3488;No;477;477;93;0.93;673;0.78;0.73
3560;No;477;477;93;0.93;673;0.78;0.73
3600;No;477;477;93;0.93;674;0.78;0.73
3640;No;477;477;93;0.93;674;0.78;0.73
3705;No;477;477;93;0.93;674;0.77;0.73
3747;No;477;477;93;0.93;674;0.77;0.73
3787;No;477;477;93;0.93;674;0.78;0.73
3827;No;477;477;93;0.93;674;0.78;0.73
3867;No;477;476;93;0.93;674;0.78;0.73
3907;No;477;476;93;0.93;674;0.78;0.73
4006;No;476;476;93;0.93;674;0.79;0.73
4046;No;476;476;93;0.93;674;0.79;0.73
4085;No;476;476;93;0.93;674;0.79;0.73
4128;No;476;476;93;0.93;678;0.79;0.73
4169;No;476;476;93;0.93;682;0.79;0.73
4212;No;476;476;93;0.93;686;0.79;0.73
4226;No;476;476;93;0.93;691;0.80;0.73
4266;No;476;476;93;0.93;695;0.80;0.73
4340;No;476;476;93;0.93;700;0.80;0.73
4385;No;476;476;93;0.93;704;0.80;0.73
4425;No;476;476;93;0.93;708;0.80;0.73
4489;No;476;476;93;0.93;698;0.80;0.73
4530;No;476;476;93;0.93;686;0.80;0.73
4570;No;476;476;93;0.93;676;0.80;0.73
4662;No;476;476;93;0.93;665;0.80;0.73
4677;No;476;476;93;0.93;654;0.80;0.73
4718;No;476;476;93;0.93;643;0.80;0.73
4757;No;476;476;93;0.93;632;0.80;0.73
4804;No;476;476;93;0.93;621;0.80;0.73
4844;No;476;476;93;0.93;618;0.80;0.73
4913;No;476;476;93;0.93;615;0.79;0.73
4956;No;476;476;93;0.93;612;0.79;0.73
4997;No;476;476;93;0.93;609;0.79;0.73
5037;No;476;476;93;0.93;606;0.79;0.73
5077;No;476;476;93;0.93;603;0.79;0.73
5118;No;476;476;93;0.93;600;0.78;0.73
5158;No;476;476;93;0.93;597;0.78;0.73
5218;No;476;476;93;0.93;604;0.78;0.73
5260;No;476;476;93;0.93;611;0.78;0.73
5300;No;476;476;93;0.93;618;0.78;0.73
5340;No;476;476;93;0.93;624;0.78;0.73
5380;No;476;476;93;0.93;631;0.79;0.73
5419;No;476;476;93;0.93;638;0.79;0.73
5459;No;476;476;93;0.93;645;0.79;0.73
5508;No;476;476;93;0.93;652;0.79;0.73
5548;No;476;476;93;0.93;653;0.79;0.73
5593;No;476;476;93;0.93;655;0.79;0.73
5607;No;476;476;93;0.93;657;0.79;0.73
5647;No;476;476;93;0.93;658;0.80;0.73
5687;No;476;476;93;0.93;660;0.80;0.73
5727;No;476;476;93;0.93;662;0.80;0.73
5768;No;476;476;93;0.93;664;0.80;0.73
5818;No;476;476;93;0.93;665;0.80;0.73
5857;No;476;476;93;0.93;688;0.80;0.73
5897;No;476;476;93;0.93;710;0.80;0.73
5944;No;476;476;93;0.93;733;0.80;0.73
5984;No;476;476;93;0.93;756;0.80;0.73
6051;No;476;476;93;0.93;778;0.80;0.73
6108;No;476;476;93;0.93;801;0.80;0.73
6149;No;476;476;93;0.93;824;0.81;0.73
6189;No;476;476;93;0.93;846;0.81;0.73
6229;No;476;476;93;0.93;839;0.81;0.73
6270;No;476;476;93;0.93;832;0.81;0.73
6310;No;476;476;93;0.93;824;0.80;0.73
6327;No;476;476;93;0.93;816;0.80;0.73
6365;No;476;476;93;0.93;809;0.80;0.73
6418;No;476;476;93;0.93;801;0.80;0.73
6460;No;476;476;93;0.93;794;0.80;0.73
6505;No;476;476;93;0.93;786;0.80;0.73
6551;No;475;476;93;0.93;788;0.80;0.73
6568;No;475;475;93;0.93;790;0.80;0.73
6608;No;475;475;93;0.93;792;0.80;0.73
6650;No;475;475;93;0.93;794;0.79;0.73
6708;No;475;475;93;0.93;795;0.79;0.73
6753;No;475;475;93;0.93;797;0.79;0.73
6793;No;475;475;93;0.93;799;0.79;0.73
6806;No;475;475;93;0.93;801;0.79;0.73
6851;No;475;475;93;0.93;814;0.79;0.73
6869;No;475;475;93;0.93;828;0.79;0.73
6913;No;475;475;93;0.93;842;0.79;0.73
6927;No;475;475;93;0.93;856;0.78;0.73
7008;No;475;475;93;0.93;869;0.78;0.73
7051;No;476;475;93;0.93;883;0.78;0.73
7091;No;476;476;93;0.93;896;0.77;0.73
7107;No;476;476;93;0.93;910;0.77;0.73
7146;No;476;476;93;0.93;938;0.77;0.73
7214;No;476;476;93;0.93;965;0.78;0.73
7307;No;476;476;93;0.93;992;0.78;0.73
7348;No;476;476;93;0.93;1020;0.79;0.73
7392;No;476;476;93;0.93;1047;0.80;0.73
7406;No;476;476;93;0.93;1074;0.81;0.73
7445;No;476;476;93;0.93;1102;0.82;0.73
7485;No;476;476;93;0.93;1129;0.82;0.74
7526;No;476;476;93;0.93;1142;0.83;0.74
7570;No;476;476;93;0.93;1154;0.83;0.74
7617;No;476;476;93;0.93;1166;0.83;0.74
7656;No;476;476;93;0.93;1178;0.83;0.74
7697;No;476;476;93;0.93;1191;0.83;0.74
7735;No;476;476;93;0.93;1203;0.83;0.75
7781;No;476;476;93;0.93;1215;0.83;0.75
7826;No;476;476;93;0.93;1228;0.83;0.75
7869;No;476;476;93;0.93;1239;0.84;0.75
7918;No;476;476;93;0.93;1250;0.84;0.75
7958;No;476;476;93;0.93;1262;0.84;0.75
7976;No;476;476;93;0.93;1273;0.84;0.75
8015;No;476;476;93;0.93;1284;0.84;0.75
8055;No;476;476;93;0.93;1296;0.84;0.76
8065;No;476;476;93;0.93;1307;0.84;0.76
8105;No;476;476;93;0.93;1318;0.84;0.76
8129;No;476;476;93;0.93;1330;0.84;0.76
8168;No;476;476;93;0.93;1342;0.83;0.76
8217;No;476;476;93;0.93;1354;0.82;0.76
8258;No;476;476;93;0.93;1366;0.82;0.75
8276;No;476;476;93;0.93;1378;0.81;0.75
8317;No;476;476;93;0.93;1390;0.80;0.75
8357;No;477;476;93;0.93;1402;0.80;0.75
8397;No;477;477;93;0.93;1414;0.79;0.75
8459;No;477;477;93;0.93;1434;0.78;0.75
8508;No;477;477;93;0.93;1456;0.79;0.74
8548;No;477;477;93;0.93;1477;0.79;0.74
8588;No;477;477;93;0.93;1498;0.79;0.74
8628;No;477;477;93;0.93;1519;0.79;0.74
8674;No;477;477;93;0.93;1540;0.79;0.74
8714;No;477;477;93;0.93;1561;0.80;0.74
8808;No;477;477;93;0.93;1582;0.80;0.74
8847;No;477;477;93;0.93;1598;0.80;0.74
8890;No;477;477;93;0.93;1614;0.80;0.74
8928;No;477;477;93;0.93;1631;0.79;0.74
8967;No;477;477;93;0.93;1647;0.78;0.74
9008;No;477;477;93;0.93;1663;0.78;0.74
9050;No;477;477;93;0.93;1680;0.77;0.74
9108;No;477;477;93;0.93;1696;0.77;0.74
9150;No;478;477;93;0.93;1712;0.76;0.74
9190;No;478;478;93;0.93;1727;0.75;0.73
9206;No;478;478;93;0.93;1741;0.75;0.73
9246;No;478;478;93;0.93;1756;0.75;0.73
9287;No;478;478;93;0.93;1770;0.75;0.73
9327;No;478;478;93;0.93;1785;0.75;0.73
9367;No;478;478;93;0.93;1800;0.75;0.73
9417;No;478;478;93;0.93;1814;0.75;0.73
9463;No;478;478;93;0.93;1829;0.75;0.73
9511;No;478;478;93;0.93;1814;0.75;0.73
9551;No;478;478;93;0.93;1800;0.76;0.73
9566;No;478;478;93;0.93;1786;0.76;0.73
9609;No;478;478;93;0.93;1771;0.76;0.73
9649;No;478;478;93;0.93;1757;0.77;0.73
9709;No;478;478;93;0.93;1742;0.77;0.74
9747;No;478;478;93;0.93;1728;0.78;0.74
9786;No;478;478;93;0.93;1713;0.78;0.74
9807;No;479;479;93;0.93;1668;0.78;0.74
9845;No;479;479;93;0.93;1622;0.78;0.74
9885;No;479;479;93;0.93;1577;0.77;0.74
9925;No;479;479;93;0.93;1532;0.77;0.74
9967;No;479;479;93;0.93;1486;0.76;0.74
10016;No;479;479;93;0.93;1440;0.75;0.74
10058;No;479;479;93;0.93;1395;0.75;0.74
10098;No;479;479;93;0.93;1350;0.74;0.74
10137;No;479;479;93;0.93;1331;0.74;0.73
10184;No;479;480;93;0.93;1312;0.74;0.73
10250;No;480;480;93;0.93;1294;0.74;0.73
10309;No;480;480;93;0.93;1275;0.74;0.73
10348;No;480;480;93;0.93;1256;0.74;0.73
10389;No;480;480;93;0.93;1238;0.74;0.73
10429;No;480;480;93;0.93;1219;0.74;0.73
10470;No;480;480;93;0.93;1200;0.74;0.73
10509;No;480;480;93;0.93;1203;0.74;0.73
10549;No;480;480;93;0.93;1206;0.75;0.73
10609;No;480;480;93;0.93;1209;0.75;0.73
10648;No;480;480;93;0.93;1212;0.75;0.73
10690;No;480;480;93;0.93;1214;0.76;0.73
10707;No;480;480;93;0.93;1217;0.76;0.73
10748;No;480;480;93;0.93;1220;0.77;0.73
10788;No;481;480;93;0.93;1222;0.77;0.74
10827;No;481;481;93;0.93;1225;0.77;0.74
10869;No;481;481;93;0.93;1227;0.77;0.74
10917;No;481;481;93;0.93;1229;0.77;0.74
10966;No;481;481;93;0.93;1232;0.77;0.74
11017;No;481;481;93;0.93;1234;0.77;0.74
11058;No;481;481;93;0.93;1236;0.77;0.74
11099;No;481;481;93;0.93;1238;0.77;0.74
11142;No;481;481;93;0.93;1241;0.77;0.75
11157;No;481;481;93;0.93;1242;0.77;0.75
11208;No;481;481;93;0.93;1242;0.77;0.75
11248;No;481;481;93;0.93;1243;0.77;0.75
11288;No;481;481;93;0.93;1244;0.77;0.75
11307;No;481;481;93;0.93;1244;0.76;0.75
11347;No;481;481;93;0.93;1245;0.76;0.75
11387;No;481;481;93;0.93;1246;0.76;0.75
11427;No;482;482;93;0.93;1246;0.76;0.74
11469;No;482;482;93;0.93;1240;0.75;0.74
11519;No;482;482;93;0.93;1232;0.75;0.74
11560;No;482;482;93;0.93;1226;0.75;0.74
11577;No;482;482;93;0.93;1219;0.75;0.74
11620;No;482;482;93;0.93;1212;0.75;0.74
11665;No;482;482;93;0.93;1205;0.75;0.74
11705;No;482;482;93;0.93;1198;0.75;0.74
11745;No;482;482;93;0.93;1192;0.75;0.74
11808;No;482;482;93;0.93;1190;0.75;0.74
11853;No;482;482;93;0.93;1190;0.75;0.74
11891;No;482;482;93;0.93;1189;0.75;0.74
11907;No;482;482;93;0.93;1188;0.75;0.74
11946;No;482;482;93;0.94;1187;0.75;0.74
11987;No;482;482;93;0.94;1186;0.75;0.74
12042;No;482;482;93;0.94;1185;0.75;0.74
12056;No;482;482;93;0.94;1184;0.75;0.74
12107;No;482;482;93;0.94;1184;0.75;0.74
12148;No;482;482;93;0.94;1184;0.75;0.74
12187;No;482;482;93;0.94;1184;0.75;0.74
12207;No;482;482;93;0.94;1184;0.75;0.74
12245;No;482;482;93;0.94;1184;0.75;0.74
12297;No;482;482;93;0.94;1185;0.75;0.74
12336;No;482;482;93;0.94;1185;0.74;0.74
12356;No;482;482;93;0.94;1185;0.74;0.73
12408;No;482;482;93;0.94;1184;0.74;0.73
12447;No;482;482;93;0.94;1182;0.74;0.73
12485;No;482;482;93;0.94;1181;0.74;0.73
12526;No;482;482;93;0.94;1180;0.75;0.73
12567;No;482;482;93;0.94;1179;0.75;0.73
12614;No;482;482;93;0.94;1178;0.75;0.73
12627;No;482;482;93;0.94;1176;0.75;0.73
12666;No;482;482;93;0.94;1175;0.75;0.73
12717;No;482;482;93;0.94;1173;0.75;0.73
12758;No;482;482;93;0.94;1171;0.75;0.73
12776;No;482;482;93;0.94;1169;0.75;0.73
12816;No;482;482;93;0.94;1167;0.75;0.73
12857;No;482;482;93;0.95;1165;0.75;0.73
12897;No;482;482;93;0.95;1163;0.75;0.73
12937;No;482;482;93;0.95;1161;0.75;0.73
12957;No;482;482;93;0.95;1159;0.75;0.73
13008;No;482;482;93;0.95;1156;0.75;0.73
13054;No;482;482;93;0.95;1152;0.75;0.73
13093;No;482;482;93;0.95;1148;0.75;0.73
13107;No;482;482;93;0.95;1145;0.75;0.73
13150;No;482;482;93;0.95;1142;0.75;0.73
13166;No;482;482;93;0.95;1138;0.75;0.73
13206;No;482;482;93;0.95;1134;0.74;0.73
13246;No;482;482;93;0.95;1131;0.74;0.73
13310;No;482;482;93;0.95;1126;0.74;0.73
13350;No;482;482;93;0.94;1122;0.74;0.73
13389;No;482;482;93;0.94;1117;0.74;0.73
13429;No;482;482;93;0.94;1112;0.74;0.73
13471;No;482;482;93;0.94;1108;0.74;0.73
13510;No;482;482;93;0.94;1103;0.74;0.73
13566;No;482;482;93;0.94;1098;0.74;0.73
13652;No;482;482;93;0.94;1094;0.74;0.72
13693;No;482;482;93;0.94;1090;0.74;0.72
13707;No;482;482;94;0.94;1086;0.74;0.72
13747;No;482;482;94;0.94;1082;0.74;0.72
13788;No;482;482;94;0.94;1078;0.74;0.72
13831;No;482;482;94;0.94;1074;0.74;0.72
13872;No;482;482;94;0.94;1070;0.74;0.72
13917;No;482;482;94;0.94;1066;0.74;0.72
13962;No;483;482;94;0.94;1062;0.74;0.72
13977;No;483;483;94;0.94;1052;0.74;0.72
14016;No;483;483;94;0.94;1043;0.74;0.72
14055;No;483;483;94;0.94;1034;0.74;0.72
14121;No;483;483;94;0.94;1025;0.74;0.72
14160;No;483;483;94;0.94;1016;0.74;0.72
14207;No;483;483;94;0.94;1006;0.74;0.72
14247;No;483;483;94;0.94;997;0.74;0.72
14285;No;483;483;94;0.94;988;0.74;0.72
14307;No;483;483;94;0.94;978;0.74;0.72
14346;No;483;483;94;0.94;968;0.74;0.72
14385;No;483;483;94;0.94;958;0.74;0.72
14450;No;483;483;94;0.94;949;0.74;0.72
14516;No;483;483;94;0.94;939;0.74;0.72
14555;No;483;483;94;0.94;929;0.74;0.72
14593;No;483;483;94;0.94;920;0.74;0.72
14606;No;483;483;94;0.94;910;0.74;0.72
14648;No;483;483;94;0.94;902;0.74;0.72
14666;No;483;483;94;0.94;894;0.74;0.72
14708;No;483;483;94;0.94;886;0.74;0.72
14749;No;483;483;94;0.94;878;0.74;0.72
14808;No;483;483;94;0.94;870;0.74;0.72
14857;No;483;483;94;0.94;862;0.74;0.72
14897;No;483;483;94;0.94;854;0.74;0.72
14937;No;483;483;94;0.94;846;0.74;0.72
14977;No;483;483;94;0.94;838;0.74;0.72
15020;No;483;483;94;0.94;830;0.74;0.72
15065;No;483;483;94;0.94;822;0.74;0.72
15110;No;483;483;94;0.94;815;0.74;0.72
15149;No;483;483;94;0.94;807;0.74;0.72
15193;No;483;483;94;0.94;799;0.74;0.72
15239;No;483;483;94;0.94;792;0.74;0.72
15278;No;483;483;94;0.94;784;0.74;0.72
15317;No;483;483;94;0.94;788;0.74;0.72
15356;No;483;483;94;0.94;792;0.74;0.72
15407;No;483;483;94;0.94;796;0.74;0.72
15448;No;483;483;94;0.94;800;0.74;0.72
15489;No;483;483;94;0.94;804;0.74;0.72
15527;No;483;483;94;0.94;808;0.74;0.72
15568;No;483;483;94;0.94;812;0.74;0.72
15617;No;483;483;94;0.94;816;0.74;0.72
15657;No;483;483;94;0.94;809;0.74;0.72
15708;No;483;483;94;0.94;802;0.74;0.72
15746;No;483;483;94;0.94;796;0.74;0.72
15789;No;483;483;94;0.94;790;0.73;0.72
15807;No;483;483;94;0.94;783;0.73;0.72
15847;No;483;483;94;0.94;776;0.73;0.72
15885;No;483;483;94;0.94;770;0.73;0.72
15925;No;483;483;94;0.94;763;0.73;0.71
15971;No;483;483;94;0.94;764;0.73;0.71
16017;No;483;483;94;0.94;764;0.73;0.71
16055;No;483;483;93;0.94;765;0.73;0.71
16094;No;483;483;93;0.94;765;0.73;0.71
16106;No;483;483;93;0.94;766;0.73;0.71
16137;No;483;483;93;0.94;766;0.73;0.71
16182;No;483;483;93;0.94;767;0.73;0.71
16220;No;483;483;93;0.94;768;0.73;0.71
16259;No;483;483;93;0.94;773;0.73;0.71
16317;No;483;483;93;0.94;778;0.73;0.70
16355;No;483;483;93;0.94;784;0.73;0.70
16400;No;483;483;93;0.94;789;0.73;0.70
16439;No;483;483;93;0.95;795;0.73;0.70
16480;No;483;483;93;0.95;800;0.73;0.70
16519;No;483;483;93;0.95;806;0.73;0.70
16560;No;483;483;93;0.95;811;0.73;0.70
16608;No;483;483;93;0.95;816;0.73;0.70
16646;No;483;483;93;0.95;822;0.73;0.70
16691;No;483;483;93;0.95;827;0.73;0.71
16710;No;483;483;93;0.95;832;0.73;0.71
16750;No;483;483;93;0.95;837;0.73;0.71
16789;No;483;483;93;0.95;842;0.73;0.71
16836;No;483;483;93;0.95;848;0.73;0.71
16908;No;483;483;93;0.95;853;0.73;0.71
16947;No;483;483;93;0.95;856;0.73;0.71
16985;No;483;483;93;0.95;858;0.73;0.71
17006;No;483;483;93;0.95;861;0.73;0.71
17045;No;483;483;93;0.95;864;0.73;0.71
17083;No;483;483;93;0.95;867;0.73;0.71
17149;No;483;483;93;0.95;870;0.73;0.71
17207;No;483;483;93;0.95;872;0.73;0.71
17254;No;484;483;93;0.95;875;0.73;0.71
17292;No;484;484;93;0.95;912;0.73;0.71
17362;No;484;484;93;0.95;948;0.73;0.71
17416;No;484;484;93;0.95;985;0.73;0.71
17457;No;484;484;93;0.95;1021;0.73;0.71
17508;No;484;484;93;0.95;1058;0.73;0.71
17546;No;484;484;93;0.95;1094;0.73;0.71
17586;No;484;484;93;0.95;1130;0.73;0.71
17626;No;484;484;93;0.95;1167;0.73;0.71
17672;No;484;484;93;0.95;1195;0.73;0.71
17714;No;484;484;93;0.95;1223;0.73;0.71
17727;No;484;484;93;0.95;1251;0.73;0.71
17767;No;484;484;93;0.95;1279;0.73;0.71
17818;No;484;484;93;0.95;1306;0.73;0.71
17859;No;484;484;93;0.95;1334;0.73;0.71
17898;No;484;484;93;0.95;1362;0.73;0.71
17937;No;484;484;93;0.95;1390;0.73;0.71
17976;No;484;484;93;0.95;1396;0.73;0.71
17998;No;484;484;93;0.95;1402;0.74;0.71
18037;No;484;484;93;0.95;1408;0.75;0.71
18107;No;484;484;93;0.95;1414;0.77;0.72
18147;No;484;485;93;0.95;1420;0.78;0.72
18187;No;485;485;93;0.95;1426;0.79;0.73
18227;No;485;485;93;0.95;1432;0.80;0.73
18265;No;485;485;93;0.95;1438;0.81;0.73
18306;No;485;485;93;0.95;1449;0.83;0.74
18345;No;485;485;93;0.94;1461;0.82;0.74
18409;No;485;485;93;0.94;1472;0.82;0.74
18449;No;485;485;93;0.94;1484;0.82;0.74
18488;No;485;485;93;0.94;1495;0.82;0.74
18531;No;485;485;93;0.94;1507;0.81;0.74
18577;No;485;485;93;0.94;1518;0.81;0.74
18616;No;485;485;93;0.94;1530;0.81;0.74
18657;No;485;486;93;0.94;1539;0.81;0.74
18729;No;486;486;93;0.94;1548;0.80;0.74
18747;No;486;486;93;0.94;1556;0.79;0.74
18787;No;486;486;93;0.94;1565;0.79;0.74
18826;No;486;486;93;0.94;1574;0.78;0.74
18867;No;486;486;93;0.94;1583;0.78;0.74
18915;No;486;486;93;0.94;1592;0.77;0.73
18966;No;486;486;93;0.94;1600;0.76;0.73
19018;No;486;486;93;0.94;1598;0.76;0.73
19057;No;486;486;93;0.94;1595;0.76;0.73
19098;No;486;486;93;0.94;1592;0.77;0.73
19144;No;486;486;93;0.94;1590;0.77;0.73
19183;No;486;486;93;0.94;1587;0.78;0.73
19249;No;487;486;93;0.94;1584;0.78;0.73
19308;No;487;487;93;0.94;1582;0.79;0.73
19348;No;487;487;93;0.94;1579;0.79;0.72
19378;No;487;487;93;0.94;1547;0.80;0.72
19418;No;487;487;93;0.94;1515;0.79;0.72
19456;No;487;487;93;0.94;1482;0.79;0.72
19497;No;487;487;93;0.94;1450;0.79;0.72
19543;No;487;487;93;0.94;1418;0.79;0.72
19557;No;487;487;93;0.94;1386;0.79;0.72
19609;No;487;487;93;0.94;1353;0.79;0.72
19648;No;487;487;93;0.94;1321;0.78;0.72
19687;No;487;488;93;0.94;1285;0.78;0.72
19706;No;488;488;93;0.94;1249;0.78;0.72
19751;No;488;488;93;0.94;1213;0.78;0.72
19790;No;488;488;93;0.94;1177;0.78;0.72
19831;No;488;488;93;0.94;1141;0.77;0.72
19873;No;488;488;93;0.94;1105;0.77;0.72
19917;No;488;488;93;0.94;1069;0.77;0.72
19977;No;488;488;93;0.94;1033;0.77;0.72
20016;No;488;488;93;0.94;1030;0.76;0.72
20058;No;488;488;93;0.94;1027;0.76;0.72
20104;No;488;488;93;0.94;1024;0.76;0.72
20144;No;488;488;93;0.94;1021;0.76;0.72
20156;No;488;488;93;0.94;1018;0.76;0.72
20208;No;488;488;93;0.94;1015;0.76;0.72
20249;No;488;488;93;0.94;1012;0.76;0.72
20290;No;488;488;93;0.94;1009;0.76;0.71
20307;No;488;488;93;0.94;1010;0.76;0.71
20349;No;488;488;93;0.94;1010;0.76;0.71
20367;No;488;488;93;0.94;1011;0.76;0.71
20407;No;488;488;93;0.94;1012;0.75;0.71
20446;No;488;488;93;0.94;1012;0.75;0.71
20508;No;488;488;93;0.94;1013;0.75;0.71
20548;No;488;488;93;0.94;1014;0.75;0.71
20595;No;488;488;93;0.94;1014;0.75;0.71
20606;No;488;488;93;0.94;1005;0.75;0.71
20649;No;488;488;93;0.94;996;0.75;0.71
20687;No;489;488;93;0.94;987;0.75;0.71
20729;No;489;489;93;0.94;978;0.75;0.71
20769;No;489;489;93;0.94;970;0.75;0.71
20817;No;489;489;93;0.94;960;0.75;0.71
20856;No;489;489;93;0.94;952;0.76;0.71
20897;No;489;489;93;0.94;943;0.76;0.71
20943;No;489;489;93;0.94;942;0.76;0.71
20984;No;489;489;93;0.94;942;0.76;0.71
21048;No;489;489;93;0.94;942;0.76;0.71
21108;No;489;489;93;0.94;942;0.75;0.71
21149;No;489;489;93;0.94;941;0.75;0.71
21189;No;489;489;93;0.94;941;0.75;0.71
21229;No;489;489;93;0.94;940;0.75;0.71
21267;No;489;489;93;0.94;940;0.75;0.71
21307;No;489;489;93;0.94;946;0.75;0.71
21328;No;489;489;93;0.94;953;0.75;0.71
21369;No;489;489;93;0.94;959;0.75;0.71
21418;No;489;489;93;0.94;965;0.75;0.71
21458;No;489;489;93;0.94;972;0.75;0.71
21498;No;489;489;93;0.94;978;0.75;0.71
21536;No;489;489;93;0.94;984;0.74;0.71
21577;No;489;489;93;0.94;990;0.74;0.71
21616;No;489;489;93;0.94;989;0.74;0.71
21656;No;489;489;93;0.94;988;0.74;0.71
21709;No;489;489;93;0.94;986;0.74;0.71
21749;No;489;489;93;0.94;985;0.74;0.71
21788;No;489;489;93;0.94;984;0.74;0.71
21827;No;489;489;93;0.94;982;0.74;0.71
21868;No;489;489;93;0.94;981;0.74;0.71
21908;No;489;489;93;0.94;980;0.74;0.71
21949;No;489;489;93;0.94;988;0.74;0.71
22018;No;489;489;93;0.94;998;0.74;0.71
22059;No;489;489;93;0.94;1006;0.74;0.71
22106;No;489;489;93;0.94;1016;0.74;0.71
22146;No;489;489;93;0.94;1024;0.74;0.71
22166;No;489;489;93;0.94;1034;0.74;0.71
22207;No;489;489;93;0.94;1042;0.74;0.71
22226;No;489;489;93;0.94;1052;0.74;0.71
22265;No;489;489;93;0.94;1057;0.74;0.71
22316;No;489;489;93;0.94;1063;0.74;0.71
22363;No;489;489;93;0.94;1069;0.74;0.71
22430;No;489;489;93;0.94;1074;0.74;0.71
22474;No;489;489;93;0.95;1080;0.74;0.71
22538;No;490;489;93;0.95;1086;0.74;0.71
22608;No;490;490;93;0.95;1092;0.74;0.71
22653;No;490;490;93;0.95;1098;0.74;0.71
22699;No;490;490;93;0.95;1103;0.74;0.71
22739;No;490;490;93;0.95;1109;0.74;0.71
22781;No;490;490;93;0.95;1114;0.75;0.71
22820;No;490;490;93;0.95;1120;0.75;0.71
22865;No;490;490;93;0.95;1126;0.76;0.71
22919;No;490;490;93;0.95;1131;0.76;0.71
22958;No;490;490;93;0.95;1137;0.76;0.71
23000;No;490;490;93;0.95;1142;0.77;0.71
23041;No;490;490;93;0.95;1144;0.77;0.71
23067;No;490;490;93;0.95;1146;0.77;0.71
23107;No;490;490;93;0.95;1148;0.77;0.71
23147;No;490;490;93;0.95;1150;0.77;0.71
23187;No;490;490;93;0.95;1151;0.78;0.72
23229;No;490;490;93;0.95;1153;0.78;0.72
23248;No;490;490;93;0.95;1154;0.78;0.72
23290;No;490;490;93;0.95;1156;0.78;0.73
23329;No;490;490;93;0.95;1157;0.78;0.73
23369;No;490;490;93;0.95;1157;0.78;0.73
23415;No;490;490;93;0.95;1158;0.77;0.73
23460;No;490;490;93;0.95;1158;0.77;0.73
23507;No;490;490;93;0.95;1158;0.77;0.73
23548;No;490;490;93;0.95;1159;0.77;0.73
23590;No;490;490;93;0.95;1159;0.76;0.73
23630;No;490;490;93;0.95;1160;0.76;0.73
23674;No;490;490;93;0.95;1151;0.76;0.73
23713;No;490;490;93;0.95;1143;0.76;0.73
23726;No;490;490;93;0.95;1134;0.76;0.73
23817;No;490;490;93;0.95;1126;0.76;0.73
23867;No;490;490;93;0.95;1117;0.76;0.73
23907;No;490;490;93;0.95;1109;0.76;0.73
23948;No;490;490;93;0.95;1100;0.76;0.73
23967;No;490;490;93;0.95;1092;0.76;0.72
24007;No;490;490;93;0.95;1094;0.76;0.72
24047;No;490;490;93;0.95;1096;0.76;0.72
24107;No;490;490;93;0.95;1099;0.76;0.72
24149;No;490;490;93;0.95;1101;0.75;0.72
24189;No;490;490;93;0.95;1104;0.75;0.72
24228;No;490;490;93;0.95;1106;0.75;0.72
24267;No;490;490;93;0.95;1108;0.75;0.72
24310;No;490;490;93;0.95;1110;0.75;0.72
24356;No;490;490;93;0.95;1109;0.75;0.72
24407;No;490;490;93;0.95;1108;0.75;0.72
24450;No;490;490;93;0.95;1107;0.75;0.72
24492;No;490;490;93;0.95;1106;0.75;0.72
24541;No;490;490;93;0.95;1104;0.75;0.72
24582;No;490;490;93;0.95;1103;0.75;0.72
24597;No;490;490;93;0.95;1102;0.74;0.72
24638;No;490;490;93;0.95;1101;0.74;0.71
24706;No;490;490;93;0.95;1099;0.74;0.71
24753;No;490;490;93;0.95;1096;0.74;0.71
24795;No;490;490;93;0.95;1094;0.74;0.71
24862;No;490;490;93;0.95;1092;0.75;0.71
24905;No;490;490;93;0.95;1090;0.75;0.71
24946;No;490;490;93;0.95;1088;0.75;0.71
25008;No;490;490;93;0.95;1086;0.75;0.71
25050;No;490;490;93;0.95;1084;0.75;0.71
25097;No;490;490;93;0.95;1085;0.75;0.71
25139;No;490;490;93;0.95;1086;0.75;0.71
25186;No;490;490;93;0.95;1088;0.75;0.71
25226;No;490;490;93;0.95;1089;0.75;0.71
25265;No;490;490;93;0.95;1090;0.75;0.71
25339;No;490;490;93;0.95;1091;0.75;0.71
25381;No;490;490;93;0.95;1092;0.75;0.71
25421;No;490;490;93;0.95;1094;0.75;0.71
25461;No;490;490;93;0.95;1091;0.75;0.71
25500;No;490;490;93;0.95;1089;0.75;0.71
25540;No;490;490;93;0.95;1086;0.75;0.71
25557;No;490;490;93;0.95;1084;0.75;0.71
25607;No;490;490;93;0.95;1081;0.75;0.71
25650;No;490;490;93;0.95;1078;0.75;0.71
25696;No;490;490;93;0.95;1076;0.74;0.71
25740;No;490;490;93;0.95;1073;0.74;0.71
25779;No;490;490;93;0.95;1076;0.74;0.71
25798;No;490;490;93;0.95;1079;0.74;0.71
25838;No;490;490;93;0.95;1081;0.74;0.71
25906;No;490;490;93;0.95;1084;0.74;0.71
25956;No;490;490;93;0.95;1087;0.74;0.71
25994;No;490;490;93;0.95;1090;0.74;0.71
26007;No;490;490;93;0.95;1092;0.74;0.71
26047;No;490;490;93;0.95;1095;0.74;0.71
26088;No;490;490;93;0.95;1094;0.74;0.71
26128;No;490;490;93;0.95;1093;0.74;0.71
26171;No;490;490;93;0.95;1092;0.74;0.71
26246;No;490;490;93;0.95;1092;0.75;0.71
26286;No;490;490;93;0.95;1091;0.75;0.71
26307;No;490;490;93;0.95;1090;0.75;0.71
26345;No;490;490;93;0.95;1090;0.75;0.71
26378;No;490;490;93;0.95;1089;0.75;0.71
26398;No;490;490;93;0.95;1090;0.75;0.71
26439;No;490;490;93;0.95;1090;0.75;0.71
26511;No;490;490;93;0.95;1090;0.75;0.71
26552;No;490;490;93;0.95;1091;0.75;0.71
26591;No;490;490;93;0.95;1092;0.76;0.71
26608;No;490;490;93;0.95;1092;0.76;0.71
26651;No;490;490;93;0.95;1092;0.76;0.71
26667;No;490;490;93;0.95;1093;0.76;0.71
26707;No;490;490;93;0.95;1091;0.76;0.71
26746;No;490;490;93;0.94;1090;0.76;0.71
26809;No;490;490;93;0.94;1088;0.76;0.71
26849;No;490;490;93;0.94;1086;0.76;0.71
26889;No;490;490;93;0.94;1084;0.77;0.71
26931;No;490;490;93;0.94;1083;0.77;0.71
26971;No;490;490;93;0.94;1081;0.77;0.71
26998;No;490;490;93;0.94;1079;0.77;0.71
27044;No;490;490;93;0.94;1076;0.77;0.71
27111;No;490;490;93;0.94;1072;0.77;0.71
27150;No;490;490;93;0.94;1069;0.77;0.71
27190;No;490;490;93;0.94;1066;0.77;0.71
27205;No;490;490;93;0.94;1062;0.77;0.71
27245;No;490;490;93;0.94;1059;0.77;0.71
27284;No;490;490;93;0.94;1055;0.77;0.71
27349;No;490;490;93;0.94;1052;0.77;0.71
27409;No;490;490;93;0.94;1052;0.77;0.71
27455;No;490;490;93;0.94;1052;0.77;0.71
27494;No;490;490;93;0.94;1052;0.77;0.71
27507;No;490;490;93;0.94;1052;0.77;0.71
27550;No;490;490;93;0.94;1052;0.77;0.71
27592;No;490;490;93;0.94;1052;0.77;0.71
27657;No;490;490;93;0.94;1052;0.77;0.71
27709;No;490;490;93;0.94;1052;0.77;0.71
27750;No;490;490;93;0.94;1047;0.77;0.71
27794;No;490;490;93;0.94;1042;0.77;0.71
27806;No;490;490;93;0.94;1036;0.77;0.71
27850;No;490;490;93;0.94;1032;0.77;0.71
27889;No;490;490;93;0.94;1026;0.77;0.71
27930;No;490;490;93;0.94;1021;0.76;0.71
27972;No;490;490;93;0.94;1016;0.76;0.71
28068;No;490;490;93;0.94;1011;0.76;0.71
28114;No;490;490;93;0.94;1004;0.76;0.71
28156;No;490;490;93;0.94;997;0.76;0.71
28201;No;489;490;92;0.94;990;0.76;0.71
28239;No;489;489;92;0.94;983;0.76;0.71
28311;No;489;489;92;0.94;976;0.77;0.71
28356;No;489;489;92;0.94;970;0.77;0.71
28395;No;489;489;92;0.94;962;0.77;0.71
28405;No;489;489;92;0.94;956;0.77;0.71
28446;No;489;489;92;0.94;949;0.77;0.71
28486;No;489;489;92;0.94;943;0.77;0.71
28532;No;489;489;92;0.94;937;0.77;0.71
28609;No;489;489;92;0.94;930;0.77;0.71
28650;No;489;489;92;0.94;924;0.77;0.71
28689;No;489;489;92;0.94;918;0.77;0.71
28728;No;489;489;92;0.94;912;0.77;0.71
28772;No;489;489;92;0.94;905;0.77;0.71
28811;No;489;489;92;0.94;901;0.77;0.71
28850;No;489;489;92;0.94;896;0.77;0.71
28911;No;489;489;92;0.94;892;0.77;0.71
28970;No;489;489;92;0.94;887;0.77;0.71
29020;No;489;489;92;0.94;882;0.77;0.71
29060;No;489;489;92;0.94;878;0.77;0.71
29100;No;489;489;92;0.94;874;0.77;0.71
29138;No;489;489;92;0.94;869;0.77;0.71
29211;No;489;489;92;0.94;863;0.77;0.71
29255;No;489;489;92;0.94;857;0.77;0.71
29293;No;489;489;92;0.94;852;0.77;0.71
29307;No;489;489;92;0.94;846;0.77;0.71
29350;No;489;489;92;0.94;840;0.77;0.71
29389;No;489;489;92;0.94;834;0.77;0.71
29431;No;489;489;92;0.94;828;0.77;0.71
29469;No;489;489;92;0.94;822;0.77;0.71
29552;No;489;489;92;0.94;823;0.77;0.71
29596;No;489;489;92;0.94;823;0.77;0.71
29660;No;489;489;92;0.94;824;0.76;0.71
29700;No;489;489;92;0.94;824;0.76;0.71
29741;No;489;489;92;0.94;825;0.76;0.71
29811;No;489;489;92;0.94;826;0.76;0.71
29851;No;489;489;92;0.94;826;0.76;0.71
29898;No;489;489;92;0.94;826;0.75;0.71
29937;No;489;489;92;0.94;827;0.75;0.71
29979;No;489;489;92;0.94;827;0.75;0.71
30049;No;489;489;92;0.94;828;0.75;0.71
30109;No;489;489;92;0.94;828;0.75;0.71
30150;No;489;489;92;0.94;828;0.75;0.70
30189;No;489;489;92;0.94;829;0.75;0.70
30250;No;489;489;92;0.94;829;0.75;0.70
30289;No;489;489;92;0.94;830;0.74;0.70
30328;No;489;489;92;0.94;824;0.74;0.70
30367;No;489;489;92;0.94;819;0.74;0.69
30417;No;489;489;92;0.94;814;0.74;0.69
30465;No;489;489;92;0.94;808;0.74;0.69
30528;No;489;489;92;0.94;803;0.74;0.69
30568;No;489;489;92;0.94;798;0.74;0.69
30608;No;489;489;92;0.94;793;0.74;0.69
30648;No;489;489;92;0.94;788;0.74;0.69
30711;No;489;489;92;0.94;787;0.74;0.69
30750;No;489;489;92;0.94;786;0.74;0.68
30792;No;489;489;92;0.94;786;0.74;0.69
30808;No;489;489;92;0.94;785;0.74;0.69
30859;No;489;489;92;0.94;784;0.74;0.69
30901;No;489;489;92;0.94;784;0.74;0.69
30941;No;489;489;92;0.94;783;0.74;0.69
31010;No;489;489;92;0.94;782;0.74;0.69
31053;No;488;489;92;0.94;783;0.74;0.69
31093;No;488;488;92;0.94;783;0.75;0.69
31108;No;488;488;92;0.94;783;0.75;0.70
31148;No;488;488;92;0.94;783;0.75;0.70
31187;No;488;488;92;0.94;784;0.75;0.70
31233;No;488;488;92;0.94;784;0.76;0.70
31274;No;488;488;92;0.94;784;0.76;0.70
31318;No;488;488;92;0.94;784;0.76;0.70
31358;No;488;488;92;0.94;782;0.76;0.70
31429;No;488;488;92;0.94;781;0.76;0.70
31497;No;488;488;92;0.94;780;0.76;0.70
31537;No;488;488;92;0.94;778;0.76;0.70
31610;No;488;488;92;0.94;777;0.77;0.70
31651;No;488;488;92;0.94;776;0.77;0.70
31691;No;488;488;92;0.94;774;0.77;0.70
31707;No;488;488;92;0.94;773;0.77;0.70
31746;No;488;488;92;0.94;788;0.77;0.70
31786;No;488;488;92;0.94;804;0.77;0.70
31831;No;488;488;92;0.94;819;0.77;0.70
31870;No;488;488;92;0.94;835;0.77;0.70
31918;No;488;488;92;0.94;850;0.77;0.70
31956;No;488;488;92;0.94;866;0.77;0.70
31996;No;488;489;92;0.94;882;0.77;0.70
32043;No;489;489;92;0.94;897;0.77;0.70
32083;No;489;489;92;0.94;904;0.77;0.70
32099;No;489;489;92;0.94;912;0.77;0.70
32141;No;489;489;92;0.94;919;0.77;0.70
32209;No;489;489;92;0.94;926;0.76;0.70
32248;No;489;489;92;0.94;933;0.76;0.70
32288;No;489;489;92;0.94;940;0.76;0.69
32307;No;489;489;92;0.94;948;0.76;0.69
32349;No;489;489;92;0.94;955;0.76;0.69
32387;No;489;489;92;0.94;964;0.76;0.69
32428;No;489;489;92;0.94;974;0.76;0.69
32466;No;489;489;92;0.94;983;0.77;0.69
32517;No;489;489;92;0.94;992;0.77;0.69
32564;No;489;489;92;0.94;1001;0.78;0.69
32629;No;489;489;92;0.94;1010;0.79;0.69
32668;No;489;489;92;0.94;1020;0.79;0.70
32710;No;489;489;92;0.94;1029;0.80;0.70
32726;No;489;489;92;0.94;1034;0.80;0.70
32766;No;489;489;92;0.94;1039;0.80;0.70
32822;No;489;489;92;0.94;1044;0.81;0.70
32863;No;489;489;92;0.94;1050;0.81;0.71
32878;No;489;489;92;0.94;1055;0.81;0.71
32928;No;489;489;92;0.94;1060;0.81;0.72
32967;No;489;489;92;0.94;1065;0.82;0.72
33009;No;489;489;92;0.94;1070;0.82;0.72
33048;No;489;489;92;0.94;1074;0.82;0.73
33109;No;489;489;92;0.94;1077;0.82;0.73
33151;No;490;489;92;0.94;1081;0.82;0.73
33192;No;490;490;92;0.94;1084;0.82;0.73
33208;No;490;490;92;0.94;1088;0.82;0.73
33251;No;490;490;92;0.94;1092;0.82;0.73
33289;No;490;490;92;0.94;1095;0.82;0.73
33329;No;490;490;92;0.94;1099;0.82;0.73
33368;No;490;490;92;0.94;1102;0.82;0.73
33418;No;490;490;92;0.94;1106;0.82;0.73
33464;No;490;490;92;0.94;1110;0.82;0.73
33529;No;490;490;92;0.94;1113;0.82;0.73
33568;No;490;490;92;0.94;1117;0.82;0.73
33606;No;490;490;92;0.94;1120;0.82;0.73
33647;No;490;490;92;0.94;1124;0.82;0.73
33710;No;490;490;92;0.94;1128;0.82;0.73
33750;No;490;490;92;0.94;1131;0.82;0.73
33789;No;490;490;92;0.94;1134;0.82;0.73
33827;No;490;490;91;0.94;1137;0.82;0.73
33873;No;490;490;91;0.94;1140;0.81;0.73
33911;No;490;490;91;0.94;1143;0.81;0.73
33951;No;490;490;91;0.94;1146;0.81;0.73
34009;No;490;490;91;0.94;1150;0.81;0.73
34056;No;491;490;91;0.94;1152;0.80;0.73
34096;No;491;491;91;0.94;1156;0.80;0.72
34160;No;491;491;91;0.94;1159;0.80;0.72
34199;No;491;491;91;0.94;1162;0.79;0.72
34239;No;491;491;91;0.94;1166;0.79;0.72
34309;No;491;491;91;0.94;1168;0.79;0.72
34348;No;491;491;91;0.94;1172;0.78;0.72
34388;No;491;491;91;0.94;1175;0.78;0.72
34427;No;491;491;91;0.94;1178;0.77;0.72
34467;No;491;491;91;0.94;1172;0.77;0.72
34508;No;491;491;91;0.94;1166;0.77;0.72
34528;No;491;491;91;0.94;1159;0.77;0.72
34568;No;491;491;91;0.94;1153;0.77;0.72
34618;No;491;491;91;0.94;1147;0.77;0.72
34664;No;491;491;91;0.94;1140;0.77;0.72
34679;No;491;491;91;0.94;1134;0.77;0.72
34718;No;491;491;91;0.94;1128;0.77;0.72
34758;No;491;491;91;0.94;1120;0.77;0.72
34798;No;491;491;91;0.94;1112;0.77;0.72
34839;No;491;491;91;0.94;1104;0.77;0.72
34911;No;491;492;91;0.94;1096;0.77;0.72
34950;No;491;492;91;0.94;1088;0.77;0.72
34991;No;491;492;91;0.94;1081;0.77;0.72
35060;No;491;492;91;0.94;1073;0.77;0.72
35101;No;492;492;91;0.94;1065;0.77;0.73
35139;No;492;492;91;0.94;1061;0.77;0.73
35211;No;492;492;91;0.94;1058;0.77;0.73
35250;No;492;492;91;0.94;1054;0.77;0.73
35297;No;492;492;91;0.94;1050;0.77;0.73
35337;No;492;492;91;0.94;1046;0.77;0.73
35378;No;492;492;91;0.94;1043;0.77;0.73
35417;No;492;492;91;0.94;1039;0.77;0.73
35458;No;492;492;91;0.94;1036;0.77;0.73
35509;No;492;492;91;0.94;1035;0.77;0.73
35550;No;492;492;91;0.94;1034;0.77;0.73
35589;No;492;492;91;0.94;1033;0.76;0.73
35628;No;492;492;91;0.94;1032;0.76;0.73
35673;No;492;492;91;0.94;1032;0.76;0.73
35713;No;492;492;91;0.94;1031;0.76;0.73
35728;No;492;492;91;0.94;1030;0.76;0.73
35766;No;492;492;91;0.94;1029;0.75;0.72
35819;No;492;492;91;0.94;1028;0.75;0.72
35858;No;492;492;91;0.94;1027;0.75;0.72
35897;No;492;492;91;0.94;1026;0.75;0.72
35962;No;492;492;91;0.94;1025;0.75;0.72
36003;No;492;492;91;0.94;1024;0.75;0.72
36049;No;492;492;91;0.94;1023;0.75;0.72
36109;No;492;492;91;0.94;1022;0.75;0.72
36147;No;492;492;91;0.94;1021;0.74;0.72
36188;No;492;492;91;0.94;1021;0.74;0.72
36228;No;492;492;91;0.94;1022;0.74;0.72
36267;No;492;492;91;0.94;1022;0.74;0.72
36306;No;492;492;91;0.94;1022;0.74;0.72
36346;No;492;492;91;0.94;1022;0.74;0.72
36409;No;492;492;91;0.94;1022;0.74;0.72
36456;No;492;492;91;0.94;1022;0.74;0.72
36495;No;492;492;91;0.94;1022;0.74;0.71
36560;No;491;492;91;0.94;1021;0.74;0.71
36617;No;491;491;92;0.94;1020;0.74;0.71
36658;No;491;491;92;0.94;1019;0.74;0.71
36710;No;491;491;92;0.94;1018;0.74;0.71
36750;No;491;491;92;0.94;1017;0.74;0.71
36790;No;491;491;92;0.94;1016;0.74;0.71
36830;No;491;491;92;0.94;1015;0.74;0.71
36876;No;491;491;92;0.94;1014;0.73;0.71
36915;No;491;491;92;0.94;1013;0.73;0.71
36928;No;491;491;92;0.94;1012;0.73;0.71
36966;No;491;491;92;0.94;1011;0.73;0.71
37023;No;491;491;92;0.94;1010;0.73;0.71
37064;No;491;491;92;0.94;1009;0.73;0.71
37079;No;491;491;92;0.94;1008;0.73;0.71
37121;No;491;491;92;0.94;1007;0.73;0.71
37139;No;491;491;92;0.94;1006;0.73;0.71
37185;No;491;491;92;0.94;1003;0.73;0.71
37251;No;491;491;92;0.94;1000;0.73;0.71
37309;No;491;491;92;0.94;997;0.73;0.71
37351;No;491;491;92;0.94;994;0.73;0.71
37392;No;491;491;92;0.94;992;0.73;0.71
37409;No;491;491;92;0.94;988;0.73;0.71
37448;No;491;491;92;0.94;986;0.73;0.71
37487;No;491;491;92;0.94;982;0.73;0.71
37528;No;491;491;92;0.94;981;0.73;0.71
37609;No;491;491;92;0.94;979;0.73;0.71
37647;No;491;491;92;0.94;977;0.73;0.71
37688;No;491;491;92;0.94;975;0.73;0.71
37728;No;491;491;92;0.94;973;0.73;0.71
37769;No;491;491;92;0.94;972;0.73;0.71
37809;No;491;491;92;0.94;970;0.73;0.71
37849;No;491;491;92;0.94;968;0.73;0.71
37931;No;491;491;92;0.94;966;0.73;0.71
37970;No;491;491;92;0.94;964;0.73;0.71
38016;No;491;491;92;0.94;962;0.73;0.71
38057;No;491;491;92;0.94;960;0.73;0.71
38121;No;491;491;92;0.94;958;0.73;0.71
38160;No;491;491;92;0.94;956;0.73;0.71
38209;No;491;491;92;0.94;953;0.73;0.71
38248;No;491;491;92;0.94;951;0.73;0.71
38287;No;491;491;92;0.94;948;0.73;0.71
38328;No;491;491;92;0.94;944;0.73;0.71
38367;No;491;491;92;0.94;940;0.73;0.71
38414;No;491;491;92;0.94;936;0.73;0.71
38428;No;491;491;92;0.94;933;0.73;0.71
38466;No;491;491;92;0.94;929;0.73;0.71
38518;No;491;491;92;0.94;925;0.73;0.71
38565;No;491;491;92;0.94;922;0.73;0.71
38629;No;491;491;92;0.94;916;0.73;0.71
38667;No;491;491;92;0.94;910;0.73;0.71
38707;No;491;491;92;0.94;904;0.73;0.71
38727;No;491;491;92;0.94;898;0.73;0.71
38767;No;491;491;92;0.94;892;0.73;0.71
38817;No;491;491;92;0.94;887;0.73;0.71
38857;No;491;491;92;0.94;881;0.72;0.71
38897;No;491;491;92;0.94;875;0.72;0.71
38946;No;491;491;92;0.94;865;0.72;0.71
38986;No;491;491;92;0.94;856;0.72;0.70
39050;No;491;491;92;0.94;846;0.72;0.70
39111;No;491;491;92;0.94;836;0.72;0.70
39153;No;491;491;92;0.94;826;0.72;0.70
39215;No;491;491;92;0.94;816;0.72;0.70
39256;No;491;491;92;0.94;806;0.72;0.70
39321;No;491;491;92;0.94;796;0.72;0.70
39360;No;491;491;92;0.94;796;0.72;0.70
39441;No;491;491;92;0.93;796;0.72;0.70
39487;No;491;491;92;0.93;795;0.72;0.70
39528;No;491;491;92;0.93;795;0.72;0.70
39571;No;491;491;92;0.93;795;0.72;0.70
39615;No;491;491;92;0.93;795;0.72;0.70
39628;No;491;491;92;0.93;794;0.72;0.70
39672;No;491;491;92;0.93;794;0.72;0.70
39719;No;491;491;92;0.93;795;0.72;0.70
39758;No;491;491;92;0.93;795;0.72;0.70
39778;No;491;491;92;0.93;796;0.72;0.70
39816;No;491;491;92;0.93;796;0.72;0.70
39838;No;491;491;92;0.93;796;0.72;0.70
39878;No;491;491;92;0.93;797;0.72;0.70
39918;No;491;491;92;0.93;797;0.71;0.70
39958;No;491;491;92;0.93;798;0.71;0.70
40009;No;491;491;92;0.93;796;0.71;0.70
40054;No;491;491;92;0.93;794;0.71;0.70
40093;No;491;491;92;0.93;793;0.71;0.70
40137;No;491;491;92;0.93;792;0.71;0.70
40177;No;491;491;92;0.93;790;0.71;0.70
40217;No;491;491;92;0.93;788;0.71;0.70
40263;No;491;491;92;0.93;787;0.71;0.70
40309;No;491;491;92;0.93;786;0.71;0.70
40351;No;491;491;92;0.93;784;0.71;0.70
40393;No;491;491;92;0.93;784;0.71;0.70
40408;No;491;491;92;0.93;783;0.71;0.70
40457;No;491;491;92;0.93;782;0.72;0.70
40504;No;491;491;92;0.94;781;0.72;0.70
40543;No;491;491;92;0.94;780;0.72;0.70
40559;No;491;491;92;0.94;779;0.72;0.70
40609;No;491;491;92;0.94;778;0.72;0.70
40651;No;491;491;92;0.94;776;0.72;0.70
40690;No;491;491;92;0.93;774;0.72;0.70
40708;No;491;491;92;0.93;772;0.72;0.70
40749;No;491;491;92;0.93;770;0.72;0.70
40787;No;491;491;92;0.93;769;0.72;0.70
40832;No;491;491;92;0.93;767;0.72;0.70
40910;No;491;491;92;0.93;765;0.72;0.70
40948;No;491;491;92;0.93;763;0.72;0.70
40986;No;491;491;92;0.93;780;0.72;0.70
41027;No;491;491;92;0.93;797;0.72;0.70
41067;No;491;491;92;0.93;814;0.72;0.70
41105;No;491;491;92;0.93;831;0.72;0.70
41148;No;491;491;92;0.93;848;0.72;0.70
41210;No;491;491;92;0.93;865;0.72;0.70
41254;No;491;491;92;0.93;882;0.72;0.70
41294;No;491;491;92;0.93;899;0.72;0.70
41309;No;491;491;92;0.93;935;0.72;0.70
41348;No;491;491;92;0.93;971;0.72;0.70
41389;No;491;491;92;0.93;1008;0.71;0.70
41432;No;491;491;92;0.93;1044;0.71;0.70
41473;No;491;491;92;0.93;1080;0.71;0.70
41519;No;491;491;92;0.93;1116;0.71;0.69
41558;No;491;491;92;0.93;1152;0.71;0.69
41578;No;491;491;92;0.93;1188;0.71;0.69
41617;No;491;492;92;0.93;1194;0.70;0.69
41658;No;491;492;92;0.93;1199;0.71;0.69
41739;No;492;492;92;0.93;1204;0.72;0.69
41809;No;492;492;92;0.93;1210;0.73;0.70
41849;No;492;492;92;0.93;1215;0.74;0.70
41887;No;492;492;92;0.93;1220;0.74;0.70
41928;No;492;492;92;0.93;1226;0.75;0.71
41966;No;492;492;92;0.93;1231;0.76;0.71
42013;No;492;492;92;0.93;1238;0.77;0.71
42028;No;492;492;92;0.93;1245;0.77;0.72
42072;No;492;492;92;0.93;1252;0.78;0.72
42169;No;492;492;92;0.93;1260;0.78;0.72
42211;No;492;492;92;0.93;1267;0.78;0.73
42249;No;492;492;92;0.93;1274;0.79;0.73
42288;No;492;492;92;0.93;1281;0.79;0.73
42326;No;492;492;92;0.93;1288;0.79;0.73
42367;No;492;492;92;0.93;1298;0.80;0.74
42418;No;492;492;92;0.93;1308;0.80;0.74
42456;No;492;492;92;0.93;1318;0.80;0.74
42495;No;492;492;92;0.93;1328;0.80;0.74
42561;No;492;492;92;0.93;1338;0.80;0.73
42602;No;492;493;92;0.93;1348;0.80;0.73
42640;No;493;493;92;0.93;1358;0.80;0.73
42711;No;493;493;92;0.93;1368;0.80;0.73
42749;No;493;493;92;0.93;1374;0.80;0.73
42787;No;493;493;92;0.93;1381;0.79;0.73
42808;No;493;493;92;0.93;1387;0.79;0.73
42848;No;493;493;92;0.93;1394;0.79;0.73
42887;No;493;493;92;0.93;1400;0.79;0.72
42927;No;493;493;92;0.93;1406;0.79;0.72
42970;No;493;493;92;0.93;1413;0.79;0.72
43065;No;493;493;92;0.93;1419;0.78;0.72
43131;No;493;493;92;0.93;1423;0.78;0.72
43170;No;493;493;92;0.93;1427;0.79;0.72
43209;No;493;493;92;0.93;1431;0.79;0.72
43228;No;493;493;92;0.93;1436;0.79;0.72
43268;No;493;493;92;0.93;1440;0.79;0.72
43318;No;493;493;92;0.93;1444;0.80;0.72
43357;No;493;493;92;0.93;1448;0.80;0.72
43398;No;494;493;92;0.93;1452;0.80;0.72
43440;No;494;494;92;0.93;1445;0.81;0.72
43479;No;494;494;92;0.93;1438;0.80;0.72
43521;No;494;494;92;0.93;1431;0.80;0.72
43560;No;494;494;92;0.93;1424;0.80;0.72
43618;No;494;494;92;0.93;1417;0.80;0.72
43658;No;494;494;92;0.93;1410;0.80;0.72
43699;No;494;494;92;0.93;1404;0.80;0.72
43739;No;494;494;92;0.93;1396;0.79;0.72
43782;No;493;494;92;0.93;1399;0.79;0.72
43849;No;493;493;92;0.93;1401;0.79;0.72
43909;No;493;493;92;0.93;1404;0.79;0.72
43949;No;493;493;92;0.93;1406;0.78;0.72
43989;No;493;493;92;0.93;1408;0.78;0.72
44009;No;493;493;92;0.93;1410;0.78;0.72
44049;No;493;493;92;0.93;1413;0.77;0.72
44089;No;493;493;92;0.93;1415;0.77;0.71
44130;No;493;493;92;0.93;1408;0.77;0.71
44171;No;493;493;92;0.93;1402;0.77;0.71
44218;No;493;493;92;0.93;1395;0.77;0.71
44257;No;493;493;92;0.93;1388;0.76;0.71
44296;No;493;493;92;0.93;1381;0.76;0.71
44336;No;493;493;92;0.93;1374;0.76;0.71
44381;No;493;493;92;0.93;1367;0.76;0.71
44421;No;493;493;92;0.93;1360;0.76;0.71
44459;No;493;493;92;0.93;1317;0.76;0.71
44509;No;493;493;92;0.93;1273;0.76;0.71
44569;No;493;493;92;0.93;1230;0.76;0.71
44608;No;493;493;92;0.93;1186;0.76;0.71
44648;No;493;493;92;0.93;1142;0.76;0.71
44688;No;493;493;92;0.93;1098;0.75;0.71
44727;No;493;493;92;0.93;1055;0.75;0.71
44809;No;494;493;92;0.93;1011;0.75;0.71
44849;No;494;494;92;0.93;1000;0.75;0.71
44888;No;494;494;92;0.93;988;0.75;0.71
44927;No;494;494;92;0.93;977;0.75;0.72
44968;No;494;494;92;0.93;966;0.75;0.72
45008;No;494;494;92;0.93;954;0.75;0.72
45048;No;494;494;92;0.93;943;0.75;0.72
45109;No;494;494;92;0.93;932;0.75;0.72
45149;No;494;494;92;0.93;920;0.75;0.72
45195;No;494;494;92;0.93;918;0.75;0.73
45262;No;494;494;92;0.93;917;0.75;0.73
45300;No;494;494;92;0.93;915;0.75;0.73
45341;No;494;494;92;0.93;913;0.75;0.73
45360;No;494;494;92;0.93;911;0.75;0.72
45410;No;494;494;92;0.93;909;0.75;0.72
45453;No;494;494;92;0.93;907;0.75;0.72
45495;No;494;494;92;0.93;905;0.75;0.72
45509;No;494;494;92;0.93;897;0.75;0.72
45577;No;494;494;92;0.93;888;0.75;0.72
45616;No;494;494;92;0.93;880;0.75;0.72
45657;No;494;494;92;0.93;871;0.75;0.72
45710;No;494;494;92;0.93;862;0.75;0.72
45750;No;494;494;92;0.93;854;0.75;0.72
45790;No;494;494;92;0.93;845;0.74;0.72
45810;No;494;494;92;0.93;837;0.74;0.71
45849;No;494;494;92;0.93;831;0.74;0.71
45890;No;494;494;92;0.93;826;0.74;0.71
45931;No;494;494;92;0.93;820;0.74;0.71
45969;No;494;494;92;0.93;814;0.74;0.71
46017;No;494;494;92;0.93;809;0.74;0.71
46057;No;494;494;92;0.93;804;0.74;0.71
46130;No;494;494;92;0.93;798;0.74;0.71
46167;No;494;494;92;0.93;792;0.74;0.71
46208;No;494;494;92;0.93;792;0.74;0.71
46227;No;494;494;92;0.93;792;0.74;0.71
46268;No;494;494;92;0.93;791;0.74;0.71
46317;No;494;494;92;0.93;790;0.74;0.71
46357;No;494;494;92;0.93;790;0.74;0.71
46396;No;494;494;92;0.93;790;0.74;0.71
46440;No;494;494;92;0.93;789;0.73;0.71
46487;No;494;494;92;0.93;789;0.73;0.71
46550;No;494;494;92;0.93;788;0.73;0.71
46610;No;494;494;92;0.93;788;0.73;0.70
46648;No;494;494;92;0.93;787;0.73;0.70
46693;No;494;494;92;0.93;787;0.73;0.70
46710;No;494;494;92;0.93;786;0.73;0.70
46749;No;494;494;92;0.93;786;0.73;0.70
46788;No;494;494;92;0.93;785;0.73;0.70
46826;No;494;494;92;0.93;784;0.73;0.70
46909;No;494;494;92;0.93;785;0.73;0.70
46948;No;494;494;92;0.93;785;0.73;0.70
46986;No;494;494;92;0.93;786;0.73;0.70
47026;No;494;494;92;0.93;786;0.73;0.70
47074;No;494;494;92;0.93;786;0.73;0.70
47120;No;494;494;92;0.93;787;0.73;0.70
47159;No;494;494;92;0.93;787;0.73;0.70
47209;No;494;494;92;0.93;788;0.73;0.70
47248;No;494;494;92;0.93;787;0.73;0.70
47293;No;494;494;92;0.93;786;0.73;0.70
47308;No;494;494;92;0.93;786;0.73;0.70
47349;No;494;494;92;0.93;785;0.73;0.70
47389;No;494;494;92;0.93;784;0.73;0.70
47430;No;494;494;92;0.93;784;0.73;0.70
47471;No;494;494;92;0.93;783;0.72;0.70
47518;No;494;494;92;0.93;782;0.72;0.70
47556;No;494;494;92;0.93;782;0.72;0.70
47600;No;494;494;92;0.93;781;0.72;0.70
47643;No;494;494;92;0.93;780;0.72;0.70
47683;No;494;494;92;0.93;780;0.72;0.70
47750;No;494;494;92;0.93;780;0.72;0.70
47809;No;494;494;92;0.93;779;0.72;0.70
47855;No;494;494;92;0.93;778;0.72;0.70
47893;No;494;494;92;0.93;778;0.72;0.70
47908;No;494;494;92;0.93;777;0.72;0.70
47948;No;494;494;92;0.93;776;0.72;0.70
47988;No;494;494;92;0.93;775;0.72;0.70
48026;No;494;494;92;0.93;774;0.72;0.70
48067;No;494;494;92;0.93;773;0.72;0.70
48138;No;494;494;92;0.93;772;0.72;0.70
48178;No;494;494;92;0.93;772;0.72;0.70
48223;No;494;494;92;0.93;770;0.72;0.70
48237;No;494;494;92;0.93;771;0.72;0.70
48276;No;494;494;92;0.93;772;0.72;0.70
48316;No;494;494;92;0.93;773;0.72;0.70
48358;No;494;494;92;0.93;774;0.72;0.70
48409;No;494;494;92;0.93;774;0.72;0.70
48449;No;494;494;92;0.93;776;0.72;0.70
48490;No;494;494;92;0.93;776;0.72;0.70
48509;No;494;494;92;0.93;777;0.72;0.70
48555;No;494;494;92;0.93;778;0.72;0.70
48569;No;494;494;92;0.93;779;0.72;0.70
48609;No;494;494;92;0.93;780;0.72;0.70
48649;No;494;494;92;0.93;781;0.72;0.70
48709;No;494;494;92;0.93;782;0.72;0.70
48751;No;494;494;92;0.93;783;0.72;0.70
48790;No;494;494;92;0.93;784;0.72;0.70
48808;No;494;494;92;0.93;785;0.72;0.70
48851;No;494;494;92;0.93;784;0.72;0.70
48921;No;494;494;92;0.93;782;0.72;0.69
48962;No;494;494;92;0.93;780;0.72;0.70
49010;No;494;494;92;0.93;779;0.72;0.70
49051;No;494;494;92;0.93;778;0.72;0.70
49092;No;494;494;92;0.93;776;0.72;0.70
49109;No;494;494;92;0.93;774;0.72;0.70
49153;No;494;494;92;0.93;773;0.72;0.70
49168;No;494;494;92;0.93;774;0.72;0.70
49207;No;494;494;92;0.93;774;0.72;0.70
49228;No;494;494;92;0.93;775;0.72;0.70
49271;No;494;494;92;0.93;776;0.72;0.70
49318;No;494;494;92;0.93;777;0.72;0.70
49358;No;494;494;92;0.93;778;0.72;0.70
49416;No;494;494;92;0.93;778;0.72;0.70
49457;No;494;494;92;0.93;779;0.72;0.70
49502;No;494;494;92;0.93;778;0.72;0.70
49542;No;494;494;92;0.92;776;0.72;0.70
49610;No;494;494;92;0.92;774;0.72;0.70
49655;No;494;494;92;0.92;772;0.73;0.70
49696;No;494;494;92;0.92;770;0.73;0.70
49740;No;494;494;92;0.92;768;0.73;0.70
49779;No;494;494;92;0.92;767;0.73;0.70
49820;No;494;494;92;0.92;765;0.73;0.70
49860;No;493;494;92;0.92;758;0.73;0.70
49909;No;493;493;92;0.92;751;0.73;0.70
49954;No;493;493;92;0.92;744;0.73;0.70
49994;No;493;493;92;0.92;738;0.73;0.70
50040;No;493;493;92;0.92;731;0.73;0.70
50080;No;493;493;92;0.92;724;0.73;0.70
50119;No;493;493;92;0.92;717;0.74;0.70
50162;No;493;493;92;0.92;710;0.74;0.70
50211;No;493;493;92;0.92;701;0.74;0.70
50249;No;493;493;92;0.92;692;0.74;0.70
50288;No;493;493;92;0.92;683;0.74;0.70
50327;No;493;493;92;0.92;674;0.74;0.70
50370;No;493;493;92;0.92;664;0.74;0.70
50417;No;493;493;92;0.92;655;0.74;0.70
50509;No;493;493;92;0.92;646;0.74;0.70
50550;No;493;493;92;0.92;637;0.74;0.70
50589;No;493;493;92;0.92;634;0.74;0.70
50608;No;493;493;92;0.92;630;0.74;0.70
50654;No;493;493;92;0.92;628;0.74;0.70
50667;No;493;493;92;0.92;624;0.74;0.70
50728;No;493;493;92;0.92;621;0.74;0.70
50766;No;493;493;92;0.92;618;0.74;0.70
50817;No;493;493;92;0.92;615;0.74;0.70
50858;No;493;493;92;0.92;612;0.74;0.70
50898;No;493;493;92;0.92;612;0.74;0.70
50963;No;493;493;92;0.92;612;0.74;0.70
51002;No;493;493;92;0.92;611;0.74;0.70
51029;No;493;493;92;0.92;611;0.75;0.70
51069;No;493;493;92;0.92;610;0.75;0.70
51120;No;493;493;92;0.92;610;0.75;0.70
51162;No;493;493;92;0.92;610;0.75;0.70
51207;No;493;493;92;0.92;610;0.75;0.70
51246;No;493;493;92;0.92;608;0.75;0.70
51285;No;493;493;92;0.92;607;0.75;0.70
51349;No;493;493;92;0.92;605;0.75;0.70
51409;No;493;493;92;0.92;604;0.75;0.70
51449;No;493;493;92;0.92;602;0.75;0.70
51492;No;493;493;92;0.92;601;0.75;0.70
51511;No;493;493;92;0.92;600;0.76;0.70
51552;No;493;493;92;0.92;598;0.76;0.70
51621;No;493;493;92;0.92;596;0.76;0.70
51660;No;493;493;92;0.92;593;0.76;0.70
51710;No;493;493;92;0.92;590;0.76;0.70
51750;No;493;493;92;0.92;588;0.76;0.70
51791;No;493;493;92;0.92;586;0.76;0.70
51833;No;493;493;92;0.92;583;0.76;0.70
51873;No;493;493;92;0.92;580;0.76;0.70
51913;No;493;493;92;0.92;578;0.76;0.70
51928;No;493;493;92;0.92;576;0.76;0.70
52020;No;493;493;92;0.92;574;0.76;0.70
52059;No;493;493;92;0.92;572;0.77;0.70
52130;No;493;493;92;0.92;570;0.77;0.70
52169;No;493;493;92;0.92;568;0.77;0.70
52211;No;493;493;92;0.92;566;0.77;0.70
52249;No;493;493;92;0.92;564;0.77;0.70
52309;No;493;493;92;0.92;562;0.77;0.70
52347;No;493;493;92;0.92;564;0.77;0.70
52388;No;493;493;92;0.92;566;0.77;0.70
52409;No;493;493;92;0.92;568;0.78;0.70
52451;No;493;493;92;0.92;570;0.78;0.70
52490;No;493;493;92;0.92;572;0.78;0.70
52529;No;493;493;92;0.92;574;0.78;0.70
52571;No;493;493;92;0.92;576;0.78;0.70
52617;No;493;493;92;0.92;578;0.78;0.70
52657;No;492;493;92;0.92;576;0.78;0.70
52696;No;492;492;92;0.92;574;0.78;0.70
52760;No;492;492;92;0.92;572;0.78;0.70
52807;No;492;492;92;0.92;570;0.78;0.70
52845;No;492;492;92;0.92;568;0.79;0.70
52911;No;492;492;92;0.92;566;0.79;0.70
52951;No;492;492;92;0.92;564;0.79;0.70
52990;No;492;492;92;0.92;562;0.79;0.70
53032;No;492;492;92;0.92;564;0.79;0.70
53072;No;492;492;92;0.92;566;0.79;0.70
53111;No;492;492;92;0.92;568;0.79;0.70
53128;No;492;492;92;0.92;570;0.79;0.70
53173;No;492;492;92;0.92;572;0.79;0.70
53219;No;492;492;92;0.92;574;0.78;0.70
53258;No;492;492;92;0.92;576;0.78;0.70
53296;No;492;492;92;0.92;578;0.78;0.70
53342;No;492;492;92;0.92;576;0.78;0.70
53385;No;492;492;92;0.92;574;0.78;0.70
53451;No;492;492;92;0.92;572;0.78;0.70
53510;No;492;492;92;0.92;571;0.78;0.70
53550;No;492;492;92;0.92;569;0.78;0.70
53589;No;492;492;92;0.92;568;0.78;0.70
53610;No;492;492;92;0.92;566;0.78;0.70
53649;No;492;492;92;0.92;564;0.78;0.70
53691;No;492;492;92;0.92;567;0.78;0.70
53740;No;492;492;92;0.92;569;0.78;0.70
53811;No;492;492;92;0.92;572;0.78;0.70
53857;No;492;492;92;0.92;575;0.78;0.70
53895;No;492;492;92;0.92;577;0.78;0.70
53906;No;492;492;92;0.92;580;0.78;0.70
53946;No;492;492;92;0.92;582;0.78;0.70
53985;No;492;492;92;0.92;585;0.78;0.70
54030;No;492;492;92;0.92;584;0.78;0.70
54070;No;492;492;92;0.92;582;0.78;0.69
54118;No;492;492;92;0.92;581;0.78;0.69
54157;No;492;492;92;0.92;580;0.78;0.69
54196;No;492;492;92;0.92;578;0.78;0.69
54242;No;492;492;92;0.92;577;0.78;0.69
54280;No;492;492;92;0.92;576;0.78;0.69
54350;No;492;492;92;0.92;574;0.78;0.69
54409;No;492;492;92;0.92;574;0.78;0.69
54448;No;492;492;92;0.92;575;0.78;0.69
54492;No;492;492;92;0.92;576;0.79;0.70
54511;No;492;492;92;0.92;576;0.79;0.70
54570;No;492;492;92;0.92;576;0.79;0.70
54614;No;492;492;92;0.92;577;0.79;0.70
54628;No;492;492;92;0.92;577;0.79;0.70
54673;No;492;492;92;0.92;578;0.79;0.70
54748;No;492;492;92;0.92;577;0.80;0.70
54788;No;492;492;92;0.92;576;0.80;0.70
54831;No;492;492;92;0.92;574;0.79;0.70
54870;No;492;492;92;0.92;574;0.79;0.70
54917;No;492;492;92;0.92;572;0.79;0.70
54956;No;492;492;92;0.92;571;0.79;0.70
55009;No;492;492;92;0.92;570;0.79;0.70
55050;No;492;492;92;0.92;569;0.79;0.70
55090;No;492;492;92;0.92;571;0.79;0.70
55130;No;492;491;92;0.92;574;0.79;0.69
55172;No;491;491;92;0.92;576;0.79;0.69
55212;No;491;491;92;0.92;578;0.78;0.69
55229;No;491;491;92;0.92;580;0.78;0.69
55273;No;491;491;92;0.92;582;0.78;0.69
55369;No;491;491;92;0.92;584;0.78;0.69
55407;No;491;491;92;0.92;586;0.78;0.69
55447;No;491;491;92;0.92;586;0.78;0.69
55486;No;491;491;92;0.92;586;0.78;0.69
55551;No;491;491;92;0.92;585;0.78;0.69
55609;No;491;491;92;0.92;585;0.78;0.69
55648;No;491;491;92;0.92;584;0.78;0.69
55688;No;491;491;92;0.92;584;0.78;0.69
55708;No;491;491;92;0.92;583;0.78;0.69
55748;No;491;491;92;0.92;583;0.78;0.69
55787;No;491;491;92;0.92;582;0.78;0.69
55848;No;491;491;92;0.92;582;0.78;0.69
55911;No;491;491;92;0.92;582;0.78;0.69
55950;No;491;491;92;0.92;581;0.78;0.69
55988;No;491;491;92;0.92;580;0.78;0.69
56030;No;491;491;92;0.92;580;0.77;0.69
56068;No;491;491;92;0.92;580;0.77;0.69
56113;No;491;491;92;0.92;579;0.77;0.69
56128;No;491;491;92;0.92;580;0.77;0.69
56168;No;491;491;92;0.92;581;0.77;0.69
56218;No;491;491;92;0.92;582;0.78;0.69
56259;No;491;491;92;0.92;582;0.78;0.69
56298;No;491;491;92;0.92;583;0.78;0.69
56337;No;491;491;92;0.92;584;0.78;0.69
56379;No;491;491;92;0.92;585;0.78;0.69
56418;No;491;491;92;0.92;586;0.79;0.69
56465;No;491;491;92;0.92;585;0.79;0.69
56511;No;491;491;92;0.92;584;0.79;0.69
56552;No;491;491;92;0.92;584;0.79;0.69
56590;No;491;491;92;0.92;583;0.79;0.69
56610;No;491;491;92;0.92;582;0.79;0.69
56648;No;491;491;92;0.92;582;0.79;0.69
56688;No;491;491;92;0.92;581;0.79;0.69
56726;No;491;491;92;0.92;580;0.79;0.69
56771;No;491;491;92;0.92;581;0.79;0.69
56869;No;491;491;93;0.92;582;0.79;0.69
56911;No;490;491;93;0.92;583;0.79;0.69
56951;No;490;490;93;0.92;584;0.78;0.69
56990;No;490;490;93;0.92;585;0.78;0.69
57040;No;490;490;93;0.92;586;0.78;0.69
57122;No;490;490;93;0.92;587;0.78;0.69
57179;No;490;490;93;0.92;588;0.78;0.69
57218;No;490;490;93;0.92;586;0.78;0.69
57257;No;490;490;93;0.92;584;0.78;0.69
57302;No;490;490;93;0.92;581;0.78;0.69
57341;No;490;490;93;0.92;579;0.78;0.69
57411;No;490;490;93;0.92;577;0.78;0.69
57449;No;490;490;93;0.92;575;0.77;0.69
57494;No;490;490;93;0.92;572;0.77;0.69
57508;No;490;490;93;0.92;570;0.77;0.69
57550;No;490;490;93;0.92;571;0.77;0.69
57590;No;490;490;93;0.92;572;0.77;0.69
57630;No;490;490;93;0.92;573;0.77;0.69
57668;No;490;490;93;0.92;574;0.77;0.69
57716;No;490;490;93;0.92;574;0.77;0.69
57757;No;490;490;93;0.92;575;0.77;0.69
57796;No;490;490;93;0.92;576;0.77;0.69
57842;No;490;490;93;0.92;577;0.77;0.69
57880;No;490;490;93;0.92;576;0.77;0.69
57900;No;490;490;93;0.92;576;0.77;0.69
57939;No;490;490;93;0.92;575;0.77;0.69
58009;No;490;490;93;0.92;575;0.77;0.69
58049;No;490;490;93;0.92;574;0.77;0.69
58088;No;490;490;93;0.92;574;0.77;0.69
58108;No;490;490;93;0.92;573;0.77;0.69
58148;No;490;490;93;0.92;572;0.77;0.69
58168;No;490;490;93;0.92;590;0.77;0.69
58208;No;490;490;93;0.92;607;0.77;0.69
58247;No;490;490;93;0.92;624;0.77;0.70
58309;No;490;490;93;0.91;642;0.77;0.70
58350;No;490;490;93;0.91;660;0.77;0.70
58409;No;490;490;93;0.91;677;0.77;0.70
58447;No;490;490;93;0.91;694;0.77;0.70
58487;No;490;490;93;0.91;712;0.77;0.70
58532;No;490;490;93;0.91;741;0.77;0.70
58609;No;490;490;93;0.91;770;0.77;0.70
58648;No;490;490;93;0.91;798;0.76;0.70
58688;No;490;490;93;0.91;827;0.76;0.70
58726;No;490;490;93;0.91;856;0.76;0.70
58770;No;490;490;93;0.91;885;0.76;0.70
58812;No;490;490;93;0.91;914;0.76;0.70
58829;No;490;490;93;0.91;943;0.75;0.70
58871;No;490;490;93;0.91;946;0.75;0.70
58919;No;490;490;93;0.91;948;0.76;0.69
58968;No;490;490;93;0.92;951;0.77;0.69
59008;No;490;490;93;0.92;954;0.78;0.69
59047;No;490;490;93;0.92;957;0.79;0.69
59086;No;490;490;93;0.92;960;0.79;0.69
59127;No;490;490;93;0.92;963;0.80;0.69
59171;No;490;490;93;0.92;966;0.81;0.69
59218;No;489;490;93;0.92;980;0.82;0.69
59258;No;489;489;93;0.92;996;0.82;0.68
59297;No;489;489;93;0.92;1010;0.81;0.69
59342;No;489;489;93;0.92;1026;0.81;0.69
59386;No;489;489;93;0.92;1040;0.81;0.70
59429;No;489;489;93;0.92;1055;0.81;0.70
59468;No;489;489;93;0.92;1070;0.81;0.71
59518;No;490;489;93;0.92;1085;0.81;0.71
59564;No;490;490;93;0.92;1132;0.81;0.71
59588;No;490;490;93;0.92;1180;0.81;0.72
59631;No;490;490;93;0.92;1227;0.81;0.72
59691;No;490;490;93;0.92;1274;0.81;0.73
59738;No;490;490;93;0.92;1322;0.81;0.73
59809;No;490;490;93;0.92;1369;0.81;0.74
59854;No;490;490;93;0.92;1416;0.81;0.74
59893;No;490;490;93;0.92;1463;0.81;0.74
59907;No;490;490;93;0.92;1472;0.81;0.75
59947;No;490;490;93;0.92;1481;0.80;0.75
59987;No;490;490;92;0.92;1490;0.79;0.75
60031;No;490;490;92;0.92;1498;0.77;0.75
60070;No;490;490;92;0.92;1507;0.76;0.75
60148;No;490;490;92;0.92;1516;0.75;0.75
60186;No;490;490;92;0.92;1524;0.74;0.74
60226;No;490;490;92;0.92;1533;0.73;0.74
60270;No;490;490;92;0.92;1546;0.72;0.74
60311;No;490;490;92;0.92;1558;0.71;0.74
60350;No;490;490;92;0.92;1570;0.69;0.73
60409;No;490;490;92;0.91;1583;0.68;0.72
60449;No;490;490;92;0.91;1595;0.67;0.71
60490;No;490;490;92;0.91;1608;0.65;0.70
60530;No;490;490;92;0.91;1620;0.64;0.69
60569;No;490;490;92;0.91;1632;0.62;0.68
60607;No;490;490;92;0.91;1652;0.61;0.67
60646;No;490;490;92;0.91;1673;0.62;0.66
60709;No;490;490;92;0.91;1693;0.63;0.67
60749;No;490;490;92;0.91;1713;0.65;0.68
60789;No;490;490;92;0.91;1733;0.66;0.68
60828;No;490;490;92;0.91;1753;0.67;0.69
60867;No;490;490;92;0.91;1773;0.68;0.70
60908;No;490;490;92;0.91;1793;0.69;0.71
60969;No;490;490;92;0.91;1799;0.70;0.72
61043;No;490;490;92;0.91;1805;0.70;0.72
61081;No;490;490;92;0.91;1810;0.70;0.72
61127;No;491;490;92;0.91;1816;0.70;0.72
61170;No;491;491;92;0.91;1822;0.70;0.72
61212;No;491;491;92;0.91;1828;0.70;0.72
61227;No;491;491;92;0.91;1833;0.69;0.72
61270;No;491;491;92;0.91;1839;0.69;0.72
61317;No;491;491;92;0.91;1816;0.69;0.71
61358;No;491;491;92;0.91;1794;0.69;0.71
61396;No;491;491;92;0.91;1771;0.69;0.71
61407;No;491;491;92;0.91;1748;0.69;0.71
61452;No;491;491;92;0.91;1726;0.68;0.71
61491;No;491;491;92;0.91;1703;0.68;0.70
61533;No;491;491;92;0.91;1680;0.68;0.70
61576;No;491;491;92;0.91;1658;0.68;0.70
61619;No;492;492;92;0.91;1643;0.68;0.70
61659;No;492;492;92;0.91;1628;0.68;0.69
61697;No;492;492;92;0.91;1614;0.68;0.70
61738;No;492;492;92;0.91;1599;0.68;0.70
61777;No;492;492;92;0.91;1584;0.68;0.70
61821;No;492;492;92;0.91;1569;0.69;0.70
61860;No;492;492;92;0.91;1554;0.69;0.70
61909;No;492;492;92;0.91;1540;0.69;0.70
61951;No;492;492;92;0.91;1540;0.69;0.70
61991;No;492;492;92;0.91;1541;0.69;0.70
62030;No;492;492;92;0.91;1541;0.69;0.70
62071;No;492;492;92;0.91;1542;0.69;0.70
62099;No;492;492;92;0.91;1542;0.69;0.71
62140;No;493;492;92;0.91;1543;0.70;0.71
62220;No;493;493;92;0.91;1544;0.70;0.71
62268;No;493;493;92;0.91;1544;0.70;0.71
62307;No;493;493;92;0.91;1549;0.70;0.72
62351;No;493;493;92;0.91;1553;0.70;0.72
62421;No;493;493;92;0.91;1558;0.70;0.72
62461;No;493;493;92;0.91;1562;0.70;0.71
62509;No;493;493;92;0.91;1566;0.70;0.71
62550;No;494;493;92;0.91;1571;0.70;0.71
62594;No;494;494;92;0.91;1575;0.70;0.71
62608;No;494;494;92;0.91;1580;0.70;0.70
62648;No;494;494;92;0.91;1585;0.69;0.70
62686;No;494;494;92;0.91;1590;0.70;0.70
62753;No;494;494;92;0.91;1595;0.70;0.70
62809;No;494;494;92;0.91;1600;0.70;0.71
62852;No;494;494;92;0.91;1606;0.70;0.71
62890;No;494;494;92;0.91;1611;0.70;0.71
62929;No;494;494;92;0.91;1616;0.71;0.71
62969;No;494;495;92;0.91;1622;0.71;0.72
63013;No;494;495;92;0.91;1624;0.71;0.72
63029;No;495;495;92;0.91;1626;0.71;0.72
63068;No;495;495;92;0.91;1629;0.71;0.72
63118;No;495;495;92;0.91;1631;0.71;0.72
63166;No;495;495;92;0.91;1634;0.71;0.72
63209;No;495;495;92;0.91;1636;0.71;0.72
63249;No;495;495;92;0.91;1638;0.71;0.72
63287;No;495;495;92;0.91;1641;0.71;0.72
63329;No;496;496;92;0.91;1644;0.71;0.72
63368;No;496;496;92;0.91;1647;0.71;0.72
63418;No;496;496;92;0.91;1650;0.71;0.72
63457;No;496;496;92;0.91;1654;0.71;0.71
63497;No;496;496;92;0.91;1657;0.70;0.71
63541;No;496;496;92;0.91;1660;0.70;0.71
63582;No;496;496;92;0.91;1664;0.70;0.71
63599;No;496;496;92;0.91;1667;0.70;0.71
63638;No;496;496;92;0.91;1659;0.70;0.71
63711;No;496;496;92;0.91;1652;0.70;0.70
63750;No;497;496;92;0.91;1644;0.70;0.71
63790;No;497;497;92;0.91;1636;0.70;0.71
63808;No;497;497;92;0.91;1629;0.70;0.71
63849;No;497;497;92;0.91;1621;0.71;0.71
63868;No;497;497;92;0.91;1614;0.71;0.72
63909;No;497;497;92;0.91;1606;0.71;0.72
63948;No;497;497;92;0.91;1583;0.71;0.72
64011;No;497;497;92;0.91;1561;0.71;0.72
64057;No;497;497;92;0.91;1538;0.71;0.72
64095;No;498;497;92;0.91;1516;0.71;0.72
64109;No;498;498;92;0.91;1494;0.71;0.72
64149;No;498;498;92;0.91;1471;0.71;0.72
64190;No;498;498;92;0.91;1449;0.71;0.72
64229;No;498;498;92;0.91;1426;0.71;0.72
64269;No;498;498;92;0.91;1430;0.71;0.71
64318;No;498;498;92;0.91;1433;0.71;0.71
64357;No;498;498;92;0.91;1436;0.71;0.71
64378;No;498;498;92;0.91;1440;0.71;0.70
64419;No;498;498;92;0.91;1443;0.71;0.69
64457;No;498;498;92;0.91;1446;0.71;0.68
64522;No;499;499;92;0.91;1450;0.71;0.67
64565;No;499;499;92;0.91;1453;0.71;0.67
64623;No;499;499;92;0.91;1450;0.70;0.66
64661;No;499;499;92;0.91;1447;0.71;0.65
64683;No;499;499;92;0.91;1444;0.71;0.65
64723;No;499;499;92;0.91;1441;0.71;0.65
64741;No;499;499;92;0.91;1438;0.71;0.66
64779;No;499;500;92;0.91;1434;0.71;0.66
64818;No;500;500;92;0.91;1431;0.71;0.66
64856;No;500;500;92;0.91;1428;0.71;0.66
64914;No;500;500;92;0.91;1402;0.71;0.66
64954;No;500;500;92;0.91;1376;0.71;0.67
64994;No;500;500;92;0.92;1350;0.71;0.67
65009;No;500;500;92;0.92;1324;0.71;0.67
65049;No;500;500;92;0.92;1298;0.71;0.67
65090;No;500;500;92;0.92;1272;0.71;0.67
65130;No;500;501;92;0.92;1247;0.71;0.67
65171;No;500;501;92;0.92;1221;0.71;0.67
65218;No;501;501;92;0.92;1218;0.71;0.67
65258;No;501;501;92;0.92;1215;0.71;0.67
65279;No;501;501;92;0.92;1212;0.71;0.67
65319;No;501;501;92;0.92;1210;0.71;0.67
65361;No;501;501;92;0.92;1207;0.71;0.67
65402;No;501;501;92;0.92;1204;0.71;0.67
65441;No;501;501;92;0.92;1201;0.71;0.66
65514;No;501;502;92;0.92;1198;0.71;0.66
65559;No;502;502;92;0.92;1186;0.71;0.66
65601;No;502;502;93;0.92;1174;0.71;0.66
65642;No;502;502;93;0.92;1162;0.71;0.65
65680;No;502;502;93;0.91;1149;0.71;0.65
65720;No;502;502;93;0.91;1137;0.71;0.65
65765;No;502;502;93;0.91;1124;0.71;0.65
65811;No;502;502;93;0.91;1112;0.71;0.65
65858;No;502;502;93;0.91;1100;0.71;0.64
65896;No;502;502;93;0.91;1098;0.70;0.64
65909;No;502;502;93;0.91;1096;0.70;0.64
65952;No;502;502;93;0.91;1095;0.70;0.64
65969;No;502;502;93;0.91;1093;0.70;0.65
66013;No;502;502;93;0.91;1091;0.70;0.65
66029;No;502;502;93;0.91;1090;0.70;0.66
66109;No;502;502;93;0.91;1088;0.70;0.66
66154;No;502;502;93;0.91;1086;0.70;0.67
66199;No;502;502;93;0.91;1087;0.70;0.67
66239;No;502;502;93;0.91;1088;0.70;0.67
66279;No;503;502;93;0.92;1088;0.70;0.67
66318;No;503;503;93;0.92;1089;0.70;0.67
66362;No;503;503;93;0.92;1089;0.70;0.67
66409;No;503;503;93;0.92;1090;0.70;0.67
66449;No;503;503;93;0.92;1090;0.70;0.67
66488;No;503;503;93;0.92;1091;0.70;0.67
66529;No;503;503;93;0.92;1091;0.70;0.67
66578;No;503;503;93;0.92;1090;0.70;0.67
66619;No;503;503;93;0.92;1090;0.70;0.67
66658;No;503;503;93;0.92;1090;0.70;0.67
66709;No;503;503;93;0.92;1090;0.70;0.67
66751;No;503;503;93;0.92;1090;0.70;0.67
66795;No;503;503;93;0.92;1089;0.70;0.67
66808;No;503;503;93;0.92;1089;0.70;0.67
66847;No;503;503;93;0.92;1088;0.70;0.67
66888;No;503;503;93;0.92;1088;0.70;0.67
66932;No;503;503;93;0.92;1087;0.70;0.67
67009;No;503;503;93;0.92;1086;0.70;0.67
67051;No;503;503;93;0.92;1086;0.70;0.67
67092;No;503;503;93;0.92;1085;0.70;0.67
67107;No;503;503;93;0.92;1084;0.70;0.67
67148;No;503;503;93;0.92;1084;0.70;0.67
67168;No;503;503;93;0.92;1084;0.70;0.67
67209;No;503;503;93;0.92;1084;0.70;0.67
67248;No;503;503;93;0.92;1084;0.70;0.67
67294;No;503;503;93;0.92;1084;0.70;0.67
67367;No;503;503;93;0.92;1084;0.70;0.67
67413;No;503;503;93;0.92;1085;0.70;0.67
67454;No;503;503;93;0.92;1085;0.70;0.67
67468;No;503;503;93;0.92;1085;0.70;0.67
67508;No;503;503;93;0.92;1084;0.70;0.67
67548;No;503;503;93;0.92;1084;0.70;0.67
67593;No;503;503;93;0.92;1083;0.70;0.67
67645;No;503;503;93;0.92;1083;0.70;0.67
67692;No;503;503;93;0.92;1082;0.70;0.67
67731;No;503;503;93;0.92;1081;0.70;0.67
67771;No;503;503;93;0.92;1081;0.70;0.67
67815;No;504;503;93;0.92;1080;0.70;0.67
67829;No;504;504;93;0.92;1075;0.69;0.67
67869;No;504;504;93;0.92;1070;0.69;0.67
67907;No;504;504;93;0.92;1065;0.69;0.67
67979;No;504;504;93;0.92;1060;0.69;0.67
68023;No;504;504;93;0.92;1055;0.69;0.67
68068;No;504;504;93;0.92;1050;0.69;0.67
68108;No;504;504;93;0.92;1045;0.69;0.67
68147;No;504;504;93;0.92;1040;0.69;0.67
68188;No;504;504;93;0.92;1030;0.69;0.67
68243;No;504;504;93;0.92;1020;0.69;0.67
68285;No;504;504;93;0.92;1010;0.69;0.67
68325;No;504;504;93;0.91;1000;0.69;0.67
68391;No;504;504;93;0.91;990;0.69;0.67
68430;No;504;504;93;0.91;980;0.69;0.67
68480;No;504;504;93;0.91;970;0.69;0.67
68545;No;504;504;93;0.91;960;0.69;0.67
68586;No;504;504;93;0.91;952;0.69;0.67
68618;No;504;504;94;0.91;944;0.69;0.67
68662;No;504;504;94;0.91;936;0.69;0.67
68706;No;504;504;94;0.91;928;0.69;0.67
68747;No;504;504;94;0.91;920;0.69;0.67
68787;No;504;504;94;0.91;912;0.69;0.67
68844;No;504;504;94;0.91;904;0.69;0.67
68890;No;504;504;94;0.91;895;0.69;0.67
68909;No;504;504;94;0.91;891;0.69;0.67
68948;No;504;504;94;0.91;888;0.69;0.67
68988;No;504;504;94;0.91;884;0.69;0.67
69027;No;504;504;94;0.91;880;0.69;0.67
69069;No;504;504;94;0.91;876;0.69;0.67
69089;No;504;504;94;0.91;872;0.69;0.67
69146;No;504;504;94;0.91;868;0.69;0.67
69186;No;504;504;94;0.91;864;0.69;0.67
69208;No;504;504;94;0.91;854;0.69;0.67
69249;No;504;504;94;0.91;844;0.69;0.67
69268;No;504;504;94;0.91;834;0.69;0.67
69308;No;504;504;94;0.91;824;0.69;0.67
69349;No;504;504;94;0.91;814;0.69;0.67
69388;No;504;504;94;0.91;804;0.69;0.67
69446;No;504;504;94;0.91;794;0.69;0.67
69491;No;504;504;94;0.91;784;0.69;0.67
69508;No;504;504;94;0.91;779;0.69;0.67
69554;No;504;504;94;0.91;773;0.69;0.67
69568;No;504;504;94;0.91;768;0.69;0.67
69615;No;504;504;94;0.91;762;0.69;0.67
69628;No;504;504;94;0.91;756;0.69;0.67
69669;No;504;504;94;0.91;751;0.69;0.67
69708;No;504;504;94;0.91;745;0.69;0.67
69778;No;504;504;94;0.91;740;0.69;0.67
69821;No;504;504;94;0.91;734;0.69;0.67
69841;No;504;504;94;0.91;728;0.70;0.67
69896;No;504;504;94;0.91;722;0.70;0.67
69936;No;504;504;94;0.91;716;0.70;0.67
69973;No;504;504;94;0.91;711;0.70;0.67
69989;No;504;504;94;0.91;705;0.70;0.67
70046;No;504;504;94;0.91;699;0.70;0.67
70086;No;504;504;94;0.91;694;0.70;0.67
70126;No;504;504;94;0.91;690;0.70;0.67
70189;No;504;504;94;0.91;686;0.70;0.67
70229;No;504;504;94;0.91;682;0.70;0.67
70280;No;504;504;94;0.91;679;0.70;0.67
70348;No;504;504;94;0.91;675;0.70;0.67
70388;No;504;504;94;0.91;672;0.70;0.67
70428;No;504;504;94;0.91;668;0.70;0.67
70470;No;504;504;94;0.91;664;0.70;0.67
70515;No;504;504;94;0.91;666;0.69;0.67
70527;No;504;504;94;0.91;667;0.69;0.67
70568;No;504;504;94;0.91;669;0.69;0.67
70607;No;504;504;94;0.91;670;0.69;0.67
70686;No;504;504;94;0.91;672;0.69;0.67
70709;No;504;504;94;0.91;674;0.69;0.67
70751;No;504;504;94;0.91;675;0.69;0.67
70790;No;504;504;94;0.91;676;0.69;0.67
70837;No;503;504;94;0.91;676;0.69;0.67
70875;No;503;503;94;0.91;676;0.69;0.67
70888;No;503;503;94;0.91;676;0.69;0.67
70947;No;503;503;94;0.91;676;0.69;0.67
70988;No;503;503;94;0.91;676;0.69;0.67
71029;No;503;503;94;0.91;676;0.69;0.67
71069;No;503;503;94;0.91;676;0.69;0.67
71113;No;503;503;94;0.91;676;0.69;0.67
71130;No;503;503;94;0.91;677;0.69;0.67
71178;No;503;503;94;0.91;678;0.69;0.67
71248;No;503;503;94;0.91;679;0.69;0.67
71287;No;503;503;94;0.91;680;0.69;0.67
71328;No;503;503;94;0.91;682;0.69;0.67
71369;No;503;503;94;0.91;683;0.69;0.67
71407;No;503;503;94;0.91;684;0.69;0.67
71448;No;503;503;94;0.91;685;0.69;0.67
71547;No;503;503;94;0.91;686;0.69;0.67
71586;No;503;503;94;0.91;686;0.69;0.67
71608;No;503;503;94;0.91;686;0.69;0.67
71649;No;503;503;94;0.91;686;0.69;0.67
71688;No;503;503;94;0.91;686;0.69;0.67
71728;No;503;503;94;0.91;687;0.69;0.67
71769;No;503;503;94;0.91;687;0.69;0.67
71808;No;503;503;94;0.91;687;0.69;0.67
71881;No;503;503;94;0.91;687;0.69;0.67
71920;No;503;503;94;0.91;686;0.69;0.67
71958;No;503;503;94;0.91;686;0.69;0.67
72005;No;503;503;94;0.91;686;0.69;0.67
72044;No;503;503;94;0.91;686;0.69;0.67
72110;No;503;503;94;0.91;685;0.69;0.67
72180;No;503;503;94;0.91;685;0.69;0.67
72221;No;503;503;94;0.91;684;0.69;0.67
72260;No;503;503;94;0.91;683;0.69;0.67
72298;No;503;503;94;0.91;682;0.69;0.67
72338;No;503;503;94;0.91;681;0.69;0.67
72380;No;503;503;94;0.91;680;0.69;0.67
72467;No;503;503;94;0.91;679;0.69;0.67
72506;No;503;503;94;0.91;678;0.69;0.67
72548;No;503;503;94;0.91;676;0.69;0.67
72587;No;503;503;94;0.91;675;0.69;0.67
72629;No;503;503;94;0.91;675;0.69;0.67
72674;No;503;503;94;0.91;675;0.69;0.67
72689;No;503;503;94;0.91;675;0.69;0.67
72748;No;503;503;94;0.91;675;0.69;0.67
72789;No;503;503;94;0.91;675;0.69;0.67
72829;No;503;503;94;0.91;675;0.69;0.67
72874;No;503;503;94;0.91;675;0.69;0.67
72913;No;503;503;94;0.91;675;0.69;0.67
72927;No;503;503;94;0.91;675;0.69;0.67
72975;No;503;503;94;0.91;674;0.69;0.67
72988;No;503;503;94;0.91;674;0.69;0.67
73047;No;503;503;94;0.91;674;0.69;0.67
73087;No;503;503;94;0.91;674;0.69;0.67
73127;No;503;503;94;0.91;674;0.69;0.67
73166;No;503;503;94;0.91;674;0.69;0.67
73206;No;503;502;94;0.91;674;0.69;0.67
73250;No;502;502;94;0.91;674;0.69;0.67
73288;No;502;502;94;0.91;674;0.69;0.67
73346;No;502;502;94;0.91;675;0.69;0.67
73386;No;502;502;94;0.91;675;0.69;0.67
73427;No;502;502;94;0.91;676;0.69;0.67
73471;No;502;502;94;0.91;676;0.69;0.67
73512;No;502;502;94;0.91;676;0.69;0.67
73529;No;502;502;94;0.91;677;0.69;0.67
73569;No;502;502;94;0.91;676;0.69;0.67
73609;No;502;502;94;0.91;676;0.70;0.67
73684;No;502;502;94;0.91;675;0.70;0.67
73736;No;502;502;94;0.91;674;0.70;0.67
73776;No;502;502;94;0.91;674;0.70;0.67
73817;No;502;502;94;0.91;673;0.70;0.67
73883;No;502;502;94;0.91;672;0.70;0.67
73946;No;502;502;94;0.91;672;0.70;0.67
73987;No;502;502;94;0.91;666;0.70;0.67
74025;No;502;502;94;0.91;659;0.71;0.67
74091;No;502;502;94;0.91;653;0.71;0.67
74129;No;502;502;94;0.91;647;0.71;0.67
74180;No;502;502;94;0.91;641;0.71;0.67
74248;No;502;502;94;0.91;634;0.71;0.67
74287;No;502;502;94;0.91;628;0.71;0.67
74326;No;502;502;94;0.91;622;0.71;0.67
74366;No;502;502;94;0.91;617;0.71;0.67
74414;No;502;502;94;0.91;612;0.71;0.67
74428;No;502;502;93;0.91;608;0.71;0.67
74469;No;502;502;93;0.91;603;0.71;0.67
74509;No;502;502;93;0.91;598;0.71;0.67
74586;No;502;502;93;0.91;594;0.71;0.67
74608;No;502;502;93;0.91;589;0.71;0.67
74648;No;502;502;93;0.91;584;0.71;0.67
74688;No;502;502;93;0.91;584;0.71;0.67
74729;No;502;502;93;0.91;584;0.71;0.67
74770;No;502;502;93;0.91;584;0.71;0.67
74788;No;502;502;93;0.91;584;0.72;0.67
74848;No;502;502;93;0.91;583;0.72;0.67
74888;No;502;502;93;0.91;583;0.72;0.67
74908;No;502;502;93;0.91;583;0.72;0.67
74946;No;502;502;93;0.91;583;0.72;0.67
74968;No;502;502;93;0.91;585;0.72;0.67
75016;No;502;502;93;0.91;587;0.72;0.67
75029;No;502;502;93;0.91;589;0.72;0.67
75070;No;502;502;93;0.91;591;0.72;0.67
75110;No;502;502;93;0.91;593;0.72;0.67
75184;No;502;502;93;0.91;595;0.72;0.67
75224;No;502;502;93;0.91;597;0.73;0.67
75269;No;502;502;93;0.91;599;0.73;0.67
75309;No;502;502;93;0.91;597;0.73;0.67
75349;No;502;502;93;0.91;596;0.73;0.67
75393;No;501;502;93;0.91;594;0.73;0.67
75448;No;501;501;93;0.91;592;0.73;0.67
75489;No;501;501;93;0.91;590;0.73;0.67
75508;No;501;501;93;0.91;589;0.73;0.67
75548;No;501;501;93;0.91;587;0.74;0.67
75567;No;501;501;93;0.91;586;0.74;0.67
75614;No;501;501;93;0.91;587;0.74;0.67
75628;No;501;501;93;0.91;588;0.74;0.67
75670;No;501;501;93;0.91;589;0.74;0.67
75709;No;501;501;93;0.91;590;0.74;0.67
75787;No;501;501;93;0.91;591;0.74;0.67
75826;No;501;501;93;0.91;592;0.74;0.67
75891;No;501;501;93;0.91;594;0.75;0.67
75931;No;501;501;93;0.91;595;0.75;0.67
75970;No;501;501;93;0.91;594;0.75;0.67
76046;No;501;501;93;0.91;592;0.75;0.67
76087;No;501;501;93;0.91;591;0.75;0.67
76129;No;501;501;93;0.90;590;0.75;0.67
76170;No;501;501;93;0.90;589;0.75;0.67
76213;No;501;501;93;0.90;588;0.75;0.67
76227;No;501;501;93;0.90;587;0.76;0.67
76266;No;501;501;93;0.90;586;0.76;0.67
76299;No;501;501;93;0.90;586;0.76;0.67
76347;No;501;501;93;0.90;587;0.76;0.67
76392;No;501;501;93;0.90;587;0.76;0.67
76408;No;501;501;93;0.90;588;0.76;0.67
76447;No;501;501;93;0.90;588;0.76;0.67
76486;No;501;501;93;0.90;589;0.76;0.67
76526;No;501;501;93;0.90;590;0.76;0.67
76566;No;501;501;93;0.90;590;0.76;0.67
76609;No;501;501;93;0.90;589;0.76;0.67
76681;No;501;501;93;0.90;589;0.76;0.67
76720;No;501;501;93;0.90;588;0.76;0.67
76790;No;501;501;93;0.90;588;0.76;0.67
76829;No;501;501;93;0.90;587;0.77;0.67
76873;No;501;501;93;0.90;586;0.77;0.67
76889;No;501;501;93;0.90;586;0.77;0.67
76947;No;501;501;93;0.90;585;0.77;0.67
76989;No;501;501;93;0.90;585;0.77;0.67
77028;No;501;501;93;0.90;585;0.77;0.67
77074;No;500;501;93;0.90;585;0.77;0.67
77113;No;500;500;93;0.90;585;0.77;0.67
77157;No;500;500;93;0.90;585;0.77;0.67
77199;No;500;500;93;0.90;585;0.77;0.67
77247;No;500;500;93;0.90;586;0.77;0.67
77291;No;500;500;93;0.90;586;0.77;0.67
77308;No;500;500;93;0.90;584;0.77;0.67
77347;No;500;500;93;0.90;584;0.77;0.67
77387;No;500;500;93;0.90;582;0.77;0.67
77450;No;500;500;93;0.90;582;0.77;0.67
77495;No;500;500;93;0.90;580;0.78;0.67
77546;No;500;500;93;0.90;580;0.78;0.67
77607;No;500;500;93;0.90;578;0.78;0.67
77648;No;500;500;93;0.90;578;0.78;0.67
77688;No;500;500;93;0.90;583;0.78;0.67
77732;No;500;500;93;0.90;588;0.78;0.67
77772;No;500;500;93;0.90;594;0.78;0.67
77811;No;500;500;93;0.90;599;0.78;0.67
77880;No;500;500;93;0.90;604;0.78;0.67
77920;No;500;500;93;0.90;610;0.78;0.67
77937;No;500;500;93;0.90;615;0.79;0.67
77979;No;500;500;93;0.90;620;0.79;0.67
78017;No;500;500;93;0.90;618;0.79;0.67
78081;No;500;500;93;0.90;614;0.79;0.67
78146;No;500;500;93;0.90;612;0.79;0.67
78187;No;500;500;93;0.90;609;0.79;0.67
78225;No;500;500;93;0.90;606;0.79;0.67
78290;No;500;500;93;0.90;603;0.79;0.67
78330;No;500;500;93;0.90;600;0.79;0.67
78369;No;500;500;93;0.90;597;0.79;0.67
78415;No;499;500;93;0.90;592;0.79;0.67
78480;No;499;499;93;0.90;588;0.79;0.67
78521;No;499;499;93;0.90;584;0.79;0.67
78540;No;499;499;93;0.90;580;0.79;0.67
78578;No;499;499;93;0.90;576;0.79;0.67
78619;No;499;499;93;0.90;571;0.79;0.67
78659;No;499;499;93;0.90;567;0.79;0.67
78700;No;499;499;93;0.90;563;0.79;0.67
78746;No;499;499;93;0.90;564;0.79;0.67
78787;No;499;499;93;0.90;566;0.79;0.67
78826;No;499;499;93;0.90;568;0.79;0.67
78887;No;499;499;93;0.90;569;0.79;0.67
78934;No;499;499;93;0.90;571;0.79;0.67
78973;No;499;499;93;0.90;572;0.79;0.67
78987;No;499;499;93;0.90;574;0.80;0.67
79047;No;499;499;93;0.90;576;0.80;0.67
79087;No;499;499;93;0.90;573;0.80;0.67
79127;No;499;499;93;0.90;571;0.80;0.67
79139;No;499;499;93;0.90;568;0.80;0.67
79179;No;499;499;93;0.90;566;0.80;0.67
79222;No;499;499;93;0.90;564;0.80;0.67
79266;No;499;499;93;0.90;561;0.80;0.67
79305;No;499;499;93;0.90;559;0.80;0.67
79379;No;499;499;93;0.90;556;0.80;0.67
79418;No;499;499;93;0.90;559;0.80;0.67
79460;No;499;499;93;0.90;562;0.80;0.67
79499;No;499;499;93;0.90;565;0.80;0.67
79538;No;498;498;93;0.90;568;0.80;0.67
79578;No;498;498;93;0.90;570;0.80;0.67
79647;No;498;498;93;0.90;573;0.80;0.67
79693;No;498;498;93;0.90;576;0.80;0.67
79710;No;498;498;93;0.90;579;0.80;0.67
79749;No;498;498;93;0.90;579;0.80;0.67
79792;No;498;498;93;0.90;580;0.80;0.67
79841;No;498;498;93;0.90;580;0.80;0.67
79881;No;498;498;93;0.90;580;0.80;0.67
79948;No;498;498;93;0.90;581;0.80;0.67
79986;No;498;498;93;0.90;581;0.80;0.67
80026;No;498;498;93;0.90;582;0.80;0.67
80039;No;498;498;93;0.90;582;0.80;0.67
80078;No;498;498;93;0.90;582;0.80;0.67
80136;No;498;498;93;0.90;582;0.80;0.67
80175;No;498;498;93;0.90;582;0.80;0.67
80247;No;498;498;93;0.90;582;0.80;0.67
80291;No;498;498;93;0.90;582;0.80;0.67
80329;No;498;498;93;0.90;582;0.80;0.67
80369;No;498;498;93;0.90;581;0.80;0.67
80409;No;498;498;93;0.90;581;0.80;0.67
80448;No;498;498;93;0.90;581;0.80;0.67
80493;No;498;498;93;0.90;580;0.80;0.67
80546;No;498;498;93;0.90;580;0.80;0.67
80585;No;498;498;93;0.90;580;0.80;0.67
80609;No;498;498;93;0.90;580;0.80;0.67
80649;No;498;498;93;0.90;579;0.80;0.67
80670;No;498;498;93;0.90;579;0.81;0.67
80709;No;498;498;93;0.90;578;0.81;0.67
80749;No;498;498;93;0.90;578;0.81;0.67
80788;No;498;498;93;0.90;577;0.81;0.67
80847;No;498;498;93;0.90;577;0.81;0.67
80892;No;498;498;93;0.90;576;0.81;0.67
80913;No;498;498;93;0.90;576;0.81;0.67
80952;No;498;498;93;0.90;575;0.81;0.67
80968;No;497;498;93;0.90;575;0.81;0.67
81008;No;497;497;93;0.90;574;0.81;0.67
81029;No;497;497;93;0.90;576;0.81;0.67
81070;No;497;497;93;0.90;576;0.81;0.67
81109;No;497;497;93;0.90;578;0.81;0.67
81180;No;497;497;93;0.90;579;0.81;0.67
81219;No;497;497;93;0.90;580;0.81;0.67
81239;No;497;497;93;0.90;581;0.81;0.67
81284;No;497;497;93;0.90;582;0.81;0.67
81350;No;497;497;93;0.90;583;0.81;0.67
81389;No;497;497;93;0.90;582;0.81;0.67
81459;No;497;497;93;0.90;580;0.81;0.67
81480;No;497;497;93;0.90;578;0.81;0.68
81523;No;497;497;93;0.90;576;0.81;0.68
81561;No;497;497;93;0.90;574;0.81;0.68
81600;No;497;497;93;0.90;572;0.81;0.68
81641;No;497;497;93;0.90;570;0.81;0.68
81659;No;497;497;93;0.90;568;0.81;0.68
81700;No;497;497;93;0.90;571;0.81;0.68
81747;No;497;497;93;0.90;574;0.81;0.68
81787;No;497;497;93;0.90;576;0.81;0.68
81810;No;497;497;93;0.90;578;0.81;0.68
81852;No;497;497;93;0.90;581;0.81;0.68
81868;No;497;497;93;0.90;583;0.81;0.68
81908;No;497;497;93;0.90;586;0.81;0.68
81949;No;497;497;93;0.90;588;0.81;0.68
81988;No;497;497;93;0.90;588;0.81;0.68
82047;No;497;497;93;0.90;587;0.81;0.67
82086;No;496;497;93;0.90;587;0.81;0.67
82109;No;496;496;93;0.90;586;0.81;0.67
82158;No;496;496;93;0.90;586;0.81;0.67
82198;No;496;496;93;0.90;586;0.81;0.67
82237;No;496;496;93;0.90;585;0.81;0.67
82276;No;496;496;93;0.90;584;0.81;0.67
82290;No;496;496;93;0.90;584;0.81;0.67
82347;No;496;496;93;0.90;584;0.81;0.67
82386;No;496;496;93;0.90;584;0.81;0.67
82427;No;496;496;93;0.90;584;0.81;0.67
82492;No;496;496;93;0.90;584;0.81;0.67
82538;No;496;496;93;0.90;584;0.81;0.67
82577;No;496;496;93;0.90;584;0.81;0.67
82589;No;496;496;93;0.90;583;0.81;0.67
82646;No;496;496;93;0.90;584;0.81;0.67
82696;No;496;496;93;0.90;585;0.81;0.67
82762;No;496;496;93;0.90;586;0.81;0.67
82801;No;496;496;93;0.90;586;0.81;0.67
82840;No;496;496;93;0.90;587;0.81;0.67
82880;No;496;496;93;0.90;588;0.81;0.67
82946;No;496;496;93;0.90;589;0.81;0.67
82987;No;496;496;93;0.90;590;0.81;0.67
83026;No;496;496;93;0.90;588;0.81;0.67
83040;No;496;496;93;0.90;587;0.81;0.67
83080;No;496;496;93;0.90;585;0.81;0.67
83119;No;496;496;93;0.90;584;0.81;0.67
83159;No;496;496;93;0.90;582;0.81;0.67
83200;No;496;496;93;0.90;581;0.81;0.67
83247;No;496;496;93;0.90;580;0.81;0.67
83292;No;496;496;93;0.90;578;0.81;0.67
83308;No;496;496;93;0.90;578;0.81;0.67
83347;No;496;496;93;0.90;578;0.81;0.67
83388;No;495;496;93;0.90;578;0.81;0.67
83428;No;495;495;93;0.90;578;0.81;0.67
83468;No;495;495;93;0.90;577;0.81;0.67
83507;No;495;495;93;0.90;577;0.81;0.67
83580;No;495;495;93;0.90;577;0.81;0.67
83620;No;495;495;93;0.90;577;0.81;0.67
83639;No;495;495;93;0.90;576;0.81;0.67
83679;No;495;495;93;0.90;574;0.81;0.67
83717;No;495;495;93;0.90;574;0.81;0.68
83782;No;495;495;93;0.90;572;0.81;0.68
83847;No;495;495;93;0.90;571;0.81;0.68
83887;No;495;495;93;0.90;570;0.81;0.68
83926;No;495;495;93;0.90;569;0.81;0.68
83976;No;495;495;93;0.90;568;0.81;0.68
84016;No;495;495;93;0.90;568;0.81;0.68
84060;No;495;495;93;0.90;569;0.81;0.68
84101;No;495;495;93;0.90;570;0.81;0.68
84146;No;495;495;93;0.90;570;0.81;0.68
84185;No;495;495;93;0.90;571;0.81;0.68
84226;No;495;495;93;0.90;572;0.81;0.68
84239;No;495;495;93;0.90;572;0.81;0.68
84278;No;495;495;93;0.90;573;0.81;0.68
84317;No;495;495;93;0.90;574;0.81;0.68
84358;No;495;495;93;0.90;574;0.81;0.67
84402;No;495;495;93;0.90;574;0.81;0.67
84448;No;495;495;93;0.90;574;0.81;0.67
84492;No;495;495;93;0.90;574;0.81;0.67
84508;No;495;495;93;0.90;574;0.81;0.67
84547;No;494;495;93;0.90;575;0.81;0.67
84588;No;494;494;93;0.90;575;0.81;0.67
84634;No;494;494;93;0.90;574;0.81;0.67
84673;No;494;494;93;0.90;574;0.81;0.67
84689;No;494;494;93;0.90;573;0.81;0.67
84746;No;494;494;93;0.90;572;0.81;0.67
84785;No;494;494;93;0.90;572;0.81;0.67
84825;No;494;494;93;0.90;571;0.81;0.67
84839;No;494;494;93;0.90;570;0.81;0.67
84880;No;494;494;93;0.90;570;0.81;0.67
84923;No;494;494;93;0.90;571;0.81;0.67
84962;No;494;494;93;0.90;572;0.81;0.67
85002;No;494;494;93;0.90;574;0.81;0.67
85048;No;494;494;93;0.90;575;0.81;0.67
85087;No;494;494;93;0.90;576;0.81;0.67
85125;No;494;494;93;0.90;578;0.81;0.67
85140;No;494;494;93;0.90;579;0.81;0.67
85179;No;494;494;93;0.90;580;0.81;0.67
85201;No;494;494;93;0.90;579;0.81;0.67
85258;No;494;494;94;0.90;577;0.81;0.67
85296;No;494;494;94;0.90;576;0.81;0.67
85347;No;494;494;94;0.90;574;0.81;0.67
85387;No;494;494;94;0.90;572;0.81;0.67
85408;No;494;494;94;0.90;571;0.81;0.67
85447;No;494;494;94;0.90;570;0.81;0.67
85485;No;494;494;94;0.90;568;0.81;0.67
85500;No;494;494;94;0.90;568;0.81;0.67
85546;No;494;494;94;0.90;568;0.81;0.67
85591;No;494;494;94;0.90;567;0.81;0.67
85647;No;494;494;94;0.90;567;0.81;0.67
85686;No;494;494;94;0.90;566;0.81;0.67
85728;No;494;494;94;0.90;566;0.81;0.67
85769;No;494;494;94;0.90;566;0.81;0.67
85813;No;494;494;94;0.90;566;0.81;0.67
85829;No;494;494;94;0.90;566;0.81;0.67
85869;No;494;494;94;0.90;566;0.81;0.67
85889;No;493;494;94;0.90;567;0.81;0.68
85947;No;493;493;94;0.90;567;0.81;0.68
85992;No;493;493;94;0.90;568;0.81;0.68
86030;No;493;493;94;0.90;568;0.81;0.68
86072;No;493;493;94;0.90;568;0.81;0.68
86111;No;493;493;94;0.90;569;0.81;0.68
86148;No;493;493;94;0.90;568;0.81;0.68
86193;No;493;493;94;0.90;566;0.81;0.68
86246;No;493;493;94;0.90;566;0.81;0.68
86293;No;493;493;94;0.90;564;0.81;0.68
86310;No;493;493;94;0.90;563;0.81;0.68
86349;No;493;493;94;0.90;562;0.81;0.68
86369;No;493;493;94;0.90;561;0.81;0.68
86409;No;493;493;94;0.90;560;0.81;0.68
86447;No;493;493;94;0.90;562;0.81;0.68
86557;No;493;493;94;0.90;564;0.81;0.67
86582;No;493;493;94;0.90;566;0.81;0.67
86624;No;493;493;94;0.90;568;0.81;0.67
86639;No;493;493;94;0.90;569;0.81;0.67
86677;No;493;493;94;0.90;571;0.81;0.67
86716;No;493;493;94;0.90;573;0.81;0.67
86729;No;493;493;94;0.90;575;0.81;0.67
86776;No;493;493;94;0.90;574;0.81;0.67
86789;No;493;493;94;0.90;574;0.81;0.67
86846;No;493;493;94;0.90;573;0.81;0.67
86885;No;493;493;94;0.90;572;0.80;0.67
86926;No;493;493;94;0.90;572;0.80;0.67
86940;No;493;493;94;0.90;571;0.80;0.67
86979;No;493;493;94;0.90;570;0.80;0.67
87019;No;493;493;94;0.90;570;0.80;0.67
87060;No;492;492;94;0.90;570;0.80;0.67
87105;No;492;492;94;0.90;571;0.80;0.67
87187;No;492;492;94;0.90;572;0.80;0.67
87225;No;492;492;94;0.90;572;0.80;0.67
87239;No;492;492;94;0.90;573;0.80;0.67
87279;No;492;492;94;0.90;573;0.80;0.67
87321;No;492;492;94;0.90;574;0.80;0.67
87360;No;492;492;94;0.90;574;0.80;0.67
87399;No;492;492;94;0.90;574;0.80;0.67
87446;No;492;492;94;0.90;574;0.80;0.67
87491;No;492;492;94;0.90;574;0.80;0.67
87531;No;492;492;94;0.90;574;0.80;0.67
87572;No;492;492;94;0.90;573;0.80;0.67
87611;No;492;492;94;0.90;573;0.80;0.67
87651;No;492;492;94;0.90;572;0.80;0.67
87690;No;492;492;94;0.90;572;0.80;0.67
87747;No;492;492;94;0.90;572;0.80;0.67
87786;No;492;492;94;0.90;571;0.80;0.67
87818;No;492;492;94;0.90;570;0.80;0.67
87840;No;492;492;94;0.90;570;0.80;0.67
87878;No;492;492;94;0.90;569;0.80;0.67
87918;No;492;492;94;0.90;568;0.80;0.67
87958;No;492;492;94;0.90;568;0.81;0.67
87999;No;492;492;94;0.90;567;0.81;0.67
88022;No;492;492;94;0.90;568;0.81;0.67
88063;No;492;492;94;0.90;569;0.81;0.67
88080;No;492;492;94;0.90;570;0.81;0.67
88123;No;492;492;94;0.90;571;0.80;0.67
88173;No;492;492;94;0.90;572;0.80;0.67
88212;No;492;492;94;0.90;573;0.80;0.67
88250;No;491;492;94;0.90;574;0.80;0.67
88296;No;491;491;94;0.90;574;0.80;0.67
88347;No;491;491;94;0.90;575;0.80;0.67
88386;No;491;491;94;0.90;576;0.80;0.67
88426;No;491;491;94;0.90;576;0.80;0.67
88440;No;491;491;94;0.90;576;0.80;0.67
88487;No;491;491;94;0.90;577;0.80;0.67
88529;No;491;491;94;0.90;577;0.80;0.67
88570;No;491;491;94;0.90;578;0.80;0.67
88610;No;491;491;94;0.90;578;0.80;0.67
88680;No;491;491;94;0.90;579;0.80;0.67
88732;No;491;491;94;0.90;580;0.80;0.67
88771;No;491;491;94;0.90;581;0.80;0.67
88808;No;491;491;94;0.90;582;0.80;0.67
88849;No;491;491;94;0.90;583;0.80;0.67
88891;No;491;491;94;0.90;584;0.80;0.67
88946;No;491;491;94;0.90;584;0.80;0.67
88987;No;491;491;94;0.90;586;0.80;0.67
89025;No;491;491;94;0.90;584;0.80;0.67
89039;No;491;491;94;0.90;583;0.80;0.67
89097;No;491;491;94;0.90;581;0.80;0.67
89143;No;491;491;94;0.90;580;0.80;0.67
89159;No;491;491;94;0.90;578;0.80;0.67
89199;No;491;491;94;0.90;577;0.80;0.67
89247;No;491;491;94;0.90;576;0.80;0.67
89293;No;491;491;94;0.90;574;0.80;0.67
89309;No;490;491;94;0.90;574;0.80;0.67
89349;No;490;490;94;0.90;574;0.80;0.67
89388;No;490;490;94;0.90;574;0.80;0.68
89433;No;490;490;94;0.90;574;0.80;0.68
89472;No;490;490;94;0.90;574;0.80;0.68
89489;No;490;490;94;0.90;574;0.80;0.68
89547;No;490;490;94;0.90;574;0.80;0.68
89587;No;490;490;94;0.90;574;0.80;0.68
89619;No;490;490;94;0.90;574;0.80;0.68
89661;No;490;490;94;0.90;574;0.80;0.68
89707;No;490;490;94;0.90;575;0.80;0.68
89746;No;490;490;94;0.90;575;0.80;0.68
89789;No;490;490;94;0.90;575;0.80;0.68
89846;No;490;490;94;0.90;576;0.80;0.68
89887;No;490;490;94;0.90;576;0.80;0.68
89911;No;490;490;94;0.90;576;0.80;0.68
89953;No;490;490;94;0.90;576;0.80;0.68
90000;No;490;490;94;0.90;575;0.80;0.67
90040;No;490;490;94;0.90;575;0.80;0.68
90079;No;490;490;94;0.89;574;0.80;0.68
90147;No;490;490;94;0.89;574;0.80;0.68
90187;No;490;490;94;0.89;574;0.80;0.68
90228;No;490;490;94;0.89;573;0.80;0.68
90267;No;490;490;94;0.89;573;0.80;0.68
90306;No;490;490;94;0.89;573;0.80;0.68
90351;No;490;490;94;0.89;574;0.80;0.68
90447;No;490;490;94;0.90;574;0.80;0.68
90488;No;490;490;94;0.90;574;0.80;0.68
90526;No;490;489;94;0.90;575;0.80;0.68
90592;No;489;489;94;0.90;576;0.80;0.68
90635;No;489;489;94;0.90;576;0.80;0.68
90673;No;489;489;94;0.90;576;0.80;0.68
90689;No;489;489;94;0.90;576;0.80;0.68
90749;No;489;489;94;0.90;576;0.80;0.68
90792;No;489;489;94;0.90;575;0.80;0.68
90845;No;489;489;94;0.90;575;0.80;0.68
90885;No;489;489;94;0.90;574;0.80;0.68
90901;No;489;489;94;0.90;574;0.80;0.68
90941;No;489;489;94;0.90;574;0.80;0.68
90980;No;489;489;94;0.90;573;0.80;0.68
91049;No;489;489;94;0.90;575;0.80;0.68
91089;No;489;489;94;0.90;576;0.80;0.67
91128;No;489;489;94;0.90;578;0.80;0.68
91168;No;489;489;94;0.90;580;0.80;0.68
91214;No;489;489;94;0.90;581;0.80;0.68
91228;No;489;489;94;0.90;583;0.80;0.68
91267;No;489;489;94;0.90;584;0.80;0.68
91308;No;489;489;94;0.90;586;0.80;0.68
91383;No;489;489;94;0.90;584;0.80;0.68
91422;No;489;489;94;0.90;583;0.80;0.68
91438;No;489;489;94;0.90;582;0.80;0.68
91478;No;489;489;94;0.89;580;0.80;0.68
91517;No;489;489;94;0.89;579;0.80;0.68
91564;No;489;489;94;0.89;577;0.80;0.68
91604;No;488;488;94;0.89;576;0.80;0.68
91660;No;488;488;94;0.89;574;0.80;0.68
91679;No;488;488;94;0.89;576;0.80;0.68
91721;No;488;488;94;0.89;577;0.80;0.68
91760;No;488;488;94;0.90;578;0.80;0.68
91801;No;488;488;94;0.90;579;0.80;0.68
91842;No;488;488;94;0.90;580;0.80;0.68
91882;No;488;488;94;0.90;582;0.80;0.68
91950;No;488;488;94;0.90;583;0.80;0.68
91989;No;488;488;94;0.90;584;0.80;0.68
92027;No;488;488;94;0.90;583;0.80;0.68
92067;No;488;488;94;0.90;581;0.80;0.68
92112;No;488;488;94;0.90;580;0.80;0.68
92158;No;488;488;94;0.90;578;0.80;0.68
92198;No;488;488;94;0.90;576;0.80;0.68
92249;No;488;488;94;0.90;574;0.80;0.68
92291;No;488;488;94;0.90;573;0.80;0.68
92330;No;488;488;94;0.90;571;0.80;0.68
92368;No;488;488;94;0.90;573;0.80;0.68
92409;No;488;488;94;0.90;574;0.80;0.68
92447;No;488;488;94;0.90;576;0.80;0.68
92494;No;488;488;94;0.89;578;0.80;0.68
92550;No;488;488;94;0.89;580;0.80;0.68
92589;No;488;488;94;0.89;581;0.80;0.68
92628;No;488;488;94;0.89;583;0.80;0.68
92669;No;488;488;94;0.89;584;0.80;0.68
92711;No;488;488;94;0.89;584;0.80;0.68
92749;No;488;488;94;0.89;582;0.80;0.68
92795;No;488;488;94;0.89;582;0.80;0.68
92849;No;487;487;94;0.89;580;0.80;0.68
92895;No;487;487;94;0.89;580;0.80;0.68
92909;No;487;487;94;0.89;578;0.80;0.68
92968;No;487;487;94;0.89;578;0.80;0.68
93008;No;487;487;94;0.89;576;0.80;0.68
93050;No;487;487;94;0.89;576;0.80;0.68
93090;No;487;487;94;0.89;576;0.80;0.68
93149;No;487;487;94;0.89;576;0.80;0.68
93187;No;487;487;94;0.89;576;0.80;0.68
93231;No;487;487;94;0.89;575;0.80;0.68
93278;No;487;487;94;0.89;575;0.80;0.68
93318;No;487;487;94;0.89;575;0.80;0.68
93357;No;487;487;94;0.89;574;0.80;0.68
93397;No;487;487;94;0.89;576;0.80;0.68
93449;No;487;487;94;0.89;576;0.80;0.68
93487;No;487;487;94;0.89;578;0.80;0.68
93530;No;487;487;94;0.89;578;0.80;0.68
93569;No;487;487;94;0.89;579;0.80;0.68
93610;No;487;487;94;0.89;580;0.80;0.68
93649;No;487;487;94;0.89;581;0.80;0.68
93688;No;487;487;94;0.89;582;0.80;0.68
93749;No;487;487;94;0.89;582;0.80;0.68
93787;No;487;487;94;0.89;582;0.80;0.68
93809;No;486;487;94;0.89;582;0.80;0.68
93847;No;486;486;94;0.89;582;0.80;0.68
93887;No;486;486;94;0.89;582;0.80;0.68
93934;No;486;486;94;0.89;582;0.80;0.68
93974;No;486;486;94;0.89;582;0.80;0.68
93991;No;486;486;94;0.89;582;0.80;0.68
94049;No;486;486;94;0.89;583;0.80;0.68
94088;No;486;486;94;0.89;584;0.80;0.68
94109;No;486;486;94;0.89;585;0.80;0.68
94154;No;486;486;94;0.89;586;0.79;0.68
94168;No;486;486;94;0.89;588;0.79;0.68
94216;No;486;486;94;0.89;589;0.79;0.68
94228;No;486;486;94;0.89;590;0.79;0.68
94273;No;486;486;94;0.89;591;0.79;0.68
94312;No;486;486;94;0.89;589;0.79;0.68
94382;No;486;486;94;0.89;586;0.79;0.68
94421;No;486;486;94;0.89;584;0.79;0.68
94462;No;486;486;94;0.89;582;0.79;0.68
94511;No;486;486;94;0.89;580;0.79;0.68
94550;No;486;486;94;0.89;577;0.79;0.68
94588;No;486;486;94;0.89;575;0.79;0.68
94659;No;486;486;94;0.89;572;0.79;0.68
94698;No;486;486;94;0.89;574;0.79;0.68
94743;No;486;486;94;0.89;576;0.79;0.68
94781;No;486;486;94;0.89;578;0.79;0.68
94820;No;486;486;94;0.89;579;0.79;0.68
94859;No;486;486;94;0.89;581;0.79;0.68
94903;No;486;486;94;0.89;582;0.79;0.68
94950;No;486;486;94;0.89;584;0.80;0.68
94989;No;486;486;94;0.89;586;0.80;0.68
95028;No;486;486;94;0.89;588;0.80;0.68
95069;No;486;486;94;0.89;590;0.80;0.68
95107;No;485;486;94;0.89;592;0.80;0.68
95129;No;485;485;94;0.89;594;0.80;0.68
95167;No;485;485;94;0.89;595;0.80;0.68
95211;No;485;485;94;0.89;597;0.80;0.68
95289;No;485;485;94;0.89;599;0.80;0.68
95328;No;485;485;94;0.89;601;0.80;0.68
95367;No;485;485;94;0.89;602;0.80;0.68
95408;No;485;485;94;0.89;602;0.80;0.68
95429;No;485;485;94;0.89;602;0.80;0.68
95469;No;485;485;94;0.89;602;0.80;0.68
95549;No;485;485;94;0.89;603;0.80;0.68
95588;No;485;485;94;0.89;603;0.80;0.68
95630;No;485;485;94;0.89;604;0.80;0.68
95668;No;485;485;94;0.89;604;0.80;0.68
95708;No;485;485;94;0.89;600;0.80;0.68
95746;No;485;485;95;0.89;597;0.80;0.68
95811;No;485;485;95;0.89;594;0.80;0.69
95891;No;485;485;95;0.89;590;0.80;0.69
95932;No;485;485;95;0.89;587;0.80;0.69
95972;No;485;485;95;0.89;584;0.80;0.69
96010;No;485;485;95;0.89;580;0.80;0.69
96052;No;485;485;95;0.89;577;0.80;0.69
96090;No;485;485;95;0.89;577;0.80;0.69
96148;No;485;485;95;0.89;576;0.80;0.69
96188;No;485;485;95;0.89;576;0.80;0.70
96226;No;485;485;95;0.89;575;0.80;0.70
96272;No;485;485;95;0.89;574;0.80;0.70
96312;No;485;485;95;0.89;574;0.80;0.70
96350;No;484;485;95;0.89;574;0.80;0.70
96389;No;484;484;95;0.89;573;0.80;0.71
96449;No;484;484;95;0.89;572;0.80;0.71
96489;No;484;484;95;0.89;572;0.80;0.71
96529;No;484;484;95;0.89;571;0.80;0.71
96569;No;484;484;95;0.89;571;0.80;0.71
96609;No;484;484;95;0.89;570;0.80;0.71
96629;No;484;484;95;0.89;570;0.80;0.71
96669;No;484;484;95;0.89;569;0.80;0.71
96708;No;484;484;95;0.89;568;0.80;0.71
96781;No;484;484;95;0.89;569;0.80;0.71
96822;No;484;484;95;0.89;569;0.80;0.71
96861;No;484;484;95;0.89;569;0.80;0.71
96900;No;484;484;95;0.89;569;0.80;0.71
96938;No;484;484;95;0.89;570;0.80;0.71
96979;No;484;484;95;0.89;570;0.80;0.71
97049;No;484;484;95;0.89;570;0.80;0.71
97088;No;484;484;95;0.89;570;0.80;0.71
97128;No;484;484;95;0.89;573;0.80;0.71
97172;No;484;484;95;0.89;575;0.80;0.71
97213;No;484;484;95;0.89;578;0.80;0.71
97251;No;484;484;95;0.89;581;0.80;0.71
97292;No;484;484;95;0.89;583;0.80;0.71
97349;No;484;484;95;0.89;586;0.80;0.71
97389;No;484;484;95;0.89;588;0.80;0.71
97409;No;484;484;95;0.89;591;0.80;0.71
97450;No;484;484;95;0.89;590;0.80;0.71
97489;No;484;484;95;0.89;589;0.80;0.71
97529;No;484;484;95;0.89;588;0.80;0.71
97571;No;484;484;95;0.89;586;0.80;0.71
97610;No;484;484;95;0.89;585;0.80;0.71
97682;No;484;484;95;0.89;584;0.80;0.71
97721;No;484;484;95;0.89;582;0.80;0.71
97762;No;484;484;95;0.89;581;0.80;0.71
97806;No;484;484;95;0.89;581;0.80;0.71
97847;No;484;484;95;0.89;582;0.80;0.70
97859;No;483;484;95;0.90;582;0.80;0.70
97898;No;483;483;95;0.90;582;0.79;0.70
97949;No;483;483;95;0.90;582;0.79;0.70
97988;No;483;483;95;0.90;582;0.79;0.70
98028;No;483;483;95;0.90;582;0.79;0.70
98088;No;483;483;95;0.90;582;0.79;0.70
98128;No;483;483;95;0.90;581;0.79;0.70
98174;No;483;483;95;0.90;580;0.79;0.70
98189;No;483;483;95;0.90;578;0.79;0.70
98250;No;483;483;95;0.90;577;0.79;0.70
98289;No;483;483;95;0.90;576;0.79;0.70
98329;No;483;483;95;0.90;574;0.79;0.70
98369;No;483;483;95;0.90;573;0.79;0.70
98407;No;483;483;95;0.90;572;0.79;0.70
98446;No;483;483;95;0.90;574;0.79;0.70
98510;No;483;483;95;0.90;575;0.79;0.70
98588;No;483;483;95;0.90;577;0.79;0.70
98627;No;483;483;95;0.90;579;0.79;0.70
98693;No;483;483;95;0.90;581;0.79;0.70
98731;No;483;483;95;0.90;582;0.79;0.70
98771;No;483;483;95;0.90;584;0.79;0.70
98811;No;483;483;95;0.90;586;0.79;0.70
98884;No;483;483;95;0.90;584;0.79;0.70
98922;No;483;483;95;0.90;583;0.79;0.70
98963;No;483;483;95;0.90;582;0.79;0.70
99010;No;483;482;95;0.90;580;0.79;0.70
99030;No;483;482;95;0.90;579;0.79;0.70
99071;No;482;482;95;0.90;578;0.79;0.70
99113;No;482;482;95;0.90;576;0.79;0.70
99189;No;482;482;95;0.90;575;0.79;0.70
99228;No;482;482;95;0.90;575;0.79;0.70
99271;No;482;482;95;0.90;576;0.79;0.70
99311;No;482;482;95;0.90;576;0.79;0.70
99370;No;482;482;95;0.90;577;0.79;0.70
99412;No;482;482;95;0.90;578;0.79;0.70
99483;No;482;482;95;0.90;578;0.79;0.70
99530;No;482;482;95;0.90;579;0.79;0.70
99572;No;482;482;95;0.90;579;0.79;0.70
99618;No;482;482;95;0.90;585;0.79;0.70
99668;No;482;482;95;0.90;590;0.79;0.70
99708;No;482;482;95;0.90;596;0.79;0.70
99789;No;482;482;95;0.90;602;0.79;0.70
99829;No;482;482;95;0.90;608;0.79;0.70
99870;No;482;482;95;0.90;613;0.79;0.70
99909;No;482;482;95;0.90;619;0.79;0.70
99947;No;482;482;95;0.90;624;0.79;0.70
99992;No;482;482;95;0.90;643;0.79;0.70
100049;No;482;482;95;0.90;661;0.79;0.70
100088;No;482;482;95;0.90;679;0.79;0.70
100128;No;482;482;95;0.90;698;0.79;0.70
100191;No;482;482;95;0.90;716;0.79;0.70
100236;No;482;482;95;0.90;734;0.79;0.70
100275;No;481;482;95;0.90;752;0.79;0.70
100289;No;481;481;95;0.90;770;0.79;0.70
100351;No;481;481;95;0.90;762;0.79;0.70
100390;No;481;481;95;0.90;753;0.79;0.70
100408;No;481;481;95;0.90;744;0.79;0.70
100448;No;481;481;95;0.90;735;0.79;0.70
100487;No;481;481;95;0.90;726;0.79;0.70
100551;No;481;481;95;0.90;717;0.79;0.70
100592;No;481;481;95;0.90;708;0.79;0.70
100659;No;481;481;95;0.90;700;0.79;0.70
100698;No;481;481;95;0.90;697;0.79;0.70
100737;No;481;481;95;0.90;694;0.79;0.70
100777;No;481;481;95;0.90;692;0.79;0.70
100821;No;481;481;95;0.90;690;0.79;0.70
100865;No;481;481;95;0.90;687;0.79;0.70
100904;No;481;481;95;0.90;684;0.78;0.70
100949;No;481;481;95;0.90;682;0.78;0.70
100989;No;481;481;95;0.90;679;0.78;0.70
101027;No;480;481;95;0.90;675;0.78;0.70
101073;No;480;480;95;0.90;670;0.78;0.70
101111;No;480;480;95;0.90;666;0.78;0.70
101152;No;480;480;95;0.90;661;0.78;0.70
101196;No;480;480;95;0.90;657;0.79;0.70
101250;No;480;480;95;0.90;652;0.79;0.70
101294;No;480;480;95;0.90;648;0.79;0.70
101309;No;480;480;95;0.90;643;0.79;0.70
101350;No;480;480;95;0.90;643;0.79;0.70
101388;No;480;480;95;0.90;642;0.79;0.69
101428;No;480;480;95;0.90;642;0.79;0.69
101472;No;480;480;95;0.89;641;0.79;0.69
101510;No;480;480;95;0.89;640;0.79;0.69
101587;No;480;480;95;0.89;640;0.79;0.69
101628;No;480;480;95;0.89;639;0.79;0.69
101691;No;480;480;95;0.89;638;0.79;0.69
101737;No;480;480;95;0.89;637;0.79;0.69
101778;No;480;480;95;0.89;636;0.79;0.69
101850;No;480;480;95;0.89;634;0.79;0.69
101897;No;480;480;95;0.89;633;0.79;0.69
101961;No;480;480;95;0.89;632;0.79;0.69
102006;No;480;480;95;0.89;630;0.79;0.69
102050;No;480;480;95;0.89;629;0.79;0.69
102089;No;480;480;95;0.89;627;0.79;0.69
102159;No;480;480;95;0.89;626;0.79;0.69
102197;No;480;480;95;0.89;625;0.79;0.69
102242;No;480;480;95;0.89;624;0.79;0.69
102281;No;480;480;95;0.89;622;0.79;0.69
102320;No;480;479;95;0.89;621;0.79;0.69
102358;No;479;479;95;0.89;620;0.79;0.69
102398;No;479;479;95;0.89;619;0.79;0.69
102449;No;479;479;95;0.89;618;0.79;0.69
102487;No;479;479;95;0.89;617;0.79;0.69
102527;No;479;479;95;0.89;616;0.79;0.69
102591;No;479;479;95;0.89;616;0.79;0.69
102632;No;479;479;95;0.89;615;0.79;0.69
102679;No;479;479;95;0.89;615;0.79;0.69
102750;No;479;479;95;0.89;614;0.79;0.69
102790;No;479;479;95;0.89;614;0.79;0.69
102830;No;479;479;95;0.89;613;0.79;0.69
102868;No;479;479;95;0.89;613;0.79;0.69
102909;No;479;479;95;0.89;613;0.79;0.69
102947;No;479;479;95;0.89;614;0.79;0.69
103011;No;479;479;95;0.89;614;0.79;0.69
103091;No;479;479;95;0.89;614;0.79;0.69
103130;No;479;479;95;0.89;614;0.78;0.69
103176;No;479;479;95;0.89;614;0.78;0.69
103215;No;479;479;95;0.89;614;0.78;0.69
103229;No;479;479;95;0.89;613;0.78;0.69
103267;No;479;479;95;0.89;612;0.78;0.69
103306;No;479;479;95;0.89;611;0.78;0.69
103381;No;479;479;95;0.88;610;0.78;0.69
103420;No;479;479;95;0.88;609;0.79;0.69
103440;No;479;479;95;0.88;608;0.79;0.69
103479;No;479;479;95;0.88;607;0.79;0.69
103518;No;479;479;95;0.88;606;0.79;0.69
103558;No;478;479;95;0.88;605;0.79;0.69
103598;No;478;478;95;0.88;604;0.79;0.69
103649;No;478;478;95;0.88;603;0.79;0.69
103689;No;478;478;95;0.88;602;0.79;0.69
103729;No;478;478;95;0.88;601;0.79;0.69
103769;No;478;478;95;0.88;600;0.79;0.69
103814;No;478;478;95;0.88;598;0.79;0.69
103829;No;478;478;95;0.88;598;0.79;0.69
103868;No;478;478;95;0.88;600;0.79;0.69
103909;No;478;478;95;0.88;601;0.79;0.69
103984;No;478;478;95;0.88;603;0.79;0.69
104022;No;478;478;95;0.88;605;0.79;0.69
104039;No;478;478;95;0.88;607;0.79;0.69
104077;No;478;478;95;0.88;609;0.79;0.69
104117;No;478;478;95;0.88;611;0.79;0.69
104165;No;478;478;95;0.88;612;0.79;0.69
104205;No;478;478;95;0.88;613;0.79;0.69
104251;No;478;478;95;0.88;614;0.79;0.69
104290;No;478;478;95;0.88;615;0.79;0.70
104330;No;478;478;95;0.88;616;0.79;0.70
104370;No;478;478;95;0.88;617;0.79;0.70
104409;No;478;478;95;0.88;618;0.79;0.70
104456;No;478;478;95;0.88;618;0.79;0.70
104495;No;478;478;95;0.88;619;0.79;0.70
104552;No;478;478;95;0.88;616;0.79;0.70
104590;No;478;478;95;0.88;614;0.79;0.70
104629;No;477;477;95;0.88;611;0.79;0.70
104674;No;477;477;95;0.88;608;0.79;0.70
104718;No;477;477;95;0.88;606;0.79;0.70
104764;No;477;477;95;0.88;603;0.78;0.70
104802;No;477;477;95;0.88;600;0.78;0.70
104849;No;477;477;95;0.88;598;0.78;0.70
104891;No;477;477;95;0.88;595;0.78;0.70
104931;No;477;477;95;0.88;592;0.78;0.70
104975;No;477;477;95;0.88;590;0.78;0.70
105014;No;477;477;95;0.88;587;0.78;0.70
105030;No;477;477;95;0.88;584;0.78;0.70
105075;No;477;477;95;0.88;582;0.78;0.70
105089;No;477;477;95;0.88;579;0.78;0.70
105149;No;477;477;95;0.88;577;0.78;0.70
105189;No;477;477;95;0.88;578;0.78;0.70
105229;No;477;477;95;0.88;578;0.78;0.70
105268;No;477;477;95;0.88;580;0.78;0.70
105306;No;477;477;95;0.88;580;0.78;0.70
105350;No;477;477;95;0.88;581;0.78;0.70
105391;No;477;477;95;0.88;582;0.78;0.70
105449;No;477;477;95;0.88;583;0.78;0.70
105489;No;477;477;95;0.88;584;0.78;0.70
105532;No;477;477;95;0.88;584;0.78;0.70
105576;No;477;477;95;0.88;584;0.78;0.70
105616;No;476;477;95;0.88;584;0.78;0.70
105629;No;476;476;95;0.88;585;0.78;0.70
105669;No;476;476;95;0.88;585;0.78;0.70
105708;No;476;476;95;0.88;585;0.78;0.70
105778;No;476;476;95;0.88;586;0.78;0.70
105823;No;476;476;95;0.88;586;0.78;0.70
105840;No;476;476;95;0.88;585;0.78;0.70
105879;No;476;476;95;0.88;584;0.78;0.69
105919;No;476;476;95;0.88;582;0.78;0.69
105964;No;476;476;95;0.88;582;0.78;0.69
106003;No;476;476;95;0.88;580;0.78;0.69
106049;No;476;476;95;0.88;580;0.78;0.69
106088;No;476;476;95;0.88;578;0.78;0.69
106128;No;476;476;95;0.88;577;0.78;0.69
106178;No;476;476;95;0.88;578;0.78;0.69
106218;No;476;476;95;0.88;578;0.78;0.69
106282;No;476;476;95;0.88;579;0.78;0.69
106349;No;476;476;95;0.88;580;0.78;0.69
106390;No;476;476;95;0.88;580;0.78;0.69
106409;No;476;476;95;0.88;581;0.78;0.69
106447;No;476;476;95;0.88;582;0.78;0.69
106486;No;476;476;95;0.88;582;0.78;0.69
106551;No;476;476;95;0.88;581;0.78;0.69
106595;No;476;476;95;0.88;580;0.78;0.69
106648;No;476;476;95;0.88;578;0.78;0.69
106689;No;476;476;95;0.88;578;0.78;0.69
106728;No;476;476;95;0.88;576;0.79;0.69
106769;No;476;476;95;0.88;575;0.79;0.69
106808;No;476;476;95;0.88;574;0.79;0.69
106828;No;476;475;95;0.88;573;0.79;0.69
106868;No;476;475;95;0.88;574;0.79;0.69
106907;No;476;475;95;0.88;574;0.79;0.69
106982;No;475;475;95;0.88;576;0.79;0.69
107018;No;475;475;95;0.88;576;0.79;0.69
107039;No;475;475;95;0.88;577;0.79;0.69
107079;No;475;475;95;0.88;578;0.78;0.69
107118;No;475;475;95;0.88;579;0.78;0.69
107167;No;475;475;95;0.88;580;0.78;0.69
107205;No;475;475;95;0.88;580;0.78;0.69
107250;No;475;475;95;0.88;579;0.78;0.69
107288;No;475;475;95;0.88;579;0.78;0.69
107309;No;475;475;95;0.88;578;0.78;0.69
107348;No;475;475;95;0.88;578;0.78;0.69
107386;No;475;475;95;0.88;578;0.78;0.69
107431;No;475;475;95;0.88;577;0.78;0.69
107472;No;475;475;95;0.88;577;0.78;0.69
107510;No;475;475;95;0.88;578;0.78;0.69
107583;No;475;475;95;0.88;578;0.78;0.69
107622;No;475;475;95;0.88;579;0.78;0.69
107640;No;475;475;95;0.88;580;0.78;0.69
107684;No;475;475;95;0.88;581;0.78;0.69
107701;No;475;475;95;0.88;582;0.78;0.69
107741;No;475;475;95;0.88;582;0.78;0.69
107781;No;475;475;95;0.88;583;0.78;0.69
107848;No;475;475;95;0.88;583;0.78;0.69
107888;No;475;475;95;0.88;583;0.78;0.69
107928;No;474;475;95;0.88;582;0.78;0.69
107968;No;474;474;95;0.88;582;0.78;0.69
108006;No;474;474;95;0.88;582;0.78;0.69
108030;No;474;474;95;0.88;582;0.78;0.69
108069;No;474;474;95;0.88;582;0.78;0.69
108111;No;474;474;95;0.88;582;0.78;0.69
108182;No;474;474;95;0.88;581;0.78;0.69
108223;No;474;474;95;0.88;580;0.78;0.69
108239;No;474;474;95;0.88;580;0.78;0.69
108296;No;474;474;95;0.88;579;0.78;0.69
108334;No;474;474;95;0.88;578;0.78;0.69
108375;No;474;474;95;0.88;577;0.78;0.69
108448;No;474;474;95;0.88;576;0.78;0.69
108493;No;474;474;95;0.88;576;0.78;0.69
108531;No;474;474;95;0.88;576;0.78;0.69
108571;No;474;474;95;0.88;578;0.78;0.69
108612;No;474;474;95;0.88;578;0.78;0.69
108652;No;474;474;95;0.88;580;0.78;0.69
108697;No;474;474;95;0.88;580;0.78;0.69
108749;No;474;474;95;0.88;581;0.78;0.69
108788;No;474;474;95;0.88;582;0.78;0.69
108809;No;474;474;95;0.88;583;0.78;0.69
108848;No;474;474;95;0.88;582;0.78;0.69
108891;No;474;474;95;0.88;581;0.78;0.69
108929;No;474;474;95;0.88;580;0.78;0.69
108970;No;474;474;95;0.88;579;0.78;0.69
109010;No;474;474;95;0.88;578;0.79;0.69
109056;No;474;474;95;0.88;577;0.79;0.69
109100;No;474;474;95;0.88;576;0.79;0.69
109140;No;474;474;95;0.88;575;0.79;0.69
109187;No;474;474;95;0.88;578;0.79;0.69
109250;No;474;474;95;0.88;581;0.79;0.69
109292;No;473;474;95;0.88;584;0.79;0.69
109348;No;473;473;95;0.88;586;0.79;0.69
109387;No;473;473;95;0.88;590;0.79;0.69
109427;No;473;473;95;0.88;592;0.78;0.69
109439;No;473;473;95;0.88;595;0.78;0.69
109479;No;473;473;95;0.88;598;0.78;0.69
109523;No;473;473;95;0.88;598;0.78;0.69
109579;No;473;473;95;0.88;598;0.78;0.69
109654;No;473;473;95;0.88;598;0.78;0.69
109694;No;473;473;95;0.88;598;0.78;0.69
109709;No;473;473;95;0.88;598;0.78;0.69
109754;No;473;473;95;0.88;597;0.78;0.69
109771;No;473;473;95;0.88;597;0.78;0.69
109813;No;473;473;95;0.88;597;0.78;0.69
109830;No;473;473;95;0.88;595;0.78;0.69
109868;No;473;473;95;0.88;594;0.78;0.69
109908;No;473;473;95;0.88;592;0.78;0.69
109979;No;473;473;95;0.88;590;0.78;0.69
110018;No;473;473;95;0.88;588;0.78;0.69
110056;No;473;473;95;0.88;586;0.78;0.69
110102;No;473;473;95;0.88;585;0.78;0.69
110143;No;473;473;95;0.88;583;0.78;0.69
110181;No;473;473;95;0.88;582;0.78;0.69
110247;No;473;473;95;0.88;580;0.78;0.69
110287;No;473;473;95;0.88;579;0.78;0.69
110327;No;473;473;95;0.88;578;0.78;0.69
110398;No;473;473;95;0.88;576;0.78;0.69
110436;No;473;473;95;0.88;575;0.78;0.69
110475;No;472;473;95;0.88;574;0.78;0.69
110544;No;472;472;95;0.88;572;0.78;0.69
110584;No;472;472;95;0.88;572;0.78;0.69
110623;No;472;472;95;0.88;573;0.78;0.69
110640;No;472;472;95;0.88;573;0.78;0.69
110680;No;472;472;95;0.88;574;0.78;0.69
110718;No;472;472;95;0.88;574;0.79;0.69
110758;No;472;472;95;0.88;574;0.79;0.69
110798;No;472;472;95;0.88;575;0.79;0.69
110866;No;472;472;95;0.88;575;0.79;0.69
110912;No;472;472;95;0.88;576;0.79;0.69
110950;No;472;472;95;0.88;577;0.79;0.69
110989;No;472;472;95;0.88;578;0.79;0.69
111030;No;472;472;95;0.88;578;0.79;0.69
111070;No;472;472;95;0.88;579;0.79;0.69
111109;No;472;472;95;0.88;580;0.78;0.69
111179;No;472;472;95;0.88;581;0.78;0.69
111219;No;472;472;95;0.88;582;0.78;0.69
111259;No;472;472;95;0.88;581;0.78;0.69
111305;No;472;472;95;0.88;581;0.78;0.69
111343;No;472;472;95;0.88;580;0.78;0.69
111360;No;472;472;95;0.88;580;0.78;0.69
111402;No;472;472;95;0.88;580;0.78;0.69
111448;No;472;472;95;0.88;579;0.78;0.69
111487;No;472;472;95;0.88;579;0.78;0.69
111529;No;472;472;95;0.88;578;0.78;0.69
111567;No;472;472;95;0.88;581;0.78;0.69
111610;No;472;472;95;0.88;583;0.78;0.69
111629;No;472;472;95;0.88;585;0.78;0.69
111669;No;472;472;95;0.88;588;0.78;0.69
111708;No;472;472;95;0.88;590;0.78;0.69
111780;No;472;472;95;0.88;592;0.78;0.69
111829;No;472;472;95;0.88;594;0.78;0.69
111869;No;472;472;95;0.88;596;0.78;0.69
111908;No;472;472;95;0.88;594;0.78;0.69
111947;No;472;472;95;0.88;592;0.78;0.69
111989;No;471;472;95;0.88;590;0.78;0.69
112046;No;471;471;95;0.88;588;0.78;0.69
112085;No;471;471;95;0.88;586;0.78;0.69
112146;No;471;471;95;0.88;584;0.78;0.69
112184;No;471;471;95;0.88;582;0.78;0.69
112229;No;471;471;95;0.88;580;0.78;0.69
112272;No;471;471;95;0.88;582;0.78;0.69
112311;No;471;471;95;0.88;582;0.78;0.69
112381;No;471;471;95;0.88;584;0.78;0.69
112421;No;471;471;95;0.88;585;0.78;0.69
112439;No;471;471;95;0.88;586;0.78;0.69
112485;No;471;471;95;0.88;587;0.78;0.69
112501;No;471;471;95;0.88;588;0.78;0.69
112540;No;471;471;95;0.88;589;0.78;0.69
112559;No;471;471;95;0.88;587;0.78;0.69
112597;No;471;471;95;0.88;585;0.78;0.69
112648;No;471;471;95;0.88;583;0.78;0.69
112686;No;471;471;95;0.88;582;0.78;0.69
112727;No;471;471;95;0.88;580;0.78;0.69
112738;No;471;471;95;0.88;578;0.78;0.69
112778;No;471;471;95;0.88;576;0.78;0.69
112822;No;471;471;95;0.88;574;0.78;0.69
112864;No;471;471;95;0.88;574;0.78;0.69
112912;No;471;471;95;0.88;574;0.78;0.69
112981;No;471;471;95;0.88;575;0.78;0.70
113020;No;471;471;95;0.88;575;0.78;0.70
113039;No;471;471;95;0.88;575;0.79;0.70
113080;No;471;471;95;0.88;575;0.79;0.70
113119;No;471;471;95;0.88;575;0.79;0.70
113157;No;471;470;95;0.88;576;0.79;0.70
113197;No;470;470;95;0.88;576;0.79;0.70
113247;No;470;470;95;0.88;577;0.79;0.70
113293;No;470;470;95;0.88;577;0.79;0.70
113335;No;470;470;95;0.88;578;0.79;0.70
113374;No;470;470;95;0.88;578;0.79;0.70
113416;No;470;470;95;0.88;579;0.78;0.70
113463;No;470;470;95;0.88;580;0.78;0.70
113502;No;470;470;95;0.88;580;0.78;0.70
113550;No;470;470;95;0.88;580;0.78;0.70
113588;No;470;470;95;0.88;580;0.78;0.70
113630;No;470;470;95;0.88;580;0.78;0.70
113669;No;470;470;95;0.88;581;0.78;0.70
113709;No;470;470;95;0.88;581;0.78;0.70
113747;No;470;470;95;0.88;581;0.78;0.70
113787;No;470;470;95;0.88;581;0.78;0.70
113848;No;470;470;95;0.88;582;0.78;0.70
113887;No;470;470;95;0.88;582;0.78;0.70
113926;No;470;470;95;0.88;582;0.78;0.70
113939;No;470;470;95;0.88;583;0.78;0.70
113981;No;470;470;95;0.88;584;0.78;0.70
114020;No;470;470;95;0.88;584;0.78;0.70
114060;No;470;470;95;0.88;585;0.78;0.70
114100;No;470;470;95;0.88;585;0.78;0.70
114148;No;470;470;95;0.88;586;0.78;0.70
114193;No;470;470;95;0.88;584;0.78;0.70
114231;No;470;470;95;0.88;582;0.78;0.70
114272;No;470;470;95;0.88;580;0.78;0.70
114310;No;470;470;95;0.88;578;0.78;0.70
114352;No;470;470;95;0.88;576;0.78;0.70
114392;No;470;470;95;0.88;574;0.78;0.70
114447;No;470;470;95;0.88;573;0.78;0.70
114487;No;470;470;95;0.88;571;0.78;0.70
114526;No;470;470;95;0.88;573;0.78;0.70
114572;No;470;470;95;0.88;575;0.78;0.70
114611;No;469;470;95;0.88;578;0.78;0.70
114650;No;469;469;95;0.88;580;0.78;0.70
114697;No;469;469;95;0.88;582;0.78;0.70
114750;No;469;469;95;0.88;584;0.78;0.70
114789;No;469;469;95;0.88;586;0.78;0.70
114827;No;469;469;95;0.88;588;0.78;0.70
114837;No;469;469;95;0.88;589;0.78;0.70
114878;No;469;469;95;0.88;590;0.78;0.70
114922;No;469;469;95;0.88;590;0.78;0.70
114963;No;469;469;95;0.88;591;0.78;0.70
115003;No;469;469;95;0.88;591;0.78;0.70
115048;No;469;469;95;0.88;592;0.78;0.70
115089;No;469;469;95;0.88;592;0.78;0.70
115127;No;469;469;95;0.88;593;0.78;0.70
115192;No;469;469;95;0.88;623;0.78;0.70
115230;No;469;469;95;0.88;654;0.78;0.70
115270;No;469;469;95;0.88;684;0.78;0.70
115288;No;469;469;95;0.88;714;0.78;0.70
115349;No;469;469;95;0.88;744;0.78;0.70
115391;No;469;469;95;0.88;775;0.78;0.70
115430;No;469;469;95;0.88;805;0.78;0.71
115470;No;469;469;95;0.88;835;0.78;0.71
115510;No;469;469;95;0.88;856;0.78;0.71
115549;No;468;468;95;0.88;878;0.78;0.71
115591;No;468;468;95;0.88;899;0.78;0.71
115649;No;468;468;95;0.88;920;0.77;0.71
115693;No;468;468;95;0.88;942;0.77;0.71
115710;No;468;468;95;0.88;963;0.77;0.71
115749;No;468;468;95;0.88;984;0.77;0.71
115787;No;468;468;95;0.88;1006;0.77;0.71
115828;No;468;468;95;0.88;999;0.77;0.71
115867;No;468;468;95;0.88;993;0.77;0.71
115906;No;468;468;95;0.88;987;0.78;0.71
116003;No;468;468;95;0.88;980;0.78;0.71
116046;No;468;468;95;0.88;974;0.79;0.71
116092;No;468;468;95;0.88;968;0.79;0.71
116130;No;468;468;95;0.88;962;0.80;0.71
116171;No;468;468;95;0.88;955;0.80;0.72
116209;No;468;468;95;0.88;936;0.81;0.72
116282;No;468;468;95;0.88;916;0.81;0.72
116322;No;468;468;95;0.88;896;0.81;0.72
116360;No;468;468;95;0.88;877;0.81;0.72
116400;No;468;468;95;0.88;857;0.81;0.72
116442;No;468;468;95;0.88;838;0.81;0.73
116488;No;468;468;95;0.88;818;0.81;0.73
116550;No;468;468;95;0.88;798;0.81;0.73
116589;No;468;468;95;0.88;792;0.81;0.73
116628;No;468;468;95;0.88;784;0.81;0.73
116669;No;468;468;95;0.88;778;0.81;0.73
116707;No;468;468;95;0.88;771;0.81;0.73
116746;No;468;468;95;0.88;764;0.80;0.74
116759;No;468;468;95;0.88;757;0.80;0.74
116799;No;468;468;95;0.88;750;0.80;0.74
116882;No;468;468;95;0.88;743;0.80;0.74
116924;No;468;468;95;0.88;738;0.80;0.74
116939;No;468;467;95;0.88;732;0.80;0.74
116983;No;467;467;95;0.88;726;0.80;0.74
117027;No;467;467;95;0.88;720;0.79;0.74
117066;No;467;467;95;0.88;714;0.79;0.74
117107;No;467;467;95;0.88;708;0.79;0.74
117192;No;467;467;95;0.88;702;0.79;0.74
117210;No;467;467;95;0.88;696;0.79;0.73
117257;No;467;467;95;0.88;696;0.79;0.73
117269;No;467;467;95;0.88;696;0.79;0.73
117309;No;467;467;95;0.88;695;0.79;0.73
117349;No;467;467;95;0.88;695;0.79;0.73
117404;No;467;467;95;0.88;694;0.79;0.73
117449;No;467;467;95;0.88;694;0.79;0.73
117489;No;467;467;95;0.88;694;0.79;0.73
117527;No;467;467;95;0.88;693;0.79;0.73
117569;No;467;467;95;0.88;694;0.79;0.73
117612;No;467;467;95;0.88;695;0.79;0.73
117630;No;467;467;95;0.88;696;0.79;0.73
117669;No;467;467;95;0.88;696;0.79;0.73
117707;No;467;467;95;0.88;697;0.79;0.73
117787;No;467;467;95;0.88;698;0.78;0.73
117831;No;467;467;95;0.88;698;0.78;0.73
117869;No;467;467;95;0.88;699;0.78;0.72
117909;No;467;467;95;0.88;700;0.78;0.72
117950;No;467;467;95;0.88;700;0.78;0.72
117989;No;467;467;95;0.88;701;0.78;0.72
118048;No;467;467;95;0.88;701;0.78;0.72
118087;No;467;467;95;0.88;702;0.78;0.72
118127;No;467;467;95;0.88;702;0.78;0.72
118174;No;467;467;95;0.88;703;0.78;0.72
118212;No;467;467;95;0.88;704;0.78;0.72
118229;No;467;467;95;0.88;704;0.78;0.72
118268;No;467;467;95;0.88;704;0.78;0.72
118307;No;467;467;95;0.88;704;0.78;0.72
118381;No;467;467;95;0.88;704;0.78;0.72
118420;No;467;467;95;0.88;704;0.78;0.72
118440;No;467;467;95;0.88;704;0.78;0.72
118479;No;467;467;95;0.88;704;0.78;0.72
118499;No;467;467;95;0.88;704;0.78;0.72
118539;No;467;467;95;0.88;702;0.78;0.72
118578;No;467;467;95;0.88;700;0.78;0.72
118650;No;467;467;95;0.88;697;0.78;0.72
118697;No;467;467;95;0.88;695;0.78;0.72
118709;No;467;467;95;0.88;692;0.78;0.72
118749;No;467;467;95;0.88;690;0.78;0.72
118770;No;467;467;95;0.88;687;0.78;0.72
118810;No;467;467;95;0.88;685;0.78;0.72
118849;No;466;467;95;0.88;686;0.78;0.72
118887;No;466;466;95;0.88;688;0.78;0.72
118951;No;466;466;95;0.88;690;0.78;0.72
118989;No;466;466;95;0.88;692;0.78;0.72
119009;No;466;466;95;0.88;694;0.78;0.72
119049;No;466;466;95;0.88;696;0.78;0.72
119088;No;466;466;95;0.88;698;0.78;0.72
119127;No;466;466;95;0.88;700;0.78;0.72
119168;No;466;466;95;0.88;697;0.78;0.72
119209;No;466;466;95;0.88;694;0.78;0.72
119281;No;466;466;95;0.88;692;0.78;0.72
119321;No;466;466;95;0.88;689;0.78;0.72
119360;No;466;466;95;0.88;686;0.78;0.72
119405;No;466;466;95;0.88;684;0.78;0.72
119445;No;466;466;95;0.88;681;0.78;0.72
119459;No;466;466;95;0.88;678;0.78;0.72
119499;No;466;466;95;0.88;677;0.78;0.72
119548;No;466;466;95;0.88;675;0.78;0.72
119590;No;466;466;95;0.88;673;0.78;0.72
119611;No;466;466;95;0.88;671;0.78;0.72
119653;No;466;466;95;0.88;670;0.78;0.72
119668;No;466;466;95;0.88;668;0.78;0.72
119714;No;466;466;95;0.88;666;0.78;0.72
119729;No;466;466;95;0.88;664;0.78;0.71
119769;No;466;466;95;0.88;664;0.78;0.71
119808;No;466;466;96;0.88;664;0.78;0.71
119894;No;466;466;96;0.88;663;0.78;0.71
119909;No;466;466;96;0.88;663;0.78;0.71
119948;No;466;466;96;0.88;663;0.78;0.71
119987;No;466;466;96;0.88;663;0.78;0.71
120030;No;466;466;96;0.88;662;0.78;0.71
120081;No;466;466;96;0.88;662;0.78;0.71
120149;No;466;466;96;0.88;662;0.78;0.71
120189;No;466;466;96;0.88;661;0.78;0.71
120229;No;466;466;96;0.89;660;0.78;0.71
120268;No;466;466;96;0.89;660;0.78;0.71
120311;No;466;466;96;0.89;659;0.78;0.71
120349;No;466;466;96;0.89;658;0.78;0.71
120394;No;466;466;96;0.89;658;0.78;0.71
120448;No;466;466;96;0.89;657;0.78;0.71
120488;No;466;466;96;0.89;658;0.78;0.71
120529;No;466;466;96;0.89;660;0.78;0.71
120569;No;466;466;96;0.89;661;0.78;0.71
120613;No;466;466;96;0.89;663;0.78;0.71
120661;No;466;466;96;0.89;664;0.78;0.71
120700;No;466;466;96;0.89;666;0.78;0.71
120747;No;466;466;96;0.89;667;0.78;0.71
120787;No;466;466;96;0.89;668;0.78;0.71
120831;No;466;466;96;0.89;667;0.78;0.71
120871;No;466;466;96;0.89;665;0.78;0.71
120909;No;466;466;96;0.89;664;0.78;0.71
120948;No;466;466;96;0.89;662;0.78;0.71
120988;No;466;466;96;0.89;660;0.78;0.71
121048;No;466;466;96;0.89;659;0.78;0.71
121096;No;466;466;96;0.89;657;0.78;0.71
121108;No;466;466;96;0.89;656;0.78;0.71
121147;No;466;466;96;0.89;657;0.78;0.71
121190;No;466;466;96;0.89;658;0.78;0.71
121234;No;466;466;96;0.89;658;0.78;0.71
121274;No;466;466;96;0.89;660;0.78;0.71
121288;No;466;466;96;0.89;660;0.78;0.71
121349;No;466;466;96;0.89;662;0.78;0.71
121394;No;466;466;96;0.89;662;0.78;0.71
121409;No;466;466;96;0.89;663;0.78;0.71
121448;No;466;466;96;0.89;664;0.78;0.71
121488;No;466;466;96;0.89;665;0.78;0.71
121530;No;466;466;96;0.89;666;0.78;0.71
121576;No;466;466;96;0.89;667;0.78;0.71
121588;No;466;466;96;0.89;668;0.78;0.71
121648;No;466;466;96;0.89;669;0.78;0.71
121687;No;466;466;96;0.89;670;0.78;0.71
121731;No;466;466;96;0.89;670;0.78;0.71
121771;No;466;466;96;0.89;688;0.78;0.71
121814;No;466;466;96;0.89;705;0.78;0.71
121829;No;466;466;96;0.89;722;0.78;0.71
121870;No;466;466;96;0.89;740;0.78;0.71
121909;No;466;466;96;0.89;757;0.78;0.71
121982;No;466;466;96;0.89;774;0.78;0.71
122031;No;466;466;96;0.89;791;0.78;0.71
122073;No;466;466;96;0.89;808;0.78;0.71
122117;No;466;466;96;0.89;868;0.78;0.71
122128;No;466;466;96;0.89;927;0.78;0.71
122168;No;466;466;96;0.89;986;0.79;0.71
122187;No;466;466;96;0.89;1046;0.80;0.71
122250;No;466;466;96;0.89;1105;0.80;0.71
122290;No;466;466;96;0.89;1164;0.81;0.71
122329;No;466;466;96;0.89;1224;0.81;0.71
122376;No;466;466;96;0.89;1283;0.82;0.71
122421;No;466;466;96;0.89;1332;0.83;0.71
122466;No;466;466;96;0.89;1380;0.82;0.71
122505;No;466;466;95;0.89;1429;0.81;0.71
122578;No;466;466;95;0.89;1477;0.80;0.71
122617;No;466;466;95;0.89;1526;0.79;0.71
122661;No;466;466;95;0.89;1574;0.78;0.71
122725;No;466;466;95;0.89;1623;0.77;0.71
122765;No;466;466;95;0.89;1672;0.76;0.70
122807;No;466;466;95;0.89;1687;0.75;0.70
122880;No;466;466;95;0.89;1703;0.74;0.70
122930;No;466;466;95;0.89;1718;0.74;0.70
122969;No;466;466;95;0.89;1734;0.73;0.69
123008;No;466;466;95;0.89;1750;0.73;0.69
123050;No;466;466;95;0.89;1765;0.72;0.68
123090;No;466;466;95;0.89;1781;0.71;0.68
123148;No;466;466;95;0.89;1796;0.71;0.68
123187;No;467;467;95;0.89;1794;0.70;0.67
123227;No;467;467;95;0.89;1792;0.70;0.67
123241;No;467;467;95;0.89;1790;0.70;0.67
123288;No;467;467;95;0.89;1788;0.70;0.68
123333;No;467;467;95;0.89;1786;0.70;0.68
123372;No;467;467;95;0.89;1784;0.70;0.69
123412;No;467;467;95;0.89;1782;0.70;0.69
123482;No;467;467;95;0.89;1780;0.70;0.70
123522;No;467;467;95;0.89;1768;0.70;0.70
123540;No;468;467;95;0.89;1757;0.70;0.70
123580;No;468;468;95;0.89;1746;0.69;0.69
123621;No;468;468;95;0.89;1734;0.69;0.68
123659;No;468;468;95;0.89;1723;0.69;0.67
123699;No;468;468;95;0.89;1712;0.69;0.65
123748;No;468;468;95;0.89;1700;0.68;0.64
123788;No;468;468;95;0.89;1689;0.68;0.63
123832;No;468;468;95;0.89;1707;0.68;0.61
123873;No;468;468;95;0.89;1725;0.68;0.60
123913;No;468;468;95;0.89;1743;0.68;0.60
123952;No;468;468;95;0.89;1761;0.68;0.60
123994;No;469;468;95;0.89;1779;0.67;0.59
124048;No;469;469;95;0.89;1797;0.67;0.59
124088;No;469;469;95;0.89;1816;0.67;0.59
124128;No;469;469;95;0.89;1834;0.67;0.58
124167;No;469;469;95;0.89;1832;0.67;0.58
124213;No;469;470;95;0.89;1830;0.67;0.58
124230;No;470;470;95;0.89;1829;0.67;0.59
124271;No;470;470;95;0.89;1828;0.68;0.61
124310;No;470;470;95;0.89;1826;0.68;0.63
124384;No;470;470;95;0.89;1824;0.68;0.65
124423;No;470;470;95;0.89;1823;0.68;0.67
124440;No;470;470;95;0.89;1822;0.69;0.68
124480;No;471;471;95;0.89;1820;0.69;0.70
124519;No;471;471;95;0.89;1820;0.69;0.72
124566;No;471;471;95;0.89;1818;0.69;0.72
124605;No;471;471;95;0.89;1818;0.68;0.71
124684;No;471;471;95;0.89;1817;0.68;0.71
124726;No;472;471;95;0.89;1816;0.68;0.71
124741;No;472;472;95;0.89;1815;0.68;0.70
124783;No;472;472;95;0.89;1814;0.68;0.70
124823;No;472;472;95;0.89;1805;0.67;0.70
124864;No;472;472;95;0.89;1797;0.68;0.69
124903;No;472;472;95;0.89;1788;0.68;0.70
125002;No;472;472;95;0.88;1780;0.68;0.70
125042;No;472;473;95;0.88;1771;0.68;0.70
125084;No;473;473;95;0.88;1763;0.69;0.71
125127;No;473;473;95;0.88;1754;0.69;0.71
125169;No;473;473;95;0.88;1746;0.69;0.71
125208;No;473;473;95;0.88;1761;0.69;0.72
125282;No;473;473;95;0.88;1776;0.70;0.72
125324;No;474;473;94;0.89;1792;0.71;0.72
125362;No;474;474;94;0.89;1808;0.72;0.72
125409;No;474;474;94;0.89;1823;0.72;0.72
125449;No;474;474;94;0.89;1838;0.73;0.73
125489;No;474;474;94;0.89;1854;0.74;0.73
125548;No;474;474;94;0.89;1869;0.75;0.73
125590;No;475;475;94;0.89;1852;0.75;0.73
125630;No;475;475;94;0.89;1835;0.75;0.73
125668;No;475;475;94;0.89;1818;0.74;0.73
125713;No;475;475;94;0.89;1802;0.73;0.72
125729;No;475;476;94;0.89;1784;0.73;0.72
125769;No;476;476;94;0.89;1768;0.72;0.71
125807;No;476;476;94;0.89;1751;0.71;0.71
125885;No;476;476;94;0.89;1734;0.71;0.70
125924;No;476;476;94;0.89;1726;0.70;0.70
125969;No;476;476;94;0.89;1718;0.70;0.69
126007;No;477;477;94;0.89;1710;0.70;0.70
126048;No;477;477;94;0.89;1702;0.70;0.70
126059;No;477;477;94;0.89;1694;0.70;0.70
126101;No;477;477;94;0.89;1686;0.70;0.70
126148;No;477;477;94;0.89;1678;0.70;0.70
126187;No;478;478;94;0.89;1670;0.70;0.70
126250;No;478;478;94;0.89;1668;0.70;0.70
126270;No;478;478;94;0.89;1667;0.70;0.70
126317;No;478;478;94;0.89;1665;0.70;0.70
126383;No;478;478;94;0.89;1664;0.69;0.70
126447;No;478;479;94;0.89;1662;0.69;0.70
126488;No;478;479;94;0.89;1660;0.69;0.69
126509;No;479;479;94;0.89;1659;0.69;0.69
126549;No;479;479;94;0.89;1657;0.69;0.69
126589;No;479;479;94;0.89;1664;0.68;0.69
126629;No;479;479;94;0.89;1670;0.68;0.69
126667;No;479;480;94;0.89;1676;0.68;0.69
126690;No;479;480;94;0.88;1682;0.68;0.69
126748;No;480;480;94;0.88;1688;0.68;0.69
126786;No;480;480;94;0.88;1694;0.68;0.69
126827;No;480;480;94;0.88;1700;0.68;0.69
126841;No;480;480;94;0.88;1707;0.68;0.69
126886;No;481;481;94;0.88;1725;0.67;0.69
126952;No;481;481;94;0.88;1744;0.68;0.69
126991;No;481;481;94;0.89;1762;0.68;0.70
127048;No;482;481;94;0.89;1780;0.68;0.70
127099;No;482;482;94;0.89;1798;0.68;0.70
127146;No;482;482;94;0.89;1817;0.68;0.70
127187;No;482;482;94;0.89;1835;0.68;0.71
127232;No;482;482;94;0.89;1854;0.68;0.71
127273;No;483;483;94;0.89;1854;0.68;0.71
127290;No;483;483;94;0.89;1854;0.68;0.71
127349;No;483;484;94;0.89;1854;0.67;0.68
127389;No;484;484;94;0.89;1854;0.67;0.64
127431;No;484;484;94;0.89;1854;0.66;0.60
127500;No;484;484;94;0.89;1854;0.65;0.57
127539;No;485;485;94;0.89;1854;0.65;0.53
127578;No;485;485;94;0.89;1855;0.64;0.49
127648;No;485;485;94;0.89;1868;0.64;0.45
127694;No;486;486;94;0.89;1881;0.64;0.42
127710;No;486;486;94;0.89;1894;0.64;0.45
127749;No;487;486;94;0.88;1908;0.64;0.48
127789;No;487;487;94;0.88;1921;0.65;0.51
127831;No;488;487;94;0.88;1934;0.65;0.54
127869;No;488;488;94;0.88;1948;0.65;0.57
127908;No;488;489;94;0.88;1961;0.65;0.60
127982;No;489;489;94;0.88;1975;0.66;0.63
128021;No;489;490;94;0.88;1989;0.65;0.66
128068;No;490;490;94;0.88;2003;0.65;0.61
128108;No;490;491;94;0.88;2018;0.65;0.56
128146;No;491;492;94;0.88;2032;0.65;0.50
128159;No;492;493;94;0.87;2046;0.65;0.45
128199;No;492;493;94;0.87;2060;0.65;0.40
128248;No;493;494;94;0.87;2074;0.65;0.35
128288;No;494;495;94;0.87;2095;0.65;0.30
128326;No;494;496;94;0.87;2116;0.66;0.25
128339;No;495;496;94;0.87;2137;0.68;0.28
128386;No;496;497;94;0.87;2158;0.69;0.32
128425;No;497;498;94;0.87;2178;0.71;0.35
128465;No;498;499;94;0.87;2199;0.72;0.39
128504;No;498;500;94;0.87;2220;0.74;0.42
128552;No;499;500;94;0.87;2241;0.76;0.46
128592;No;500;501;94;0.87;2248;0.77;0.50
128609;No;501;502;94;0.87;2256;0.77;0.53
128648;No;502;503;94;0.87;2262;0.76;0.56
128690;No;502;504;94;0.87;2270;0.76;0.58
128735;No;503;505;94;0.87;2277;0.75;0.60
128776;No;504;506;94;0.87;2284;0.75;0.63
128790;No;505;506;94;0.87;2291;0.74;0.65
128847;No;506;507;94;0.87;2298;0.73;0.67
128890;No;507;508;94;0.87;2304;0.73;0.70
128931;No;508;509;94;0.87;2309;0.73;0.72
128970;No;509;510;94;0.87;2314;0.74;0.72
129009;No;510;511;94;0.87;2320;0.74;0.72
129048;No;511;512;94;0.87;2325;0.75;0.72
129094;No;512;513;94;0.87;2330;0.75;0.72
129148;No;513;514;94;0.87;2336;0.75;0.72
129187;No;514;515;94;0.87;2341;0.76;0.73
129228;No;516;516;94;0.87;2334;0.76;0.73
129240;No;517;516;94;0.87;2326;0.76;0.73
129280;No;518;517;94;0.87;2318;0.76;0.73
129320;No;519;518;94;0.87;2310;0.75;0.72
129360;No;520;519;94;0.87;2303;0.75;0.72
129398;No;521;520;94;0.87;2295;0.74;0.72
129481;No;523;521;94;0.87;2287;0.74;0.72
129520;No;524;523;94;0.87;2280;0.74;0.72
129560;No;525;524;94;0.87;2276;0.73;0.72
129625;No;526;525;94;0.87;2272;0.74;0.71
129667;No;527;526;94;0.87;2269;0.75;0.72
129708;No;528;527;94;0.87;2266;0.75;0.72
129787;No;529;528;94;0.87;2262;0.76;0.72
129829;No;530;529;94;0.87;2258;0.76;0.72
129870;No;531;530;94;0.87;2255;0.77;0.73
129915;No;532;531;94;0.87;2252;0.78;0.73
129931;No;533;532;94;0.87;2248;0.78;0.73
129970;No;534;533;94;0.87;2246;0.78;0.73
130011;No;534;534;94;0.87;2242;0.78;0.73
130058;No;535;534;94;0.87;2239;0.78;0.73
130099;No;536;535;94;0.87;2236;0.78;0.73
130165;No;537;536;94;0.87;2233;0.78;0.73
130203;No;538;537;94;0.87;2230;0.78;0.73
130244;No;539;538;94;0.87;2227;0.77;0.73
130290;No;540;539;94;0.87;2229;0.77;0.73
130348;No;541;540;94;0.87;2231;0.77;0.73
130390;No;542;541;94;0.87;2233;0.76;0.73
130430;No;543;542;94;0.87;2236;0.75;0.73
130470;No;543;543;94;0.87;2238;0.75;0.73
130511;No;544;543;94;0.87;2240;0.74;0.72
130549;No;544;544;94;0.87;2242;0.73;0.72
130589;No;545;544;94;0.87;2244;0.73;0.72
130650;No;545;545;94;0.87;2248;0.72;0.72
130696;No;546;545;94;0.87;2252;0.72;0.71
130713;No;546;546;94;0.87;2256;0.72;0.72
130751;No;547;546;94;0.87;2261;0.72;0.72
130790;No;547;547;94;0.87;2265;0.72;0.72
130831;No;548;547;94;0.87;2269;0.72;0.72
130872;No;548;548;94;0.87;2274;0.72;0.73
130889;No;549;548;94;0.87;2278;0.72;0.73
130949;No;550;549;94;0.87;2278;0.72;0.73
130989;No;550;550;94;0.87;2279;0.72;0.73
131011;No;551;550;94;0.87;2280;0.72;0.73
131057;No;551;551;94;0.87;2281;0.72;0.73
131071;No;552;551;94;0.87;2281;0.72;0.73
131111;No;552;552;94;0.87;2282;0.72;0.73
131184;No;553;553;94;0.87;2283;0.72;0.73
131249;No;553;554;94;0.87;2284;0.72;0.73
131295;No;554;554;94;0.87;2286;0.72;0.73
131310;No;555;555;94;0.87;2289;0.72;0.73
131371;No;555;556;94;0.87;2292;0.71;0.72
131412;No;556;557;94;0.87;2295;0.71;0.71
131450;No;556;557;94;0.87;2298;0.70;0.71
131495;No;557;558;94;0.87;2300;0.70;0.70
131551;No;558;559;94;0.87;2303;0.69;0.69
131596;No;558;559;94;0.87;2306;0.69;0.68
131611;No;559;560;94;0.87;2308;0.68;0.67
131650;No;560;561;94;0.87;2310;0.68;0.67
131670;No;560;562;94;0.87;2313;0.68;0.67
131711;No;561;562;94;0.87;2315;0.69;0.67
131750;No;562;563;94;0.87;2317;0.69;0.68
131790;No;563;564;94;0.87;2320;0.69;0.68
131848;No;564;565;94;0.87;2322;0.69;0.69
131894;No;565;566;94;0.87;2324;0.70;0.69
131964;No;566;567;94;0.87;2330;0.70;0.70
132004;No;567;568;94;0.87;2335;0.70;0.70
132045;No;568;569;94;0.87;2341;0.69;0.69
132084;No;569;570;94;0.87;2346;0.69;0.67
132150;No;570;571;94;0.87;2352;0.69;0.66
132190;No;571;572;94;0.87;2357;0.68;0.65
132230;No;572;573;94;0.87;2362;0.68;0.64
132276;No;573;573;94;0.87;2368;0.68;0.63
132315;No;574;574;94;0.87;2378;0.67;0.61
132367;No;575;575;94;0.87;2388;0.68;0.60
132407;No;576;576;94;0.87;2398;0.69;0.61
132486;No;578;577;94;0.87;2408;0.70;0.61
132526;No;578;578;94;0.87;2418;0.71;0.62
132543;No;579;579;94;0.87;2428;0.72;0.62
132588;No;580;580;94;0.87;2438;0.73;0.63
132649;No;581;581;94;0.87;2448;0.74;0.63
132689;No;582;582;94;0.87;2452;0.75;0.64
132751;No;582;583;94;0.87;2458;0.75;0.65
132797;No;583;584;94;0.87;2462;0.76;0.66
132810;No;584;585;94;0.87;2467;0.76;0.67
132850;No;585;586;94;0.87;2472;0.76;0.68
132890;No;586;587;94;0.87;2477;0.76;0.69
132936;No;588;588;94;0.87;2482;0.76;0.70
132977;No;589;589;94;0.87;2486;0.76;0.71
133052;No;590;590;94;0.87;2493;0.76;0.72
133094;No;591;591;94;0.87;2499;0.76;0.73
133110;No;592;592;94;0.87;2505;0.76;0.73
133151;No;593;592;94;0.87;2511;0.76;0.73
133192;No;594;593;94;0.87;2517;0.75;0.72
133231;No;595;594;94;0.87;2524;0.75;0.72
133271;No;596;595;94;0.87;2530;0.75;0.72
133290;No;597;596;94;0.87;2536;0.75;0.71
133348;No;598;597;94;0.87;2546;0.74;0.71
133389;No;598;598;94;0.87;2555;0.75;0.71
133429;No;599;598;94;0.87;2565;0.75;0.71
133470;No;600;599;94;0.87;2575;0.75;0.71
133510;No;601;600;94;0.87;2584;0.75;0.71
133551;No;602;601;94;0.87;2594;0.75;0.71
133592;No;603;603;94;0.87;2604;0.75;0.71
133651;No;604;604;94;0.87;2614;0.76;0.72
133695;No;605;605;94;0.87;2623;0.76;0.72
133710;No;606;606;94;0.87;2632;0.76;0.72
133750;No;606;607;94;0.87;2642;0.76;0.72
133790;No;607;608;94;0.87;2651;0.76;0.73
133832;No;608;610;94;0.87;2661;0.76;0.73
133871;No;610;611;94;0.87;2670;0.76;0.73
133949;No;611;612;94;0.87;2680;0.76;0.74
133988;No;612;612;94;0.87;2689;0.76;0.74
134028;No;614;613;94;0.87;2696;0.76;0.74
134074;No;615;614;94;0.87;2704;0.76;0.75
134114;No;616;615;94;0.87;2712;0.75;0.73
134130;No;617;616;94;0.87;2719;0.74;0.72
134169;No;619;617;94;0.87;2726;0.74;0.71
134210;No;620;619;94;0.87;2734;0.73;0.69
134284;No;621;620;94;0.87;2742;0.72;0.68
134325;No;623;621;94;0.87;2749;0.72;0.66
134364;No;624;623;94;0.87;2762;0.71;0.65
134403;No;626;624;94;0.87;2774;0.71;0.64
134447;No;627;626;94;0.87;2787;0.72;0.65
134513;No;628;627;94;0.87;2800;0.72;0.66
134583;No;629;628;94;0.87;2812;0.73;0.68
134623;No;630;629;94;0.87;2825;0.73;0.69
134666;No;631;630;94;0.87;2838;0.73;0.70
134711;No;632;631;94;0.87;2850;0.74;0.72
134749;No;634;632;94;0.87;2858;0.74;0.73
134793;No;635;634;94;0.87;2866;0.74;0.74
134849;No;636;635;94;0.87;2874;0.74;0.74
134889;No;637;636;94;0.87;2882;0.73;0.74
134911;No;638;637;94;0.87;2890;0.73;0.74
134948;No;639;638;94;0.87;2898;0.73;0.74
134988;No;640;640;94;0.87;2906;0.72;0.74
135033;No;642;642;94;0.87;2914;0.72;0.74
135074;No;643;643;94;0.87;2925;0.72;0.73
135091;No;644;645;94;0.87;2936;0.72;0.73
135150;No;645;646;94;0.87;2947;0.72;0.73
135211;No;646;648;94;0.87;2958;0.72;0.72
135250;No;648;650;94;0.87;2969;0.72;0.71
135289;No;649;651;94;0.87;2980;0.72;0.70
135333;No;651;652;94;0.87;2992;0.72;0.69
135372;No;652;653;94;0.87;3002;0.72;0.69
135449;No;654;654;94;0.87;3007;0.72;0.68
135488;No;656;655;94;0.87;3012;0.72;0.67
135526;No;657;656;94;0.87;3016;0.72;0.68
135572;No;659;658;94;0.87;3021;0.72;0.69
135611;No;660;659;94;0.87;3026;0.72;0.70
135652;No;661;660;94;0.87;3030;0.72;0.71
135690;No;662;661;94;0.87;3035;0.73;0.72
135751;No;662;662;94;0.87;3040;0.73;0.72
135795;No;664;662;94;0.87;3044;0.73;0.73
135865;No;664;664;94;0.87;3048;0.73;0.74
135904;No;665;664;94;0.87;3053;0.73;0.74
135943;No;666;665;94;0.87;3057;0.72;0.74
135983;No;666;666;94;0.87;3062;0.72;0.74
136049;No;667;667;94;0.87;3066;0.72;0.73
136088;No;667;667;94;0.87;3070;0.72;0.73
136128;No;667;667;94;0.87;3075;0.72;0.73
136143;No;667;668;94;0.87;3060;0.72;0.73
136182;No;668;668;94;0.87;3045;0.72;0.72
136233;No;668;668;94;0.87;3030;0.72;0.72
136271;No;668;668;94;0.87;3015;0.72;0.72
136310;No;668;669;94;0.87;3000;0.72;0.72
136382;No;668;669;94;0.87;2985;0.72;0.72
136424;No;669;669;94;0.87;2970;0.72;0.72
136457;No;669;669;94;0.87;2955;0.72;0.72
136471;No;669;669;94;0.87;2879;0.72;0.71
136510;No;669;669;94;0.87;2803;0.72;0.71
136549;No;669;670;94;0.87;2727;0.72;0.71
136594;No;669;670;94;0.87;2651;0.72;0.71
136649;No;670;670;94;0.87;2575;0.72;0.71
136689;No;670;670;94;0.87;2500;0.72;0.71
136727;No;670;670;94;0.87;2424;0.72;0.71
136744;No;670;670;94;0.87;2348;0.72;0.71
136784;No;670;670;94;0.87;2348;0.72;0.71
136805;No;670;671;94;0.87;2348;0.72;0.71
136844;No;670;671;94;0.87;2348;0.72;0.71
136882;No;671;671;94;0.87;2348;0.73;0.71
136949;No;671;671;94;0.87;2348;0.73;0.71
136988;No;671;671;94;0.87;2348;0.73;0.71
137012;No;671;671;94;0.87;2348;0.73;0.71
137051;No;671;671;94;0.87;2348;0.73;0.71
137091;No;671;672;94;0.87;2335;0.73;0.71
137130;No;671;672;94;0.87;2322;0.73;0.71
137169;No;672;672;94;0.87;2309;0.73;0.71
137190;No;672;672;94;0.87;2296;0.73;0.71
137249;No;672;672;94;0.87;2284;0.73;0.71
137300;No;672;672;94;0.87;2271;0.73;0.71
137364;No;672;672;94;0.87;2258;0.74;0.71
137402;No;672;672;94;0.87;2245;0.74;0.71
137446;No;672;672;94;0.87;2187;0.74;0.71
137489;No;672;672;95;0.87;2129;0.74;0.71
137552;No;673;673;95;0.87;2070;0.74;0.71
137591;No;673;673;95;0.87;2012;0.74;0.71
137632;No;673;673;95;0.87;1954;0.74;0.71
137676;No;673;673;95;0.87;1896;0.74;0.71
137736;No;673;673;95;0.87;1837;0.74;0.71
137775;No;673;673;95;0.87;1779;0.74;0.71
137790;No;673;673;95;0.87;1780;0.74;0.71
137849;No;673;673;95;0.87;1781;0.74;0.71
137892;No;673;673;95;0.87;1782;0.74;0.71
137931;No;673;673;95;0.87;1783;0.74;0.71
137970;No;674;673;95;0.87;1784;0.74;0.71
138009;No;674;674;95;0.87;1785;0.74;0.71
138048;No;674;674;95;0.87;1786;0.74;0.71
138098;No;674;674;95;0.87;1787;0.74;0.71
138150;No;674;674;95;0.87;1787;0.74;0.71
138189;No;674;674;95;0.87;1787;0.74;0.70
138227;No;674;674;95;0.87;1787;0.74;0.70
138244;No;674;674;95;0.86;1787;0.74;0.70
138285;No;674;674;95;0.86;1787;0.74;0.70
138324;No;674;674;95;0.86;1788;0.74;0.70
138362;No;674;674;95;0.86;1788;0.74;0.70
138403;No;674;674;95;0.86;1788;0.74;0.70
138448;No;674;674;95;0.86;1770;0.74;0.70
138489;No;674;674;96;0.86;1752;0.74;0.70
138528;No;674;674;96;0.86;1734;0.74;0.70
138593;No;674;674;96;0.86;1716;0.74;0.70
138636;No;674;674;96;0.86;1698;0.74;0.70
138677;No;674;674;96;0.86;1680;0.74;0.70
138751;No;674;674;96;0.86;1662;0.74;0.70
138790;No;674;674;96;0.86;1645;0.74;0.70
138830;No;674;674;96;0.86;1617;0.74;0.70
138868;No;674;674;96;0.86;1589;0.74;0.70
138910;No;674;674;96;0.86;1561;0.74;0.70
138952;No;674;675;96;0.86;1533;0.74;0.70
138991;No;674;675;96;0.86;1506;0.74;0.70
139092;No;674;675;96;0.86;1478;0.74;0.70
139131;No;674;675;96;0.86;1450;0.74;0.70
139170;No;675;675;96;0.86;1422;0.74;0.70
139209;No;675;675;96;0.86;1423;0.74;0.70
139250;No;675;675;96;0.86;1424;0.74;0.70
139288;No;675;675;96;0.86;1425;0.74;0.70
139350;No;675;675;96;0.86;1426;0.74;0.70
139392;No;675;675;96;0.86;1428;0.74;0.70
139437;No;675;675;96;0.86;1428;0.74;0.70
139483;No;675;675;96;0.86;1430;0.74;0.70
139522;No;675;675;96;0.86;1431;0.74;0.70
139561;No;675;675;96;0.86;1426;0.74;0.70
139601;No;675;675;96;0.86;1420;0.74;0.70
139649;No;675;675;96;0.86;1415;0.74;0.70
139687;No;675;675;96;0.86;1410;0.74;0.70
139726;No;675;675;96;0.86;1405;0.74;0.70
139765;No;675;675;96;0.86;1400;0.74;0.70
139810;No;675;675;96;0.86;1395;0.74;0.70
139830;No;675;675;96;0.86;1390;0.74;0.70
139868;No;675;675;96;0.86;1388;0.74;0.70
139908;No;675;674;96;0.86;1386;0.74;0.70
139981;No;675;674;96;0.86;1384;0.74;0.70
140022;No;675;674;96;0.86;1382;0.74;0.70
140061;No;675;674;96;0.86;1380;0.74;0.70
140126;No;674;674;96;0.86;1378;0.74;0.70
140168;No;674;674;96;0.86;1376;0.74;0.70
140208;No;674;674;96;0.86;1375;0.74;0.70
140297;No;674;674;96;0.86;1367;0.74;0.70
140311;No;674;674;96;0.86;1358;0.74;0.70
140350;No;674;674;96;0.86;1350;0.74;0.70
140388;No;674;674;96;0.86;1342;0.74;0.70
140429;No;674;674;96;0.86;1334;0.74;0.70
140467;No;674;674;96;0.86;1326;0.74;0.70
140508;No;674;674;96;0.86;1318;0.74;0.70
140581;No;674;674;96;0.86;1310;0.74;0.70
140621;No;674;674;96;0.86;1312;0.74;0.70
140668;No;674;674;96;0.86;1313;0.74;0.70
140709;No;674;674;96;0.86;1314;0.74;0.69
140748;No;674;674;96;0.86;1316;0.74;0.67
140813;No;674;674;96;0.86;1317;0.74;0.66
140884;No;674;674;96;0.86;1318;0.74;0.64
140923;No;674;674;96;0.86;1320;0.73;0.63
140961;No;674;674;96;0.86;1321;0.73;0.62
141027;No;674;674;96;0.86;1345;0.73;0.60
141066;No;674;674;96;0.86;1369;0.73;0.59
141111;No;674;674;96;0.86;1393;0.73;0.56
141182;No;674;674;96;0.86;1418;0.73;0.53
141223;No;674;674;96;0.86;1442;0.73;0.50
141263;No;673;673;96;0.86;1466;0.73;0.47
141303;No;673;673;96;0.86;1490;0.73;0.45
141342;No;673;673;96;0.86;1514;0.72;0.42
141380;No;673;673;96;0.86;1541;0.72;0.39
141450;No;673;673;96;0.86;1568;0.74;0.36
141490;No;673;673;96;0.87;1596;0.75;0.41
141511;No;673;673;96;0.87;1623;0.76;0.46
141550;No;673;673;96;0.87;1650;0.78;0.51
141609;No;673;673;96;0.87;1678;0.79;0.57
141651;No;673;673;96;0.87;1705;0.80;0.62
141694;No;673;673;96;0.87;1732;0.81;0.67
141749;No;673;673;96;0.87;1738;0.83;0.72
141788;No;673;673;96;0.87;1743;0.83;0.77
141826;No;673;673;96;0.87;1748;0.83;0.77
141866;No;673;673;96;0.87;1754;0.82;0.78
141911;No;673;673;96;0.87;1760;0.82;0.78
141951;No;673;673;96;0.87;1765;0.82;0.79
141990;No;673;673;96;0.87;1770;0.82;0.79
142053;No;672;673;96;0.87;1776;0.82;0.80
142082;No;672;672;96;0.87;1780;0.82;0.81
142121;No;672;672;96;0.87;1785;0.82;0.81
142162;No;672;672;96;0.87;1790;0.82;0.81
142227;No;672;672;96;0.87;1794;0.82;0.82
142275;No;672;672;96;0.87;1798;0.82;0.82
142290;No;672;672;96;0.87;1803;0.82;0.82
142349;No;672;672;96;0.87;1808;0.81;0.82
142387;No;672;672;96;0.87;1812;0.81;0.82
142426;No;672;672;96;0.87;1816;0.81;0.82
142472;No;672;672;96;0.87;1820;0.81;0.83
142518;No;672;672;95;0.87;1824;0.81;0.82
142584;No;672;672;95;0.87;1828;0.80;0.82
142648;No;672;672;95;0.87;1832;0.80;0.82
142690;No;672;672;95;0.87;1836;0.80;0.81
142730;No;672;672;95;0.87;1839;0.79;0.81
142774;No;672;672;95;0.87;1843;0.79;0.81
142814;No;672;672;95;0.87;1847;0.79;0.80
142831;No;672;672;95;0.87;1851;0.78;0.80
142897;No;672;672;95;0.87;1855;0.78;0.80
142949;No;672;672;95;0.87;1859;0.78;0.80
142994;No;672;672;95;0.87;1863;0.78;0.80
143011;No;672;672;95;0.87;1867;0.77;0.79
143051;No;672;672;95;0.87;1871;0.77;0.79
143091;No;672;672;95;0.87;1875;0.77;0.79
143130;No;672;672;95;0.87;1853;0.76;0.79
143174;No;673;672;95;0.87;1831;0.76;0.79
143191;No;673;673;95;0.87;1809;0.76;0.79
143248;No;673;673;95;0.87;1787;0.76;0.79
143289;No;673;673;95;0.87;1765;0.76;0.79
143328;No;673;673;95;0.87;1743;0.76;0.79
143373;No;673;673;95;0.87;1722;0.76;0.78
143412;No;673;673;95;0.87;1700;0.76;0.78
143452;No;673;673;95;0.87;1682;0.76;0.78
143490;No;673;673;95;0.87;1665;0.76;0.78
143550;No;673;673;95;0.87;1648;0.75;0.78
143593;No;673;673;95;0.87;1631;0.75;0.78
143664;No;673;673;95;0.87;1614;0.75;0.77
143702;No;673;673;95;0.87;1596;0.74;0.77
143741;No;673;673;95;0.87;1579;0.74;0.77
143780;No;673;673;95;0.87;1562;0.73;0.76
143849;No;673;673;95;0.87;1556;0.73;0.76
143891;No;673;673;95;0.87;1550;0.73;0.76
143932;No;673;673;95;0.87;1544;0.73;0.76
143971;No;673;673;95;0.87;1539;0.73;0.76
144012;No;673;673;95;0.87;1533;0.73;0.76
144053;No;673;673;95;0.87;1527;0.73;0.76
144091;No;673;673;95;0.87;1521;0.73;0.75
144171;No;673;673;95;0.87;1516;0.73;0.75
144211;No;673;673;95;0.87;1508;0.73;0.75
144257;No;673;673;95;0.87;1500;0.73;0.75
144271;No;673;673;95;0.87;1493;0.74;0.75
144310;No;673;673;95;0.87;1485;0.74;0.75
144349;No;673;673;95;0.87;1478;0.74;0.75
144389;No;673;673;95;0.87;1470;0.74;0.75
144451;No;673;673;95;0.87;1462;0.74;0.75
144493;No;674;673;95;0.87;1455;0.74;0.75
144534;No;674;674;95;0.87;1456;0.74;0.75
144574;No;674;674;95;0.87;1457;0.74;0.75
144618;No;674;674;94;0.87;1458;0.74;0.75
144684;No;674;674;94;0.87;1459;0.74;0.75
144751;No;674;674;94;0.87;1460;0.73;0.75
144790;No;674;674;94;0.87;1462;0.73;0.75
144811;No;674;674;94;0.87;1463;0.73;0.75
144850;No;674;674;94;0.87;1464;0.73;0.75
144890;No;674;674;94;0.87;1464;0.72;0.74
144930;No;674;674;94;0.87;1464;0.73;0.74
144969;No;674;674;94;0.87;1463;0.73;0.74
144991;No;674;674;94;0.87;1463;0.73;0.74
145049;No;674;674;94;0.87;1463;0.73;0.75
145089;No;674;674;94;0.87;1463;0.73;0.75
145131;No;674;674;94;0.87;1463;0.73;0.75
145172;No;674;674;94;0.87;1462;0.74;0.75
145210;No;674;674;94;0.87;1460;0.74;0.75
145249;No;674;674;94;0.87;1457;0.74;0.75
145313;No;674;674;94;0.87;1454;0.74;0.75
145385;No;674;674;94;0.87;1452;0.74;0.75
145447;No;674;674;94;0.87;1449;0.74;0.75
145487;No;674;674;94;0.87;1446;0.74;0.75
145553;No;674;674;94;0.87;1444;0.74;0.75
145592;No;674;674;94;0.87;1441;0.74;0.74
145649;No;674;674;94;0.87;1441;0.74;0.74
145687;No;674;674;94;0.87;1440;0.74;0.74
145729;No;674;674;94;0.87;1440;0.74;0.74
145796;No;674;674;94;0.87;1439;0.74;0.74
145840;No;674;674;94;0.87;1438;0.74;0.74
145880;No;674;674;94;0.87;1438;0.74;0.74
145949;No;674;674;94;0.87;1438;0.73;0.74
145989;No;674;674;94;0.87;1437;0.73;0.74
146028;No;674;674;94;0.87;1436;0.73;0.74
146079;No;674;674;94;0.87;1436;0.73;0.74
146118;No;674;674;94;0.87;1436;0.73;0.74
146131;No;674;674;94;0.86;1435;0.73;0.74
146170;No;674;674;94;0.86;1434;0.73;0.74
146190;No;674;674;94;0.86;1434;0.73;0.74
146249;No;674;674;94;0.86;1434;0.73;0.74
146288;No;674;674;94;0.86;1433;0.73;0.74
146326;No;674;674;94;0.86;1433;0.73;0.74
146365;No;674;674;94;0.86;1433;0.73;0.74
146409;No;674;674;94;0.86;1433;0.73;0.74
146431;No;674;674;94;0.86;1433;0.73;0.74
146470;No;674;674;94;0.86;1433;0.73;0.74
146511;No;674;674;94;0.86;1433;0.73;0.74
146586;No;674;674;94;0.86;1432;0.73;0.74
146625;No;674;674;94;0.86;1432;0.73;0.74
146643;No;674;674;94;0.86;1426;0.73;0.74
146697;No;674;674;94;0.86;1420;0.73;0.74
146735;No;674;674;94;0.86;1413;0.73;0.74
146780;No;674;674;94;0.86;1406;0.73;0.74
146851;No;674;674;94;0.86;1400;0.73;0.74
146895;No;674;674;94;0.86;1393;0.73;0.74
146911;No;674;674;94;0.86;1387;0.73;0.74
146952;No;674;674;94;0.86;1380;0.73;0.74
146990;No;674;674;94;0.86;1374;0.73;0.74
147029;No;674;674;94;0.86;1368;0.73;0.74
147072;No;674;674;94;0.86;1361;0.73;0.74
147112;No;674;674;94;0.86;1355;0.74;0.74
147188;No;674;674;94;0.86;1348;0.74;0.74
147226;No;673;673;94;0.86;1342;0.74;0.74
147265;No;673;673;94;0.86;1336;0.74;0.74
147317;No;673;673;94;0.86;1330;0.74;0.74
147329;No;673;673;94;0.86;1319;0.74;0.74
147368;No;673;673;95;0.86;1308;0.74;0.74
147408;No;673;673;95;0.86;1298;0.74;0.74
147481;No;673;673;95;0.86;1288;0.74;0.74
147525;No;673;673;95;0.86;1277;0.74;0.74
147573;No;673;673;95;0.86;1266;0.74;0.74
147612;No;673;673;95;0.86;1256;0.74;0.74
147653;No;673;673;95;0.86;1245;0.74;0.74
147692;No;673;673;95;0.86;1240;0.74;0.74
147749;No;673;673;95;0.86;1234;0.74;0.74
147787;No;673;673;95;0.86;1229;0.74;0.74
147828;No;672;673;95;0.86;1224;0.74;0.74
147892;No;672;672;95;0.86;1218;0.74;0.74
147931;No;672;672;95;0.86;1213;0.74;0.74
147977;No;672;672;95;0.86;1208;0.73;0.74
147990;No;672;672;95;0.86;1202;0.73;0.74
148049;No;672;672;95;0.86;1205;0.73;0.74
148089;No;672;672;95;0.86;1209;0.73;0.74
148129;No;672;672;95;0.86;1212;0.73;0.74
148172;No;672;672;95;0.85;1216;0.73;0.73
148212;No;672;672;95;0.85;1219;0.73;0.73
148253;No;672;672;95;0.85;1222;0.73;0.73
148292;No;672;672;95;0.85;1226;0.73;0.73
148348;No;672;672;95;0.85;1229;0.73;0.72
148393;No;672;672;95;0.85;1224;0.73;0.72
148431;No;672;672;95;0.85;1218;0.73;0.72
148470;No;672;672;95;0.85;1213;0.73;0.72
148510;No;672;672;95;0.85;1208;0.73;0.72
148548;No;672;672;95;0.85;1202;0.73;0.72
148593;No;672;672;95;0.85;1197;0.73;0.72
148648;No;672;671;95;0.85;1192;0.72;0.72
148689;No;671;671;95;0.85;1186;0.72;0.73
148710;No;671;671;95;0.85;1186;0.72;0.73
148752;No;671;671;95;0.85;1186;0.72;0.73
148770;No;671;671;95;0.85;1185;0.72;0.73
148811;No;671;671;95;0.85;1184;0.72;0.73
148852;No;671;671;95;0.85;1184;0.72;0.73
148893;No;671;671;95;0.85;1183;0.72;0.73
148950;No;671;670;95;0.85;1182;0.72;0.73
148995;No;671;670;95;0.85;1182;0.72;0.74
149010;No;670;670;95;0.85;1174;0.72;0.74
149055;No;670;670;95;0.85;1167;0.72;0.74
149070;No;670;670;95;0.85;1159;0.72;0.74
149108;No;670;670;95;0.85;1152;0.72;0.74
149130;No;670;670;95;0.85;1144;0.72;0.74
149171;No;670;670;95;0.85;1136;0.72;0.74
149211;No;670;670;95;0.85;1129;0.72;0.74
149304;No;670;670;95;0.85;1121;0.72;0.75
149347;No;670;670;95;0.85;1116;0.72;0.75
149388;No;670;670;95;0.85;1110;0.72;0.75
149453;No;670;670;95;0.85;1104;0.72;0.75
149491;No;669;669;95;0.85;1099;0.72;0.75
149549;No;669;669;95;0.85;1093;0.72;0.75
149591;No;669;669;95;0.85;1088;0.72;0.75
149662;No;669;669;95;0.85;1082;0.72;0.75
149727;No;669;669;95;0.85;1077;0.72;0.75
149765;No;669;669;95;0.85;1074;0.72;0.75
149805;No;669;669;95;0.85;1070;0.72;0.75
149886;No;669;669;95;0.85;1067;0.72;0.75
149926;No;669;669;95;0.85;1063;0.72;0.75
149942;No;669;669;95;0.85;1060;0.72;0.75
149981;No;669;668;95;0.85;1056;0.72;0.76
150021;No;668;668;95;0.85;1053;0.72;0.76
150066;No;668;668;95;0.85;1050;0.72;0.76
150107;No;668;668;95;0.85;1040;0.72;0.76
150181;No;668;668;95;0.85;1032;0.72;0.76
150223;No;668;668;95;0.85;1022;0.72;0.76
150265;No;668;668;95;0.85;1013;0.72;0.76
150304;No;668;668;95;0.85;1004;0.72;0.76
150343;No;668;668;95;0.85;995;0.72;0.76
150384;No;668;668;95;0.85;986;0.72;0.76
150452;No;668;668;95;0.85;976;0.72;0.76
150499;No;668;668;95;0.85;988;0.72;0.76
150564;No;668;668;95;0.85;999;0.72;0.76
150603;No;668;668;95;0.85;1010;0.72;0.76
150643;No;668;668;95;0.85;1021;0.72;0.76
150683;No;667;668;95;0.85;1032;0.72;0.76
150750;No;667;667;95;0.85;1044;0.72;0.76
150791;No;667;667;95;0.85;1054;0.72;0.76
150831;No;667;667;95;0.85;1066;0.72;0.76
150870;No;667;667;95;0.85;1065;0.72;0.76
150915;No;667;667;95;0.85;1064;0.72;0.76
150931;No;667;667;95;0.85;1064;0.72;0.76
150971;No;667;667;95;0.85;1063;0.72;0.77
151012;No;667;667;95;0.85;1062;0.72;0.77
151058;No;667;667;95;0.85;1061;0.72;0.77
151098;No;667;667;95;0.85;1060;0.72;0.77
151163;No;667;667;95;0.85;1060;0.72;0.77
151202;No;667;667;95;0.85;1060;0.72;0.77
151242;No;667;667;95;0.85;1060;0.72;0.77
151293;No;666;667;95;0.85;1060;0.72;0.77
151348;No;666;666;95;0.85;1060;0.72;0.77
151386;No;666;666;95;0.85;1060;0.72;0.77
151430;No;666;666;95;0.85;1060;0.72;0.78
151475;No;666;666;95;0.85;1060;0.72;0.78
151513;No;666;666;95;0.85;1060;0.72;0.78
151553;No;666;666;95;0.85;1058;0.72;0.78
151592;No;666;666;95;0.85;1056;0.73;0.78
151647;No;666;666;95;0.85;1054;0.73;0.78
151687;No;666;666;95;0.84;1052;0.73;0.78
151725;No;666;666;95;0.84;1050;0.73;0.78
151764;No;666;666;95;0.84;1048;0.74;0.78
151816;No;666;666;95;0.84;1046;0.74;0.78
151867;No;666;666;95;0.84;1044;0.74;0.78
151906;No;666;666;95;0.84;1043;0.74;0.78
151950;No;666;666;95;0.84;1042;0.75;0.78
151989;No;665;666;95;0.84;1042;0.75;0.78
152029;No;665;665;95;0.84;1041;0.75;0.78
152072;No;665;665;95;0.84;1040;0.75;0.78
152113;No;665;665;95;0.84;1040;0.76;0.78
152131;No;665;665;95;0.84;1039;0.76;0.78
152170;No;665;665;95;0.84;1038;0.76;0.78
152191;No;665;665;95;0.84;1039;0.76;0.78
152249;No;665;665;95;0.84;1040;0.77;0.78
152288;No;665;665;95;0.85;1041;0.77;0.78
152326;No;665;665;95;0.85;1042;0.77;0.79
152373;No;665;665;95;0.85;1043;0.78;0.79
152412;No;665;665;95;0.85;1044;0.78;0.79
152431;No;665;665;95;0.85;1044;0.79;0.79
152470;No;665;665;95;0.85;1045;0.79;0.79
152508;No;664;665;95;0.85;1045;0.79;0.79
152587;No;664;664;95;0.85;1045;0.79;0.79
152625;No;664;664;95;0.85;1045;0.80;0.79
152641;No;664;664;95;0.85;1045;0.80;0.79
152683;No;664;664;95;0.85;1044;0.80;0.79
152726;No;664;664;95;0.85;1044;0.80;0.79
152766;No;664;664;95;0.85;1044;0.81;0.79
152805;No;664;664;95;0.85;1044;0.81;0.80
152851;No;664;664;95;0.85;1042;0.81;0.80
152890;No;664;664;95;0.85;1040;0.81;0.80
152910;No;664;664;95;0.85;1038;0.81;0.80
152948;No;664;664;95;0.84;1036;0.82;0.80
152996;No;664;664;95;0.84;1034;0.82;0.80
153035;No;664;664;95;0.84;1032;0.82;0.80
153096;No;664;664;95;0.84;1030;0.82;0.81
153148;No;663;663;95;0.84;1028;0.82;0.81
153187;No;663;663;95;0.84;1026;0.82;0.81
153227;No;663;663;95;0.84;1025;0.82;0.81
153269;No;663;663;95;0.84;1024;0.82;0.81
153308;No;663;663;95;0.84;1022;0.82;0.81
153346;No;663;663;95;0.84;1020;0.82;0.81
153362;No;663;663;95;0.84;1019;0.82;0.81
153402;No;663;663;95;0.84;1017;0.83;0.81
153480;No;663;663;95;0.84;1016;0.83;0.82
153520;No;663;663;95;0.84;1014;0.83;0.82
153559;No;662;662;95;0.84;1013;0.83;0.82
153624;No;662;662;95;0.85;1012;0.83;0.82
153667;No;662;662;95;0.85;1010;0.83;0.82
153706;No;662;662;95;0.85;1009;0.83;0.81
153749;No;662;662;95;0.85;1008;0.83;0.81
153790;No;662;662;95;0.85;1006;0.83;0.81
153828;No;662;662;95;0.85;1005;0.83;0.81
153874;No;662;662;95;0.85;1005;0.83;0.81
153914;No;662;662;95;0.85;1004;0.83;0.81
153952;No;662;662;95;0.85;1004;0.83;0.81
153994;No;662;662;95;0.85;1003;0.83;0.81
154049;No;662;661;95;0.85;1002;0.83;0.81
154088;No;661;661;95;0.85;1002;0.83;0.81
154127;No;661;661;95;0.85;1001;0.83;0.81
154193;No;661;661;95;0.85;1001;0.83;0.81
154232;No;661;661;95;0.85;1000;0.83;0.81
154279;No;661;661;95;0.85;999;0.83;0.81
154350;No;661;661;95;0.85;998;0.83;0.81
154411;No;661;661;95;0.85;998;0.83;0.81
154450;No;661;661;95;0.85;997;0.83;0.81
154490;No;661;660;95;0.85;996;0.83;0.81
154528;No;660;660;95;0.85;995;0.83;0.81
154569;No;660;660;95;0.85;994;0.83;0.82
154609;No;660;660;95;0.85;994;0.83;0.82
154682;No;660;660;95;0.85;994;0.83;0.82
154727;No;660;660;95;0.85;993;0.83;0.82
154792;No;660;660;95;0.85;992;0.83;0.82
154830;No;660;660;95;0.85;992;0.83;0.82
154876;No;660;660;95;0.85;992;0.83;0.82
154890;No;660;660;95;0.85;991;0.83;0.82
154950;No;660;660;95;0.85;990;0.83;0.82
154990;No;660;659;95;0.85;990;0.83;0.82
155029;No;660;659;95;0.85;990;0.83;0.82
155068;No;659;659;95;0.85;989;0.83;0.82
155116;No;659;659;95;0.85;988;0.83;0.82
155130;No;659;659;95;0.85;988;0.83;0.82
155169;No;659;659;95;0.85;987;0.83;0.82
155209;No;659;659;95;0.85;986;0.83;0.82
155285;No;659;659;95;0.85;986;0.83;0.82
155324;No;659;659;95;0.85;986;0.83;0.82
155342;No;659;659;95;0.85;985;0.83;0.82
155381;No;659;659;95;0.85;984;0.83;0.82
155420;No;659;659;95;0.85;984;0.83;0.82
155470;No;658;659;95;0.85;983;0.83;0.82
155511;No;658;658;95;0.85;983;0.83;0.82
155583;No;658;658;95;0.85;982;0.83;0.82
155624;No;658;658;95;0.85;982;0.83;0.82
155657;No;658;658;95;0.85;982;0.83;0.82
155670;No;658;658;95;0.85;981;0.83;0.82
155709;No;658;658;95;0.85;981;0.83;0.82
155750;No;658;658;95;0.85;981;0.83;0.82
155789;No;658;658;95;0.85;981;0.83;0.82
155850;No;658;658;95;0.85;981;0.83;0.82
155891;No;658;658;95;0.85;981;0.83;0.82
155931;No;658;658;95;0.85;981;0.83;0.82
155972;No;658;658;95;0.85;980;0.83;0.82
156014;No;658;658;95;0.85;980;0.83;0.82
156053;No;658;658;95;0.85;980;0.83;0.82
156092;No;658;657;95;0.85;979;0.83;0.82
156150;No;657;657;95;0.85;979;0.83;0.82
156190;No;657;657;95;0.85;978;0.83;0.82
156210;No;657;657;95;0.85;978;0.83;0.82
156251;No;657;657;95;0.85;978;0.83;0.82
156270;No;657;657;95;0.85;977;0.83;0.82
156312;No;657;657;95;0.85;976;0.83;0.82
156353;No;657;657;95;0.85;976;0.83;0.82
156391;No;657;657;95;0.85;975;0.83;0.82
156450;No;657;657;95;0.85;974;0.83;0.82
156489;No;657;657;95;0.85;974;0.83;0.82
156529;No;657;657;95;0.85;973;0.83;0.82
156573;No;657;657;95;0.85;972;0.83;0.82
156613;No;657;657;95;0.85;974;0.83;0.82
156653;No;656;656;95;0.85;976;0.83;0.82
156693;No;656;656;95;0.85;978;0.83;0.82
156750;No;656;656;95;0.85;980;0.82;0.82
156792;No;656;656;95;0.85;982;0.82;0.82
156833;No;656;656;95;0.85;984;0.82;0.82
156876;No;656;656;95;0.85;986;0.82;0.82
156937;No;656;656;95;0.85;988;0.82;0.82
156976;No;656;656;95;0.85;986;0.82;0.82
156989;No;656;656;95;0.85;984;0.82;0.82
157050;No;656;656;95;0.85;982;0.82;0.82
157093;No;656;656;95;0.85;980;0.82;0.82
157163;No;656;656;95;0.85;978;0.82;0.81
157204;No;656;656;95;0.85;977;0.82;0.81
157242;No;656;656;95;0.85;975;0.82;0.81
157283;No;656;656;95;0.85;973;0.82;0.81
157358;No;656;655;95;0.85;972;0.82;0.81
157403;No;655;655;95;0.85;972;0.82;0.81
157442;No;655;655;95;0.85;971;0.82;0.81
157482;No;655;655;95;0.85;971;0.82;0.81
157521;No;655;655;95;0.85;970;0.82;0.81
157567;No;655;655;95;0.85;970;0.82;0.81
157606;No;655;655;95;0.85;969;0.82;0.81
157652;No;655;655;95;0.85;969;0.82;0.81
157692;No;655;655;95;0.85;968;0.82;0.81
157730;No;655;655;95;0.85;968;0.82;0.81
157780;No;655;655;95;0.86;967;0.82;0.81
157818;No;655;655;95;0.86;966;0.82;0.81
157883;No;655;655;95;0.86;965;0.82;0.81
157950;No;655;655;95;0.86;965;0.82;0.81
157990;No;654;655;95;0.86;964;0.82;0.81
158011;No;654;654;95;0.86;963;0.82;0.81
158050;No;654;654;95;0.86;964;0.82;0.81
158088;No;654;654;95;0.86;964;0.82;0.81
158153;No;654;654;95;0.86;964;0.82;0.81
158206;No;654;654;95;0.86;964;0.82;0.81
158264;No;654;654;95;0.86;964;0.82;0.81
158304;No;654;654;95;0.86;964;0.82;0.81
158342;No;654;654;95;0.86;964;0.82;0.81
158383;No;654;654;95;0.86;965;0.82;0.81
158422;No;654;654;95;0.86;994;0.82;0.81
158465;No;653;654;95;0.86;1024;0.82;0.81
158504;No;653;653;95;0.86;1054;0.82;0.81
158556;No;653;653;95;0.86;1083;0.82;0.81
158598;No;653;653;95;0.86;1113;0.82;0.81
158610;No;653;653;95;0.86;1142;0.82;0.81
158650;No;653;653;95;0.86;1172;0.82;0.81
158690;No;653;653;95;0.86;1202;0.82;0.81
158735;No;652;653;95;0.86;1244;0.82;0.81
158774;No;652;652;95;0.86;1286;0.82;0.81
158812;No;652;652;94;0.86;1328;0.82;0.81
158885;No;652;652;94;0.86;1370;0.82;0.81
158927;No;652;652;94;0.86;1412;0.82;0.81
158941;No;652;652;94;0.86;1454;0.82;0.81
158980;No;652;652;94;0.86;1496;0.82;0.81
159019;No;652;651;94;0.86;1538;0.82;0.80
159060;No;651;651;94;0.86;1546;0.82;0.80
159108;No;651;651;94;0.86;1554;0.82;0.80
159183;No;651;651;94;0.86;1561;0.82;0.80
159221;No;651;651;94;0.86;1569;0.81;0.80
159260;No;651;650;94;0.86;1576;0.81;0.80
159328;No;650;650;94;0.86;1584;0.81;0.80
159368;No;650;650;94;0.86;1592;0.80;0.80
159408;No;650;650;94;0.86;1599;0.80;0.80
159497;No;650;650;94;0.86;1604;0.80;0.80
159509;No;650;650;94;0.86;1608;0.79;0.80
159556;No;650;650;94;0.86;1612;0.79;0.80
159570;No;649;650;94;0.86;1616;0.79;0.79
159608;No;649;649;94;0.86;1620;0.79;0.79
159647;No;649;649;94;0.86;1624;0.79;0.79
159713;No;649;649;94;0.86;1628;0.78;0.79
159785;No;649;649;94;0.86;1633;0.78;0.79
159827;No;649;649;94;0.86;1641;0.78;0.79
159874;No;648;649;94;0.86;1649;0.78;0.79
159914;No;648;648;94;0.86;1657;0.77;0.79
159964;No;648;648;94;0.86;1666;0.77;0.78
160003;No;648;648;94;0.86;1674;0.77;0.78
160050;No;648;648;94;0.86;1682;0.77;0.78
160089;No;648;648;94;0.86;1690;0.77;0.78
160130;No;648;648;94;0.86;1698;0.76;0.77
160169;No;648;648;94;0.86;1703;0.76;0.77
160209;No;647;647;94;0.86;1708;0.76;0.77
160248;No;647;647;94;0.86;1713;0.76;0.77
160290;No;647;647;94;0.86;1718;0.76;0.77
160350;No;647;647;94;0.86;1723;0.76;0.77
160393;No;647;647;94;0.86;1728;0.76;0.77
160432;No;647;647;94;0.86;1733;0.76;0.77
160473;No;647;646;94;0.86;1738;0.76;0.77
160517;No;647;646;94;0.86;1742;0.76;0.77
160531;No;646;646;94;0.86;1746;0.76;0.77
160577;No;646;646;94;0.86;1750;0.75;0.77
160589;No;646;646;94;0.86;1754;0.75;0.77
160652;No;646;646;94;0.86;1758;0.75;0.77
160690;No;646;646;94;0.86;1762;0.75;0.76
160729;No;646;646;94;0.86;1766;0.74;0.76
160776;No;646;646;94;0.86;1770;0.74;0.76
160815;No;646;646;94;0.86;1786;0.74;0.76
160885;No;646;645;94;0.86;1802;0.74;0.75
160949;No;645;645;93;0.86;1818;0.73;0.75
160989;No;645;645;93;0.86;1833;0.73;0.74
161033;No;645;645;93;0.86;1849;0.73;0.74
161074;No;645;645;93;0.86;1865;0.73;0.73
161112;No;645;645;93;0.86;1880;0.73;0.73
161151;No;645;645;93;0.86;1896;0.73;0.72
161191;No;645;645;93;0.86;1915;0.72;0.72
161250;No;645;645;93;0.86;1934;0.72;0.71
161295;No;645;645;93;0.86;1954;0.73;0.71
161311;No;645;645;93;0.86;1972;0.73;0.71
161350;No;645;645;93;0.86;1992;0.73;0.71
161389;No;645;645;93;0.86;2011;0.73;0.71
161434;No;645;645;93;0.86;2030;0.73;0.71
161473;No;645;645;93;0.86;2049;0.73;0.71
161511;No;645;645;93;0.86;2068;0.73;0.71
161584;No;645;645;93;0.86;2087;0.74;0.71
161623;No;646;645;93;0.86;2106;0.75;0.72
161672;No;646;646;93;0.86;2125;0.76;0.72
161712;No;646;646;93;0.86;2144;0.77;0.73
161750;No;646;646;93;0.86;2163;0.77;0.74
161793;No;646;646;93;0.86;2182;0.78;0.75
161850;No;646;646;93;0.86;2201;0.79;0.75
161899;No;646;646;93;0.86;2191;0.80;0.76
161910;No;646;646;93;0.86;2182;0.79;0.77
161952;No;646;647;93;0.86;2172;0.79;0.77
161991;No;647;647;93;0.86;2162;0.78;0.76
162056;No;647;647;93;0.86;2152;0.78;0.76
162100;No;647;647;93;0.86;2143;0.77;0.76
162149;No;647;648;93;0.86;2133;0.77;0.76
162189;No;648;648;93;0.86;2124;0.76;0.75
162228;No;648;648;93;0.86;2113;0.76;0.75
162293;No;648;648;93;0.86;2102;0.76;0.75
162346;No;648;648;93;0.86;2092;0.77;0.75
162385;No;649;649;93;0.86;2081;0.77;0.75
162451;No;649;649;93;0.86;2070;0.78;0.76
162498;No;649;649;93;0.86;2060;0.78;0.76
162511;No;649;649;93;0.86;2049;0.78;0.76
162556;No;649;649;93;0.86;2038;0.79;0.77
162570;No;649;649;93;0.86;2033;0.79;0.77
162609;No;649;649;93;0.86;2028;0.79;0.77
162649;No;649;649;93;0.86;2023;0.79;0.77
162713;No;650;649;93;0.86;2018;0.79;0.78
162788;No;650;650;93;0.86;2013;0.79;0.78
162827;No;650;650;93;0.86;2008;0.79;0.78
162873;No;650;650;93;0.86;2003;0.79;0.78
162911;No;650;650;93;0.86;1998;0.78;0.78
162950;No;650;650;93;0.86;1997;0.78;0.79
162995;No;650;650;93;0.86;1996;0.78;0.79
163050;No;650;650;93;0.86;1995;0.78;0.79
163090;No;650;650;93;0.86;1994;0.78;0.78
163129;No;650;650;93;0.86;1993;0.78;0.78
163168;No;650;650;93;0.86;1992;0.78;0.78
163212;No;650;650;93;0.86;1990;0.78;0.78
163229;No;650;650;93;0.86;1989;0.77;0.78
163269;No;650;650;93;0.86;1984;0.77;0.77
163307;No;650;650;93;0.86;1978;0.77;0.77
163404;No;650;650;93;0.86;1973;0.78;0.77
163448;No;650;650;93;0.85;1968;0.78;0.78
163486;No;650;650;93;0.85;1962;0.78;0.78
163526;No;650;650;93;0.85;1956;0.78;0.78
163565;No;650;650;93;0.85;1951;0.78;0.78
163606;No;650;650;93;0.85;1946;0.78;0.78
163687;No;650;650;93;0.85;1939;0.78;0.78
163726;No;650;650;93;0.85;1932;0.78;0.78
163792;No;650;650;93;0.85;1926;0.78;0.78
163832;No;650;650;93;0.85;1920;0.78;0.78
163875;No;650;650;93;0.85;1913;0.77;0.78
163890;No;650;650;93;0.85;1906;0.77;0.78
163950;No;650;650;93;0.85;1900;0.77;0.78
163989;No;651;650;93;0.85;1894;0.77;0.78
164027;No;651;651;93;0.85;1893;0.76;0.78
164077;No;651;651;93;0.85;1892;0.76;0.78
164122;No;651;651;93;0.85;1892;0.76;0.78
164161;No;651;651;93;0.85;1891;0.76;0.77
164201;No;651;651;93;0.85;1891;0.76;0.77
164251;No;651;651;93;0.85;1890;0.76;0.77
164291;No;651;651;93;0.85;1890;0.76;0.77
164333;No;651;651;93;0.85;1889;0.75;0.77
164373;No;651;651;93;0.85;1870;0.75;0.76
164414;No;651;651;93;0.85;1852;0.75;0.76
164430;No;651;651;93;0.85;1834;0.76;0.76
164469;No;651;651;93;0.85;1815;0.76;0.76
164509;No;651;651;93;0.85;1796;0.76;0.76
164584;No;651;651;93;0.85;1778;0.76;0.76
164650;No;651;651;93;0.85;1760;0.76;0.76
164688;No;651;651;93;0.85;1741;0.77;0.76
164730;No;651;651;93;0.85;1702;0.77;0.76
164770;No;651;651;93;0.85;1664;0.77;0.76
164810;No;651;651;93;0.85;1625;0.77;0.76
164894;No;651;651;93;0.85;1586;0.76;0.76
164910;No;651;651;93;0.85;1548;0.76;0.76
164949;No;652;651;93;0.85;1509;0.76;0.76
164990;No;652;652;93;0.85;1470;0.76;0.76
165038;No;652;652;93;0.85;1431;0.76;0.76
165076;No;652;652;93;0.85;1429;0.76;0.76
165091;No;652;652;93;0.85;1426;0.76;0.76
165151;No;652;652;93;0.85;1424;0.76;0.76
165193;No;652;652;93;0.85;1422;0.76;0.76
165231;No;652;652;93;0.85;1420;0.76;0.76
165271;No;652;652;93;0.85;1417;0.76;0.76
165312;No;652;652;93;0.85;1415;0.77;0.76
165352;No;652;652;93;0.85;1412;0.77;0.76
165397;No;652;652;93;0.85;1420;0.77;0.76
165451;No;652;652;93;0.85;1428;0.77;0.76
165489;No;652;652;93;0.85;1436;0.77;0.76
165529;No;652;652;93;0.85;1444;0.77;0.76
165570;No;652;652;93;0.85;1451;0.77;0.76
165611;No;652;652;93;0.85;1459;0.77;0.76
165649;No;652;652;93;0.85;1467;0.77;0.76
165713;No;652;652;93;0.85;1475;0.77;0.76
165784;No;652;652;93;0.85;1441;0.77;0.76
165828;No;652;652;93;0.85;1408;0.77;0.76
165869;No;652;652;93;0.85;1374;0.77;0.76
165929;No;652;652;93;0.85;1341;0.77;0.76
165970;No;652;652;93;0.85;1307;0.77;0.76
165991;No;652;652;93;0.85;1274;0.77;0.76
166051;No;652;652;93;0.85;1240;0.77;0.76
166090;No;652;652;93;0.85;1207;0.77;0.76
166130;No;652;652;93;0.85;1202;0.77;0.76
166170;No;652;652;93;0.85;1198;0.77;0.76
166208;No;652;652;93;0.85;1194;0.77;0.76
166253;No;652;652;93;0.85;1190;0.77;0.76
166292;No;652;652;93;0.85;1186;0.77;0.76
166350;No;652;652;93;0.85;1182;0.77;0.76
166395;No;652;652;93;0.85;1177;0.77;0.76
166411;No;653;652;93;0.85;1173;0.77;0.76
166455;No;653;653;93;0.85;1168;0.77;0.76
166471;No;653;653;93;0.85;1163;0.77;0.76
166511;No;653;653;93;0.85;1158;0.77;0.76
166554;No;653;653;93;0.85;1153;0.78;0.76
166593;No;653;653;93;0.85;1148;0.78;0.76
166650;No;653;653;93;0.85;1143;0.78;0.76
166689;No;653;653;93;0.85;1138;0.78;0.76
166711;No;653;653;93;0.85;1133;0.79;0.76
166750;No;653;653;93;0.85;1134;0.79;0.76
166790;No;653;653;93;0.85;1134;0.79;0.76
166834;No;653;653;93;0.85;1135;0.79;0.76
166875;No;653;653;93;0.85;1136;0.79;0.76
166890;No;653;653;93;0.85;1136;0.79;0.76
166951;No;653;653;93;0.85;1137;0.78;0.76
166990;No;653;653;93;0.85;1138;0.78;0.76
167011;No;653;653;93;0.85;1138;0.78;0.76
167057;No;653;653;93;0.85;1149;0.78;0.76
167071;No;653;653;93;0.85;1160;0.78;0.76
167110;No;653;653;93;0.85;1170;0.78;0.76
167150;No;653;653;93;0.85;1182;0.78;0.76
167190;No;653;653;93;0.85;1192;0.78;0.76
167251;No;653;653;93;0.85;1203;0.78;0.76
167290;No;653;653;93;0.85;1214;0.78;0.76
167328;No;653;653;93;0.85;1224;0.78;0.76
167376;No;653;653;93;0.85;1276;0.78;0.75
167427;No;653;653;93;0.85;1327;0.78;0.75
167466;No;653;653;93;0.85;1378;0.78;0.75
167506;No;653;653;93;0.85;1430;0.78;0.75
167582;No;653;653;93;0.85;1481;0.78;0.75
167624;No;653;653;93;0.85;1532;0.77;0.75
167644;No;653;653;93;0.85;1584;0.77;0.75
167684;No;653;653;93;0.85;1635;0.77;0.75
167723;No;653;653;93;0.85;1644;0.77;0.74
167762;No;653;653;93;0.85;1652;0.77;0.74
167801;No;653;653;93;0.85;1660;0.77;0.74
167850;No;653;653;93;0.85;1669;0.77;0.74
167889;No;653;653;93;0.85;1677;0.77;0.75
167927;No;653;653;93;0.85;1686;0.76;0.75
167972;No;653;653;93;0.85;1694;0.76;0.75
168012;No;653;653;93;0.85;1702;0.76;0.75
168051;No;653;653;93;0.85;1708;0.76;0.75
168090;No;653;653;93;0.85;1714;0.76;0.75
168149;No;653;653;93;0.85;1720;0.75;0.75
168190;No;653;653;93;0.85;1726;0.75;0.75
168231;No;653;653;93;0.85;1732;0.75;0.75
168271;No;653;653;93;0.85;1738;0.75;0.75
168313;No;653;653;93;0.85;1744;0.75;0.75
168329;No;653;653;93;0.85;1750;0.75;0.74
168369;No;653;653;93;0.85;1766;0.74;0.74
168410;No;653;653;93;0.85;1782;0.75;0.74
168531;No;653;653;93;0.85;1798;0.75;0.75
168572;No;653;653;93;0.85;1815;0.75;0.75
168610;No;653;653;93;0.85;1831;0.76;0.75
168652;No;653;653;93;0.85;1847;0.76;0.75
168691;No;653;653;93;0.85;1863;0.76;0.76
168750;No;653;653;93;0.85;1880;0.76;0.76
168796;No;653;653;93;0.85;1887;0.77;0.76
168810;No;653;653;93;0.85;1894;0.76;0.76
168849;No;653;653;93;0.85;1901;0.76;0.76
168888;No;653;653;93;0.85;1908;0.75;0.76
168929;No;653;653;93;0.85;1915;0.75;0.76
168967;No;653;654;93;0.85;1922;0.75;0.75
169006;No;653;654;93;0.85;1930;0.74;0.75
169052;No;654;654;93;0.85;1936;0.74;0.75
169091;No;654;654;93;0.85;1945;0.73;0.75
169109;No;654;654;93;0.85;1953;0.73;0.74
169149;No;654;654;93;0.85;1961;0.74;0.74
169188;No;654;654;93;0.85;1970;0.74;0.74
169253;No;654;654;93;0.85;1978;0.74;0.74
169292;No;654;654;93;0.85;1986;0.74;0.74
169350;No;654;654;93;0.85;1994;0.74;0.74
169388;No;655;655;93;0.85;2002;0.74;0.74
169430;No;655;655;93;0.85;2001;0.74;0.74
169469;No;655;655;93;0.85;1999;0.74;0.74
169514;No;655;655;93;0.85;1998;0.74;0.74
169530;No;655;655;93;0.85;1996;0.74;0.75
169571;No;656;655;93;0.85;1995;0.74;0.75
169610;No;656;656;93;0.85;1993;0.74;0.75
169685;No;656;656;93;0.85;1992;0.74;0.75
169736;No;656;656;93;0.85;1990;0.74;0.75
169777;No;656;656;93;0.85;1986;0.74;0.75
169816;No;656;656;93;0.85;1983;0.74;0.75
169830;No;656;656;93;0.85;1979;0.74;0.75
169879;No;656;657;93;0.85;1975;0.74;0.75
169951;No;657;657;93;0.85;1972;0.74;0.75
169991;No;657;657;93;0.85;1968;0.73;0.74
170030;No;657;657;93;0.85;1964;0.73;0.74
170073;No;657;657;93;0.85;1960;0.73;0.74
170113;No;657;657;93;0.85;1959;0.73;0.74
170153;No;657;657;93;0.85;1958;0.73;0.73
170194;No;658;657;93;0.85;1958;0.74;0.74
170250;No;658;658;93;0.85;1957;0.74;0.74
170297;No;658;658;93;0.85;1956;0.74;0.75
170310;No;658;658;93;0.85;1955;0.75;0.75
170348;No;658;658;93;0.85;1954;0.75;0.76
170389;No;658;658;93;0.85;1953;0.75;0.76
170431;No;658;658;93;0.85;1947;0.76;0.77
170473;No;658;658;93;0.85;1941;0.76;0.77
170515;No;659;659;93;0.85;1935;0.75;0.77
170584;No;659;659;93;0.85;1929;0.75;0.77
170624;No;659;659;93;0.85;1923;0.75;0.77
170668;No;659;659;93;0.85;1917;0.75;0.77
170707;No;659;659;93;0.85;1911;0.74;0.77
170747;No;659;659;93;0.85;1905;0.74;0.77
170785;No;659;659;93;0.85;1885;0.74;0.77
170849;No;659;659;93;0.85;1866;0.74;0.77
170889;No;659;659;93;0.85;1846;0.74;0.77
170929;No;659;659;93;0.85;1827;0.74;0.77
170969;No;660;659;93;0.85;1807;0.74;0.76
171016;No;660;660;93;0.85;1788;0.74;0.76
171062;No;660;660;93;0.85;1768;0.74;0.76
171102;No;660;660;93;0.85;1749;0.74;0.76
171150;No;660;660;93;0.85;1736;0.74;0.76
171190;No;660;660;93;0.85;1724;0.74;0.76
171231;No;660;660;93;0.85;1712;0.74;0.76
171272;No;660;660;93;0.85;1700;0.75;0.76
171311;No;660;660;93;0.85;1687;0.75;0.76
171350;No;660;660;93;0.85;1675;0.75;0.76
171390;No;660;660;93;0.85;1662;0.75;0.76
171450;No;660;660;93;0.85;1650;0.76;0.77
171491;No;660;660;93;0.85;1624;0.76;0.77
171531;No;660;660;93;0.85;1597;0.76;0.77
171571;No;660;660;93;0.85;1570;0.76;0.77
171616;No;660;660;93;0.84;1544;0.75;0.77
171630;No;660;660;93;0.84;1517;0.75;0.77
171673;No;660;660;93;0.84;1490;0.75;0.77
171712;No;660;660;93;0.84;1464;0.75;0.76
171785;No;660;660;93;0.84;1437;0.75;0.76
171825;No;660;660;93;0.84;1410;0.75;0.76
171844;No;660;660;93;0.84;1383;0.75;0.76
171884;No;661;660;93;0.84;1356;0.75;0.76
171924;No;661;661;93;0.84;1329;0.75;0.76
171968;No;661;661;93;0.84;1302;0.75;0.76
172012;No;661;661;93;0.84;1275;0.75;0.76
172063;No;661;661;93;0.84;1248;0.76;0.76
172105;No;661;661;93;0.84;1221;0.76;0.76
172148;No;661;661;93;0.84;1221;0.76;0.76
172188;No;661;661;93;0.84;1221;0.76;0.76
172251;No;661;661;93;0.85;1221;0.76;0.76
172299;No;661;661;93;0.85;1221;0.76;0.76
172357;No;661;661;93;0.85;1222;0.76;0.76
172401;No;661;661;93;0.85;1222;0.76;0.76
172465;No;661;661;93;0.85;1222;0.76;0.76
172503;No;661;661;93;0.85;1222;0.76;0.76
172550;No;661;661;93;0.85;1223;0.76;0.76
172602;No;661;661;93;0.85;1224;0.76;0.76
172649;No;661;661;93;0.85;1226;0.76;0.76
172689;No;661;661;93;0.85;1227;0.75;0.76
172729;No;661;661;93;0.85;1229;0.75;0.76
172774;No;661;661;93;0.85;1230;0.75;0.76
172819;No;661;662;93;0.85;1232;0.75;0.75
172830;No;662;662;93;0.85;1233;0.75;0.75
172870;No;662;662;93;0.85;1231;0.75;0.75
172908;No;662;662;93;0.85;1230;0.75;0.75
172984;No;662;662;93;0.85;1228;0.75;0.75
173024;No;662;662;93;0.85;1226;0.74;0.75
173064;No;662;662;93;0.85;1225;0.74;0.74
173129;No;662;662;93;0.85;1224;0.74;0.74
173170;No;662;662;93;0.85;1222;0.74;0.73
173211;No;662;662;93;0.85;1220;0.74;0.73
173305;No;662;662;93;0.85;1220;0.74;0.73
173344;No;662;662;93;0.85;1220;0.74;0.72
173385;No;662;662;93;0.85;1220;0.73;0.72
173435;No;662;662;93;0.84;1220;0.73;0.71
173475;No;662;662;93;0.84;1220;0.73;0.71
173491;No;662;662;93;0.84;1220;0.73;0.70
173547;No;662;662;93;0.84;1220;0.72;0.70
173609;No;662;662;93;0.84;1220;0.72;0.69
173649;No;662;662;93;0.84;1220;0.72;0.69
173689;No;662;662;93;0.84;1220;0.72;0.68
173754;No;662;662;93;0.84;1221;0.72;0.69
173794;No;662;662;93;0.84;1222;0.72;0.70
173848;No;662;662;93;0.84;1222;0.72;0.70
173886;No;662;662;93;0.84;1222;0.72;0.71
173926;No;662;662;93;0.84;1222;0.72;0.71
173965;No;662;662;93;0.84;1223;0.72;0.72
174004;No;662;662;93;0.84;1224;0.72;0.72
174045;No;662;662;93;0.84;1225;0.72;0.73
174086;No;663;662;93;0.84;1226;0.71;0.72
174148;No;663;663;93;0.84;1228;0.71;0.71
174188;No;663;663;93;0.84;1229;0.71;0.70
174210;No;663;663;93;0.84;1230;0.71;0.69
174249;No;663;663;93;0.84;1231;0.71;0.69
174289;No;663;663;93;0.84;1232;0.71;0.68
174355;No;663;663;93;0.84;1234;0.70;0.67
174394;No;663;663;93;0.84;1236;0.71;0.66
174449;No;663;663;93;0.84;1238;0.71;0.67
174490;No;663;663;93;0.84;1241;0.71;0.68
174532;No;663;663;93;0.84;1243;0.71;0.68
174572;No;663;663;93;0.84;1245;0.71;0.69
174616;No;663;663;93;0.84;1247;0.71;0.70
174631;No;663;663;93;0.84;1250;0.71;0.71
174671;No;663;663;93;0.84;1247;0.71;0.72
174711;No;663;663;93;0.84;1245;0.71;0.72
174783;No;663;663;93;0.84;1242;0.71;0.72
174822;No;663;663;93;0.84;1240;0.71;0.72
174865;No;663;663;93;0.84;1238;0.71;0.72
174903;No;663;664;93;0.84;1235;0.71;0.72
174944;No;664;664;93;0.84;1233;0.71;0.72
174995;No;664;664;93;0.84;1230;0.71;0.72
175048;No;664;664;93;0.84;1228;0.71;0.71
175090;No;664;664;93;0.84;1226;0.71;0.71
175129;No;664;664;93;0.84;1224;0.71;0.71
175182;No;664;664;93;0.84;1221;0.71;0.71
175221;No;664;664;93;0.84;1219;0.71;0.72
175261;No;664;664;93;0.84;1217;0.71;0.72
175299;No;664;664;93;0.84;1214;0.72;0.72
175350;No;664;664;93;0.84;1212;0.72;0.72
175394;No;664;664;93;0.84;1212;0.72;0.72
175432;No;664;664;93;0.84;1212;0.72;0.72
175472;No;664;664;93;0.84;1212;0.72;0.72
175510;No;664;664;93;0.84;1212;0.72;0.72
175532;No;664;664;93;0.84;1212;0.72;0.72
175576;No;664;664;93;0.84;1212;0.72;0.72
175590;No;664;664;93;0.84;1212;0.72;0.72
175652;No;664;664;93;0.84;1212;0.72;0.72
175693;No;664;664;93;0.84;1211;0.72;0.72
175733;No;664;664;93;0.84;1210;0.72;0.72
175777;No;664;664;93;0.84;1210;0.72;0.72
175818;No;664;664;93;0.84;1209;0.72;0.72
175830;No;664;664;93;0.84;1208;0.72;0.72
175875;No;664;664;93;0.84;1208;0.72;0.72
175890;No;664;665;93;0.84;1207;0.72;0.72
175950;No;665;665;93;0.84;1206;0.72;0.72
175990;No;665;665;93;0.84;1207;0.72;0.72
176032;No;665;665;93;0.84;1207;0.72;0.72
176073;No;665;665;93;0.84;1208;0.72;0.73
176113;No;665;665;93;0.84;1208;0.73;0.73
176176;No;665;665;93;0.84;1208;0.73;0.73
176190;No;665;665;93;0.84;1209;0.73;0.73
176250;No;665;665;93;0.84;1209;0.73;0.73
176291;No;665;665;93;0.84;1210;0.74;0.73
176330;No;665;665;93;0.84;1209;0.74;0.74
176375;No;665;665;93;0.84;1208;0.74;0.74
176417;No;665;665;93;0.84;1207;0.74;0.74
176434;No;665;665;93;0.84;1206;0.74;0.74
176477;No;665;665;93;0.84;1205;0.75;0.75
176490;No;665;665;93;0.84;1204;0.75;0.75
176551;No;665;665;93;0.84;1204;0.75;0.75
176596;No;665;665;93;0.84;1202;0.75;0.75
176610;No;665;665;93;0.84;1246;0.75;0.76
176649;No;665;665;93;0.84;1289;0.75;0.76
176689;No;665;665;93;0.84;1332;0.74;0.75
176732;No;665;665;93;0.84;1375;0.74;0.75
176771;No;665;665;93;0.84;1418;0.73;0.75
176809;No;665;665;93;0.84;1461;0.73;0.74
176883;No;665;665;93;0.84;1504;0.72;0.74
176924;No;666;666;93;0.84;1547;0.71;0.74
176975;No;666;666;93;0.84;1576;0.71;0.73
177016;No;666;666;93;0.84;1605;0.71;0.73
177031;No;666;666;93;0.84;1634;0.72;0.73
177071;No;666;666;93;0.84;1663;0.72;0.73
177111;No;666;666;93;0.84;1692;0.73;0.73
177188;No;666;666;93;0.84;1721;0.73;0.73
177227;No;666;666;93;0.84;1750;0.74;0.73
177292;No;666;666;93;0.84;1779;0.74;0.74
177331;No;666;666;93;0.84;1781;0.75;0.74
177381;No;666;666;93;0.84;1783;0.75;0.74
177461;No;666;666;93;0.84;1785;0.75;0.74
177501;No;666;666;93;0.84;1787;0.75;0.74
177543;No;666;667;93;0.84;1789;0.75;0.74
177583;No;666;667;93;0.84;1791;0.75;0.74
177622;No;667;667;93;0.84;1793;0.76;0.74
177667;No;667;667;93;0.84;1795;0.76;0.74
177706;No;667;667;93;0.84;1802;0.76;0.74
177752;No;667;667;93;0.84;1808;0.76;0.74
177797;No;667;667;93;0.84;1815;0.76;0.74
177812;No;667;667;93;0.84;1822;0.75;0.74
177857;No;667;667;93;0.84;1828;0.75;0.75
177870;No;667;668;93;0.84;1835;0.75;0.75
177910;No;668;668;93;0.84;1842;0.75;0.75
177948;No;668;668;93;0.84;1848;0.75;0.75
177991;No;668;668;93;0.84;1853;0.75;0.76
178051;No;668;668;93;0.84;1858;0.75;0.76
178092;No;668;668;93;0.84;1862;0.76;0.76
178112;No;668;668;93;0.84;1866;0.76;0.76
178150;No;668;669;93;0.84;1871;0.76;0.76
178190;No;669;669;93;0.84;1875;0.77;0.76
178233;No;669;669;93;0.84;1880;0.77;0.76
178273;No;669;670;93;0.84;1884;0.77;0.76
178314;No;670;670;93;0.84;1880;0.78;0.76
178386;No;670;670;93;0.84;1875;0.77;0.76
178429;No;670;670;93;0.84;1870;0.77;0.76
178479;No;670;670;93;0.84;1866;0.77;0.76
178524;No;670;671;93;0.84;1861;0.77;0.75
178563;No;671;671;93;0.84;1856;0.76;0.75
178608;No;671;671;93;0.84;1851;0.76;0.74
178651;No;671;671;93;0.84;1846;0.76;0.74
178697;No;671;671;93;0.84;1843;0.75;0.74
178711;No;671;671;93;0.84;1840;0.75;0.73
178752;No;671;672;93;0.84;1837;0.76;0.74
178792;No;671;672;93;0.84;1834;0.76;0.74
178832;No;672;672;93;0.84;1831;0.76;0.74
178864;No;672;672;93;0.84;1828;0.76;0.74
178904;No;672;672;93;0.84;1824;0.76;0.74
178950;No;672;672;93;0.84;1821;0.76;0.74
178990;No;672;672;93;0.84;1822;0.76;0.75
179031;No;672;672;93;0.84;1823;0.76;0.75
179076;No;672;672;93;0.84;1824;0.77;0.75
179117;No;672;673;93;0.84;1824;0.77;0.75
179130;No;672;673;93;0.84;1825;0.77;0.76
179170;No;673;673;93;0.84;1826;0.77;0.76
179189;No;673;673;93;0.84;1827;0.77;0.76
179250;No;673;673;93;0.84;1828;0.78;0.77
179290;No;673;673;93;0.84;1825;0.78;0.77
179330;No;673;673;93;0.84;1823;0.77;0.77
179371;No;673;673;93;0.84;1820;0.77;0.77
179410;No;673;674;93;0.84;1818;0.76;0.77
179429;No;673;674;93;0.84;1816;0.76;0.77
179470;No;674;674;93;0.84;1814;0.75;0.76
179508;No;674;674;93;0.84;1811;0.75;0.76
179584;No;674;674;93;0.84;1809;0.74;0.76
179622;No;674;674;93;0.84;1802;0.74;0.76
179643;No;674;674;93;0.84;1795;0.74;0.75
179685;No;674;674;93;0.84;1788;0.74;0.75
179725;No;674;674;93;0.84;1780;0.74;0.76
179770;No;674;674;93;0.84;1774;0.75;0.76
179809;No;674;674;93;0.84;1766;0.75;0.76
179895;No;675;675;93;0.84;1759;0.75;0.76
179910;No;675;675;93;0.84;1752;0.75;0.76
179950;No;675;675;93;0.84;1751;0.75;0.76
180009;No;675;675;93;0.84;1750;0.75;0.76
180049;No;675;675;93;0.84;1749;0.75;0.76
180094;No;675;675;93;0.84;1748;0.75;0.77
180150;No;675;675;93;0.84;1747;0.75;0.77
180195;No;675;675;93;0.84;1746;0.75;0.77
180234;No;675;675;93;0.84;1745;0.75;0.77
180273;No;675;675;93;0.84;1744;0.75;0.77
180317;No;675;675;93;0.84;1743;0.75;0.78
180332;No;676;676;93;0.84;1742;0.75;0.78
180372;No;676;676;93;0.84;1741;0.75;0.78
180411;No;676;676;93;0.84;1740;0.75;0.77
180485;No;676;676;93;0.84;1739;0.74;0.77
180532;No;676;676;93;0.84;1738;0.74;0.77
180578;No;676;676;93;0.84;1738;0.74;0.77
180616;No;676;676;93;0.84;1736;0.74;0.77
180631;No;676;676;93;0.84;1734;0.73;0.76
180672;No;676;676;94;0.84;1731;0.74;0.76
180692;No;676;676;94;0.84;1728;0.74;0.76
180750;No;676;676;94;0.84;1726;0.74;0.76
180788;No;676;676;94;0.84;1723;0.75;0.76
180827;No;676;676;94;0.84;1720;0.75;0.77
180891;No;676;676;94;0.84;1718;0.75;0.77
180943;No;676;676;94;0.84;1715;0.75;0.77
180982;No;677;676;94;0.84;1676;0.76;0.77
181052;No;677;677;94;0.84;1636;0.76;0.77
181092;No;677;677;94;0.84;1596;0.76;0.77
181133;No;677;677;94;0.84;1556;0.76;0.77
181176;No;677;677;94;0.84;1517;0.76;0.77
181217;No;677;677;94;0.84;1477;0.75;0.77
181232;No;677;677;94;0.84;1438;0.75;0.77
181315;No;677;677;94;0.84;1398;0.75;0.77
181389;No;677;677;94;0.84;1388;0.75;0.77
181432;No;677;677;94;0.84;1377;0.75;0.77
181472;No;677;677;94;0.84;1366;0.75;0.77
181512;No;677;677;94;0.84;1356;0.75;0.77
181554;No;677;677;94;0.84;1345;0.75;0.77
181596;No;677;677;94;0.84;1335;0.75;0.77
181650;No;677;677;94;0.84;1324;0.75;0.76
181690;No;677;677;94;0.84;1314;0.75;0.76
181730;No;677;677;94;0.84;1305;0.75;0.76
181775;No;677;677;94;0.84;1296;0.75;0.76
181813;No;677;677;94;0.84;1288;0.75;0.76
181831;No;677;677;94;0.84;1279;0.75;0.76
181870;No;677;677;94;0.84;1270;0.75;0.76
181910;No;677;677;94;0.84;1262;0.75;0.76
181982;No;677;677;94;0.84;1253;0.75;0.76
182024;No;677;677;94;0.84;1244;0.75;0.76
182047;No;677;677;94;0.84;1238;0.75;0.76
182088;No;677;677;94;0.84;1231;0.75;0.76
182152;No;677;677;94;0.84;1225;0.75;0.76
182191;No;677;677;94;0.84;1218;0.75;0.76
182250;No;677;677;94;0.84;1212;0.75;0.76
182290;No;677;677;94;0.84;1206;0.75;0.76
182309;No;677;677;94;0.84;1199;0.75;0.76
182349;No;677;677;94;0.84;1192;0.75;0.76
182372;No;677;677;94;0.84;1199;0.75;0.76
182411;No;677;677;94;0.84;1206;0.75;0.76
182453;No;677;677;94;0.84;1213;0.75;0.76
182494;No;677;677;94;0.84;1220;0.75;0.76
182571;No;677;677;94;0.83;1227;0.75;0.76
182610;No;677;677;94;0.83;1234;0.75;0.76
182649;No;677;677;94;0.83;1240;0.75;0.76
182670;No;677;677;94;0.83;1247;0.75;0.76
182709;No;677;677;94;0.83;1265;0.75;0.76
182748;No;677;677;95;0.84;1283;0.75;0.76
182812;No;677;677;95;0.84;1301;0.75;0.76
182885;No;677;677;95;0.84;1320;0.75;0.76
182925;No;677;677;95;0.84;1338;0.75;0.76
182964;No;677;677;95;0.84;1356;0.75;0.76
183002;No;677;677;95;0.84;1374;0.75;0.76
183043;No;677;677;95;0.84;1392;0.75;0.76
183089;No;677;677;95;0.84;1415;0.75;0.76
183150;No;677;677;95;0.84;1438;0.76;0.76
183190;No;677;677;95;0.84;1461;0.77;0.76
183228;No;677;677;95;0.84;1484;0.78;0.77
183294;No;677;677;95;0.84;1507;0.79;0.77
183332;No;677;677;95;0.84;1530;0.80;0.78
183373;No;677;677;95;0.84;1554;0.81;0.79
183411;No;677;677;95;0.84;1576;0.82;0.79
183485;No;677;677;95;0.84;1584;0.83;0.80
183531;No;677;677;95;0.84;1590;0.82;0.80
183570;No;677;677;95;0.84;1597;0.81;0.80
183610;No;677;677;95;0.84;1604;0.80;0.80
183648;No;677;677;95;0.84;1611;0.80;0.80
183714;No;677;677;95;0.84;1618;0.79;0.79
183783;No;677;677;95;0.84;1625;0.78;0.79
183816;No;677;677;95;0.84;1632;0.78;0.79
183859;No;677;677;95;0.84;1626;0.77;0.79
183925;No;677;677;95;0.84;1619;0.76;0.79
183975;No;677;677;95;0.84;1613;0.76;0.79
183991;No;677;677;95;0.84;1607;0.76;0.78
184050;No;677;677;95;0.84;1601;0.76;0.78
184088;No;677;677;95;0.84;1595;0.75;0.78
184110;No;677;677;95;0.84;1589;0.75;0.78
184149;No;677;677;95;0.84;1583;0.75;0.78
184187;No;677;677;95;0.84;1572;0.74;0.77
184233;No;677;677;95;0.84;1561;0.75;0.77
184273;No;677;677;95;0.84;1550;0.75;0.77
184313;No;677;677;95;0.84;1540;0.75;0.77
184385;No;677;677;95;0.84;1529;0.75;0.77
184424;No;677;677;95;0.84;1518;0.75;0.77
184441;No;677;677;95;0.84;1508;0.75;0.77
184486;No;677;677;95;0.84;1497;0.76;0.77
184526;No;677;677;95;0.84;1477;0.76;0.77
184565;No;677;677;95;0.84;1457;0.76;0.77
184604;No;677;677;95;0.84;1437;0.77;0.77
184653;No;677;677;95;0.84;1417;0.77;0.78
184693;No;677;677;95;0.83;1398;0.78;0.78
184731;No;677;677;95;0.83;1378;0.79;0.78
184773;No;677;677;95;0.83;1358;0.79;0.78
184812;No;677;677;95;0.83;1338;0.80;0.78
184873;No;677;677;95;0.83;1326;0.80;0.79
184912;No;677;677;95;0.83;1315;0.80;0.79
184984;No;677;677;95;0.83;1303;0.80;0.79
185024;No;677;677;95;0.83;1292;0.79;0.79
185064;No;677;677;95;0.83;1280;0.79;0.79
185124;No;677;677;95;0.83;1269;0.79;0.79
185162;No;677;677;95;0.83;1258;0.79;0.78
185201;No;677;677;95;0.83;1246;0.79;0.78
185250;No;677;677;95;0.83;1253;0.78;0.78
185296;No;677;677;95;0.83;1259;0.78;0.78
185312;No;677;677;95;0.83;1266;0.78;0.78
185352;No;677;677;95;0.83;1272;0.78;0.78
185393;No;677;677;95;0.83;1279;0.78;0.78
185432;No;676;676;95;0.83;1286;0.78;0.78
185472;No;676;676;95;0.83;1292;0.78;0.78
185492;No;676;676;95;0.83;1299;0.77;0.78
185552;No;676;676;95;0.83;1294;0.77;0.78
185593;No;676;676;95;0.83;1290;0.77;0.78
185664;No;676;676;95;0.83;1286;0.77;0.78
185703;No;676;676;95;0.83;1281;0.77;0.78
185751;No;676;676;95;0.83;1276;0.77;0.78
185790;No;676;676;95;0.83;1272;0.77;0.78
185850;No;676;676;95;0.83;1267;0.77;0.78
185889;No;676;676;95;0.83;1263;0.77;0.78
185928;No;676;676;95;0.83;1258;0.77;0.78
185994;No;676;676;95;0.83;1254;0.77;0.78
186034;No;676;676;95;0.83;1250;0.77;0.78
186075;No;676;676;95;0.83;1246;0.77;0.78
186092;No;676;676;95;0.83;1242;0.77;0.78
186150;No;675;676;95;0.83;1237;0.77;0.78
186190;No;675;675;95;0.83;1233;0.77;0.77
186211;No;675;675;95;0.83;1229;0.77;0.77
186253;No;675;675;95;0.83;1222;0.77;0.77
186294;No;675;675;95;0.83;1216;0.77;0.77
186332;No;675;675;95;0.83;1210;0.77;0.77
186377;No;675;675;95;0.83;1204;0.77;0.77
186391;No;675;675;95;0.83;1197;0.77;0.77
186451;No;675;675;95;0.83;1191;0.76;0.77
186490;No;675;675;95;0.83;1184;0.76;0.77
186531;No;675;675;95;0.83;1178;0.76;0.77
186576;No;675;675;95;0.83;1176;0.76;0.77
186616;No;675;675;95;0.83;1174;0.76;0.77
186632;No;675;675;95;0.83;1171;0.76;0.77
186672;No;675;675;95;0.83;1169;0.76;0.77
186713;No;675;675;95;0.83;1166;0.76;0.77
186785;No;675;675;95;0.83;1164;0.76;0.77
186824;No;675;675;95;0.83;1162;0.76;0.77
186862;No;675;675;95;0.83;1160;0.76;0.77
186927;No;675;675;95;0.83;1146;0.76;0.77
186971;No;674;675;95;0.83;1132;0.76;0.77
187012;No;674;674;95;0.83;1118;0.76;0.77
187085;No;674;674;95;0.83;1104;0.76;0.77
187123;No;674;674;95;0.83;1090;0.76;0.77
187164;No;674;674;95;0.83;1076;0.76;0.77
187204;No;674;674;95;0.83;1062;0.76;0.77
187245;No;674;674;95;0.83;1048;0.76;0.77
187284;No;674;674;95;0.83;1065;0.76;0.77
187352;No;674;674;95;0.83;1082;0.76;0.77
187382;No;674;674;95;0.83;1098;0.76;0.77
187422;No;674;674;95;0.83;1114;0.76;0.77
187461;No;674;674;95;0.83;1131;0.76;0.77
187527;No;674;674;95;0.83;1147;0.76;0.77
187566;No;674;674;95;0.83;1164;0.76;0.76
187608;No;674;674;95;0.83;1180;0.76;0.76
187681;No;674;674;95;0.83;1182;0.76;0.76
187720;No;674;674;96;0.83;1184;0.76;0.76
187759;No;674;674;96;0.83;1186;0.76;0.76
187804;No;674;674;96;0.83;1189;0.76;0.76
187842;No;674;674;96;0.83;1191;0.76;0.76
187862;No;674;674;96;0.83;1193;0.76;0.76
187905;No;673;673;96;0.83;1195;0.76;0.76
187954;No;673;673;96;0.83;1198;0.76;0.76
187993;No;673;673;96;0.83;1200;0.76;0.76
188032;No;673;673;96;0.83;1201;0.76;0.76
188078;No;673;673;96;0.83;1203;0.76;0.76
188116;No;673;673;96;0.83;1205;0.76;0.76
188161;No;673;673;96;0.83;1207;0.76;0.76
188199;No;673;673;96;0.83;1209;0.75;0.76
188250;No;673;673;96;0.83;1211;0.75;0.76
188295;No;673;673;96;0.83;1212;0.75;0.76
188311;No;673;673;96;0.83;1212;0.75;0.76
188349;No;673;673;96;0.83;1210;0.75;0.76
188391;No;673;673;96;0.83;1210;0.75;0.76
188430;No;673;673;96;0.83;1209;0.75;0.76
188475;No;673;673;96;0.83;1208;0.75;0.76
188550;No;673;673;96;0.83;1207;0.75;0.76
188589;No;672;673;96;0.83;1206;0.75;0.76
188627;No;672;672;96;0.83;1205;0.75;0.76
188692;No;672;672;96;0.83;1205;0.75;0.76
188735;No;672;672;96;0.83;1205;0.75;0.76
188774;No;672;672;96;0.83;1206;0.75;0.76
188812;No;672;672;96;0.83;1206;0.75;0.76
188885;No;672;672;96;0.83;1206;0.75;0.76
188937;No;672;672;96;0.83;1206;0.75;0.76
188986;No;672;672;96;0.83;1206;0.75;0.76
189026;No;672;672;96;0.83;1206;0.75;0.76
189065;No;672;672;96;0.83;1205;0.75;0.76
189104;No;672;672;96;0.83;1204;0.75;0.76
189150;No;672;672;96;0.83;1202;0.75;0.76
189193;No;672;672;96;0.83;1201;0.75;0.76
189234;No;672;672;96;0.83;1200;0.75;0.76
189272;No;672;672;96;0.83;1198;0.75;0.76
189311;No;672;672;96;0.83;1197;0.75;0.76
189332;No;672;672;96;0.83;1196;0.75;0.76
189376;No;672;672;96;0.83;1196;0.75;0.76
189393;No;671;671;96;0.83;1197;0.75;0.76
189450;No;671;671;96;0.83;1197;0.75;0.76
189496;No;671;671;96;0.83;1198;0.75;0.76
189512;No;671;671;96;0.83;1198;0.75;0.76
189552;No;671;671;96;0.83;1199;0.75;0.76
189590;No;671;671;96;0.82;1199;0.75;0.76
189630;No;671;671;96;0.83;1200;0.75;0.76
189669;No;671;671;96;0.83;1217;0.75;0.76
189708;No;671;671;96;0.83;1234;0.75;0.76
189783;No;671;671;96;0.83;1252;0.75;0.76
189821;No;670;671;96;0.83;1270;0.75;0.76
189891;No;670;670;96;0.83;1287;0.75;0.76
189931;No;670;670;96;0.83;1304;0.75;0.76
189970;No;670;670;96;0.83;1322;0.74;0.75
190010;No;670;670;96;0.83;1339;0.74;0.75
190084;No;670;670;96;0.83;1335;0.74;0.75
190124;No;670;670;96;0.83;1331;0.74;0.75
190162;No;670;670;96;0.83;1327;0.74;0.75
190217;No;670;670;96;0.83;1324;0.74;0.75
190232;No;670;670;96;0.83;1320;0.74;0.75
190276;No;670;669;96;0.83;1316;0.74;0.75
190291;No;670;669;96;0.83;1312;0.74;0.75
190350;No;669;669;96;0.83;1308;0.74;0.75
190389;No;669;669;96;0.83;1312;0.74;0.75
190433;No;669;669;96;0.83;1315;0.75;0.75
190472;No;669;669;96;0.83;1319;0.76;0.75
190511;No;669;669;96;0.83;1323;0.77;0.76
190550;No;669;669;96;0.83;1326;0.77;0.76
190590;No;669;669;96;0.83;1330;0.78;0.76
190650;No;669;669;96;0.83;1334;0.79;0.76
190693;No;669;669;96;0.83;1338;0.79;0.76
190733;No;668;669;96;0.83;1329;0.80;0.76
190773;No;668;668;96;0.83;1320;0.80;0.76
190812;No;668;668;95;0.83;1312;0.81;0.76
190853;No;668;668;95;0.83;1303;0.81;0.76
190892;No;668;668;95;0.83;1294;0.81;0.76
190950;No;668;668;95;0.83;1285;0.82;0.76
190988;No;668;668;95;0.83;1276;0.82;0.76
191034;No;668;668;95;0.83;1268;0.82;0.76
191073;No;668;668;95;0.83;1264;0.83;0.76
191117;No;668;668;95;0.83;1260;0.83;0.76
191132;No;668;668;95;0.83;1256;0.83;0.76
191175;No;668;668;95;0.83;1253;0.82;0.76
191191;No;668;668;95;0.83;1249;0.82;0.76
191251;No;667;667;95;0.83;1246;0.82;0.76
191290;No;667;667;95;0.83;1242;0.82;0.76
191331;No;667;667;95;0.83;1238;0.82;0.76
191371;No;667;667;95;0.83;1240;0.82;0.76
191414;No;667;667;95;0.83;1242;0.82;0.76
191431;No;667;667;95;0.83;1244;0.82;0.76
191470;No;667;666;95;0.83;1246;0.82;0.76
191550;No;666;666;95;0.83;1247;0.82;0.76
191588;No;666;666;95;0.83;1249;0.82;0.76
191632;No;666;666;95;0.83;1251;0.82;0.76
191673;No;666;666;95;0.83;1253;0.82;0.76
191712;No;666;666;95;0.83;1247;0.82;0.76
191751;No;666;666;95;0.83;1240;0.82;0.76
191790;No;666;666;95;0.83;1234;0.82;0.76
191850;No;665;666;95;0.83;1228;0.83;0.76
191889;No;665;665;95;0.83;1222;0.83;0.76
191933;No;665;665;95;0.83;1216;0.83;0.76
191974;No;665;665;95;0.83;1210;0.83;0.76
192012;No;665;665;95;0.83;1204;0.83;0.76
192031;No;665;665;95;0.83;1202;0.83;0.76
192072;No;665;665;95;0.83;1200;0.83;0.76
192112;No;665;665;95;0.83;1197;0.83;0.76
192184;No;665;665;95;0.83;1195;0.83;0.76
192222;No;665;665;95;0.83;1193;0.83;0.76
192242;No;665;665;95;0.83;1191;0.83;0.76
192286;No;665;665;95;0.83;1189;0.83;0.76
192325;No;665;665;95;0.83;1186;0.83;0.76
192364;No;664;665;95;0.83;1179;0.83;0.76
192412;No;664;664;95;0.83;1172;0.83;0.76
192489;No;664;664;95;0.83;1165;0.83;0.76
192529;No;664;664;95;0.83;1158;0.83;0.76
192593;No;664;664;95;0.83;1151;0.83;0.76
192633;No;664;664;95;0.83;1144;0.83;0.76
192672;No;664;664;95;0.83;1136;0.82;0.76
192691;No;664;664;95;0.83;1129;0.82;0.76
192750;No;664;664;95;0.83;1122;0.82;0.76
192834;No;664;664;95;0.83;1115;0.82;0.76
192873;No;664;664;95;0.83;1108;0.82;0.76
192912;No;664;664;95;0.83;1101;0.82;0.76
192932;No;664;664;95;0.83;1094;0.82;0.76
192973;No;664;664;95;0.83;1087;0.82;0.76
193013;No;664;664;95;0.83;1080;0.82;0.76
193057;No;664;664;95;0.83;1073;0.82;0.76
193100;No;663;663;95;0.83;1079;0.82;0.76
193141;No;663;663;95;0.83;1085;0.82;0.76
193181;No;663;663;95;0.83;1091;0.82;0.76
193219;No;663;663;95;0.83;1098;0.81;0.76
193263;No;663;663;95;0.83;1104;0.81;0.76
193303;No;663;663;95;0.83;1110;0.81;0.76
193349;No;663;663;95;0.83;1116;0.81;0.76
193388;No;663;663;95;0.83;1122;0.81;0.76
193430;No;663;663;95;0.83;1131;0.81;0.76
193493;No;663;663;95;0.83;1140;0.81;0.76
193533;No;663;663;95;0.83;1149;0.81;0.76
193574;No;663;663;95;0.83;1158;0.81;0.76
193612;No;662;662;95;0.83;1166;0.81;0.76
193689;No;662;662;95;0.83;1176;0.81;0.76
193727;No;662;662;95;0.83;1184;0.82;0.75
193792;No;662;662;95;0.83;1194;0.82;0.75
193835;No;662;662;95;0.83;1198;0.82;0.75
193875;No;662;662;95;0.83;1202;0.82;0.75
193916;No;662;662;95;0.83;1206;0.82;0.75
193982;No;661;662;95;0.83;1210;0.82;0.75
194021;No;661;661;95;0.83;1214;0.82;0.75
194057;No;661;661;95;0.83;1219;0.82;0.75
194102;No;661;661;95;0.82;1223;0.82;0.75
194144;No;660;661;95;0.82;1227;0.82;0.75
194182;No;660;660;95;0.82;1236;0.82;0.75
194250;No;660;660;95;0.82;1246;0.82;0.75
194293;No;660;660;95;0.82;1255;0.82;0.75
194332;No;660;660;95;0.82;1264;0.81;0.75
194373;No;660;660;95;0.82;1274;0.81;0.75
194412;No;660;660;95;0.82;1283;0.81;0.75
194453;No;659;660;95;0.82;1292;0.81;0.75
194499;No;659;659;95;0.82;1302;0.81;0.75
194548;No;659;659;95;0.82;1338;0.81;0.75
194590;No;659;659;95;0.82;1375;0.82;0.75
194629;No;659;659;95;0.82;1412;0.82;0.75
194671;No;659;659;95;0.82;1449;0.82;0.75
194711;No;659;659;95;0.82;1486;0.83;0.75
194750;No;658;659;95;0.82;1523;0.83;0.76
194815;No;658;658;95;0.82;1560;0.84;0.76
194883;No;658;658;95;0.82;1596;0.84;0.76
194927;No;658;658;95;0.82;1600;0.85;0.76
194993;No;658;658;95;0.82;1604;0.84;0.76
195031;No;658;658;95;0.82;1608;0.83;0.76
195070;No;658;657;95;0.82;1612;0.83;0.76
195110;No;657;657;95;0.82;1616;0.82;0.76
195181;No;657;657;95;0.82;1620;0.82;0.76
195223;No;657;657;95;0.82;1623;0.81;0.75
195261;No;657;657;95;0.82;1627;0.81;0.75
195338;No;657;657;95;0.82;1635;0.80;0.75
195384;No;657;656;95;0.82;1644;0.80;0.75
195448;No;656;656;95;0.82;1652;0.80;0.75
195489;No;656;656;95;0.82;1660;0.80;0.76
195531;No;656;656;95;0.82;1668;0.80;0.76
195573;No;656;656;95;0.82;1676;0.80;0.76
195611;No;656;656;95;0.82;1684;0.79;0.76
195650;No;656;656;95;0.82;1692;0.79;0.76
195691;No;656;656;95;0.82;1690;0.79;0.77
195749;No;656;656;95;0.82;1688;0.79;0.77
195798;No;656;656;94;0.82;1686;0.79;0.77
195870;No;655;656;94;0.82;1684;0.79;0.77
195914;No;655;655;94;0.82;1682;0.78;0.77
195952;No;655;655;94;0.82;1680;0.78;0.77
195993;No;655;655;94;0.82;1678;0.78;0.76
196051;No;655;655;94;0.82;1676;0.78;0.76
196091;No;655;655;94;0.82;1679;0.77;0.76
196129;No;655;655;94;0.82;1683;0.77;0.76
196195;No;655;655;94;0.82;1686;0.77;0.76
196240;No;654;655;94;0.82;1690;0.77;0.76
196280;No;654;654;94;0.82;1694;0.77;0.76
196352;No;654;654;94;0.82;1698;0.77;0.76
196391;No;654;654;94;0.82;1701;0.77;0.76
196434;No;654;654;94;0.82;1705;0.77;0.76
196473;No;654;654;94;0.82;1705;0.77;0.76
196512;No;654;654;94;0.82;1706;0.77;0.76
196552;No;654;654;94;0.82;1706;0.77;0.76
196591;No;654;654;94;0.82;1706;0.77;0.76
196694;No;654;654;94;0.82;1706;0.77;0.76
196733;No;654;654;94;0.82;1706;0.76;0.76
196771;No;654;654;94;0.82;1707;0.76;0.76
196811;No;654;654;94;0.82;1707;0.76;0.76
196851;No;654;654;94;0.82;1707;0.76;0.76
196891;No;653;653;94;0.82;1707;0.76;0.76
196953;No;653;653;94;0.82;1706;0.76;0.76
196993;No;653;653;94;0.82;1706;0.76;0.76
197034;No;653;653;94;0.82;1706;0.76;0.76
197079;No;653;653;94;0.82;1706;0.75;0.76
197117;No;653;653;94;0.82;1706;0.75;0.76
197131;No;653;653;94;0.82;1706;0.75;0.76
197171;No;653;653;94;0.82;1696;0.75;0.75
197191;No;653;653;94;0.82;1687;0.75;0.75
197251;No;653;653;94;0.82;1677;0.75;0.75
197291;No;653;653;94;0.82;1668;0.75;0.75
197331;No;653;653;94;0.82;1658;0.75;0.75
197370;No;653;653;94;0.82;1649;0.75;0.76
197415;No;653;653;94;0.82;1640;0.76;0.76
197432;No;653;653;94;0.82;1630;0.76;0.76
197471;No;653;653;94;0.82;1599;0.76;0.76
197512;No;653;653;94;0.82;1569;0.76;0.76
197592;No;653;653;94;0.82;1538;0.76;0.76
197631;No;653;653;94;0.82;1507;0.76;0.76
197674;No;653;653;94;0.82;1476;0.77;0.76
197714;No;653;653;94;0.82;1446;0.77;0.76
197756;No;652;652;94;0.82;1415;0.77;0.76
197797;No;652;652;94;0.82;1384;0.77;0.77
197851;No;652;652;94;0.82;1380;0.77;0.77
197897;No;652;652;94;0.82;1377;0.77;0.77
197926;No;652;652;94;0.82;1373;0.77;0.77
197985;No;652;652;94;0.82;1369;0.77;0.77
198026;No;652;652;94;0.82;1365;0.77;0.77
198065;No;652;652;94;0.82;1361;0.77;0.77
198109;No;652;652;94;0.82;1357;0.77;0.77
198183;No;652;652;94;0.82;1353;0.77;0.77
198225;No;652;652;94;0.82;1359;0.77;0.77
198263;No;652;652;94;0.82;1366;0.77;0.77
198304;No;652;652;94;0.82;1372;0.77;0.77
198349;No;652;652;94;0.82;1378;0.77;0.77
198394;No;652;652;94;0.82;1385;0.77;0.77
198449;No;652;652;94;0.82;1391;0.77;0.77
198488;No;652;652;94;0.82;1398;0.77;0.77
198530;No;652;652;94;0.82;1404;0.77;0.77
198575;No;652;652;94;0.82;1412;0.77;0.77
198614;No;652;652;94;0.82;1420;0.77;0.77
198652;No;652;652;94;0.82;1428;0.78;0.77
198691;No;652;652;94;0.82;1437;0.78;0.77
198751;No;652;652;94;0.82;1445;0.78;0.77
198795;No;652;652;94;0.82;1454;0.78;0.78
198833;No;652;651;94;0.82;1462;0.78;0.78
198872;No;651;651;94;0.82;1470;0.78;0.78
198913;No;651;651;94;0.82;1469;0.78;0.78
198960;No;651;651;94;0.82;1468;0.79;0.78
199003;No;651;651;94;0.82;1466;0.79;0.78
199049;No;651;651;94;0.82;1465;0.79;0.79
199092;No;651;651;94;0.82;1464;0.79;0.79
199131;No;651;651;94;0.82;1463;0.80;0.79
199177;No;651;651;94;0.81;1462;0.80;0.79
199216;No;651;651;94;0.81;1460;0.80;0.79
199231;No;651;651;94;0.81;1449;0.81;0.79
199270;No;651;651;94;0.81;1437;0.81;0.80
199292;No;651;651;94;0.81;1425;0.81;0.80
199351;No;651;651;94;0.81;1414;0.81;0.80
199394;No;651;651;94;0.81;1402;0.81;0.79
199434;No;651;651;94;0.81;1390;0.81;0.79
199478;No;651;651;94;0.81;1378;0.81;0.79
199517;No;651;651;94;0.82;1367;0.81;0.79
199532;No;651;651;94;0.82;1366;0.81;0.79
199572;No;651;651;94;0.82;1366;0.81;0.79
199611;No;651;651;94;0.82;1365;0.81;0.79
199690;No;651;651;94;0.82;1364;0.81;0.79
199728;No;651;651;94;0.82;1364;0.81;0.79
199793;No;651;651;94;0.82;1364;0.81;0.79
199833;No;651;651;94;0.82;1363;0.81;0.79
199874;No;651;650;94;0.82;1362;0.81;0.79
199951;No;650;650;94;0.82;1362;0.81;0.79
199990;No;650;650;94;0.82;1363;0.81;0.79
200030;No;650;650;94;0.82;1363;0.81;0.79
200070;No;650;650;94;0.82;1364;0.81;0.79
200115;No;650;650;94;0.82;1364;0.81;0.79
200153;No;650;650;94;0.82;1364;0.81;0.79
200193;No;650;650;94;0.81;1364;0.82;0.78
200252;No;650;650;94;0.82;1364;0.82;0.78
200294;No;650;650;94;0.82;1363;0.82;0.78
200333;No;650;650;94;0.82;1362;0.82;0.78
200371;No;650;650;94;0.82;1360;0.82;0.78
200411;No;650;650;94;0.82;1359;0.81;0.78
200456;No;650;650;94;0.82;1358;0.81;0.78
200503;No;650;650;94;0.82;1356;0.81;0.78
200556;No;650;650;94;0.82;1355;0.81;0.78
200595;No;650;650;94;0.82;1354;0.81;0.78
200611;No;650;650;94;0.82;1353;0.81;0.78
200661;No;650;650;94;0.82;1352;0.81;0.78
200725;No;650;650;94;0.82;1352;0.81;0.78
200764;No;650;650;94;0.82;1351;0.81;0.78
200802;No;650;650;94;0.82;1351;0.81;0.78
200851;No;650;650;94;0.82;1350;0.81;0.78
200896;No;649;650;94;0.82;1350;0.82;0.78
200911;No;649;649;94;0.82;1349;0.82;0.78
200951;No;649;649;94;0.82;1348;0.82;0.78
200990;No;649;649;94;0.82;1348;0.82;0.78
201035;No;649;649;94;0.82;1347;0.82;0.78
201079;No;649;649;94;0.82;1347;0.82;0.78
201092;No;649;649;94;0.82;1346;0.82;0.78
201151;No;649;649;94;0.82;1346;0.82;0.78
201193;No;649;649;94;0.82;1345;0.82;0.78
201232;No;649;649;94;0.82;1344;0.82;0.78
201276;No;649;649;94;0.82;1348;0.82;0.78
201316;No;649;649;94;0.82;1351;0.82;0.78
201331;No;649;649;94;0.82;1354;0.82;0.78
201376;No;648;649;94;0.82;1358;0.82;0.78
201391;No;648;648;94;0.82;1361;0.82;0.78
201451;No;648;648;94;0.82;1364;0.82;0.78
201492;No;648;648;94;0.82;1368;0.82;0.78
201531;No;648;648;94;0.82;1371;0.82;0.78
201572;No;648;648;94;0.82;1370;0.82;0.78
201610;No;648;648;94;0.82;1368;0.82;0.78
201654;No;648;648;94;0.82;1367;0.82;0.78
201693;No;648;648;94;0.82;1366;0.82;0.78
201772;No;648;648;94;0.82;1364;0.82;0.78
201812;No;648;648;94;0.82;1363;0.82;0.78
201853;No;648;648;94;0.82;1362;0.82;0.78
201872;No;648;647;94;0.82;1361;0.82;0.78
201913;No;647;647;94;0.82;1355;0.82;0.78
201951;No;647;647;94;0.82;1349;0.82;0.78
201991;No;647;647;94;0.82;1343;0.82;0.78
202052;No;647;647;94;0.82;1337;0.81;0.78
202099;No;647;647;94;0.82;1331;0.81;0.78
202147;No;647;647;94;0.82;1325;0.81;0.78
202186;No;647;647;94;0.82;1320;0.81;0.78
202225;No;647;647;94;0.82;1314;0.81;0.78
202263;No;647;647;94;0.82;1314;0.81;0.78
202307;No;647;647;94;0.82;1315;0.81;0.78
202353;No;647;647;94;0.82;1316;0.81;0.78
202392;No;647;647;94;0.82;1316;0.81;0.78
202411;No;647;647;94;0.82;1317;0.81;0.78
202451;No;647;647;94;0.82;1318;0.81;0.78
202471;No;646;647;94;0.82;1318;0.81;0.77
202512;No;646;646;94;0.82;1319;0.81;0.77
202553;No;646;646;94;0.82;1312;0.81;0.77
202592;No;646;646;94;0.82;1306;0.81;0.77
202652;No;646;646;94;0.82;1299;0.81;0.77
202695;No;646;646;94;0.82;1293;0.81;0.77
202733;No;646;646;94;0.82;1286;0.81;0.77
202774;No;646;646;94;0.82;1280;0.81;0.77
202812;No;646;646;94;0.82;1273;0.81;0.77
202853;No;646;646;94;0.82;1266;0.81;0.77
202897;No;646;646;94;0.82;1266;0.81;0.77
202951;No;646;646;94;0.82;1265;0.81;0.77
202992;No;646;646;94;0.82;1264;0.81;0.77
203050;No;646;646;94;0.82;1264;0.80;0.77
203071;No;645;646;94;0.82;1264;0.80;0.77
203114;No;645;645;94;0.82;1263;0.80;0.77
203154;No;645;645;94;0.81;1262;0.80;0.77
203192;No;645;645;94;0.81;1262;0.80;0.77
203252;No;645;645;94;0.81;1268;0.80;0.77
203292;No;645;645;94;0.81;1274;0.80;0.77
203311;No;645;645;94;0.81;1280;0.80;0.77
203350;No;645;645;94;0.81;1286;0.80;0.77
203389;No;645;645;94;0.81;1292;0.80;0.76
203433;No;645;645;94;0.81;1298;0.80;0.76
203472;No;645;645;94;0.81;1305;0.80;0.76
203492;No;645;645;94;0.81;1311;0.80;0.76
203551;No;645;645;94;0.81;1314;0.80;0.76
203593;No;645;645;94;0.81;1318;0.80;0.76
203632;No;645;645;94;0.81;1321;0.80;0.76
203672;No;645;645;94;0.81;1324;0.80;0.76
203715;No;645;645;94;0.81;1328;0.80;0.76
203731;No;644;645;94;0.81;1331;0.80;0.76
203776;No;644;644;94;0.81;1334;0.80;0.76
203792;No;644;644;94;0.81;1338;0.80;0.76
203851;No;644;644;94;0.81;1340;0.80;0.76
203895;No;644;644;94;0.81;1342;0.80;0.76
203915;No;644;644;94;0.81;1344;0.80;0.76
203957;No;644;644;94;0.81;1346;0.80;0.76
203973;No;644;644;94;0.81;1348;0.80;0.76
204015;No;644;644;94;0.81;1350;0.80;0.76
204031;No;644;644;94;0.81;1351;0.80;0.76
204071;No;644;644;94;0.81;1353;0.80;0.76
204110;No;644;644;94;0.81;1352;0.80;0.76
204185;No;644;644;94;0.81;1352;0.80;0.76
204226;No;644;644;94;0.81;1351;0.80;0.76
204272;No;644;644;94;0.81;1350;0.80;0.76
204330;No;644;644;94;0.81;1349;0.80;0.76
204369;No;644;643;94;0.81;1348;0.80;0.76
204407;No;643;643;94;0.81;1347;0.80;0.76
204454;No;643;643;94;0.81;1346;0.80;0.76
204494;No;643;643;94;0.81;1346;0.80;0.76
204537;No;643;643;94;0.81;1345;0.80;0.76
204577;No;643;643;94;0.81;1345;0.80;0.76
204616;No;643;643;94;0.81;1344;0.80;0.76
204663;No;643;643;94;0.81;1344;0.80;0.76
204702;No;643;643;94;0.81;1343;0.80;0.76
204751;No;643;643;94;0.81;1343;0.81;0.76
204789;No;643;643;94;0.81;1342;0.81;0.76
204830;No;643;643;94;0.81;1342;0.81;0.76
204893;No;643;643;94;0.81;1342;0.81;0.76
204940;No;642;643;94;0.81;1342;0.81;0.76
204978;No;642;642;94;0.81;1342;0.81;0.76
204991;No;642;642;94;0.81;1341;0.81;0.76
205051;No;642;642;94;0.81;1341;0.81;0.76
205092;No;642;642;94;0.81;1341;0.81;0.76
205131;No;642;642;94;0.81;1341;0.81;0.76
205170;No;642;642;94;0.81;1342;0.81;0.76
205210;No;642;642;94;0.81;1342;0.81;0.76
205249;No;642;642;94;0.81;1343;0.81;0.76
205261;No;642;642;94;0.81;1344;0.81;0.76
205300;No;642;642;94;0.81;1345;0.81;0.76
205351;No;642;642;94;0.81;1346;0.81;0.76
205398;No;642;642;94;0.81;1346;0.81;0.76
205412;No;642;642;94;0.81;1347;0.81;0.76
205451;No;642;642;94;0.81;1348;0.81;0.76
205492;No;642;642;94;0.81;1349;0.81;0.76
205533;No;641;642;94;0.81;1350;0.81;0.76
205576;No;641;641;94;0.81;1350;0.81;0.76
205592;No;641;641;94;0.81;1351;0.81;0.76
205654;No;641;641;94;0.81;1352;0.81;0.76
205695;No;641;641;94;0.81;1352;0.81;0.76
205711;No;641;641;94;0.81;1353;0.81;0.76
205750;No;641;641;94;0.81;1353;0.81;0.76
205789;No;641;641;94;0.81;1352;0.81;0.76
205834;No;641;641;94;0.81;1352;0.81;0.76
205881;No;641;641;94;0.81;1351;0.80;0.76
205953;No;641;641;94;0.81;1350;0.80;0.76
205991;No;641;640;94;0.81;1350;0.80;0.76
206030;No;640;640;94;0.81;1350;0.80;0.76
206073;No;640;640;94;0.81;1349;0.80;0.76
206112;No;640;640;94;0.81;1350;0.80;0.76
206151;No;640;640;94;0.81;1350;0.80;0.76
206192;No;640;640;94;0.81;1351;0.80;0.76
206251;No;640;640;94;0.81;1352;0.80;0.76
206301;No;640;640;94;0.81;1352;0.80;0.76
206340;No;640;640;94;0.81;1353;0.80;0.76
206379;No;640;640;94;0.81;1354;0.80;0.76
206419;No;640;640;94;0.81;1354;0.80;0.76
206460;No;640;640;94;0.81;1354;0.80;0.76
206504;No;640;640;94;0.81;1353;0.80;0.76
206551;No;640;640;94;0.81;1352;0.80;0.76
206590;No;640;639;94;0.81;1352;0.80;0.76
206628;No;639;639;94;0.81;1351;0.80;0.76
206674;No;639;639;94;0.81;1350;0.80;0.76
206719;No;639;639;94;0.81;1350;0.80;0.76
206732;No;639;639;94;0.81;1349;0.80;0.76
206771;No;639;639;94;0.81;1349;0.80;0.76
206811;No;639;639;94;0.81;1348;0.80;0.76
206882;No;639;639;94;0.81;1348;0.80;0.76
206925;No;639;639;94;0.81;1348;0.80;0.76
206964;No;639;639;94;0.81;1348;0.80;0.76
207002;No;639;639;94;0.81;1347;0.80;0.76
207048;No;639;639;94;0.81;1347;0.80;0.76
207062;No;639;638;94;0.81;1346;0.80;0.76
207106;No;638;638;94;0.81;1344;0.80;0.76
207156;No;638;638;94;0.81;1342;0.80;0.76
207199;No;638;638;94;0.81;1340;0.80;0.76
207240;No;638;638;94;0.81;1338;0.80;0.76
207279;No;638;638;94;0.81;1336;0.80;0.76
207324;No;638;638;94;0.81;1335;0.80;0.76
207364;No;638;638;94;0.81;1333;0.80;0.76
207453;No;638;638;94;0.81;1331;0.80;0.76
207491;No;638;638;94;0.81;1332;0.80;0.76
207530;No;638;638;94;0.81;1333;0.80;0.76
207571;No;638;638;94;0.81;1334;0.80;0.76
207617;No;638;638;94;0.81;1335;0.80;0.76
207632;No;638;638;94;0.81;1336;0.80;0.76
207672;No;638;637;94;0.81;1338;0.80;0.76
207713;No;637;637;94;0.81;1339;0.80;0.76
207787;No;637;637;94;0.81;1340;0.80;0.76
207826;No;637;637;94;0.81;1339;0.80;0.76
207842;No;637;637;94;0.81;1338;0.80;0.76
207880;No;637;637;94;0.81;1337;0.80;0.76
207919;No;637;637;94;0.81;1336;0.80;0.76
207966;No;637;637;94;0.81;1334;0.80;0.76
208009;No;637;637;94;0.81;1334;0.80;0.76
208084;No;637;637;94;0.81;1332;0.80;0.76
208136;No;636;636;94;0.81;1332;0.80;0.76
208176;No;636;636;94;0.81;1329;0.80;0.76
208216;No;636;636;94;0.81;1327;0.80;0.76
208232;No;636;636;94;0.81;1324;0.80;0.76
208271;No;636;636;94;0.81;1322;0.79;0.76
208309;No;636;636;94;0.81;1320;0.79;0.76
208389;No;636;636;94;0.81;1317;0.79;0.76
208428;No;636;636;94;0.81;1315;0.79;0.76
208441;No;636;635;94;0.81;1312;0.79;0.76
208483;No;635;635;94;0.81;1312;0.79;0.76
208524;No;635;635;94;0.81;1312;0.79;0.76
208562;No;635;635;94;0.81;1311;0.79;0.76
208603;No;635;635;94;0.81;1311;0.79;0.76
208654;No;635;635;94;0.81;1311;0.79;0.76
208693;No;635;635;94;0.81;1310;0.79;0.75
208741;No;634;634;94;0.81;1310;0.79;0.75
208780;No;634;634;94;0.81;1310;0.79;0.75
208820;No;634;634;94;0.81;1308;0.79;0.75
208830;No;634;634;94;0.81;1307;0.77;0.74
208870;No;634;634;94;0.81;1306;0.76;0.65
208908;No;634;634;94;0.81;1304;0.75;0.56
208983;No;634;634;94;0.81;1303;0.73;0.47
209024;No;633;633;94;0.81;1302;0.72;0.38
209063;No;633;633;94;0.81;1300;0.71;0.29
209109;No;633;633;94;0.81;1299;0.69;0.21
209147;No;633;633;94;0.81;1298;0.68;0.12
209212;No;633;633;94;0.81;1297;0.60;0.03
209286;No;633;633;94;0.81;1296;0.53;0.02
209326;No;632;632;94;0.81;1295;0.45;0.02
209342;No;632;632;94;0.81;1294;0.38;0.02
209381;No;632;632;94;0.81;1293;0.30;0.01
209418;No;632;632;94;0.81;1292;0.22;0.01
209431;No;632;632;94;0.81;1291;0.15;0.01
209476;No;632;632;94;0.81;1291;0.07;0.00
209492;No;632;632;94;0.81;1291;0.06;0.00
209552;No;632;632;94;0.81;1290;0.05;0.00
209591;No;632;631;94;0.81;1290;0.05;-0.00
209633;No;631;631;94;0.81;1290;0.04;-0.00
209674;No;631;631;94;0.81;1290;0.03;-0.01
209714;No;631;631;94;0.81;1290;0.02;-0.01
209753;No;631;631;94;0.81;1289;0.01;-0.01
209791;No;631;631;94;0.81;1288;0.01;-0.01
209850;No;630;631;94;0.81;1288;0.00;-0.01
209890;No;630;630;94;0.81;1287;0.00;-0.01
209933;No;630;630;94;0.81;1286;0.00;-0.01
209977;No;630;630;94;0.81;1285;0.00;-0.01
210021;No;630;630;94;0.81;1284;0.00;-0.01
210066;No;630;630;94;0.81;1284;0.00;-0.02
210105;No;630;630;94;0.81;1283;-0.00;-0.02
210151;No;630;630;94;0.81;1283;-0.00;-0.02
210192;No;630;630;94;0.81;1283;-0.00;-0.02
210212;No;629;630;94;0.81;1282;-0.00;-0.02
210251;No;629;629;94;0.81;1282;-0.00;-0.02
210290;No;629;629;94;0.81;1282;-0.00;-0.02
210354;No;629;629;94;0.81;1282;-0.01;-0.02
210395;No;629;629;94;0.81;1282;-0.01;-0.02
210451;No;629;629;94;0.81;1282;-0.01;-0.02
210492;No;629;629;94;0.81;1280;-0.01;-0.02
210530;No;628;628;94;0.81;1280;-0.01;-0.02
210569;No;628;628;94;0.81;1278;-0.01;-0.02
210616;No;628;628;94;0.81;1277;-0.01;-0.02
210632;No;628;628;94;0.81;1276;-0.01;-0.02
210671;No;628;628;94;0.81;1275;-0.01;-0.02
210752;No;628;628;94;0.81;1274;-0.01;-0.02
210792;No;628;628;94;0.81;1273;-0.01;-0.02
210832;No;627;627;94;0.81;1273;-0.01;-0.02
210871;No;627;627;94;0.81;1272;-0.01;-0.02
210912;No;627;627;93;0.81;1272;-0.01;-0.02
210951;No;627;627;93;0.81;1272;-0.01;-0.02
210996;No;627;627;93;0.81;1272;-0.01;-0.02
211051;No;627;627;93;0.81;1272;-0.01;-0.01
211091;No;626;627;93;0.81;1271;-0.01;-0.01
211131;No;626;626;93;0.81;1271;-0.01;-0.01
211173;No;626;626;93;0.81;1271;-0.01;-0.01
211211;No;626;626;93;0.81;1270;-0.01;-0.01
211250;No;626;626;93;0.81;1270;-0.01;-0.01
211289;No;626;626;93;0.81;1270;-0.01;-0.01
211351;No;626;626;93;0.81;1270;-0.01;-0.01
211398;No;626;625;93;0.81;1270;-0.01;-0.01
211412;No;625;625;93;0.81;1270;-0.01;-0.01
211452;No;625;625;93;0.81;1269;-0.01;-0.01
211491;No;625;625;93;0.81;1266;-0.01;-0.01
211532;No;625;625;93;0.81;1263;-0.01;-0.01
211571;No;625;625;93;0.81;1260;-0.01;-0.01
211609;No;624;625;93;0.81;1257;-0.01;-0.01
211684;No;624;624;93;0.81;1254;-0.01;-0.01
211724;No;624;624;93;0.81;1251;-0.01;-0.01
211770;No;624;624;93;0.81;1248;-0.01;-0.01
211808;No;624;624;93;0.81;1245;-0.01;-0.01
211848;No;624;624;93;0.81;1250;-0.01;-0.01
211862;No;624;624;93;0.81;1254;-0.01;-0.01
211902;No;624;624;93;0.81;1259;-0.00;-0.01
211951;No;624;624;93;0.81;1264;-0.00;-0.01
212012;No;624;624;93;0.81;1269;-0.00;-0.01
212051;No;623;623;93;0.81;1274;0.00;-0.00
212090;No;623;623;93;0.81;1278;0.00;-0.00
212135;No;623;623;93;0.81;1283;0.00;0.00
212175;No;623;623;93;0.81;1297;0.01;0.00
212191;No;623;622;93;0.81;1310;0.01;0.01
212253;No;623;622;93;0.81;1324;0.01;0.01
212294;No;623;622;93;0.81;1338;0.01;0.01
212333;No;622;622;93;0.81;1352;0.02;0.01
212372;No;622;622;93;0.81;1366;0.02;0.02
212412;No;622;622;93;0.81;1379;0.02;0.02
212450;No;621;621;93;0.81;1393;0.03;0.02
212501;No;621;621;93;0.81;1383;0.03;0.03
212552;No;621;621;93;0.81;1372;0.03;0.03
212591;No;620;621;93;0.81;1362;0.03;0.03
212630;No;620;620;93;0.81;1352;0.04;0.03
212671;No;620;620;93;0.81;1341;0.04;0.03
212714;No;620;620;93;0.81;1331;0.04;0.03
212756;No;620;620;93;0.81;1320;0.04;0.03
212796;No;619;620;93;0.81;1310;0.04;0.03
212852;No;619;619;93;0.81;1348;0.04;0.03
212890;No;619;619;93;0.81;1385;0.05;0.04
212929;No;619;619;93;0.81;1423;0.05;0.04
212972;No;618;619;93;0.81;1460;0.05;0.04
213011;No;618;618;93;0.81;1498;0.05;0.04
213031;No;618;618;93;0.81;1536;0.05;0.05
213070;No;618;618;93;0.81;1573;0.06;0.05
213113;No;617;618;93;0.81;1610;0.06;0.05
213189;No;617;617;93;0.81;1618;0.06;0.06
213229;No;617;617;93;0.81;1625;0.15;0.06
213289;No;616;617;92;0.81;1632;0.24;0.11
213353;No;616;616;92;0.81;1640;0.33;0.16
213393;No;616;616;92;0.81;1647;0.42;0.21
213451;No;616;616;92;0.81;1654;0.51;0.26
213496;No;616;616;92;0.81;1661;0.61;0.32
213511;No;616;616;92;0.80;1668;0.70;0.37
213553;No;615;615;92;0.80;1670;0.79;0.42
213593;No;615;615;92;0.80;1672;0.79;0.47
213639;No;615;615;92;0.80;1674;0.80;0.50
213680;No;615;614;92;0.80;1676;0.80;0.53
213751;No;615;614;92;0.80;1677;0.80;0.56
213789;No;614;614;92;0.80;1679;0.81;0.58
213830;No;614;614;92;0.80;1680;0.81;0.61
213879;No;614;614;92;0.80;1682;0.82;0.64
213918;No;614;614;92;0.80;1681;0.82;0.67
213930;No;614;614;92;0.80;1680;0.82;0.70
213969;No;614;614;92;0.80;1678;0.81;0.70
214011;No;614;613;92;0.80;1677;0.81;0.69
214060;No;613;613;92;0.80;1676;0.81;0.69
214100;No;613;613;92;0.80;1674;0.80;0.69
214163;No;613;613;92;0.80;1673;0.80;0.69
214203;No;613;613;92;0.80;1672;0.80;0.68
214247;No;613;613;92;0.80;1644;0.79;0.68
214292;No;613;613;92;0.80;1617;0.79;0.68
214346;No;612;612;92;0.80;1590;0.79;0.68
214384;No;612;612;92;0.80;1562;0.79;0.68
214425;No;612;612;92;0.80;1534;0.79;0.68
214463;No;612;612;92;0.80;1507;0.79;0.68
214507;No;612;612;92;0.81;1480;0.79;0.68
214569;No;612;612;92;0.81;1452;0.79;0.68
214615;No;612;612;92;0.81;1452;0.79;0.68
214687;No;612;612;92;0.81;1451;0.79;0.68
214726;No;612;612;92;0.81;1450;0.79;0.69
214791;No;612;611;92;0.81;1450;0.79;0.70
214832;No;611;611;92;0.81;1449;0.79;0.71
214878;No;611;611;92;0.81;1448;0.80;0.71
214891;No;611;611;92;0.81;1448;0.80;0.72
214947;No;611;611;92;0.81;1447;0.80;0.72
214996;No;611;611;92;0.81;1430;0.80;0.73
215011;No;611;611;92;0.81;1412;0.81;0.74
215049;No;611;611;91;0.81;1394;0.81;0.74
215089;No;611;611;91;0.81;1377;0.81;0.75
215130;No;611;611;91;0.81;1360;0.82;0.75
215170;No;611;611;91;0.81;1342;0.82;0.76
215192;No;611;611;91;0.81;1325;0.83;0.76
215246;No;611;611;91;0.81;1307;0.83;0.77
215287;No;611;611;91;0.81;1312;0.84;0.77
215326;No;611;611;91;0.81;1318;0.84;0.78
215341;No;611;611;91;0.81;1323;0.84;0.78
215380;No;610;610;91;0.81;1328;0.84;0.78
215418;No;610;610;91;0.81;1334;0.85;0.79
215431;No;610;610;91;0.81;1339;0.85;0.79
215470;No;610;610;91;0.81;1344;0.85;0.79
215493;No;610;610;91;0.81;1349;0.85;0.79
215548;No;610;610;91;0.81;1348;0.86;0.79
215590;No;610;610;91;0.81;1346;0.85;0.80
215632;No;610;610;91;0.81;1345;0.85;0.80
215672;No;610;610;91;0.81;1343;0.85;0.80
215716;No;610;610;91;0.81;1342;0.85;0.80
215754;No;610;610;91;0.81;1340;0.85;0.80
215793;No;610;610;91;0.81;1339;0.85;0.80
215857;No;610;610;91;0.81;1337;0.85;0.80
215903;No;610;610;91;0.81;1334;0.85;0.81
215942;No;610;610;91;0.81;1331;0.84;0.81
215984;No;610;610;91;0.81;1328;0.84;0.81
216023;No;609;610;91;0.81;1325;0.84;0.81
216062;No;609;609;91;0.81;1322;0.84;0.80
216102;No;609;609;91;0.81;1319;0.84;0.80
216147;No;609;609;91;0.81;1316;0.83;0.80
216186;No;609;609;91;0.80;1313;0.83;0.80
216225;No;609;609;91;0.80;1311;0.83;0.80
216270;No;609;609;91;0.80;1309;0.83;0.80
216308;No;609;609;91;0.80;1306;0.83;0.80
216349;No;609;609;91;0.80;1304;0.83;0.80
216362;No;609;609;91;0.80;1302;0.83;0.80
216401;No;609;609;91;0.80;1300;0.83;0.80
216447;No;609;609;91;0.80;1297;0.83;0.80
216486;No;609;609;91;0.80;1295;0.83;0.80
216529;No;609;609;91;0.80;1295;0.84;0.80
216542;No;609;609;91;0.80;1295;0.83;0.80
216588;No;609;609;91;0.80;1295;0.83;0.80
216651;No;609;609;91;0.80;1295;0.83;0.79
216690;No;609;609;91;0.80;1296;0.83;0.79
216746;No;609;609;91;0.80;1296;0.83;0.79
216787;No;609;609;91;0.81;1296;0.83;0.79
216825;No;609;609;91;0.81;1296;0.82;0.79
216842;No;609;609;91;0.81;1297;0.82;0.79
216882;No;609;609;91;0.81;1298;0.82;0.79
216922;No;609;609;91;0.81;1299;0.82;0.79
216968;No;609;608;91;0.81;1300;0.82;0.79
217007;No;609;608;91;0.81;1302;0.82;0.79
217096;No;609;608;91;0.81;1303;0.82;0.79
217112;No;608;608;91;0.81;1304;0.82;0.79
217154;No;608;608;91;0.81;1305;0.82;0.79
217193;No;608;608;91;0.81;1305;0.82;0.79
217231;No;608;608;91;0.81;1305;0.82;0.79
217269;No;608;608;90;0.81;1305;0.82;0.79
217309;No;608;608;90;0.81;1305;0.82;0.79
217388;No;608;608;90;0.81;1305;0.81;0.79
217428;No;608;608;90;0.81;1305;0.81;0.79
217442;No;608;608;90;0.81;1305;0.81;0.78
217490;No;608;608;90;0.81;1305;0.81;0.78
217530;No;608;608;90;0.81;1306;0.81;0.78
217570;No;608;608;90;0.81;1308;0.81;0.78
217608;No;608;608;90;0.81;1309;0.81;0.78
217682;No;608;608;90;0.81;1310;0.81;0.78
217721;No;608;608;90;0.81;1312;0.81;0.78
217741;No;608;608;90;0.81;1313;0.81;0.78
217781;No;608;608;90;0.81;1314;0.81;0.78
217820;No;608;608;90;0.81;1315;0.81;0.78
217885;No;608;608;90;0.81;1316;0.81;0.78
217949;No;608;608;90;0.81;1317;0.81;0.78
217989;No;608;608;90;0.81;1318;0.81;0.78
218031;No;608;608;90;0.81;1318;0.81;0.78
218069;No;608;608;90;0.81;1319;0.81;0.77
218109;No;608;608;90;0.81;1320;0.81;0.77
218154;No;608;608;90;0.81;1321;0.81;0.77
218194;No;609;608;90;0.81;1322;0.81;0.76
218248;No;609;609;90;0.81;1324;0.81;0.76
218287;No;609;609;90;0.81;1326;0.81;0.76
218328;No;609;609;90;0.81;1328;0.81;0.76
218343;No;609;609;90;0.81;1330;0.81;0.76
218377;No;609;609;90;0.81;1332;0.81;0.76
218417;No;609;609;90;0.81;1334;0.81;0.76
218432;No;609;609;90;0.81;1336;0.81;0.76
218476;No;609;609;90;0.80;1338;0.81;0.77
218491;No;609;609;90;0.80;1338;0.81;0.77
218548;No;609;609;90;0.80;1340;0.81;0.77
218589;No;609;609;90;0.80;1340;0.81;0.77
218629;No;609;609;90;0.80;1341;0.82;0.76
218695;No;609;609;90;0.80;1342;0.82;0.76
218735;No;609;609;90;0.80;1343;0.82;0.76
218775;No;609;609;90;0.80;1344;0.82;0.76
218792;No;609;609;90;0.80;1344;0.82;0.76
218848;No;609;609;90;0.80;1344;0.82;0.75
218887;No;609;609;90;0.80;1344;0.82;0.75
218926;No;609;609;90;0.80;1344;0.82;0.75
218943;No;609;609;90;0.80;1344;0.82;0.75
218983;No;609;609;90;0.80;1344;0.82;0.75
219024;No;609;609;90;0.80;1344;0.82;0.75
219062;No;609;609;90;0.80;1344;0.82;0.75
219103;No;609;609;90;0.80;1343;0.82;0.75
219149;No;609;609;90;0.80;1342;0.82;0.74
219196;No;609;609;90;0.80;1341;0.82;0.74
219212;No;610;609;90;0.80;1340;0.82;0.75
219251;No;610;610;90;0.80;1339;0.82;0.75
219290;No;610;610;90;0.80;1338;0.82;0.75
219330;No;610;610;90;0.80;1336;0.83;0.75
219369;No;610;610;90;0.81;1336;0.83;0.75
219409;No;610;610;90;0.80;1334;0.83;0.75
219482;No;610;610;90;0.80;1334;0.83;0.76
219521;No;610;610;90;0.80;1335;0.83;0.76
219543;No;610;610;90;0.80;1335;0.83;0.76
219583;No;610;610;90;0.80;1335;0.83;0.76
219622;No;610;610;90;0.80;1335;0.83;0.76
219683;No;610;610;90;0.80;1336;0.83;0.76
219748;No;610;610;90;0.80;1336;0.83;0.76
219789;No;610;610;90;0.80;1336;0.83;0.76
219828;No;610;610;90;0.80;1336;0.83;0.76
219841;No;610;610;90;0.80;1337;0.83;0.76
219882;No;610;610;90;0.80;1337;0.83;0.76
219921;No;610;610;90;0.80;1338;0.82;0.76
219973;No;610;610;90;0.80;1338;0.82;0.76
220051;No;610;610;90;0.80;1339;0.82;0.76
220091;No;610;610;90;0.80;1339;0.82;0.76
220111;No;610;610;90;0.80;1340;0.82;0.76
220152;No;611;610;90;0.80;1340;0.82;0.76
220171;No;611;611;90;0.80;1340;0.82;0.76
220210;No;611;611;90;0.80;1341;0.82;0.76
220251;No;611;611;90;0.80;1341;0.82;0.76
220290;No;611;611;90;0.80;1342;0.82;0.76
220349;No;611;611;90;0.80;1342;0.82;0.76
220394;No;611;611;90;0.80;1342;0.82;0.76
220433;No;611;611;90;0.80;1343;0.82;0.76
220477;No;611;611;90;0.80;1344;0.82;0.76
220517;No;611;611;90;0.80;1344;0.82;0.76
220531;No;611;611;90;0.80;1345;0.82;0.76
220576;No;611;611;90;0.80;1345;0.82;0.76
220591;No;611;611;90;0.80;1346;0.82;0.75
220649;No;611;611;90;0.80;1346;0.82;0.75
220688;No;611;611;90;0.80;1347;0.81;0.75
220727;No;611;611;90;0.80;1348;0.81;0.75
220741;No;611;611;90;0.80;1348;0.81;0.75
220787;No;612;612;90;0.80;1348;0.81;0.75
220852;No;612;612;90;0.80;1349;0.81;0.75
220892;No;612;612;90;0.80;1349;0.81;0.75
220970;No;612;612;90;0.80;1350;0.81;0.75
221014;No;612;612;90;0.80;1350;0.81;0.75
221055;No;612;612;90;0.80;1350;0.82;0.75
221094;No;612;612;90;0.80;1351;0.82;0.75
221132;No;612;612;90;0.80;1352;0.82;0.75
221171;No;612;612;90;0.80;1353;0.81;0.75
221191;No;612;612;90;0.80;1354;0.81;0.74
221248;No;612;612;90;0.80;1355;0.81;0.74
221287;No;612;612;90;0.80;1356;0.81;0.73
221326;No;612;612;90;0.80;1358;0.80;0.73
221342;No;612;612;90;0.80;1359;0.80;0.72
221387;No;613;613;90;0.80;1360;0.80;0.71
221452;No;613;613;90;0.80;1360;0.80;0.71
221494;No;613;613;90;0.80;1360;0.80;0.70
221548;No;613;613;90;0.80;1360;0.80;0.71
221589;No;613;613;90;0.80;1360;0.80;0.71
221628;No;613;613;90;0.80;1361;0.81;0.72
221693;No;613;613;90;0.80;1361;0.81;0.72
221732;No;613;613;90;0.80;1361;0.81;0.73
221778;No;613;613;90;0.80;1361;0.81;0.73
221792;No;613;613;90;0.80;1363;0.82;0.74
221849;No;614;613;90;0.80;1364;0.81;0.74
221888;No;614;614;90;0.80;1366;0.81;0.74
221929;No;614;614;90;0.80;1367;0.81;0.73
221994;No;614;614;90;0.80;1368;0.81;0.73
222033;No;614;614;90;0.80;1370;0.81;0.72
222075;No;614;614;90;0.80;1371;0.81;0.72
222092;No;614;614;90;0.80;1373;0.80;0.71
222150;No;614;614;90;0.80;1372;0.80;0.71
222189;No;614;614;90;0.80;1371;0.80;0.70
222250;No;614;614;90;0.80;1370;0.81;0.71
222289;No;614;614;90;0.80;1370;0.81;0.71
222330;No;614;614;90;0.80;1369;0.81;0.72
222370;No;614;615;90;0.80;1368;0.81;0.72
222408;No;615;615;90;0.80;1368;0.82;0.73
222482;No;615;615;90;0.80;1367;0.82;0.73
222522;No;615;615;90;0.80;1367;0.82;0.73
222540;No;615;615;90;0.80;1367;0.82;0.74
222581;No;615;615;90;0.80;1368;0.82;0.74
222621;No;615;615;90;0.80;1368;0.82;0.74
222659;No;615;615;90;0.80;1368;0.82;0.74
222701;No;615;615;90;0.80;1368;0.82;0.74
222751;No;615;615;90;0.80;1368;0.82;0.74
222790;No;615;615;90;0.80;1368;0.82;0.74
222831;No;615;615;90;0.80;1368;0.82;0.74
222870;No;616;615;90;0.80;1367;0.82;0.74
222917;No;616;616;90;0.80;1366;0.82;0.74
222931;No;616;616;90;0.80;1366;0.82;0.74
222970;No;616;616;90;0.80;1365;0.82;0.74
223010;No;616;616;90;0.80;1365;0.82;0.74
223084;No;616;616;90;0.80;1364;0.82;0.74
223125;No;616;616;90;0.80;1364;0.82;0.75
223141;No;616;616;90;0.80;1364;0.82;0.75
223183;No;616;616;90;0.80;1364;0.82;0.75
223223;No;616;616;90;0.80;1364;0.82;0.75
223273;No;616;616;90;0.80;1364;0.81;0.75
223312;No;616;616;90;0.80;1364;0.81;0.75
223382;No;616;616;90;0.80;1364;0.81;0.75
223422;No;616;616;90;0.80;1364;0.81;0.75
223442;No;616;616;90;0.80;1364;0.81;0.74
223496;No;616;616;90;0.80;1377;0.81;0.74
223534;No;616;616;91;0.80;1390;0.81;0.74
223574;No;616;616;91;0.80;1404;0.81;0.74
223652;No;616;616;91;0.80;1417;0.81;0.75
223691;No;616;616;91;0.80;1430;0.81;0.75
223713;No;616;616;91;0.80;1444;0.81;0.75
223755;No;617;616;91;0.80;1457;0.81;0.75
223794;No;617;617;91;0.80;1470;0.81;0.75
223842;No;617;617;91;0.80;1476;0.81;0.75
223882;No;617;617;91;0.80;1481;0.81;0.75
223949;No;617;617;91;0.80;1486;0.81;0.75
223987;No;617;617;91;0.80;1492;0.81;0.75
224028;No;617;617;91;0.80;1498;0.81;0.75
224042;No;617;617;91;0.80;1503;0.81;0.75
224082;No;617;617;91;0.80;1508;0.81;0.75
224127;No;617;617;91;0.80;1514;0.81;0.75
224166;No;617;617;91;0.80;1501;0.81;0.75
224210;No;617;617;91;0.80;1488;0.81;0.75
224283;No;617;617;91;0.80;1475;0.81;0.75
224321;No;617;617;91;0.80;1462;0.82;0.76
224342;No;617;617;91;0.80;1449;0.82;0.77
224382;No;617;617;91;0.80;1436;0.82;0.77
224421;No;617;617;91;0.80;1423;0.83;0.78
224461;No;617;617;91;0.80;1410;0.83;0.79
224500;No;617;617;91;0.80;1409;0.83;0.79
224549;No;617;617;91;0.80;1408;0.83;0.80
224597;No;617;617;91;0.80;1407;0.83;0.80
224613;No;617;618;91;0.80;1406;0.83;0.80
224655;No;617;618;91;0.80;1405;0.83;0.80
224671;No;618;618;91;0.80;1404;0.83;0.80
224717;No;618;618;91;0.80;1402;0.83;0.80
224731;No;618;618;91;0.80;1402;0.83;0.80
224776;No;618;618;91;0.80;1398;0.83;0.81
224791;No;618;618;91;0.80;1396;0.83;0.81
224849;No;618;618;91;0.80;1392;0.83;0.80
224898;No;618;618;91;0.80;1390;0.83;0.80
224911;No;618;618;91;0.80;1386;0.83;0.80
224952;No;618;618;91;0.80;1384;0.83;0.79
224980;No;618;618;91;0.80;1380;0.82;0.79
225052;No;618;618;91;0.80;1378;0.82;0.79
225095;No;618;618;91;0.80;1378;0.82;0.79
225148;No;618;618;91;0.80;1378;0.82;0.78
225188;No;618;618;91;0.80;1378;0.82;0.78
225228;No;618;618;91;0.80;1378;0.82;0.78
225242;No;618;618;91;0.80;1377;0.82;0.78
225282;No;618;618;91;0.80;1377;0.82;0.78
225323;No;618;618;91;0.80;1377;0.82;0.78
225361;No;618;618;91;0.80;1377;0.82;0.78
225407;No;618;618;91;0.80;1378;0.82;0.78
225450;No;618;618;91;0.80;1379;0.82;0.78
225491;No;618;618;91;0.80;1380;0.82;0.78
225530;No;618;618;91;0.80;1380;0.82;0.78
225543;No;618;618;91;0.80;1381;0.82;0.78
225583;No;618;618;91;0.80;1382;0.82;0.79
225621;No;618;618;91;0.80;1383;0.82;0.79
225661;No;618;618;91;0.80;1384;0.82;0.79
225700;No;618;618;91;0.80;1383;0.82;0.79
225750;No;618;618;91;0.80;1382;0.82;0.79
225790;No;618;618;91;0.80;1382;0.82;0.79
225828;No;618;619;91;0.80;1382;0.82;0.79
225840;No;618;619;91;0.80;1381;0.82;0.79
225882;No;619;619;91;0.80;1380;0.82;0.79
225921;No;619;619;91;0.80;1380;0.82;0.78
225960;No;619;619;91;0.80;1379;0.82;0.78
225999;No;619;619;91;0.80;1380;0.82;0.78
226074;No;619;619;91;0.80;1382;0.82;0.78
226119;No;619;619;91;0.80;1382;0.82;0.78
226159;No;619;619;91;0.80;1384;0.82;0.78
226173;No;619;619;91;0.80;1385;0.82;0.78
226213;No;619;619;91;0.80;1386;0.82;0.78
226232;No;619;619;91;0.80;1387;0.82;0.78
226271;No;619;619;91;0.80;1388;0.82;0.78
226309;No;619;619;91;0.80;1389;0.82;0.78
226383;No;619;619;92;0.80;1390;0.82;0.78
226421;No;619;619;92;0.80;1390;0.82;0.78
226443;No;619;619;92;0.80;1391;0.82;0.78
226483;No;619;619;92;0.80;1391;0.82;0.78
226521;No;619;619;92;0.80;1392;0.82;0.78
226562;No;619;619;92;0.80;1392;0.83;0.78
226601;No;619;619;92;0.80;1393;0.83;0.78
226650;No;619;619;92;0.80;1394;0.83;0.78
226689;No;619;619;92;0.80;1395;0.83;0.78
226727;No;619;619;92;0.80;1396;0.82;0.78
226743;No;619;619;92;0.80;1397;0.82;0.77
226787;No;619;619;92;0.80;1398;0.82;0.76
226852;No;619;619;92;0.80;1399;0.82;0.76
226890;No;619;619;92;0.80;1400;0.82;0.75
226951;No;619;619;92;0.80;1402;0.82;0.74
226996;No;619;619;92;0.80;1402;0.82;0.74
227013;No;619;619;92;0.80;1402;0.82;0.73
227052;No;619;619;92;0.80;1402;0.82;0.73
227093;No;619;620;92;0.80;1402;0.81;0.74
227132;No;619;620;92;0.80;1402;0.81;0.74
227170;No;620;620;92;0.80;1402;0.81;0.75
227192;No;620;620;92;0.80;1402;0.81;0.75
227249;No;620;620;92;0.80;1402;0.81;0.76
227287;No;620;620;92;0.80;1403;0.81;0.76
227336;No;620;620;92;0.80;1403;0.81;0.77
227375;No;620;620;92;0.80;1403;0.81;0.77
227419;No;620;620;92;0.80;1404;0.81;0.77
227431;No;620;620;92;0.80;1404;0.81;0.77
227480;No;620;620;92;0.80;1404;0.81;0.77
227550;No;620;620;92;0.80;1404;0.82;0.77
227590;No;620;620;92;0.80;1404;0.82;0.77
227634;No;620;620;92;0.80;1404;0.82;0.77
227673;No;620;620;92;0.80;1405;0.82;0.77
227720;No;620;620;92;0.80;1405;0.82;0.77
227760;No;620;620;92;0.80;1405;0.82;0.77
227801;No;620;620;92;0.80;1405;0.82;0.77
227849;No;620;620;92;0.80;1405;0.82;0.77
227888;No;620;620;92;0.80;1405;0.82;0.76
227928;No;620;620;92;0.80;1405;0.82;0.76
227942;No;620;620;92;0.80;1406;0.82;0.76
227983;No;620;620;92;0.80;1408;0.82;0.76
228026;No;620;620;92;0.80;1410;0.82;0.76
228072;No;620;620;92;0.80;1411;0.82;0.76
228111;No;620;620;92;0.80;1413;0.82;0.76
228183;No;620;620;92;0.80;1414;0.82;0.76
228223;No;620;620;92;0.80;1416;0.82;0.76
228242;No;620;620;92;0.80;1418;0.82;0.76
228281;No;620;620;92;0.80;1417;0.82;0.76
228320;No;620;620;92;0.80;1417;0.82;0.76
228334;No;620;620;92;0.80;1416;0.82;0.76
228376;No;620;620;92;0.80;1416;0.82;0.76
228451;No;620;620;92;0.80;1416;0.82;0.75
228490;No;620;620;92;0.80;1416;0.82;0.75
228528;No;620;620;92;0.80;1415;0.82;0.75
228542;No;620;620;92;0.80;1415;0.82;0.74
228587;No;620;620;92;0.80;1416;0.82;0.74
228649;No;620;620;92;0.80;1418;0.82;0.74
228662;No;620;620;92;0.80;1419;0.82;0.74
228701;No;620;620;92;0.80;1420;0.82;0.74
228749;No;620;620;92;0.80;1422;0.82;0.74
228789;No;620;620;92;0.80;1423;0.82;0.74
228828;No;620;621;92;0.80;1424;0.82;0.74
228842;No;621;621;92;0.80;1426;0.82;0.74
228881;No;621;621;92;0.80;1427;0.82;0.74
228952;No;621;621;92;0.80;1428;0.82;0.74
228993;No;621;621;92;0.80;1428;0.81;0.74
229049;No;621;621;92;0.80;1430;0.81;0.74
229088;No;621;621;92;0.80;1430;0.81;0.74
229129;No;621;621;92;0.80;1432;0.81;0.74
229144;No;621;621;92;0.80;1432;0.81;0.74
229183;No;621;621;92;0.80;1433;0.81;0.74
229224;No;621;621;92;0.80;1434;0.81;0.74
229262;No;621;621;92;0.80;1436;0.81;0.74
229307;No;621;621;92;0.80;1437;0.80;0.74
229381;No;621;621;92;0.80;1438;0.80;0.73
229420;No;621;621;92;0.80;1439;0.80;0.72
229459;No;621;621;92;0.80;1440;0.80;0.71
229472;No;621;621;92;0.80;1441;0.80;0.71
229513;No;621;621;92;0.80;1442;0.80;0.70
229552;No;621;621;92;0.80;1444;0.80;0.69
229593;No;621;621;92;0.80;1446;0.80;0.68
229648;No;621;621;92;0.80;1448;0.80;0.69
229695;No;621;621;92;0.80;1450;0.80;0.70
229711;No;621;621;92;0.80;1452;0.80;0.71
229750;No;621;621;92;0.80;1454;0.80;0.71
229791;No;621;621;92;0.80;1456;0.80;0.72
229831;No;621;621;92;0.80;1457;0.81;0.72
229870;No;622;621;92;0.80;1458;0.81;0.73
229949;No;622;622;92;0.80;1458;0.81;0.74
229990;No;622;622;92;0.80;1458;0.80;0.74
230031;No;622;622;92;0.80;1458;0.80;0.74
230083;No;622;622;92;0.80;1458;0.80;0.73
230123;No;622;622;92;0.80;1458;0.80;0.73
230166;No;622;622;92;0.80;1458;0.80;0.73
230209;No;622;622;92;0.80;1458;0.80;0.73
230293;No;622;622;92;0.80;1459;0.80;0.73
230332;No;622;622;92;0.80;1460;0.80;0.73
230372;No;622;622;92;0.80;1460;0.80;0.73
230412;No;622;622;92;0.80;1461;0.80;0.73
230454;No;622;622;92;0.80;1462;0.80;0.73
230499;No;622;622;92;0.80;1462;0.80;0.73
230549;No;622;622;92;0.80;1463;0.80;0.73
230588;No;622;622;92;0.80;1464;0.81;0.73
230630;No;622;622;92;0.80;1464;0.81;0.73
230693;No;622;622;92;0.80;1464;0.81;0.73
230738;No;622;622;92;0.80;1463;0.81;0.73
230779;No;622;622;92;0.80;1463;0.80;0.73
230793;No;623;622;92;0.80;1462;0.80;0.74
230849;No;623;623;92;0.80;1462;0.80;0.74
230889;No;623;623;92;0.80;1462;0.80;0.74
230932;No;623;623;92;0.80;1462;0.80;0.74
230971;No;623;623;92;0.80;1463;0.80;0.74
231010;No;623;623;92;0.80;1465;0.80;0.74
231030;No;623;623;92;0.80;1467;0.80;0.74
231070;No;623;623;92;0.80;1469;0.80;0.74
231148;No;623;623;92;0.80;1470;0.80;0.73
231210;No;623;623;92;0.80;1472;0.80;0.73
231250;No;623;623;92;0.80;1474;0.79;0.73
231290;No;623;623;92;0.80;1476;0.79;0.73
231353;No;623;623;92;0.80;1477;0.79;0.73
231398;No;623;624;92;0.80;1478;0.79;0.73
231449;No;623;624;92;0.80;1479;0.80;0.73
231494;No;624;624;92;0.80;1480;0.80;0.74
231534;No;624;624;92;0.80;1481;0.80;0.75
231573;No;624;624;92;0.80;1482;0.80;0.75
231618;No;624;624;92;0.80;1483;0.80;0.76
231633;No;624;624;92;0.80;1484;0.80;0.76
231672;No;624;624;92;0.80;1484;0.81;0.77
231712;No;624;624;92;0.80;1484;0.81;0.77
231786;No;624;624;92;0.80;1485;0.81;0.77
231830;No;624;624;92;0.80;1485;0.80;0.77
231877;No;624;624;92;0.80;1485;0.80;0.77
231918;No;624;624;92;0.80;1486;0.80;0.78
231931;No;624;624;92;0.80;1486;0.80;0.78
231970;No;624;624;92;0.79;1486;0.80;0.78
232049;No;624;625;92;0.79;1487;0.80;0.78
232092;No;625;625;92;0.79;1488;0.80;0.78
232131;No;625;625;92;0.79;1490;0.80;0.78
232195;No;625;625;92;0.79;1490;0.80;0.78
232233;No;625;625;92;0.79;1492;0.80;0.77
232284;No;625;625;92;0.79;1493;0.80;0.77
232350;No;625;625;92;0.79;1494;0.80;0.77
232390;No;625;625;92;0.79;1495;0.80;0.77
232429;No;625;625;92;0.79;1495;0.80;0.77
232499;No;625;625;92;0.79;1496;0.80;0.77
232543;No;625;625;92;0.79;1496;0.80;0.77
232581;No;625;626;92;0.79;1496;0.80;0.77
232651;No;626;626;92;0.79;1497;0.80;0.77
232690;No;626;626;92;0.79;1497;0.80;0.77
232712;No;626;626;92;0.80;1498;0.80;0.77
232757;No;626;626;92;0.79;1498;0.80;0.77
232771;No;626;626;92;0.79;1498;0.80;0.77
232811;No;626;626;92;0.79;1499;0.80;0.77
232853;No;626;626;92;0.79;1499;0.80;0.77
232894;No;626;626;92;0.79;1500;0.80;0.77
232949;No;626;626;92;0.79;1500;0.80;0.77
232989;No;626;626;92;0.79;1501;0.80;0.77
233027;No;626;626;92;0.79;1501;0.79;0.77
233072;No;626;626;92;0.79;1502;0.79;0.77
233111;No;626;626;92;0.79;1502;0.79;0.77
233133;No;626;626;92;0.79;1504;0.79;0.77
233172;No;626;626;92;0.79;1504;0.80;0.77
233250;No;626;626;92;0.79;1505;0.80;0.77
233290;No;626;626;92;0.79;1506;0.80;0.78
233329;No;626;626;92;0.79;1507;0.80;0.78
233342;No;627;626;92;0.79;1508;0.80;0.78
233381;No;627;627;92;0.79;1509;0.80;0.78
233403;No;627;627;92;0.79;1509;0.81;0.79
233442;No;627;627;92;0.79;1510;0.81;0.79
233482;No;627;627;92;0.79;1510;0.81;0.79
233550;No;627;627;92;0.79;1510;0.81;0.80
233591;No;627;627;92;0.79;1510;0.81;0.80
233631;No;627;627;92;0.79;1511;0.81;0.80
233670;No;627;627;92;0.79;1511;0.81;0.81
233708;No;627;627;92;0.79;1512;0.82;0.81
233774;No;627;627;92;0.79;1512;0.82;0.82
233791;No;627;627;92;0.79;1512;0.81;0.82
233849;No;627;627;92;0.79;1512;0.81;0.82
233889;No;627;627;92;0.79;1512;0.81;0.82
233928;No;627;627;92;0.79;1512;0.81;0.81
233942;No;627;627;92;0.79;1512;0.81;0.81
233982;No;628;627;92;0.79;1512;0.81;0.81
234022;No;628;628;92;0.79;1513;0.80;0.81
234087;No;628;628;92;0.79;1513;0.80;0.80
234148;No;628;628;92;0.79;1514;0.80;0.80
234199;No;628;628;92;0.79;1514;0.80;0.80
234267;No;628;628;92;0.79;1514;0.80;0.80
234307;No;628;628;92;0.79;1515;0.80;0.80
234348;No;628;628;92;0.79;1515;0.80;0.80
234362;No;628;628;92;0.79;1516;0.80;0.80
234408;No;628;628;92;0.79;1516;0.80;0.80
234422;No;628;628;92;0.79;1516;0.80;0.80
234461;No;628;628;92;0.79;1518;0.80;0.80
234500;No;628;628;92;0.79;1518;0.80;0.79
234577;No;628;628;92;0.79;1519;0.80;0.79
234621;No;628;628;92;0.79;1520;0.80;0.79
234686;No;628;628;92;0.79;1521;0.80;0.79
234727;No;628;628;92;0.79;1522;0.80;0.79
234767;No;628;628;92;0.79;1522;0.80;0.79
234782;No;628;628;92;0.79;1523;0.80;0.78
234826;No;628;629;92;0.79;1523;0.80;0.78
234876;No;629;629;92;0.79;1524;0.80;0.78
234919;No;629;629;92;0.79;1524;0.80;0.78
234933;No;629;629;92;0.79;1524;0.80;0.78
234975;No;629;629;92;0.79;1525;0.80;0.78
234990;No;629;629;92;0.79;1525;0.79;0.78
235058;No;629;629;92;0.79;1526;0.79;0.78
235097;No;629;629;92;0.79;1526;0.79;0.78
235113;No;629;629;92;0.79;1526;0.79;0.78
235176;No;629;629;92;0.79;1526;0.79;0.78
235221;No;629;629;92;0.79;1526;0.79;0.78
235285;No;629;629;92;0.79;1526;0.79;0.78
235326;No;629;629;92;0.79;1526;0.79;0.78
235371;No;629;629;92;0.79;1526;0.80;0.77
235409;No;629;629;92;0.79;1527;0.80;0.77
235476;No;629;629;92;0.79;1528;0.80;0.77
235516;No;629;629;92;0.79;1528;0.79;0.77
235533;No;630;629;92;0.79;1529;0.79;0.77
235572;No;630;630;92;0.79;1530;0.79;0.77
235612;No;630;630;92;0.79;1531;0.79;0.77
235651;No;630;630;92;0.79;1532;0.79;0.77
235691;No;630;630;92;0.79;1532;0.79;0.76
235730;No;630;630;92;0.79;1533;0.78;0.76
235778;No;630;630;92;0.79;1534;0.78;0.76
235820;No;630;630;92;0.79;1534;0.78;0.76
235885;No;630;630;92;0.79;1535;0.78;0.76
235930;No;630;630;92;0.79;1536;0.78;0.76
235969;No;630;630;92;0.79;1536;0.78;0.76
235984;No;630;630;92;0.79;1537;0.78;0.76
236024;No;630;630;92;0.79;1538;0.78;0.76
236081;No;630;630;92;0.79;1538;0.78;0.76
236125;No;630;630;92;0.79;1538;0.78;0.76
236165;No;630;630;92;0.79;1539;0.78;0.76
236203;No;630;630;92;0.79;1539;0.78;0.76
236242;No;630;630;92;0.79;1539;0.78;0.76
236296;No;631;630;92;0.79;1539;0.79;0.76
236335;No;631;631;92;0.79;1539;0.79;0.76
236381;No;631;631;92;0.79;1539;0.79;0.76
236420;No;631;631;92;0.79;1539;0.79;0.76
236431;No;631;631;92;0.79;1540;0.79;0.76
236471;No;631;631;92;0.79;1540;0.79;0.76
236512;No;631;631;92;0.79;1540;0.79;0.76
236552;No;631;631;92;0.79;1540;0.78;0.76
236591;No;631;631;92;0.79;1540;0.78;0.76
236613;No;631;631;92;0.79;1541;0.78;0.76
236680;No;631;631;92;0.79;1541;0.78;0.75
236721;No;631;631;92;0.79;1541;0.78;0.75
236786;No;631;631;92;0.79;1542;0.78;0.75
236824;No;631;631;92;0.79;1542;0.78;0.75
236864;No;631;631;92;0.79;1542;0.78;0.75
236904;No;631;631;92;0.79;1542;0.78;0.75
236981;No;631;631;92;0.79;1542;0.78;0.75
237021;No;632;632;92;0.79;1542;0.78;0.75
237066;No;632;632;92;0.79;1542;0.79;0.75
237104;No;632;632;92;0.79;1543;0.79;0.75
237145;No;632;632;92;0.79;1542;0.79;0.75
237183;No;632;632;92;0.79;1542;0.79;0.75
237224;No;632;632;92;0.79;1542;0.79;0.75
237279;No;632;632;92;0.79;1542;0.79;0.76
237318;No;632;632;92;0.79;1542;0.79;0.76
237333;No;632;632;92;0.79;1542;0.79;0.76
237374;No;632;632;92;0.79;1542;0.79;0.76
237412;No;632;632;92;0.79;1542;0.79;0.76
237451;No;632;632;92;0.79;1557;0.79;0.76
237503;No;632;632;92;0.79;1572;0.79;0.76
237543;No;632;632;92;0.79;1587;0.79;0.76
237638;No;632;632;92;0.79;1602;0.79;0.76
237678;No;632;632;92;0.79;1617;0.79;0.76
237693;No;632;632;92;0.79;1632;0.79;0.76
237737;No;632;632;92;0.79;1648;0.79;0.76
237752;No;633;632;92;0.79;1663;0.79;0.76
237791;No;633;633;92;0.79;1660;0.79;0.75
237830;No;633;633;93;0.79;1658;0.79;0.75
237843;No;633;633;93;0.79;1656;0.79;0.75
237916;No;633;633;93;0.79;1654;0.79;0.75
237961;No;633;633;93;0.79;1651;0.79;0.75
238001;No;633;633;93;0.79;1649;0.79;0.76
238040;No;633;633;93;0.79;1646;0.79;0.76
238053;No;633;633;93;0.79;1644;0.80;0.76
238098;No;633;633;93;0.79;1633;0.80;0.76
238113;No;633;633;93;0.79;1622;0.80;0.76
238180;No;633;633;93;0.79;1610;0.80;0.76
238220;No;633;633;93;0.79;1598;0.81;0.77
238284;No;633;633;93;0.79;1587;0.81;0.77
238335;No;633;633;93;0.79;1576;0.81;0.78
238375;No;633;633;93;0.79;1564;0.82;0.78
238413;No;633;633;93;0.79;1553;0.82;0.78
238481;No;633;633;93;0.79;1553;0.82;0.79
238522;No;633;633;93;0.79;1554;0.82;0.79
238565;No;633;633;93;0.79;1554;0.82;0.79
238605;No;633;633;93;0.79;1554;0.82;0.79
238645;No;633;633;93;0.79;1554;0.82;0.79
238684;No;633;633;93;0.79;1555;0.82;0.79
238730;No;633;634;93;0.79;1555;0.82;0.79
238743;No;633;634;93;0.79;1555;0.82;0.79
238814;No;633;634;93;0.79;1554;0.82;0.79
238855;No;634;634;93;0.79;1554;0.82;0.79
238896;No;634;634;93;0.79;1552;0.82;0.79
238937;No;634;634;93;0.79;1552;0.82;0.79
238953;No;634;634;93;0.79;1550;0.82;0.79
238992;No;634;634;93;0.79;1550;0.82;0.79
239032;No;634;634;93;0.79;1549;0.82;0.79
239115;No;634;634;93;0.79;1548;0.82;0.79
239155;No;634;634;93;0.79;1548;0.82;0.79
239194;No;634;634;93;0.79;1548;0.82;0.79
239244;No;634;634;93;0.79;1548;0.82;0.79
239290;No;634;634;93;0.79;1549;0.82;0.79
239329;No;634;634;93;0.79;1549;0.82;0.79
239343;No;634;634;93;0.79;1550;0.82;0.79
239413;No;634;634;93;0.79;1550;0.82;0.78
239453;No;634;634;93;0.79;1550;0.82;0.78
239493;No;634;634;93;0.79;1550;0.82;0.78
239532;No;634;634;93;0.79;1551;0.82;0.78
239573;No;634;634;93;0.79;1551;0.82;0.78
239612;No;634;634;93;0.79;1552;0.82;0.78
239678;No;634;634;93;0.79;1552;0.82;0.78
239719;No;634;634;93;0.79;1553;0.82;0.78
239733;No;634;634;93;0.79;1553;0.83;0.78
239772;No;634;634;93;0.79;1554;0.83;0.78
239814;No;634;634;93;0.79;1553;0.83;0.78
239852;No;634;634;93;0.79;1552;0.83;0.78
239893;No;634;634;93;0.79;1552;0.83;0.78
239931;No;634;634;93;0.79;1551;0.83;0.78
239979;No;634;634;93;0.79;1550;0.83;0.78
240007;No;634;634;93;0.79;1550;0.83;0.78
240046;No;634;634;93;0.79;1549;0.83;0.78
240084;No;634;634;93;0.79;1548;0.83;0.78
240136;No;634;634;93;0.79;1548;0.83;0.78
240153;No;635;634;93;0.79;1548;0.83;0.78
240192;No;635;635;93;0.79;1548;0.83;0.78
240232;No;635;635;93;0.79;1548;0.83;0.78
240279;No;635;635;93;0.79;1547;0.83;0.78
240318;No;635;635;93;0.79;1547;0.83;0.78
240362;No;635;635;93;0.79;1547;0.83;0.77
240403;No;635;635;93;0.79;1547;0.83;0.77
240440;No;635;635;93;0.79;1547;0.83;0.77
240505;No;635;635;93;0.79;1547;0.83;0.77
240578;No;635;635;93;0.79;1547;0.83;0.77
240618;No;635;635;93;0.79;1547;0.83;0.77
240633;No;635;635;93;0.79;1547;0.83;0.77
240673;No;635;635;93;0.79;1547;0.83;0.77
240712;No;635;635;93;0.79;1547;0.83;0.77
240757;No;635;635;93;0.79;1547;0.83;0.77
240798;No;635;635;93;0.79;1546;0.83;0.77
240813;No;635;635;93;0.79;1546;0.83;0.77
240879;No;635;635;93;0.79;1546;0.83;0.77
240918;No;635;635;93;0.79;1545;0.83;0.77
240932;No;635;635;93;0.79;1544;0.83;0.77
240973;No;635;635;93;0.79;1544;0.83;0.77
241012;No;635;635;93;0.79;1544;0.83;0.77
241051;No;635;635;93;0.79;1543;0.83;0.77
241098;No;635;635;93;0.79;1543;0.84;0.77
241114;No;635;635;93;0.79;1543;0.84;0.77
241181;No;635;635;93;0.79;1543;0.84;0.77
241220;No;635;635;93;0.79;1543;0.84;0.77
241262;No;635;635;93;0.79;1543;0.84;0.77
241302;No;635;635;93;0.79;1543;0.84;0.77
241341;No;635;635;93;0.79;1543;0.84;0.76
241418;No;635;635;93;0.79;1543;0.84;0.76
241479;No;635;635;93;0.79;1545;0.84;0.76
241504;No;635;635;93;0.79;1546;0.84;0.76
241546;No;635;635;93;0.79;1548;0.84;0.76
241585;No;635;635;93;0.79;1549;0.84;0.76
241624;No;635;635;93;0.79;1550;0.84;0.76
241666;No;635;635;93;0.79;1552;0.84;0.76
241683;No;635;635;93;0.79;1553;0.84;0.76
241723;No;636;635;93;0.79;1554;0.84;0.76
241779;No;636;636;93;0.79;1554;0.84;0.76
241818;No;636;636;93;0.79;1554;0.84;0.76
241865;No;636;636;93;0.79;1554;0.84;0.76
241903;No;636;636;93;0.79;1553;0.84;0.76
241943;No;636;636;93;0.79;1553;0.84;0.76
241981;No;636;636;93;0.79;1552;0.84;0.76
242022;No;636;636;93;0.79;1552;0.84;0.76
242079;No;636;636;93;0.79;1552;0.84;0.76
242117;No;636;636;93;0.79;1552;0.84;0.76
242133;No;636;636;93;0.79;1553;0.83;0.76
242171;No;636;636;93;0.79;1554;0.83;0.76
242193;No;636;636;93;0.79;1554;0.83;0.76
242232;No;636;636;93;0.79;1555;0.83;0.76
242272;No;636;636;93;0.79;1555;0.83;0.76
242336;No;636;636;93;0.79;1556;0.83;0.75
242413;No;636;636;93;0.79;1556;0.83;0.75
242455;No;636;636;93;0.79;1556;0.83;0.75
242495;No;636;636;93;0.79;1555;0.83;0.75
242540;No;636;636;93;0.79;1555;0.83;0.75
242553;No;636;636;93;0.79;1554;0.83;0.75
242597;No;636;636;93;0.79;1554;0.83;0.75
242613;No;636;636;93;0.79;1554;0.83;0.75
242689;No;636;636;93;0.79;1553;0.83;0.75
242737;No;636;636;93;0.79;1552;0.83;0.75
242777;No;636;636;93;0.79;1552;0.83;0.75
242793;No;636;636;93;0.79;1552;0.83;0.75
242832;No;636;636;93;0.79;1552;0.83;0.75
242872;No;636;636;93;0.79;1552;0.83;0.75
242911;No;636;636;93;0.79;1552;0.83;0.75
242979;No;636;636;93;0.79;1552;0.83;0.75
243018;No;636;636;93;0.79;1552;0.83;0.75
243033;No;636;636;93;0.79;1552;0.83;0.75
243072;No;636;636;93;0.79;1552;0.83;0.75
243114;No;636;636;93;0.79;1552;0.83;0.75
243152;No;636;636;93;0.79;1552;0.83;0.75
243191;No;636;636;93;0.79;1552;0.83;0.75
243230;No;636;636;93;0.79;1553;0.83;0.75
243278;No;636;636;93;0.79;1553;0.83;0.75
243324;No;636;636;93;0.79;1553;0.83;0.75
243364;No;636;636;93;0.79;1554;0.83;0.75
243404;No;636;636;93;0.79;1554;0.83;0.75
243442;No;636;636;93;0.79;1554;0.83;0.75
243484;No;636;636;93;0.79;1555;0.83;0.75
243522;No;636;636;93;0.79;1555;0.83;0.75
243578;No;636;636;93;0.79;1556;0.83;0.75
243617;No;636;636;93;0.79;1556;0.83;0.75
243633;No;636;636;93;0.79;1556;0.83;0.75
243678;No;636;636;93;0.79;1557;0.83;0.75
243692;No;636;636;93;0.79;1558;0.84;0.75
243732;No;636;636;93;0.79;1558;0.83;0.75
243770;No;636;636;93;0.79;1558;0.83;0.75
243781;No;636;636;93;0.79;1558;0.83;0.75
243822;No;636;636;93;0.79;1559;0.83;0.75
243879;No;636;636;93;0.79;1559;0.83;0.75
243917;No;636;636;93;0.79;1560;0.83;0.75
243932;No;636;636;93;0.79;1560;0.83;0.75
243977;No;636;636;93;0.79;1560;0.83;0.75
243993;No;636;636;93;0.79;1560;0.82;0.75
244032;No;636;636;93;0.79;1560;0.82;0.75
244072;No;636;636;93;0.79;1561;0.82;0.74
244112;No;636;636;93;0.79;1561;0.82;0.74
244180;No;636;636;93;0.79;1561;0.82;0.74
244224;No;636;636;93;0.79;1561;0.82;0.73
244263;No;636;636;93;0.79;1561;0.81;0.73
244304;No;636;636;93;0.79;1561;0.81;0.72
244342;No;636;636;93;0.79;1561;0.81;0.72
244386;No;636;636;93;0.79;1561;0.81;0.72
244426;No;636;636;93;0.79;1561;0.82;0.72
244479;No;636;636;93;0.79;1561;0.82;0.73
244523;No;636;636;93;0.79;1561;0.82;0.73
244563;No;636;636;93;0.79;1561;0.82;0.73
244607;No;636;636;93;0.79;1561;0.82;0.74
244622;No;636;636;93;0.79;1561;0.82;0.74
244664;No;636;636;93;0.79;1562;0.82;0.74
244706;No;636;636;93;0.79;1562;0.82;0.74
244778;No;636;636;93;0.79;1562;0.82;0.74
244824;No;636;636;93;0.79;1562;0.82;0.74
244863;No;636;636;93;0.79;1562;0.82;0.74
244908;No;636;636;93;0.79;1562;0.82;0.74
244923;No;636;636;93;0.79;1562;0.82;0.74
244962;No;636;636;93;0.79;1562;0.82;0.74
244983;No;636;636;93;0.79;1562;0.82;0.74
245031;No;636;636;93;0.79;1562;0.82;0.74
245078;No;636;636;93;0.79;1562;0.82;0.74
245118;No;636;636;93;0.79;1561;0.82;0.74
245133;No;636;636;93;0.79;1561;0.82;0.74
245177;No;636;636;93;0.79;1560;0.82;0.74
245223;No;636;636;93;0.79;1560;0.82;0.74
245257;No;636;636;93;0.79;1561;0.82;0.74
245296;No;636;636;93;0.79;1562;0.82;0.74
245334;No;636;636;93;0.79;1562;0.82;0.75
245382;No;636;636;93;0.79;1564;0.82;0.75
245422;No;636;636;93;0.79;1564;0.82;0.75
245485;No;636;636;93;0.79;1565;0.83;0.75
245524;No;636;636;93;0.79;1566;0.83;0.76
245562;No;636;636;93;0.79;1566;0.83;0.76
245581;No;636;636;93;0.79;1566;0.83;0.76
245620;No;636;636;93;0.79;1566;0.83;0.76
245679;No;636;636;93;0.79;1566;0.83;0.76
245721;No;636;636;93;0.79;1565;0.83;0.76
245761;No;636;636;93;0.79;1565;0.83;0.76
245805;No;636;636;93;0.79;1565;0.83;0.77
245843;No;636;636;93;0.79;1564;0.83;0.77
245882;No;636;636;93;0.79;1564;0.83;0.77
245924;No;636;636;93;0.79;1564;0.83;0.77
245942;No;636;636;93;0.79;1565;0.83;0.77
246016;No;636;636;93;0.79;1566;0.83;0.77
246032;No;636;636;93;0.79;1566;0.82;0.77
246072;No;636;636;93;0.79;1566;0.82;0.77
246092;No;636;636;93;0.79;1567;0.82;0.77
246133;No;636;636;93;0.79;1567;0.82;0.76
246172;No;637;636;93;0.79;1568;0.82;0.76
246211;No;637;637;93;0.79;1568;0.82;0.76
246278;No;637;637;93;0.79;1568;0.82;0.76
246319;No;637;637;93;0.79;1569;0.82;0.76
246333;No;637;637;93;0.79;1569;0.82;0.77
246374;No;637;637;93;0.79;1569;0.82;0.77
246413;No;637;637;93;0.79;1570;0.82;0.77
246460;No;637;637;93;0.79;1570;0.83;0.77
246499;No;637;637;93;0.79;1570;0.83;0.77
246514;No;637;637;93;0.78;1571;0.83;0.77
246578;No;637;637;93;0.78;1571;0.82;0.77
246619;No;637;637;93;0.78;1572;0.82;0.77
246634;No;637;637;93;0.78;1572;0.82;0.77
246674;No;637;637;93;0.78;1572;0.82;0.77
246713;No;637;637;93;0.78;1572;0.82;0.76
246754;No;637;637;93;0.78;1573;0.82;0.76
246799;No;637;637;93;0.78;1573;0.81;0.76
246813;No;637;637;93;0.78;1573;0.81;0.76
246881;No;637;637;93;0.78;1574;0.81;0.75
246920;No;637;637;93;0.78;1574;0.81;0.75
246962;No;637;637;93;0.78;1574;0.81;0.75
247003;No;637;637;93;0.78;1574;0.81;0.75
247043;No;637;637;93;0.78;1574;0.81;0.75
247083;No;637;637;93;0.78;1574;0.81;0.75
247123;No;637;637;93;0.78;1574;0.81;0.75
247143;No;637;637;93;0.78;1574;0.81;0.75
247213;No;637;637;93;0.78;1574;0.81;0.75
247254;No;637;637;92;0.78;1574;0.81;0.75
247293;No;637;637;92;0.78;1574;0.81;0.75
247333;No;637;637;92;0.78;1574;0.81;0.75
247374;No;637;637;92;0.79;1574;0.81;0.75
247412;No;637;637;92;0.79;1573;0.81;0.75
247481;No;637;637;92;0.79;1573;0.81;0.76
247521;No;637;637;92;0.79;1574;0.81;0.76
247568;No;637;637;92;0.79;1574;0.81;0.76
247609;No;637;637;92;0.79;1574;0.81;0.76
247623;No;637;637;92;0.79;1574;0.81;0.76
247662;No;637;637;92;0.79;1574;0.81;0.76
247704;No;637;637;92;0.79;1574;0.81;0.76
247743;No;637;637;92;0.79;1574;0.80;0.75
247817;No;637;637;92;0.79;1574;0.80;0.75
247833;No;637;637;92;0.78;1575;0.80;0.75
247873;No;637;637;92;0.78;1575;0.80;0.75
247901;No;637;637;92;0.78;1576;0.80;0.75
247944;No;637;637;92;0.78;1576;0.80;0.75
247984;No;637;637;92;0.78;1577;0.80;0.75
248022;No;637;637;92;0.78;1578;0.80;0.75
248079;No;637;637;92;0.78;1578;0.81;0.75
248117;No;637;637;92;0.78;1578;0.81;0.75
248133;No;637;637;92;0.78;1579;0.81;0.75
248173;No;637;637;92;0.78;1580;0.81;0.75
248213;No;637;637;92;0.78;1580;0.81;0.75
248258;No;637;637;92;0.78;1580;0.81;0.76
248297;No;637;637;92;0.78;1581;0.81;0.76
248313;No;637;637;92;0.79;1581;0.81;0.76
248379;No;637;637;92;0.79;1582;0.81;0.76
248420;No;637;637;92;0.79;1582;0.81;0.76
248486;No;637;637;92;0.79;1582;0.81;0.76
248525;No;637;637;92;0.79;1582;0.81;0.76
248565;No;637;637;92;0.79;1583;0.80;0.76
248605;No;637;637;92;0.79;1583;0.80;0.76
248679;No;637;637;92;0.79;1584;0.80;0.76
248717;No;637;637;92;0.79;1584;0.80;0.76
248732;No;637;637;92;0.79;1584;0.80;0.76
248771;No;637;637;92;0.79;1584;0.80;0.76
248812;No;637;637;92;0.78;1585;0.80;0.76
248851;No;637;637;92;0.78;1585;0.80;0.76
248890;No;637;637;92;0.78;1586;0.80;0.76
248929;No;637;637;92;0.78;1586;0.80;0.76
248944;No;637;637;92;0.78;1587;0.80;0.76
249021;No;637;637;92;0.78;1587;0.80;0.76
249061;No;637;637;92;0.78;1588;0.80;0.76
249097;No;637;637;92;0.78;1588;0.80;0.76
249136;No;637;637;92;0.78;1588;0.80;0.76
249153;No;637;637;92;0.78;1587;0.80;0.76
249192;No;637;637;92;0.78;1586;0.80;0.76
249233;No;637;637;92;0.78;1586;0.80;0.76
249279;No;637;637;92;0.78;1585;0.80;0.76
249317;No;637;637;92;0.79;1585;0.80;0.76
249364;No;637;637;92;0.79;1584;0.80;0.76
249404;No;637;637;92;0.79;1584;0.80;0.76
249445;No;637;637;92;0.79;1584;0.80;0.76
249485;No;637;637;92;0.79;1584;0.80;0.76
249526;No;637;637;92;0.79;1585;0.80;0.76
249543;No;637;637;92;0.79;1586;0.80;0.76
249613;No;637;637;92;0.79;1586;0.80;0.76
249654;No;637;637;92;0.79;1587;0.80;0.76
249694;No;637;637;92;0.79;1587;0.79;0.76
249739;No;637;637;92;0.79;1588;0.79;0.76
249752;No;637;637;92;0.78;1588;0.79;0.76
249792;No;637;637;92;0.78;1588;0.79;0.76
249835;No;637;637;92;0.78;1588;0.79;0.76
249913;No;637;637;92;0.78;1588;0.80;0.76
249955;No;637;637;92;0.78;1589;0.80;0.76
249996;No;637;637;92;0.78;1589;0.80;0.76
250043;No;637;637;92;0.78;1589;0.80;0.76
250082;No;638;637;92;0.78;1589;0.80;0.76
250129;No;638;638;92;0.78;1590;0.80;0.76
250179;No;638;638;92;0.78;1590;0.80;0.76
250218;No;638;638;92;0.78;1590;0.80;0.76
250232;No;638;638;92;0.78;1590;0.80;0.77
250272;No;638;638;92;0.78;1591;0.80;0.77
250313;No;638;638;92;0.78;1591;0.80;0.77
250351;No;638;638;92;0.78;1591;0.80;0.77
250435;No;638;638;92;0.78;1592;0.80;0.77
250512;No;638;638;92;0.78;1592;0.80;0.77
250532;No;638;638;92;0.78;1593;0.80;0.77
250572;No;638;638;92;0.78;1593;0.80;0.77
250612;No;638;638;92;0.78;1594;0.79;0.77
250651;No;638;638;92;0.78;1594;0.79;0.77
250694;No;638;638;92;0.78;1595;0.79;0.77
250735;No;638;638;92;0.78;1596;0.79;0.77
250811;No;638;638;92;0.78;1596;0.79;0.77
250851;No;638;638;92;0.78;1596;0.79;0.77
250914;No;638;638;92;0.78;1596;0.79;0.77
250961;No;638;638;92;0.78;1596;0.79;0.77
250999;No;638;638;92;0.78;1596;0.80;0.77
251015;No;638;638;92;0.78;1596;0.80;0.77
251081;No;638;638;92;0.78;1596;0.80;0.78
251122;No;638;638;92;0.78;1596;0.80;0.78
251163;No;638;638;92;0.78;1596;0.80;0.78
251203;No;638;638;92;0.78;1596;0.80;0.78
251242;No;638;638;92;0.78;1596;0.80;0.78
251283;No;638;638;92;0.78;1597;0.80;0.78
251328;No;638;638;92;0.78;1598;0.80;0.78
251343;No;638;638;92;0.78;1598;0.80;0.78
251413;No;638;638;92;0.78;1598;0.80;0.78
251451;No;638;638;92;0.78;1599;0.79;0.78
251497;No;638;638;92;0.78;1600;0.79;0.78
251541;No;638;638;92;0.78;1600;0.79;0.78
251605;No;638;638;92;0.78;1600;0.79;0.78
251694;No;638;638;92;0.78;1600;0.79;0.78
251739;No;638;638;92;0.78;1600;0.80;0.78
251777;No;638;638;92;0.78;1600;0.80;0.78
251792;No;638;638;92;0.78;1600;0.80;0.78
251831;No;638;638;92;0.78;1600;0.80;0.78
251871;No;638;638;92;0.78;1600;0.80;0.78
251918;No;638;638;92;0.78;1601;0.80;0.78
251981;No;638;638;92;0.78;1601;0.80;0.78
252027;No;638;638;92;0.78;1602;0.80;0.78
252068;No;638;638;92;0.78;1602;0.80;0.79
252107;No;638;638;92;0.78;1602;0.80;0.79
252122;No;638;638;92;0.78;1603;0.80;0.79
252162;No;638;638;92;0.78;1603;0.81;0.79
252205;No;638;638;92;0.78;1604;0.81;0.79
252278;No;638;638;92;0.78;1604;0.81;0.79
252324;No;638;638;92;0.78;1604;0.81;0.79
252362;No;638;638;92;0.78;1604;0.81;0.79
252401;No;638;638;92;0.78;1604;0.80;0.79
252444;No;638;638;92;0.78;1605;0.80;0.79
252485;No;638;638;92;0.78;1605;0.80;0.79
252533;No;638;638;92;0.78;1605;0.80;0.79
252579;No;638;638;92;0.78;1606;0.80;0.79
252622;No;638;638;92;0.78;1606;0.80;0.79
252667;No;638;638;92;0.78;1606;0.80;0.79
252693;No;638;638;92;0.78;1606;0.80;0.79
252732;No;638;638;92;0.78;1607;0.81;0.79
252772;No;638;638;92;0.78;1607;0.81;0.79
252813;No;638;638;92;0.78;1608;0.81;0.79
252878;No;638;638;92;0.78;1608;0.81;0.78
252936;No;638;638;92;0.78;1608;0.81;0.78
252976;No;638;638;92;0.78;1608;0.81;0.78
252996;No;638;638;92;0.78;1609;0.81;0.78
253037;No;638;638;92;0.78;1609;0.81;0.78
253053;No;638;638;92;0.78;1609;0.81;0.78
253091;No;638;638;92;0.78;1609;0.81;0.78
253131;No;638;638;92;0.78;1610;0.81;0.78
253178;No;638;638;92;0.78;1610;0.81;0.78
253224;No;638;638;92;0.78;1610;0.81;0.78
253263;No;638;638;92;0.78;1610;0.81;0.78
253304;No;638;638;92;0.78;1610;0.81;0.78
253342;No;638;638;92;0.78;1610;0.81;0.78
253382;No;638;638;92;0.78;1610;0.81;0.78
253422;No;638;638;92;0.78;1610;0.81;0.78
253479;No;638;638;92;0.78;1611;0.81;0.78
253517;No;638;638;92;0.78;1611;0.81;0.78
253533;No;639;638;92;0.78;1611;0.81;0.78
253578;No;639;639;92;0.78;1610;0.81;0.78
253593;No;639;639;92;0.78;1610;0.81;0.78
253635;No;639;639;92;0.78;1610;0.81;0.78
253675;No;639;639;92;0.78;1610;0.81;0.78
253714;No;639;639;92;0.78;1609;0.81;0.78
253780;No;639;639;92;0.78;1608;0.81;0.78
253820;No;639;639;92;0.78;1608;0.82;0.77
253885;No;639;639;92;0.78;1608;0.82;0.77
253925;No;639;639;92;0.78;1608;0.82;0.77
253970;No;639;639;92;0.78;1609;0.82;0.77
254033;No;639;639;92;0.78;1610;0.82;0.77
254081;No;639;639;92;0.78;1610;0.82;0.77
254120;No;639;639;92;0.78;1611;0.82;0.77
254164;No;639;639;92;0.78;1612;0.82;0.77
254216;No;639;639;92;0.78;1612;0.82;0.77
254257;No;639;639;92;0.78;1613;0.82;0.77
254298;No;639;639;92;0.78;1625;0.82;0.77
254312;No;639;639;92;0.78;1636;0.82;0.77
254361;No;639;639;92;0.78;1648;0.82;0.77
254425;No;639;639;92;0.78;1660;0.82;0.77
254463;No;639;639;92;0.78;1672;0.82;0.76
254502;No;639;639;92;0.78;1683;0.82;0.76
254543;No;639;639;92;0.78;1695;0.81;0.75
254613;No;639;639;92;0.78;1707;0.81;0.75
254655;No;639;639;92;0.78;1708;0.81;0.75
254693;No;639;639;92;0.78;1709;0.81;0.74
254732;No;639;639;92;0.78;1710;0.81;0.75
254782;No;639;639;92;0.78;1712;0.81;0.75
254821;No;639;639;92;0.78;1713;0.81;0.75
254880;No;639;639;92;0.78;1714;0.81;0.75
254919;No;639;639;92;0.78;1716;0.82;0.76
254946;No;639;639;92;0.78;1717;0.82;0.76
254985;No;639;639;92;0.78;1717;0.82;0.76
255009;No;639;639;92;0.78;1717;0.82;0.76
255050;No;639;639;92;0.78;1717;0.82;0.76
255091;No;639;639;92;0.78;1718;0.82;0.76
255135;No;639;639;92;0.78;1718;0.82;0.76
255182;No;639;639;92;0.78;1718;0.82;0.77
255222;No;639;639;92;0.78;1718;0.82;0.77
255261;No;639;639;92;0.78;1718;0.83;0.77
255306;No;639;639;92;0.78;1706;0.83;0.77
255352;No;639;639;92;0.78;1694;0.83;0.77
255393;No;639;639;92;0.78;1682;0.82;0.77
255432;No;639;639;92;0.78;1671;0.82;0.77
255505;No;639;639;92;0.78;1659;0.82;0.77
255545;No;639;639;92;0.78;1647;0.82;0.77
255590;No;639;639;92;0.78;1635;0.82;0.76
255655;No;639;639;92;0.78;1623;0.82;0.76
255693;No;639;639;92;0.78;1624;0.82;0.76
255739;No;639;639;92;0.78;1624;0.82;0.76
255783;No;639;639;92;0.78;1624;0.82;0.76
255827;No;639;639;92;0.78;1624;0.82;0.76
255843;No;639;639;92;0.78;1625;0.82;0.76
255883;No;639;639;92;0.78;1625;0.82;0.76
255922;No;639;639;92;0.78;1625;0.82;0.76
255962;No;639;639;92;0.78;1626;0.83;0.76
256006;No;639;639;92;0.78;1626;0.83;0.76
256022;No;639;639;92;0.78;1626;0.83;0.76
256083;No;639;639;92;0.78;1625;0.83;0.76
256122;No;639;639;92;0.78;1625;0.83;0.76
256143;No;639;639;92;0.78;1625;0.83;0.76
256187;No;639;639;92;0.78;1625;0.83;0.76
256204;No;639;639;92;0.78;1625;0.83;0.76
256242;No;639;639;92;0.78;1625;0.83;0.76
256281;No;639;639;92;0.78;1626;0.83;0.76
256322;No;639;639;92;0.78;1626;0.83;0.76
256382;No;639;639;92;0.78;1626;0.83;0.76
256428;No;639;639;92;0.78;1627;0.83;0.76
256443;No;639;639;92;0.78;1627;0.83;0.76
256481;No;639;639;92;0.78;1628;0.83;0.76
256520;No;639;639;92;0.78;1628;0.83;0.76
256532;No;639;639;92;0.78;1628;0.83;0.76
256571;No;639;639;92;0.78;1629;0.83;0.76
256610;No;639;639;92;0.78;1630;0.83;0.76
256684;No;639;639;92;0.78;1631;0.83;0.76
256724;No;639;639;92;0.78;1632;0.83;0.76
256743;No;639;639;92;0.78;1632;0.83;0.76
256776;No;639;639;92;0.78;1633;0.83;0.76
256815;No;639;639;92;0.78;1634;0.83;0.75
256853;No;639;639;92;0.78;1635;0.83;0.75
256894;No;639;639;92;0.78;1635;0.83;0.75
256940;No;639;639;92;0.78;1635;0.83;0.75
257016;No;639;639;92;0.78;1635;0.83;0.75
257055;No;639;639;92;0.78;1635;0.83;0.75
257096;No;639;639;92;0.78;1635;0.83;0.75
257142;No;639;639;92;0.78;1635;0.83;0.75
257163;No;639;639;92;0.78;1635;0.83;0.75
257201;No;639;639;92;0.78;1635;0.83;0.75
257240;No;639;639;92;0.78;1636;0.83;0.75
257286;No;639;639;92;0.78;1636;0.83;0.75
257325;No;639;639;92;0.78;1637;0.83;0.75
257343;No;639;639;92;0.78;1637;0.83;0.75
257382;No;639;639;92;0.78;1638;0.83;0.75
257422;No;639;639;92;0.78;1638;0.83;0.75
257466;No;638;639;92;0.78;1639;0.83;0.75
257505;No;638;638;92;0.78;1640;0.83;0.75
257582;No;638;638;92;0.78;1640;0.83;0.75
257622;No;638;638;92;0.78;1640;0.83;0.75
257662;No;638;638;92;0.78;1640;0.83;0.75
257726;No;638;638;92;0.78;1640;0.83;0.75
257765;No;638;638;92;0.78;1640;0.84;0.75
257808;No;638;638;92;0.78;1641;0.84;0.75
257822;No;638;638;92;0.78;1641;0.84;0.75
257882;No;638;638;92;0.78;1641;0.84;0.75
257921;No;638;638;92;0.78;1642;0.84;0.75
257959;No;638;638;92;0.78;1644;0.84;0.75
257972;No;638;638;92;0.78;1645;0.84;0.75
258013;No;638;638;92;0.78;1647;0.84;0.75
258056;No;638;638;92;0.78;1648;0.84;0.75
258095;No;638;638;92;0.78;1649;0.84;0.75
258137;No;638;638;92;0.78;1651;0.84;0.75
258218;No;638;638;92;0.78;1652;0.84;0.75
258264;No;638;638;92;0.78;1658;0.84;0.75
258305;No;638;638;92;0.78;1663;0.84;0.75
258344;No;638;638;92;0.78;1669;0.84;0.75
258383;No;638;638;92;0.78;1674;0.84;0.75
258429;No;638;638;92;0.78;1680;0.84;0.75
258482;No;638;638;92;0.78;1686;0.84;0.75
258525;No;638;638;92;0.78;1691;0.84;0.75
258564;No;638;638;92;0.78;1697;0.84;0.74
258605;No;638;638;92;0.78;1699;0.84;0.74
258647;No;638;638;92;0.78;1701;0.83;0.74
258662;No;638;638;92;0.78;1703;0.83;0.74
258702;No;638;638;92;0.78;1705;0.83;0.74
258743;No;638;638;92;0.78;1707;0.83;0.74
258819;No;638;638;92;0.78;1709;0.83;0.74
258860;No;638;638;92;0.78;1711;0.83;0.73
258873;No;638;638;92;0.78;1713;0.83;0.73
258913;No;638;638;92;0.78;1714;0.83;0.73
258955;No;638;638;92;0.78;1715;0.83;0.73
258995;No;638;638;92;0.78;1716;0.83;0.73
259036;No;638;638;92;0.78;1716;0.84;0.73
259080;No;638;638;92;0.78;1717;0.84;0.73
259118;No;638;638;92;0.78;1718;0.84;0.74
259163;No;637;638;92;0.78;1719;0.84;0.74
259202;No;637;637;92;0.78;1720;0.84;0.74
259245;No;637;637;92;0.78;1720;0.85;0.74
259285;No;637;637;92;0.78;1721;0.85;0.74
259336;No;637;637;92;0.78;1722;0.85;0.74
259380;No;637;637;92;0.78;1722;0.85;0.74
259420;No;637;637;92;0.78;1723;0.85;0.75
259459;No;637;637;92;0.78;1723;0.85;0.75
259472;No;637;637;92;0.78;1724;0.85;0.75
259519;No;637;637;92;0.78;1724;0.85;0.75
259586;No;637;637;92;0.78;1714;0.85;0.75
259625;No;637;637;92;0.78;1704;0.85;0.75
259680;No;637;637;92;0.78;1694;0.85;0.75
259720;No;637;637;92;0.78;1685;0.85;0.75
259764;No;637;637;92;0.78;1675;0.85;0.75
259802;No;637;637;92;0.78;1665;0.85;0.75
259841;No;637;637;92;0.78;1655;0.85;0.75
259881;No;637;637;92;0.78;1645;0.85;0.74
259926;No;637;637;92;0.77;1647;0.85;0.74
259980;No;637;637;92;0.77;1650;0.85;0.74
260030;No;637;637;92;0.77;1652;0.85;0.74
260074;No;637;637;92;0.77;1654;0.85;0.74
260120;No;637;637;92;0.77;1657;0.85;0.75
260133;No;637;637;92;0.77;1659;0.85;0.75
260172;No;637;637;92;0.77;1662;0.85;0.75
260211;No;637;637;92;0.77;1664;0.85;0.75
260224;No;637;637;92;0.77;1664;0.85;0.75
260281;No;637;637;92;0.77;1665;0.84;0.75
260322;No;637;637;92;0.77;1665;0.84;0.75
260361;No;637;637;92;0.77;1666;0.84;0.75
260372;No;637;637;92;0.77;1666;0.84;0.75
260421;No;637;637;92;0.77;1666;0.84;0.75
260462;No;636;637;92;0.77;1666;0.84;0.75
260500;No;636;636;92;0.77;1667;0.84;0.74
260541;No;636;636;92;0.77;1667;0.84;0.74
260617;No;636;636;92;0.77;1667;0.84;0.74
260660;No;636;636;92;0.77;1667;0.84;0.74
260671;No;636;636;92;0.77;1667;0.84;0.74
260711;No;636;636;92;0.77;1667;0.84;0.74
260751;No;636;636;92;0.77;1667;0.84;0.74
260796;No;636;636;92;0.77;1668;0.84;0.74
260840;No;636;636;92;0.77;1668;0.84;0.74
260885;No;636;636;92;0.77;1668;0.84;0.74
260925;No;636;636;92;0.77;1668;0.83;0.74
260965;No;636;636;92;0.77;1668;0.83;0.74
261005;No;636;636;92;0.77;1668;0.83;0.74
261050;No;636;636;92;0.77;1668;0.83;0.74
261113;No;636;636;92;0.77;1669;0.83;0.74
261183;No;636;636;92;0.77;1669;0.83;0.74
261227;No;636;636;92;0.77;1669;0.83;0.74
261242;No;636;636;92;0.77;1670;0.83;0.74
261286;No;636;636;92;0.77;1670;0.83;0.74
261326;No;636;636;92;0.77;1670;0.83;0.74
261366;No;636;636;92;0.77;1671;0.83;0.74
261405;No;636;636;92;0.77;1672;0.83;0.74
261443;No;636;636;92;0.77;1672;0.83;0.74
261519;No;636;636;92;0.77;1672;0.82;0.74
261560;No;636;636;92;0.77;1673;0.82;0.73
261605;No;636;636;92;0.77;1673;0.82;0.73
261644;No;636;636;92;0.77;1673;0.82;0.73
261684;No;636;636;92;0.77;1674;0.82;0.73
261728;No;636;636;92;0.77;1674;0.82;0.73
261786;No;636;636;92;0.77;1674;0.82;0.73
261826;No;636;636;92;0.77;1674;0.82;0.73
261865;No;636;636;92;0.77;1674;0.82;0.73
261926;No;636;636;92;0.77;1674;0.82;0.73
261968;No;636;636;92;0.77;1675;0.82;0.73
262006;No;636;636;92;0.77;1675;0.82;0.73
262044;No;636;636;92;0.77;1676;0.82;0.73
262117;No;636;636;92;0.77;1676;0.82;0.73
262159;No;636;636;92;0.77;1677;0.82;0.73
262204;No;636;636;92;0.78;1678;0.82;0.73
262245;No;635;636;92;0.78;1678;0.82;0.73
262283;No;635;635;92;0.78;1678;0.82;0.73
262324;No;635;635;92;0.77;1678;0.82;0.73
262382;No;635;635;92;0.77;1679;0.82;0.73
262423;No;635;635;92;0.77;1679;0.82;0.73
262461;No;635;635;92;0.77;1679;0.82;0.73
262471;No;635;635;92;0.77;1679;0.82;0.73
262510;No;635;635;92;0.77;1679;0.82;0.73
262562;No;635;635;92;0.77;1679;0.82;0.73
262603;No;635;635;92;0.77;1679;0.82;0.73
262641;No;635;635;92;0.77;1680;0.82;0.73
262714;No;635;635;92;0.77;1680;0.82;0.73
262754;No;635;635;92;0.77;1680;0.82;0.73
262793;No;635;635;92;0.77;1680;0.82;0.73
262832;No;635;635;92;0.77;1680;0.82;0.74
262872;No;635;635;92;0.77;1680;0.82;0.74
262910;No;635;635;92;0.77;1680;0.82;0.74
262984;No;635;635;92;0.77;1680;0.82;0.74
263024;No;635;635;92;0.77;1680;0.82;0.74
263063;No;635;635;92;0.77;1680;0.82;0.74
263128;No;635;635;92;0.77;1680;0.82;0.74
263176;No;635;635;92;0.77;1680;0.82;0.74
263216;No;635;635;92;0.77;1679;0.82;0.74
263282;No;635;635;92;0.77;1679;0.82;0.74
263323;No;635;635;92;0.77;1679;0.81;0.74
263361;No;635;635;92;0.77;1678;0.81;0.74
263406;No;635;635;92;0.77;1678;0.81;0.74
263445;No;635;635;92;0.77;1678;0.81;0.74
263485;No;635;635;92;0.77;1678;0.81;0.74
263525;No;635;635;92;0.77;1678;0.81;0.74
263582;No;635;635;92;0.77;1678;0.81;0.74
263623;No;635;635;92;0.77;1678;0.81;0.74
263662;No;635;635;92;0.77;1678;0.82;0.74
263726;No;635;635;92;0.77;1678;0.82;0.74
263766;No;635;635;92;0.77;1677;0.82;0.74
263812;No;635;635;92;0.77;1676;0.82;0.74
263884;No;635;635;91;0.77;1676;0.82;0.74
263924;No;635;635;91;0.77;1676;0.82;0.74
263962;No;635;635;91;0.77;1675;0.82;0.74
264004;No;635;635;91;0.77;1674;0.82;0.74
264046;No;635;635;91;0.77;1674;0.82;0.74
264062;No;635;635;91;0.77;1673;0.82;0.74
264101;No;635;635;91;0.77;1679;0.82;0.74
264140;No;635;635;91;0.77;1685;0.82;0.74
264220;No;635;635;91;0.77;1690;0.82;0.74
264258;No;635;635;91;0.77;1696;0.82;0.74
264274;No;635;635;91;0.77;1702;0.82;0.74
264312;No;635;635;91;0.77;1708;0.82;0.74
264352;No;635;635;91;0.77;1714;0.82;0.74
264393;No;635;635;91;0.77;1720;0.82;0.74
264432;No;634;635;91;0.77;1726;0.82;0.74
264494;No;634;634;91;0.77;1731;0.82;0.74
264534;No;634;634;91;0.77;1737;0.82;0.74
264579;No;634;634;91;0.77;1742;0.81;0.74
264620;No;634;634;91;0.77;1748;0.81;0.73
264633;No;634;634;91;0.77;1754;0.81;0.73
264672;No;634;634;91;0.77;1759;0.81;0.73
264713;No;634;634;91;0.77;1765;0.81;0.73
264784;No;634;634;91;0.77;1766;0.81;0.73
264824;No;634;634;91;0.77;1768;0.81;0.73
264864;No;634;634;91;0.77;1769;0.82;0.73
264906;No;634;634;91;0.77;1771;0.82;0.73
264958;No;634;634;91;0.77;1772;0.82;0.73
264996;No;634;634;91;0.77;1774;0.82;0.74
265037;No;634;634;91;0.77;1776;0.83;0.74
265115;No;634;634;91;0.77;1777;0.83;0.74
265158;No;634;634;91;0.77;1765;0.83;0.74
265226;No;634;634;91;0.77;1752;0.83;0.74
265267;No;634;634;91;0.77;1740;0.83;0.74
265306;No;634;634;91;0.77;1728;0.83;0.74
265346;No;634;634;91;0.77;1715;0.83;0.75
265418;No;634;634;91;0.77;1703;0.83;0.75
265458;No;634;634;91;0.77;1690;0.82;0.75
265473;No;634;634;91;0.77;1678;0.82;0.75
265513;No;634;634;91;0.77;1678;0.82;0.75
265553;No;634;634;91;0.77;1678;0.82;0.75
265599;No;634;634;91;0.77;1678;0.82;0.75
265637;No;634;634;91;0.77;1678;0.82;0.75
265682;No;634;634;91;0.77;1678;0.82;0.75
265736;No;634;634;91;0.77;1678;0.82;0.75
265782;No;634;634;91;0.77;1678;0.83;0.75
265819;No;634;634;91;0.77;1678;0.83;0.74
265832;No;634;634;91;0.77;1678;0.83;0.74
265877;No;634;634;91;0.77;1678;0.83;0.74
265892;No;634;634;91;0.77;1677;0.83;0.74
265930;No;634;634;91;0.77;1677;0.83;0.74
265982;No;634;634;91;0.77;1676;0.83;0.74
266021;No;634;634;91;0.77;1676;0.83;0.74
266065;No;634;634;91;0.77;1676;0.83;0.74
266112;No;634;634;91;0.77;1675;0.83;0.74
266154;No;634;634;91;0.77;1675;0.83;0.74
266192;No;634;634;91;0.77;1675;0.83;0.74
266231;No;634;634;91;0.77;1675;0.83;0.74
266283;No;634;634;91;0.77;1675;0.83;0.74
266328;No;634;634;91;0.77;1675;0.83;0.74
266395;No;634;634;91;0.77;1675;0.83;0.74
266437;No;634;634;91;0.77;1675;0.82;0.74
266477;No;634;634;91;0.77;1675;0.82;0.74
266493;No;634;634;91;0.77;1674;0.82;0.74
266533;No;634;634;91;0.77;1674;0.82;0.74
266582;No;634;634;91;0.77;1673;0.82;0.74
266623;No;634;634;91;0.77;1672;0.83;0.74
266663;No;634;634;91;0.77;1672;0.83;0.74
266714;No;634;634;91;0.77;1671;0.83;0.74
266755;No;634;634;91;0.77;1670;0.83;0.74
266798;No;634;634;91;0.77;1670;0.83;0.74
266839;No;634;634;91;0.77;1670;0.83;0.74
266887;No;634;634;91;0.77;1670;0.83;0.74
266933;No;633;634;91;0.77;1670;0.83;0.74
266972;No;633;633;91;0.77;1670;0.83;0.74
267017;No;633;633;91;0.77;1670;0.83;0.75
267033;No;633;633;91;0.77;1670;0.83;0.75
267077;No;633;633;91;0.77;1671;0.83;0.75
267092;No;633;633;91;0.77;1671;0.83;0.75
267135;No;633;633;91;0.77;1671;0.83;0.75
267194;No;633;633;91;0.77;1672;0.83;0.75
267212;No;633;633;91;0.77;1672;0.82;0.75
267256;No;633;633;91;0.77;1672;0.82;0.75
267272;No;633;633;91;0.77;1672;0.82;0.74
267312;No;633;633;91;0.77;1673;0.82;0.74
267354;No;633;633;91;0.77;1673;0.82;0.74
267393;No;633;633;91;0.77;1673;0.82;0.74
267432;No;633;633;91;0.77;1673;0.82;0.74
267482;No;633;633;91;0.77;1673;0.82;0.74
267522;No;633;633;91;0.77;1673;0.82;0.74
267547;No;633;633;91;0.77;1673;0.82;0.74
267588;No;633;633;91;0.77;1673;0.82;0.74
267626;No;633;633;91;0.77;1673;0.82;0.74
267666;No;633;633;91;0.77;1673;0.82;0.74
267706;No;633;633;91;0.77;1673;0.82;0.74
267745;No;633;633;91;0.77;1673;0.82;0.74
267816;No;633;633;91;0.77;1672;0.82;0.74
267855;No;633;633;91;0.77;1672;0.82;0.74
267895;No;633;633;91;0.77;1671;0.81;0.74
267940;No;633;633;91;0.77;1670;0.81;0.74
267978;No;633;633;91;0.77;1670;0.81;0.74
267992;No;633;633;91;0.77;1669;0.81;0.74
268032;No;633;633;91;0.77;1668;0.81;0.74
268082;No;633;633;91;0.77;1669;0.81;0.74
268124;No;633;633;91;0.77;1670;0.81;0.74
268164;No;633;633;91;0.77;1670;0.81;0.74
268227;No;633;633;91;0.77;1670;0.81;0.74
268266;No;633;633;91;0.77;1671;0.81;0.74
268338;No;633;633;91;0.77;1671;0.81;0.74
268421;No;633;633;91;0.77;1672;0.82;0.74
268468;No;633;633;91;0.77;1672;0.82;0.74
268515;No;633;633;91;0.77;1672;0.82;0.74
268553;No;633;633;91;0.77;1672;0.82;0.74
268602;No;633;633;91;0.77;1671;0.82;0.74
268644;No;633;633;91;0.77;1671;0.82;0.74
268719;No;633;633;91;0.77;1670;0.82;0.74
268757;No;633;633;91;0.77;1670;0.82;0.74
268772;No;633;633;91;0.77;1670;0.82;0.74
268814;No;633;633;91;0.77;1670;0.82;0.74
268852;No;633;633;91;0.77;1669;0.82;0.74
268891;No;633;633;91;0.77;1668;0.82;0.74
268930;No;633;633;91;0.77;1668;0.82;0.74
269020;No;633;633;91;0.77;1668;0.82;0.74
269061;No;633;633;91;0.77;1667;0.81;0.74
269128;No;633;633;91;0.77;1666;0.81;0.74
269167;No;633;633;91;0.77;1666;0.81;0.74
269214;No;633;633;91;0.77;1666;0.81;0.74
269282;No;633;633;91;0.77;1666;0.81;0.74
269324;No;633;633;91;0.77;1666;0.81;0.74
269364;No;633;633;91;0.77;1667;0.81;0.74
269406;No;633;633;91;0.77;1667;0.81;0.74
269444;No;633;633;91;0.77;1668;0.81;0.74
269463;No;633;633;91;0.77;1668;0.82;0.74
269504;No;633;633;91;0.77;1668;0.82;0.74
269543;No;633;633;91;0.77;1668;0.82;0.74
269644;No;632;633;91;0.77;1668;0.82;0.74
269685;No;632;632;91;0.77;1668;0.82;0.74
269705;No;632;632;91;0.77;1668;0.82;0.74
269746;No;632;632;91;0.77;1668;0.82;0.74
269762;No;632;632;91;0.77;1668;0.82;0.74
269803;No;632;632;91;0.77;1668;0.82;0.74
269845;No;632;632;91;0.77;1668;0.82;0.74
269920;No;632;632;91;0.77;1667;0.82;0.74
269961;No;632;632;91;0.77;1667;0.82;0.74
270012;No;632;632;91;0.77;1667;0.82;0.74
270051;No;632;632;91;0.77;1667;0.82;0.74
270096;No;632;632;91;0.77;1667;0.82;0.74
270142;No;632;632;91;0.77;1667;0.82;0.74
270216;No;632;632;91;0.77;1667;0.82;0.74
270258;No;632;632;91;0.77;1667;0.82;0.74
270326;No;632;632;91;0.77;1667;0.82;0.74
270366;No;632;632;91;0.77;1667;0.82;0.74
270414;No;632;632;91;0.77;1668;0.82;0.74
270484;No;632;632;91;0.77;1668;0.82;0.74
270524;No;632;632;91;0.77;1669;0.82;0.75
270563;No;632;632;91;0.77;1670;0.82;0.75
270627;No;632;632;91;0.77;1670;0.82;0.75
270673;No;632;632;91;0.77;1670;0.83;0.75
270715;No;632;632;91;0.77;1671;0.83;0.75
270784;No;632;632;91;0.77;1671;0.83;0.75
270828;No;632;632;91;0.77;1671;0.83;0.75
270891;No;632;632;91;0.77;1671;0.82;0.75
270944;No;632;632;91;0.77;1671;0.82;0.75
270982;No;632;632;91;0.77;1671;0.82;0.75
271022;No;632;632;91;0.77;1671;0.82;0.75
271062;No;632;632;91;0.77;1670;0.82;0.75
271114;No;632;632;91;0.77;1670;0.82;0.75
271161;No;632;632;91;0.77;1670;0.82;0.75
271173;No;632;632;91;0.77;1670;0.82;0.75
271212;No;632;632;91;0.77;1670;0.82;0.75
271254;No;632;632;91;0.77;1670;0.82;0.75
271304;No;632;632;91;0.77;1670;0.82;0.75
271324;No;632;632;91;0.77;1670;0.82;0.75
271363;No;632;632;91;0.77;1670;0.82;0.75
271416;No;632;632;91;0.77;1669;0.82;0.75
271456;No;632;632;91;0.77;1669;0.82;0.75
271497;No;632;632;91;0.77;1669;0.82;0.75
271540;No;632;632;91;0.77;1669;0.81;0.75
271580;No;632;632;91;0.77;1669;0.81;0.75
271593;No;632;632;91;0.77;1669;0.81;0.75
271639;No;632;632;91;0.77;1668;0.81;0.75
271652;No;632;632;91;0.77;1668;0.81;0.75
271715;No;632;632;91;0.77;1668;0.81;0.75
271754;No;632;632;91;0.77;1668;0.81;0.75
271795;No;632;632;91;0.77;1669;0.81;0.75
271834;No;632;632;91;0.77;1669;0.81;0.75
271873;No;632;632;91;0.77;1670;0.80;0.75
271892;No;632;632;91;0.77;1670;0.80;0.75
271932;No;632;632;91;0.77;1670;0.80;0.75
271952;No;632;632;91;0.77;1670;0.80;0.75
272017;No;632;632;91;0.77;1670;0.80;0.74
272056;No;632;632;91;0.77;1670;0.80;0.74
272073;No;632;632;91;0.77;1670;0.80;0.74
272137;No;632;632;90;0.77;1670;0.80;0.74
272176;No;632;632;90;0.77;1670;0.81;0.74
272214;No;632;632;90;0.77;1669;0.81;0.74
272254;No;632;632;90;0.77;1669;0.81;0.74
272315;No;632;632;90;0.77;1668;0.81;0.74
272361;No;632;632;90;0.77;1668;0.81;0.74
272372;No;632;632;90;0.77;1668;0.81;0.74
272411;No;632;632;90;0.77;1668;0.81;0.74
272450;No;632;632;90;0.77;1669;0.81;0.74
272495;No;632;632;90;0.77;1669;0.81;0.74
272533;No;632;632;90;0.77;1669;0.81;0.74
272573;No;632;632;90;0.77;1669;0.81;0.74
272650;No;632;632;90;0.77;1669;0.80;0.74
272689;No;632;632;90;0.77;1670;0.80;0.74
272740;No;632;632;90;0.77;1670;0.80;0.74
272779;No;632;632;90;0.77;1670;0.80;0.74
272795;No;632;632;90;0.77;1670;0.80;0.74
272833;No;632;632;90;0.77;1670;0.80;0.74
272874;No;632;632;90;0.77;1670;0.80;0.74
272955;No;632;632;90;0.77;1670;0.80;0.74
272995;No;632;632;90;0.77;1670;0.80;0.74
273035;No;632;632;90;0.77;1670;0.80;0.74
273075;No;632;632;90;0.77;1670;0.80;0.74
273121;No;632;632;90;0.77;1669;0.80;0.74
273165;No;632;632;90;0.77;1669;0.80;0.74
273217;No;632;632;90;0.77;1668;0.80;0.74
273257;No;632;632;90;0.77;1668;0.80;0.74
273274;No;632;632;90;0.77;1668;0.80;0.74
273313;No;632;632;90;0.77;1667;0.81;0.74
273334;No;632;632;90;0.77;1666;0.81;0.75
273374;No;632;632;90;0.77;1666;0.81;0.75
273417;No;632;632;90;0.77;1667;0.80;0.75
273463;No;632;632;90;0.77;1667;0.80;0.75
273516;No;632;632;90;0.77;1667;0.80;0.75
273561;No;632;632;90;0.77;1667;0.80;0.75
273627;No;632;632;90;0.77;1667;0.80;0.75
273667;No;632;632;90;0.77;1667;0.80;0.75
273706;No;632;632;90;0.77;1667;0.79;0.75
273746;No;631;632;90;0.77;1668;0.79;0.75
273817;No;631;631;90;0.77;1669;0.79;0.75
273856;No;631;631;90;0.77;1670;0.79;0.75
273926;No;631;631;90;0.77;1670;0.79;0.75
273966;No;631;631;90;0.77;1672;0.79;0.74
274006;No;631;631;90;0.77;1672;0.79;0.74
274022;No;631;631;90;0.77;1673;0.79;0.74
274063;No;631;631;90;0.77;1674;0.78;0.73
274116;No;631;631;90;0.77;1674;0.78;0.73
274155;No;631;631;90;0.77;1674;0.78;0.73
274196;No;631;631;90;0.77;1673;0.78;0.73
274242;No;631;631;90;0.77;1673;0.78;0.73
274263;No;631;631;90;0.77;1673;0.78;0.74
274303;No;631;631;90;0.77;1672;0.78;0.74
274343;No;631;631;90;0.77;1672;0.78;0.74
274418;No;632;631;90;0.77;1672;0.78;0.75
274463;No;632;632;90;0.77;1672;0.78;0.75
274503;No;632;632;90;0.77;1671;0.78;0.75
274544;No;632;632;90;0.77;1671;0.77;0.75
274583;No;632;632;90;0.77;1671;0.77;0.75
274626;No;632;632;90;0.77;1670;0.77;0.75
274652;No;632;632;90;0.77;1670;0.77;0.74
274738;No;632;632;90;0.77;1670;0.76;0.74
274778;No;632;632;90;0.77;1669;0.76;0.74
274817;No;632;632;90;0.77;1670;0.76;0.74
274833;No;632;632;90;0.77;1670;0.76;0.73
274877;No;632;632;90;0.77;1670;0.76;0.73
274893;No;632;632;90;0.77;1670;0.76;0.74
274931;No;632;632;90;0.77;1670;0.77;0.74
274972;No;632;632;90;0.77;1670;0.77;0.74
275050;No;632;632;90;0.77;1670;0.77;0.74
275104;No;632;632;90;0.77;1670;0.77;0.74
275144;No;632;632;90;0.77;1670;0.77;0.74
275184;No;632;632;90;0.77;1670;0.77;0.74
275227;No;632;632;90;0.77;1669;0.77;0.74
275268;No;632;632;90;0.77;1669;0.77;0.74
275316;No;632;632;90;0.77;1668;0.77;0.75
275356;No;632;632;90;0.77;1668;0.77;0.75
275395;No;632;632;90;0.77;1668;0.77;0.75
275440;No;632;632;90;0.77;1668;0.76;0.75
275478;No;632;632;90;0.77;1668;0.76;0.75
275492;No;632;632;90;0.77;1668;0.76;0.75
275531;No;632;632;90;0.77;1669;0.76;0.75
275635;No;632;632;90;0.77;1669;0.76;0.75
275675;No;632;632;90;0.77;1670;0.76;0.75
275713;No;632;632;90;0.77;1670;0.76;0.75
275733;No;632;632;90;0.77;1670;0.76;0.75
275776;No;632;632;90;0.77;1670;0.75;0.74
275821;No;632;632;90;0.77;1670;0.75;0.74
275877;No;632;632;90;0.77;1669;0.76;0.74
275916;No;632;632;90;0.77;1668;0.76;0.75
275976;No;632;632;90;0.77;1668;0.76;0.75
276016;No;632;632;90;0.77;1667;0.76;0.75
276055;No;632;632;90;0.77;1666;0.77;0.75
276093;No;632;632;90;0.77;1665;0.77;0.76
276133;No;632;632;90;0.77;1664;0.77;0.76
276178;No;632;632;90;0.77;1664;0.77;0.76
276225;No;632;632;90;0.77;1665;0.77;0.76
276266;No;633;632;90;0.77;1665;0.77;0.76
276306;No;633;633;90;0.77;1665;0.77;0.76
276345;No;633;633;90;0.77;1665;0.77;0.76
276364;No;633;633;90;0.77;1665;0.76;0.77
276403;No;633;633;90;0.77;1665;0.76;0.77
276488;No;633;633;90;0.77;1665;0.76;0.77
276527;No;633;633;90;0.77;1665;0.76;0.77
276543;No;633;633;90;0.77;1665;0.76;0.77
276583;No;633;633;90;0.77;1665;0.76;0.77
276623;No;633;633;90;0.77;1665;0.76;0.77
276661;No;633;633;90;0.77;1664;0.76;0.76
276701;No;633;633;90;0.77;1664;0.75;0.76
276723;No;633;633;90;0.77;1664;0.75;0.76
276777;No;633;633;90;0.77;1664;0.75;0.76
276817;No;633;633;90;0.77;1664;0.75;0.76
276857;No;633;633;90;0.77;1664;0.75;0.76
276873;No;633;633;90;0.77;1664;0.76;0.76
276911;No;633;633;90;0.77;1664;0.76;0.76
276953;No;633;633;90;0.77;1664;0.76;0.77
276993;No;633;633;90;0.77;1664;0.76;0.77
277032;No;633;633;90;0.77;1664;0.76;0.77
277135;No;633;634;90;0.77;1663;0.77;0.78
277174;No;634;634;90;0.77;1663;0.77;0.78
277213;No;634;634;90;0.77;1662;0.76;0.78
277257;No;634;634;90;0.77;1662;0.76;0.78
277296;No;634;634;90;0.77;1661;0.76;0.78
277335;No;634;634;90;0.77;1660;0.75;0.78
277435;No;634;634;90;0.77;1660;0.75;0.77
277476;No;634;634;90;0.77;1659;0.75;0.77
277516;No;634;634;90;0.77;1658;0.74;0.77
277586;No;634;634;90;0.76;1658;0.74;0.77
277635;No;634;634;90;0.76;1658;0.74;0.76
277735;No;634;634;90;0.76;1657;0.74;0.76
277775;No;634;634;90;0.76;1656;0.75;0.76
277816;No;634;634;90;0.76;1656;0.75;0.76
277832;No;634;634;90;0.76;1655;0.75;0.76
277873;No;634;634;90;0.76;1655;0.75;0.76
277912;No;635;634;90;0.76;1654;0.76;0.76
277978;No;635;635;90;0.76;1654;0.76;0.76
278024;No;635;635;90;0.76;1654;0.76;0.76
278062;No;635;635;90;0.76;1654;0.76;0.76
278127;No;635;635;90;0.76;1654;0.75;0.76
278167;No;635;635;90;0.76;1653;0.75;0.76
278208;No;635;635;90;0.76;1653;0.75;0.76
278223;No;635;635;90;0.76;1653;0.75;0.76
278278;No;635;635;90;0.76;1652;0.75;0.76
278319;No;635;635;90;0.76;1652;0.75;0.76
278363;No;635;635;90;0.76;1651;0.75;0.76
278403;No;635;635;90;0.76;1650;0.75;0.76
278442;No;635;635;90;0.76;1650;0.75;0.76
278485;No;635;635;90;0.76;1649;0.75;0.76
278552;No;635;635;90;0.77;1648;0.75;0.76
278622;No;636;636;90;0.77;1647;0.74;0.75
278663;No;636;636;90;0.77;1646;0.74;0.75
278705;No;636;636;90;0.76;1646;0.74;0.75
278743;No;636;636;90;0.76;1644;0.74;0.75
278788;No;636;636;90;0.76;1644;0.75;0.75
278833;No;636;636;90;0.76;1642;0.75;0.75
278939;No;636;636;90;0.76;1641;0.75;0.75
278978;No;636;636;90;0.76;1640;0.75;0.75
279020;No;636;636;90;0.76;1639;0.75;0.75
279071;No;636;636;90;0.76;1638;0.75;0.75
279093;No;636;636;90;0.76;1637;0.75;0.75
279140;No;636;636;90;0.76;1636;0.75;0.75
279214;No;636;636;90;0.76;1635;0.75;0.75
279262;No;636;636;90;0.76;1634;0.75;0.75
279326;No;636;636;90;0.76;1633;0.75;0.75
279371;No;636;636;90;0.76;1632;0.75;0.75
279411;No;636;636;90;0.76;1631;0.75;0.75
279479;No;636;636;90;0.76;1630;0.75;0.75
279525;No;637;637;90;0.76;1629;0.75;0.75
279564;No;637;637;90;0.76;1627;0.75;0.75
279612;No;637;637;90;0.76;1626;0.75;0.75
279652;No;637;637;90;0.76;1624;0.75;0.75
279694;No;637;637;90;0.76;1622;0.75;0.75
279734;No;637;637;90;0.76;1621;0.75;0.75
279817;No;637;637;90;0.76;1620;0.75;0.75
279862;No;637;637;90;0.76;1618;0.75;0.75
279926;No;637;637;90;0.76;1616;0.75;0.75
279972;No;637;637;90;0.76;1615;0.75;0.75
280024;No;637;637;90;0.76;1613;0.75;0.75
280077;No;637;637;90;0.76;1612;0.75;0.75
280131;No;637;637;90;0.76;1610;0.76;0.75
280175;No;637;637;90;0.76;1608;0.76;0.75
280224;No;636;636;90;0.76;1607;0.76;0.75
280265;No;636;636;90;0.76;1605;0.76;0.75
280305;No;636;636;90;0.76;1605;0.76;0.75
280323;No;636;636;91;0.76;1604;0.76;0.75
280378;No;636;636;91;0.76;1604;0.76;0.75
280418;No;636;636;91;0.76;1603;0.76;0.75
280457;No;636;636;91;0.76;1602;0.76;0.75
280496;No;636;636;91;0.76;1602;0.76;0.75
280541;No;636;636;91;0.76;1601;0.76;0.75
280582;No;636;636;91;0.76;1600;0.76;0.75
280623;No;636;636;91;0.76;1600;0.76;0.75
280678;No;636;636;91;0.76;1598;0.76;0.75
280718;No;636;636;91;0.76;1597;0.76;0.75
280744;No;636;636;91;0.76;1596;0.76;0.75
280783;No;636;636;91;0.76;1595;0.76;0.75
280824;No;636;636;91;0.76;1594;0.76;0.75
280862;No;636;636;91;0.76;1593;0.76;0.75
280902;No;636;636;91;0.76;1592;0.76;0.75
280924;No;636;636;91;0.76;1590;0.76;0.75
280977;No;636;636;91;0.76;1588;0.76;0.75
281016;No;636;636;91;0.76;1587;0.76;0.75
281054;No;636;636;91;0.76;1586;0.76;0.75
281123;No;636;636;91;0.76;1584;0.76;0.75
281167;No;636;636;91;0.76;1583;0.76;0.75
281207;No;636;636;91;0.76;1581;0.76;0.75
281280;No;636;635;91;0.76;1580;0.76;0.75
281320;No;635;635;91;0.76;1578;0.76;0.75
281358;No;635;635;91;0.76;1577;0.76;0.75
281373;No;635;635;91;0.76;1576;0.76;0.74
281411;No;635;635;91;0.76;1574;0.76;0.73
281450;No;635;635;91;0.76;1573;0.76;0.71
281495;No;635;635;91;0.76;1572;0.76;0.70
281535;No;634;634;91;0.76;1570;0.76;0.69
281613;No;634;634;91;0.76;1569;0.76;0.68
281652;No;634;634;91;0.76;1567;0.76;0.67
281693;No;634;634;91;0.76;1566;0.66;0.66
281734;No;634;634;91;0.76;1564;0.57;0.58
281772;No;634;634;91;0.76;1562;0.48;0.49
281793;No;633;634;91;0.76;1560;0.38;0.41
281833;No;633;633;91;0.76;1558;0.29;0.32
281935;No;633;633;91;0.76;1556;0.20;0.24
281975;No;633;633;91;0.76;1555;0.10;0.16
282015;No;633;633;91;0.76;1555;0.01;0.07
282034;No;633;632;91;0.76;1554;0.01;-0.01
282073;No;632;632;91;0.76;1554;0.00;-0.01
282113;No;632;632;91;0.76;1554;0.00;-0.01
282179;No;632;632;91;0.76;1554;-0.00;-0.02
282218;No;632;632;91;0.76;1554;-0.00;-0.02
282262;No;632;631;91;0.76;1554;-0.01;-0.02
282308;No;631;631;91;0.76;1554;-0.01;-0.02
282349;No;631;631;91;0.76;1552;-0.01;-0.02
282410;No;631;631;92;0.76;1550;-0.01;-0.02
282478;No;631;630;92;0.76;1549;-0.01;-0.02
282524;No;630;630;92;0.76;1547;-0.01;-0.02
282567;No;630;630;92;0.76;1546;-0.01;-0.02
282608;No;630;630;92;0.76;1544;-0.02;-0.02
282658;No;630;630;92;0.76;1542;-0.02;-0.02
282702;No;629;629;92;0.76;1540;-0.02;-0.02
282777;No;629;629;92;0.76;1538;-0.02;-0.02
282822;No;629;629;92;0.76;1536;-0.02;-0.02
282862;No;628;628;92;0.76;1533;-0.02;-0.02
282926;No;628;628;92;0.76;1530;-0.02;-0.02
282968;No;628;628;92;0.76;1528;-0.01;-0.02
282995;No;628;628;92;0.76;1525;-0.01;-0.02
283035;No;627;628;92;0.76;1523;-0.01;-0.02
283136;No;627;627;92;0.76;1520;-0.01;-0.02
283179;No;627;627;92;0.76;1520;-0.01;-0.02
283219;No;627;627;92;0.76;1519;-0.01;-0.02
283232;No;626;627;92;0.76;1519;-0.01;-0.02
283271;No;626;626;92;0.76;1518;-0.01;-0.02
283311;No;626;626;92;0.76;1518;-0.01;-0.02
283378;No;626;626;92;0.76;1518;-0.01;-0.02
283424;No;626;626;92;0.76;1517;-0.01;-0.02
283443;No;625;625;92;0.76;1516;-0.01;-0.02
283484;No;625;625;92;0.76;1516;-0.01;-0.02
283524;No;625;625;92;0.76;1515;-0.01;-0.02
283567;No;625;624;92;0.76;1514;-0.01;-0.02
283608;No;624;624;92;0.76;1513;-0.01;-0.02
283699;No;624;624;92;0.76;1512;-0.01;-0.02
283714;No;624;624;92;0.76;1511;-0.01;-0.02
283752;No;624;623;92;0.76;1510;-0.01;-0.02
283774;No;624;623;92;0.76;1509;-0.01;-0.02
283813;No;623;623;92;0.76;1508;-0.01;-0.02
283837;No;623;623;92;0.76;1507;-0.01;-0.02
283877;No;623;622;92;0.76;1506;-0.01;-0.02
283894;No;622;622;92;0.76;1506;-0.01;-0.02
283933;No;622;622;92;0.76;1505;-0.01;-0.02
284035;No;622;622;92;0.76;1504;-0.01;-0.01
284081;No;622;621;92;0.76;1503;-0.01;-0.01
284123;No;621;621;92;0.76;1502;-0.01;-0.01
284172;No;621;621;92;0.76;1502;-0.01;-0.01
284212;No;621;620;92;0.76;1501;-0.01;-0.01
284278;No;620;620;92;0.76;1500;-0.01;-0.01
284317;No;620;620;92;0.76;1500;-0.01;-0.01
284365;No;620;619;92;0.76;1499;-0.01;-0.01
284404;No;619;619;92;0.76;1498;-0.01;-0.01
284443;No;619;619;92;0.76;1498;-0.01;-0.01
284483;No;619;619;92;0.76;1497;-0.01;-0.01
284526;No;618;618;92;0.76;1496;-0.01;-0.01
284576;No;618;618;92;0.76;1495;-0.01;-0.01
284616;No;618;618;92;0.76;1494;-0.01;-0.01
284657;No;617;618;92;0.76;1494;-0.01;-0.01
284696;No;617;617;92;0.76;1493;-0.01;-0.01
284742;No;617;617;92;0.76;1492;-0.01;-0.01
284780;No;616;617;92;0.76;1491;-0.01;-0.01
284793;No;616;616;92;0.76;1490;-0.01;-0.01
284832;No;616;616;92;0.76;1490;-0.01;-0.01
284883;No;616;616;92;0.76;1489;-0.01;-0.01
284938;No;616;616;92;0.76;1488;-0.01;-0.01
284977;No;615;616;92;0.76;1488;-0.01;-0.01
285017;No;615;615;92;0.76;1487;-0.00;-0.01
285033;No;614;615;92;0.76;1486;-0.00;-0.01
285074;No;614;614;92;0.76;1486;-0.00;-0.01
285114;No;614;614;92;0.76;1485;-0.00;-0.01
285178;No;614;614;92;0.76;1484;-0.00;-0.01
285217;No;613;614;92;0.76;1482;-0.00;-0.01
285256;No;613;613;92;0.76;1481;-0.00;-0.01
285327;No;612;613;92;0.76;1480;-0.00;-0.01
285367;No;612;612;92;0.76;1478;-0.00;-0.01
285405;No;612;612;92;0.76;1477;-0.00;-0.01
285479;No;612;612;92;0.76;1476;-0.00;-0.01
285520;No;611;612;92;0.76;1474;-0.00;-0.01
285560;No;611;611;92;0.76;1474;-0.00;-0.01
285574;No;611;611;92;0.76;1474;-0.00;-0.01
285614;No;610;611;92;0.76;1475;-0.00;-0.01
285652;No;610;610;92;0.76;1475;-0.00;-0.01
285698;No;610;610;92;0.76;1475;-0.00;-0.01
285737;No;610;610;92;0.76;1475;-0.00;-0.00
285812;No;609;610;92;0.76;1475;-0.00;-0.00
285851;No;609;609;92;0.76;1475;-0.00;-0.00
285891;No;608;609;92;0.76;1475;-0.00;-0.00
285960;No;608;608;92;0.76;1474;-0.00;-0.00
286006;No;608;608;92;0.76;1474;-0.00;-0.00
286078;No;607;608;92;0.76;1473;-0.00;-0.00
286126;No;607;607;92;0.76;1472;-0.00;-0.00
286143;No;607;607;92;0.76;1472;0.00;-0.00
286182;No;606;607;92;0.76;1471;0.00;-0.00
286218;No;606;606;92;0.76;1470;0.00;-0.00
286233;No;606;606;92;0.76;1470;0.00;-0.00
286274;No;606;606;92;0.76;1469;0.00;-0.00
286314;No;605;606;92;0.76;1468;0.00;-0.00
286377;No;605;605;92;0.76;1468;0.00;-0.00
286421;No;605;605;92;0.76;1467;0.00;-0.00
286461;No;604;605;92;0.76;1466;0.00;-0.00
286507;No;604;604;92;0.76;1465;0.00;-0.00
286546;No;604;604;92;0.76;1464;0.00;-0.00
286584;No;604;604;92;0.76;1470;0.00;-0.00
286628;No;603;603;92;0.76;1475;0.00;-0.00
286678;No;603;603;92;0.76;1480;0.00;-0.00
286718;No;603;602;92;0.76;1486;0.00;-0.00
286758;No;602;602;92;0.76;1491;0.00;-0.00
286773;No;602;602;92;0.76;1496;0.00;-0.00
286821;No;602;602;92;0.76;1502;0.00;-0.00
286868;No;602;601;92;0.76;1507;0.00;-0.00
286907;No;601;601;92;0.76;1511;0.00;-0.00
286981;No;601;601;92;0.76;1514;0.00;-0.00
287022;No;601;601;92;0.76;1518;0.01;0.00
287069;No;600;600;92;0.76;1521;0.01;0.00
287109;No;600;600;92;0.76;1525;0.01;0.01
287150;No;600;600;92;0.76;1528;0.01;0.01
287217;No;600;600;92;0.76;1532;0.02;0.01
287277;No;599;599;92;0.76;1535;0.02;0.02
287332;No;599;599;92;0.76;1536;0.02;0.02
287396;No;599;599;92;0.76;1537;0.02;0.03
287440;No;598;598;92;0.76;1538;0.03;0.03
287498;No;598;598;92;0.76;1538;0.03;0.03
287539;No;598;598;92;0.76;1539;0.03;0.03
287615;No;598;597;92;0.76;1540;0.03;0.03
287660;No;597;597;92;0.76;1541;0.04;0.03
287674;No;597;597;92;0.76;1542;0.04;0.04
287712;No;597;597;92;0.76;1544;0.04;0.04
287753;No;597;597;92;0.76;1547;0.04;0.04
287797;No;596;597;92;0.76;1550;0.04;0.04
287842;No;596;596;92;0.76;1552;0.04;0.04
287913;No;596;596;92;0.76;1555;0.04;0.04
287954;No;596;596;92;0.76;1558;0.05;0.04
287994;No;596;596;92;0.76;1560;0.05;0.05
288035;No;596;596;92;0.76;1563;0.05;0.05
288075;No;596;595;92;0.76;1568;0.05;0.05
288114;No;595;595;92;0.76;1572;0.05;0.05
288178;No;595;595;91;0.76;1577;0.05;0.05
288218;No;595;595;91;0.76;1582;0.06;0.05
288259;No;595;595;91;0.76;1586;0.06;0.05
288283;No;595;594;91;0.76;1591;0.06;0.05
288379;No;594;594;91;0.76;1596;0.06;0.06
288393;No;594;594;91;0.76;1600;0.06;0.06
288434;No;594;594;91;0.76;1587;0.06;0.06
288534;No;594;594;91;0.76;1574;0.07;0.06
288573;No;594;594;91;0.76;1560;0.07;0.06
288614;No;594;593;91;0.76;1547;0.07;0.06
288654;No;593;593;91;0.76;1534;0.07;0.06
288695;No;593;593;91;0.76;1520;0.07;0.06
288736;No;593;593;91;0.76;1507;0.07;0.07
288833;No;593;593;91;0.76;1493;0.07;0.07
288878;No;593;592;91;0.75;1493;0.07;0.07
288923;No;592;592;91;0.75;1492;0.08;0.07
288964;No;592;592;91;0.75;1492;0.08;0.07
289029;No;592;592;91;0.75;1492;0.08;0.07
289077;No;592;592;91;0.75;1491;0.08;0.07
289121;No;592;592;91;0.75;1490;0.08;0.07
289163;No;592;592;91;0.75;1490;0.08;0.07
289227;No;592;591;91;0.75;1490;0.08;0.07
289269;No;591;591;91;0.75;1492;0.08;0.07
289315;No;591;591;91;0.75;1494;0.12;0.07
289380;No;591;591;91;0.75;1497;0.16;0.08
289421;No;591;591;91;0.75;1499;0.20;0.08
289465;No;590;590;91;0.75;1502;0.23;0.08
289505;No;590;590;91;0.75;1504;0.27;0.08
289552;No;590;590;91;0.75;1506;0.31;0.08
289592;No;590;590;91;0.75;1509;0.34;0.08
289631;No;590;590;91;0.75;1507;0.38;0.08
289678;No;590;590;91;0.75;1504;0.40;0.08
289719;No;590;590;91;0.75;1502;0.42;0.08
289759;No;589;589;91;0.75;1500;0.43;0.08
289774;No;589;589;91;0.75;1498;0.45;0.08
289814;No;589;589;91;0.75;1496;0.47;0.08
289855;No;589;589;91;0.75;1494;0.48;0.08
289903;No;589;589;91;0.75;1492;0.50;0.09
289978;No;589;589;91;0.75;1490;0.52;0.09
290018;No;589;589;91;0.75;1489;0.52;0.09
290058;No;589;589;91;0.75;1488;0.53;0.09
290075;No;589;589;91;0.75;1486;0.54;0.09
290115;No;588;589;91;0.75;1485;0.54;0.09
290136;No;588;588;91;0.75;1484;0.55;0.09
290176;No;588;588;91;0.75;1482;0.56;0.09
290216;No;588;588;91;0.75;1481;0.56;0.09
290278;No;588;588;91;0.75;1480;0.57;0.09
290318;No;588;588;91;0.75;1478;0.58;0.09
290358;No;588;588;91;0.75;1477;0.59;0.09
290374;No;588;588;91;0.75;1476;0.60;0.09
290418;No;588;588;91;0.75;1474;0.61;0.10
290436;No;588;588;91;0.75;1473;0.62;0.10
290475;No;588;588;91;0.75;1471;0.63;0.10
290514;No;588;588;91;0.75;1470;0.64;0.10
290578;No;588;588;91;0.75;1468;0.66;0.10
290623;No;588;588;91;0.75;1466;0.67;0.10
290664;No;588;587;91;0.75;1464;0.68;0.10
290703;No;587;587;91;0.75;1463;0.70;0.10
290744;No;587;587;91;0.75;1461;0.71;0.10
290784;No;587;587;91;0.75;1460;0.73;0.10
290825;No;587;587;91;0.75;1458;0.74;0.10
290878;No;587;587;91;0.75;1456;0.75;0.11
290917;No;587;587;91;0.75;1460;0.77;0.11
290957;No;587;587;91;0.75;1465;0.77;0.11
291027;No;587;587;91;0.75;1469;0.78;0.11
291068;No;586;587;91;0.75;1474;0.78;0.11
291107;No;586;586;91;0.75;1478;0.78;0.11
291124;No;586;586;91;0.75;1482;0.79;0.11
291178;No;586;586;91;0.75;1486;0.79;0.11
291217;No;586;586;91;0.75;1491;0.79;0.11
291256;No;586;586;91;0.75;1492;0.80;0.11
291296;No;585;586;91;0.75;1492;0.80;0.11
291336;No;585;585;91;0.75;1493;0.80;0.11
291383;No;585;585;91;0.75;1494;0.80;0.10
291423;No;585;585;91;0.75;1494;0.80;0.09
291478;No;584;585;91;0.75;1495;0.80;0.09
291517;No;584;584;91;0.75;1495;0.80;0.08
291558;No;584;584;91;0.75;1496;0.80;0.07
291574;No;584;584;91;0.75;1495;0.80;0.07
291613;No;584;584;91;0.75;1495;0.71;0.06
291653;No;584;583;91;0.75;1494;0.61;0.05
291697;No;583;583;91;0.75;1493;0.51;0.05
291738;No;583;583;91;0.75;1492;0.42;0.04
291837;No;583;582;91;0.75;1492;0.32;0.04
291876;No;582;582;91;0.75;1491;0.22;0.03
291916;No;582;582;91;0.75;1490;0.13;0.02
291967;No;582;582;91;0.75;1490;0.03;0.02
292009;No;582;582;91;0.75;1490;0.03;0.01
292023;No;581;581;91;0.75;1490;0.03;0.01
292078;No;581;581;91;0.75;1490;0.03;0.01
292119;No;581;581;91;0.75;1490;0.03;0.01
292163;No;580;581;91;0.75;1490;0.02;0.01
292229;No;580;580;91;0.75;1490;0.02;0.01
292268;No;580;580;91;0.75;1489;0.02;0.01
292306;No;580;580;91;0.75;1489;0.02;0.01
292377;No;579;580;91;0.75;1489;0.02;0.01
292420;No;579;579;91;0.75;1488;0.02;0.01
292460;No;579;579;91;0.75;1488;0.02;0.01
292474;No;578;579;91;0.75;1488;0.02;0.01
292515;No;578;578;91;0.75;1488;0.02;0.01
292553;No;578;578;91;0.75;1488;0.02;0.01
292616;No;578;578;91;0.75;1488;0.02;0.01
292677;No;577;578;91;0.75;1487;0.02;0.01
292719;No;577;577;91;0.75;1487;0.02;0.01
292769;No;576;577;91;0.75;1486;0.02;0.01
292824;No;576;576;91;0.75;1486;0.02;0.01
292868;No;576;576;91;0.75;1486;0.02;0.01
292907;No;576;576;91;0.75;1486;0.02;0.01
292924;No;576;576;91;0.75;1485;0.02;0.01
292979;No;575;576;91;0.75;1485;0.02;0.01
293020;No;575;575;91;0.75;1485;0.02;0.01
293044;No;575;575;91;0.75;1484;0.02;0.01
293083;No;574;575;90;0.75;1484;0.02;0.01
293156;No;574;574;90;0.75;1484;0.02;0.01
293196;No;574;574;90;0.75;1484;0.02;0.01
293236;No;574;574;90;0.75;1484;0.02;0.01
293315;No;574;574;90;0.75;1484;0.02;0.01
293357;No;573;573;90;0.75;1483;0.02;0.01
293375;No;573;573;90;0.75;1484;0.02;0.01
293414;No;573;573;90;0.75;1484;0.02;0.01
293460;No;572;572;90;0.75;1484;0.02;0.01
293503;No;572;572;90;0.75;1485;0.02;0.01
293579;No;572;572;90;0.75;1485;0.02;0.01
293620;No;572;571;90;0.75;1486;0.02;0.01
293661;No;571;571;90;0.75;1486;0.02;0.01
293727;No;571;571;90;0.75;1486;0.02;0.01
293773;No;571;570;90;0.75;1486;0.02;0.01
293814;No;570;570;90;0.75;1486;0.02;0.01
293901;No;570;570;90;0.75;1485;0.02;0.01
293921;No;570;569;90;0.75;1485;0.02;0.01
293963;No;569;569;90;0.75;1484;0.02;0.01
294029;No;569;569;90;0.75;1484;0.02;0.01
294068;No;569;568;90;0.75;1484;0.02;0.01
294109;No;568;568;90;0.75;1483;0.02;0.01
294124;No;568;568;90;0.75;1483;0.02;0.01
294177;No;568;567;90;0.75;1483;0.02;0.01
294221;No;567;567;90;0.75;1482;0.02;0.01
294263;No;567;566;90;0.75;1482;0.02;0.01
294328;No;567;566;90;0.75;1482;0.02;0.01
294373;No;566;566;90;0.75;1482;0.02;0.01
294407;No;566;566;90;0.75;1482;0.02;0.01
294423;No;566;566;90;0.75;1482;0.02;0.01
294478;No;566;566;90;0.75;1481;0.02;0.01
294516;No;565;565;90;0.75;1480;0.02;0.01
294557;No;565;565;90;0.75;1479;0.02;0.01
294575;No;565;565;90;0.75;1479;0.02;0.01
294615;No;564;565;90;0.75;1478;0.02;0.01
294657;No;564;564;90;0.75;1477;0.02;0.01
294697;No;564;564;90;0.75;1476;0.02;0.01
294778;No;563;564;90;0.75;1476;0.02;0.01
294817;No;563;563;90;0.75;1474;0.02;0.01
294858;No;563;563;90;0.75;1471;0.02;0.01
294896;No;562;563;90;0.75;1469;0.02;0.01
294937;No;562;562;90;0.75;1467;0.02;0.01
294976;No;562;562;90;0.75;1464;0.02;0.01
294994;No;562;562;90;0.75;1462;0.02;0.01
295036;No;561;562;90;0.75;1460;0.02;0.01
295135;No;561;561;90;0.75;1458;0.02;0.01
295180;No;561;561;90;0.75;1454;0.02;0.01
295218;No;560;561;90;0.75;1451;0.02;0.01
295234;No;560;560;90;0.75;1448;0.02;0.01
295273;No;560;560;90;0.75;1444;0.02;0.01
295318;No;560;560;90;0.75;1441;0.02;0.01
295377;No;559;559;90;0.75;1438;0.02;0.01
295418;No;559;559;90;0.75;1435;0.02;0.01
295464;No;559;559;90;0.75;1432;0.02;0.01
295505;No;558;558;90;0.75;1430;0.02;0.01
295546;No;558;558;90;0.75;1430;0.02;0.01
295586;No;558;558;90;0.74;1428;0.02;0.01
295626;No;558;557;90;0.74;1428;0.02;0.01
295678;No;557;557;90;0.74;1426;0.02;0.01
295722;No;557;557;90;0.74;1425;0.02;0.01
295761;No;557;556;90;0.74;1424;0.02;0.01
295774;No;557;556;90;0.74;1423;0.02;0.01
295814;No;556;556;90;0.74;1421;0.02;0.01
295833;No;556;556;90;0.74;1419;0.02;0.01
295872;No;556;555;90;0.74;1417;0.02;0.01
295914;No;556;555;90;0.74;1415;0.02;0.01
295979;No;555;555;90;0.74;1413;0.02;0.01
296018;No;555;554;90;0.74;1410;0.02;0.01
296044;No;554;554;90;0.74;1408;0.02;0.01
296083;No;554;554;90;0.74;1406;0.02;0.01
296122;No;554;554;90;0.74;1404;0.02;0.01
296186;No;553;553;90;0.74;1402;0.02;0.01
296227;No;553;553;90;0.74;1400;0.02;0.01
296254;No;552;553;90;0.74;1398;0.02;0.01
296295;No;552;552;90;0.74;1395;0.02;0.01
296335;No;552;552;90;0.74;1393;0.02;0.01
296377;No;552;552;90;0.74;1391;0.02;0.01
296422;No;551;551;90;0.74;1389;0.02;0.01
296483;No;551;551;90;0.74;1387;0.02;0.01
296524;No;551;551;90;0.74;1386;0.02;0.01
296579;No;551;550;90;0.74;1384;0.02;0.01
296619;No;550;550;90;0.74;1382;0.02;0.01
296659;No;550;550;90;0.74;1381;0.02;0.01
296674;No;550;549;90;0.74;1379;0.02;0.01
296713;No;549;549;90;0.74;1378;0.02;0.01
296752;No;549;549;90;0.74;1376;0.02;0.01
296801;No;548;548;90;0.74;1374;0.02;0.01
296841;No;548;548;90;0.74;1371;0.02;0.02
296915;No;548;548;90;0.73;1369;0.02;0.02
296955;No;547;548;90;0.73;1366;0.02;0.02
296997;No;547;547;90;0.73;1364;0.02;0.02
297037;No;547;547;90;0.73;1362;0.02;0.02
297077;No;546;547;90;0.73;1360;0.02;0.02
297094;No;546;546;90;0.73;1357;0.02;0.02
297132;No;546;546;90;0.73;1354;0.02;0.02
297237;No;546;546;90;0.73;1352;0.02;0.02
297276;No;545;545;90;0.73;1350;0.02;0.02
297315;No;545;545;90;0.73;1347;0.02;0.02
297334;No;545;544;90;0.73;1344;0.02;0.02
297375;No;544;544;90;0.73;1342;0.02;0.02
297414;No;544;544;90;0.73;1340;0.02;0.02
297481;No;544;544;90;0.73;1337;0.02;0.02
297521;No;543;543;90;0.73;1334;0.02;0.02
297565;No;543;543;90;0.73;1331;0.02;0.02
297610;No;542;543;90;0.73;1328;0.02;0.02
297649;No;542;542;90;0.73;1325;0.02;0.02
297693;No;542;542;90;0.73;1322;0.02;0.02
297736;No;542;542;90;0.73;1319;0.02;0.02
297782;No;542;542;90;0.73;1316;0.02;0.02
297820;No;541;542;90;0.73;1312;0.02;0.02
297863;No;541;541;90;0.73;1309;0.02;0.02
297927;No;541;541;90;0.73;1306;0.02;0.02
297967;No;541;541;89;0.73;1303;0.02;0.02
297995;No;541;541;89;0.73;1300;0.02;0.02
298033;No;541;541;89;0.73;1296;0.02;0.02
298077;No;540;540;89;0.73;1294;0.02;0.02
298116;No;540;540;89;0.72;1290;0.02;0.02
298156;No;540;540;89;0.72;1287;0.02;0.02
298175;No;540;540;89;0.72;1282;0.02;0.02
298213;No;540;540;89;0.72;1278;0.02;0.02
298254;No;540;540;89;0.72;1274;0.02;0.02
298293;No;540;540;89;0.72;1269;0.02;0.02
298339;No;540;539;89;0.72;1265;0.02;0.02
298414;No;540;539;89;0.72;1260;0.02;0.02
298458;No;539;539;89;0.72;1256;0.02;0.02
298473;No;539;539;89;0.72;1251;0.02;0.02
298514;No;539;539;89;0.72;1247;0.02;0.02
298552;No;539;539;89;0.72;1243;0.02;0.02
298596;No;539;539;89;0.72;1239;0.02;0.02
298635;No;539;539;89;0.72;1235;0.02;0.02
298679;No;539;538;89;0.72;1231;0.02;0.02
298729;No;539;538;89;0.72;1227;0.02;0.02
298777;No;538;538;89;0.72;1223;0.02;0.02
298823;No;538;538;89;0.72;1219;0.02;0.02
298863;No;538;538;89;0.72;1214;0.02;0.02
298905;No;538;538;89;0.72;1208;0.02;0.02
298944;No;538;538;89;0.72;1203;0.02;0.02
299022;No;538;538;89;0.72;1198;0.02;0.02
299064;No;538;538;89;0.72;1193;0.02;0.02
299105;No;538;538;89;0.72;1188;0.02;0.02
299143;No;538;537;89;0.72;1183;0.02;0.02
299183;No;537;537;89;0.72;1178;0.02;0.02
299222;No;537;537;89;0.72;1173;0.02;0.02
299277;No;537;537;89;0.72;1169;0.02;0.02
299321;No;537;537;89;0.72;1164;0.02;0.02
299361;No;537;537;89;0.72;1160;0.02;0.02
299374;No;537;537;89;0.72;1156;0.02;0.02
299414;No;537;537;89;0.72;1151;0.02;0.02
299454;No;537;537;89;0.72;1147;0.02;0.02
299503;No;537;537;89;0.72;1142;0.02;0.02
299542;No;536;536;89;0.72;1134;0.02;0.02
299615;No;536;536;89;0.72;1126;0.02;0.02
299653;No;536;536;89;0.72;1118;0.02;0.02
299695;No;536;536;89;0.72;1111;0.02;0.02
299734;No;536;536;89;0.72;1103;0.02;0.02
299772;No;536;536;89;0.72;1095;0.02;0.02
299812;No;536;536;89;0.72;1087;0.02;0.02
299880;No;536;536;89;0.72;1079;0.02;0.02
299928;No;536;536;89;0.72;1070;0.02;0.02
299944;No;536;536;89;0.72;1062;0.02;0.02
299983;No;536;536;89;0.72;1054;0.02;0.02
300023;No;536;536;89;0.72;1046;0.02;0.02
300062;No;535;536;89;0.72;1037;0.02;0.02
300103;No;535;535;89;0.72;1029;0.02;0.02
300142;No;535;535;89;0.72;1020;0.02;0.02
300224;No;535;535;89;0.72;1012;0.02;0.02
300262;No;535;535;89;0.72;1010;0.02;0.02
300305;No;535;535;89;0.72;1009;0.02;0.02
300353;No;535;535;89;0.72;1007;0.02;0.02
300393;No;535;535;89;0.72;1006;0.02;0.02
300432;No;535;535;89;0.72;1004;0.02;0.02
300479;No;535;535;89;0.72;1002;0.02;0.02
300525;No;535;535;89;0.72;1000;0.02;0.02
300568;No;534;534;89;0.72;999;0.02;0.02
300607;No;534;534;89;0.72;1011;0.02;0.02
300646;No;534;534;89;0.72;1024;0.02;0.02
300686;No;534;534;89;0.72;1036;0.02;0.02
300728;No;534;534;89;0.72;1048;0.02;0.02
300779;No;534;534;89;0.72;1061;0.02;0.02
300818;No;534;534;89;0.72;1074;0.02;0.02
300858;No;534;534;89;0.72;1086;0.02;0.02
300874;No;534;534;89;0.72;1098;0.02;0.02
300918;No;534;534;89;0.72;1098;0.02;0.02
300934;No;534;534;89;0.72;1098;0.02;0.02
300976;No;534;534;89;0.72;1098;0.02;0.02
301022;No;534;534;89;0.72;1098;0.02;0.02
301083;No;534;533;89;0.72;1098;0.02;0.02
301129;No;534;533;89;0.72;1098;0.02;0.02
301144;No;533;533;89;0.72;1098;0.02;0.02
301185;No;533;533;89;0.72;1098;0.02;0.02
301224;No;533;533;89;0.72;1093;0.03;0.02
301262;No;533;533;89;0.72;1087;0.03;0.02
301307;No;533;533;88;0.72;1081;0.03;0.02
301324;No;533;533;88;0.72;1075;0.03;0.02
301381;No;533;533;88;0.72;1069;0.03;0.02
301423;No;533;533;88;0.72;1063;0.03;0.02
301464;No;533;533;88;0.72;1058;0.03;0.02
301507;No;533;532;88;0.72;1052;0.03;0.02
301547;No;532;532;88;0.72;1042;0.03;0.02
301607;No;532;532;88;0.72;1032;0.03;0.02
301682;No;532;532;88;0.72;1022;0.03;0.02
301724;No;532;532;88;0.72;1012;0.03;0.02
301744;No;532;532;88;0.72;1002;0.03;0.02
301788;No;532;532;88;0.72;992;0.03;0.02
301828;No;532;532;88;0.72;982;0.03;0.02
301867;No;532;532;88;0.72;972;0.03;0.02
301907;No;532;532;88;0.72;970;0.03;0.02
301924;No;532;532;88;0.72;967;0.03;0.02
301981;No;532;532;88;0.72;964;0.03;0.02
302022;No;532;532;88;0.72;962;0.03;0.02
302062;No;532;531;88;0.72;959;0.03;0.02
302128;No;531;531;88;0.72;957;0.03;0.02
302179;No;531;531;88;0.72;954;0.03;0.02
302194;No;531;531;88;0.72;952;0.03;0.02
302233;No;531;531;88;0.72;965;0.03;0.02
302280;No;531;531;88;0.72;978;0.03;0.02
302321;No;531;531;88;0.72;990;0.03;0.02
302364;No;531;531;88;0.72;1004;0.03;0.02
302404;No;531;531;88;0.72;1016;0.03;0.02
302446;No;531;531;88;0.72;1030;0.03;0.02
302485;No;531;531;88;0.72;1042;0.03;0.02
302526;No;530;530;88;0.72;1055;0.03;0.02
302581;No;530;530;88;0.72;1061;0.03;0.02
302619;No;530;530;88;0.72;1066;0.03;0.02
302659;No;530;530;88;0.72;1072;0.03;0.02
302711;No;530;530;88;0.72;1077;0.03;0.02
302753;No;530;530;88;0.72;1082;0.03;0.02
302793;No;530;530;88;0.72;1088;0.03;0.02
302883;No;530;530;88;0.72;1093;0.03;0.02
302931;No;530;530;88;0.73;1098;0.03;0.02
302995;No;530;530;88;0.73;1094;0.03;0.02
303037;No;530;530;88;0.73;1090;0.03;0.02
303078;No;530;529;88;0.73;1086;0.03;0.02
303116;No;529;529;88;0.73;1082;0.03;0.02
303183;No;529;529;88;0.73;1078;0.03;0.02
303222;No;529;529;88;0.73;1074;0.03;0.02
303260;No;529;529;88;0.73;1070;0.03;0.02
303327;No;529;529;88;0.73;1066;0.03;0.02
303366;No;529;529;88;0.73;1059;0.03;0.02
303411;No;529;529;88;0.73;1053;0.03;0.02
303480;No;529;529;88;0.73;1047;0.03;0.02
303518;No;529;528;88;0.73;1041;0.03;0.02
303558;No;528;528;88;0.73;1035;0.03;0.02
303575;No;528;528;88;0.73;1028;0.03;0.02
303615;No;528;528;88;0.72;1022;0.03;0.02
303653;No;528;528;88;0.73;1016;0.03;0.02
303694;No;528;528;88;0.73;1014;0.03;0.02
303733;No;528;528;88;0.73;1012;0.03;0.02
303813;No;528;528;88;0.73;1009;0.03;0.02
303853;No;528;528;88;0.73;1007;0.03;0.02
303892;No;528;528;88;0.73;1004;0.03;0.02
303957;No;528;528;88;0.73;1002;0.03;0.02
303997;No;528;528;88;0.73;1000;0.03;0.02
304036;No;528;528;88;0.73;997;0.03;0.02
304083;No;527;527;88;0.73;995;0.03;0.02
304136;No;527;527;88;0.73;992;0.03;0.02
304175;No;527;527;88;0.73;990;0.03;0.02
304222;No;527;527;88;0.73;988;0.03;0.02
304232;No;527;527;88;0.73;986;0.03;0.02
304272;No;527;527;88;0.73;984;0.03;0.02
304310;No;527;527;88;0.73;981;0.03;0.02
304382;No;527;527;88;0.73;979;0.03;0.02
304422;No;527;527;88;0.73;976;0.03;0.02
304462;No;527;527;88;0.73;974;0.03;0.02
304475;No;527;527;88;0.73;970;0.03;0.02
304513;No;527;526;88;0.74;968;0.03;0.02
304536;No;526;526;88;0.74;965;0.03;0.02
304575;No;526;526;88;0.74;962;0.03;0.02
304617;No;526;526;88;0.74;959;0.03;0.02
304683;No;526;526;88;0.74;956;0.03;0.02
304723;No;526;526;88;0.74;952;0.03;0.02
304763;No;526;526;88;0.74;947;0.02;0.02
304804;No;526;526;88;0.74;942;0.02;0.02
304843;No;526;526;88;0.74;938;0.02;0.02
304882;No;526;526;88;0.74;932;0.02;0.02
304927;No;526;526;88;0.74;928;0.02;0.02
304980;No;526;526;88;0.74;923;0.02;0.02
305019;No;526;526;88;0.74;918;0.02;0.02
305061;No;526;526;88;0.74;910;0.02;0.02
305127;No;526;526;88;0.74;903;0.02;0.02
305167;No;526;525;88;0.74;895;0.02;0.02
305212;No;525;525;88;0.74;887;0.03;0.02
305282;No;525;525;88;0.74;880;0.03;0.03
305321;No;525;525;88;0.74;872;0.03;0.03
305344;No;525;525;88;0.74;864;0.03;0.03
305384;No;525;525;88;0.74;856;0.03;0.03
305416;No;525;525;88;0.74;861;0.04;0.03
305458;No;525;525;88;0.74;866;0.04;0.04
305499;No;525;525;87;0.73;870;0.04;0.04
305537;No;525;525;87;0.73;875;0.04;0.04
305612;No;525;525;87;0.73;880;0.04;0.04
305651;No;525;525;87;0.73;884;0.04;0.04
305691;No;525;525;87;0.73;889;0.05;0.04
305736;No;525;525;87;0.73;894;0.05;0.05
305774;No;524;524;87;0.73;908;0.05;0.05
305816;No;524;524;87;0.73;922;0.05;0.05
305879;No;524;524;87;0.73;937;0.05;0.05
305921;No;524;524;87;0.73;951;0.05;0.05
305959;No;524;524;87;0.73;965;0.05;0.05
305974;No;524;524;87;0.73;980;0.06;0.05
306013;No;524;524;87;0.73;994;0.06;0.06
306052;No;524;524;87;0.73;1008;0.06;0.06
306099;No;524;524;87;0.73;1006;0.06;0.06
306140;No;524;524;87;0.73;1004;0.06;0.06
306215;No;524;524;87;0.73;1002;0.06;0.06
306254;No;524;524;87;0.73;1000;0.06;0.06
306274;No;524;524;87;0.73;998;0.06;0.06
306315;No;524;524;87;0.73;996;0.06;0.06
306355;No;524;524;87;0.72;994;0.06;0.06
306395;No;524;524;87;0.72;991;0.06;0.06
306436;No;524;524;87;0.72;991;0.06;0.06
306483;No;523;524;87;0.72;991;0.07;0.06
306522;No;523;523;87;0.72;991;0.07;0.07
306561;No;523;523;87;0.72;991;0.07;0.07
306574;No;523;523;87;0.72;991;0.07;0.07
306618;No;523;523;87;0.72;991;0.07;0.07
306632;No;523;523;87;0.72;991;0.07;0.07
306671;No;523;523;87;0.72;991;0.07;0.07
306729;No;523;523;87;0.72;984;0.07;0.07
306780;No;523;523;87;0.72;976;0.07;0.07
306820;No;523;523;87;0.72;969;0.07;0.07
306863;No;523;523;87;0.72;962;0.07;0.07
306928;No;523;523;87;0.72;955;0.07;0.07
306972;No;523;523;87;0.72;948;0.07;0.07
306993;No;523;523;87;0.72;940;0.07;0.07
307032;No;523;523;87;0.72;933;0.07;0.07
307081;No;522;522;87;0.72;925;0.07;0.07
307120;No;522;522;87;0.72;918;0.08;0.07
307161;No;522;522;87;0.72;910;0.08;0.08
307227;No;522;522;87;0.72;902;0.08;0.08
307266;No;522;522;87;0.72;894;0.08;0.08
307311;No;522;522;87;0.72;887;0.08;0.08
307381;No;522;522;87;0.72;879;0.08;0.08
307427;No;522;522;87;0.72;872;0.08;0.08
307468;No;522;522;87;0.72;865;0.08;0.08
307507;No;522;522;87;0.72;858;0.08;0.08
307551;No;522;522;87;0.72;852;0.08;0.08
307593;No;522;522;87;0.72;846;0.08;0.08
307631;No;522;522;87;0.72;839;0.08;0.08
307688;No;522;522;87;0.72;833;0.08;0.08
307730;No;522;522;87;0.72;826;0.08;0.08
307744;No;522;522;87;0.72;820;0.08;0.08
307791;No;522;522;87;0.72;814;0.08;0.08
307858;No;522;522;87;0.72;808;0.08;0.08
307900;No;522;522;87;0.72;802;0.08;0.08
307940;No;521;522;87;0.72;796;0.08;0.08
308014;No;521;521;87;0.72;790;0.08;0.09
308054;No;521;521;87;0.72;785;0.08;0.09
308094;No;521;521;87;0.72;779;0.08;0.09
308132;No;521;521;87;0.72;773;0.08;0.09
308173;No;521;521;87;0.72;765;0.08;0.09
308212;No;521;521;87;0.72;758;0.08;0.09
308283;No;521;521;87;0.72;750;0.08;0.09
308323;No;521;521;87;0.72;742;0.09;0.09
308362;No;521;521;87;0.72;734;0.09;0.09
308407;No;521;521;87;0.72;726;0.09;0.09
308448;No;521;521;87;0.72;718;0.09;0.09
308486;No;521;521;87;0.72;711;0.09;0.09
308525;No;520;521;87;0.72;704;0.09;0.09
308580;No;520;520;87;0.72;698;0.09;0.09
308619;No;520;520;87;0.72;692;0.09;0.09
308660;No;520;520;87;0.72;686;0.09;0.09
308674;No;520;520;87;0.72;680;0.09;0.09
308714;No;520;520;87;0.72;673;0.09;0.09
308734;No;520;520;87;0.71;667;0.09;0.09
308774;No;520;520;87;0.71;661;0.09;0.09
308813;No;520;520;87;0.71;662;0.09;0.09
308882;No;520;520;87;0.71;664;0.09;0.09
308922;No;520;520;87;0.71;666;0.09;0.09
308960;No;520;520;87;0.71;668;0.09;0.09
309026;No;520;520;87;0.71;670;0.09;0.10
309066;No;520;520;87;0.71;672;0.09;0.10
309106;No;520;520;87;0.71;674;0.10;0.10
309181;No;520;520;87;0.72;676;0.10;0.10
309219;No;520;520;87;0.72;676;0.10;0.10
309257;No;520;520;87;0.72;678;0.10;0.10
309274;No;520;519;87;0.72;678;0.10;0.10
309314;No;519;519;87;0.72;679;0.10;0.10
309354;No;519;519;87;0.72;680;0.10;0.10
309395;No;519;519;87;0.72;681;0.10;0.10
309434;No;519;519;87;0.72;682;0.10;0.10
309481;No;519;519;87;0.72;683;0.10;0.10
309527;No;519;519;87;0.72;682;0.10;0.10
309565;No;519;519;87;0.72;682;0.10;0.10
309606;No;519;519;87;0.72;681;0.10;0.10
309644;No;519;519;87;0.72;680;0.10;0.11
309686;No;519;519;87;0.72;680;0.10;0.11
309727;No;519;519;87;0.72;679;0.10;0.11
309781;No;519;519;87;0.72;678;0.10;0.11
309820;No;518;519;87;0.72;678;0.10;0.11
309863;No;518;518;87;0.72;682;0.10;0.11
309928;No;518;518;87;0.72;688;0.10;0.11
309968;No;518;518;87;0.72;692;0.10;0.11
310009;No;518;518;87;0.72;697;0.11;0.11
310024;No;518;518;87;0.72;702;0.11;0.12
310081;No;518;518;87;0.72;707;0.11;0.12
310122;No;518;518;87;0.72;712;0.11;0.12
310162;No;518;518;87;0.72;716;0.11;0.12
310210;No;518;518;87;0.72;712;0.11;0.12
310251;No;518;518;87;0.72;707;0.11;0.12
310264;No;518;518;87;0.72;702;0.11;0.12
310304;No;518;518;87;0.72;697;0.11;0.12
310379;No;518;518;87;0.72;692;0.11;0.12
310420;No;518;517;87;0.72;687;0.11;0.12
310465;No;517;517;87;0.72;682;0.11;0.12
310508;No;517;517;87;0.72;677;0.11;0.12
310569;No;517;517;87;0.72;677;0.11;0.12
310610;No;517;517;87;0.72;677;0.11;0.12
310625;No;517;517;87;0.72;676;0.11;0.12
310680;No;517;517;87;0.72;676;0.12;0.12
310725;No;517;517;87;0.72;676;0.12;0.12
310765;No;517;517;87;0.72;676;0.12;0.13
310804;No;517;517;87;0.72;675;0.12;0.13
310851;No;517;517;87;0.72;675;0.12;0.13
310864;No;517;517;87;0.72;677;0.12;0.13
310909;No;517;517;87;0.72;680;0.12;0.13
310924;No;517;517;87;0.72;682;0.12;0.13
310980;No;516;517;87;0.72;684;0.12;0.13
311023;No;516;516;87;0.72;686;0.12;0.13
311062;No;516;516;87;0.72;688;0.12;0.13
311073;No;516;516;87;0.72;690;0.12;0.13
311114;No;516;516;87;0.72;692;0.12;0.13
311134;No;516;516;87;0.72;692;0.12;0.13
311174;No;516;516;87;0.72;692;0.12;0.13
311212;No;516;516;87;0.72;691;0.12;0.13
311225;No;516;516;87;0.72;691;0.12;0.13
311280;No;516;516;87;0.72;690;0.12;0.13
311320;No;516;516;87;0.72;690;0.12;0.13
311358;No;516;516;87;0.72;690;0.12;0.13
311374;No;516;516;87;0.72;689;0.12;0.13
311422;No;516;516;87;0.72;756;0.12;0.13
311465;No;516;516;87;0.72;823;0.13;0.13
311505;No;515;516;87;0.72;890;0.14;0.14
311583;No;515;515;87;0.72;956;0.15;0.14
311623;No;515;515;87;0.72;1023;0.16;0.14
311644;No;515;515;87;0.72;1090;0.17;0.14
311684;No;515;515;87;0.72;1157;0.18;0.15
311724;No;515;515;87;0.72;1224;0.19;0.15
311762;No;515;515;87;0.72;1260;0.20;0.15
311816;No;515;515;87;0.72;1296;0.29;0.15
311881;No;515;515;87;0.72;1333;0.37;0.21
311920;No;515;514;87;0.72;1370;0.46;0.28
311959;No;515;514;87;0.72;1406;0.55;0.34
311974;No;514;514;87;0.72;1443;0.64;0.40
312015;No;514;514;87;0.72;1479;0.73;0.46
312032;No;514;514;87;0.73;1516;0.82;0.52
312070;No;514;514;87;0.73;1519;0.90;0.58
312110;No;514;514;87;0.73;1522;0.90;0.65
312124;No;514;514;87;0.73;1525;0.90;0.66
312180;No;514;514;87;0.73;1528;0.90;0.68
312224;No;514;514;87;0.73;1531;0.90;0.70
312265;No;514;514;87;0.73;1534;0.90;0.72
312305;No;514;514;87;0.73;1538;0.90;0.74
312346;No;514;514;87;0.73;1540;0.90;0.76
312386;No;514;514;87;0.73;1552;0.89;0.77
312432;No;514;514;87;0.73;1563;0.89;0.79
312481;No;514;514;87;0.73;1575;0.89;0.79
312521;No;514;514;87;0.74;1586;0.89;0.80
312566;No;514;514;87;0.74;1598;0.89;0.80
312605;No;514;514;87;0.74;1609;0.89;0.80
312649;No;514;514;87;0.74;1620;0.88;0.80
312665;No;514;514;87;0.74;1632;0.88;0.80
312713;No;514;514;87;0.74;1617;0.88;0.80
312780;No;514;514;87;0.74;1603;0.88;0.81
312820;No;514;514;87;0.73;1588;0.88;0.81
312844;No;514;514;87;0.73;1574;0.88;0.81
312886;No;514;514;87;0.73;1559;0.88;0.81
312935;No;514;514;87;0.73;1544;0.89;0.82
312974;No;514;514;87;0.73;1530;0.89;0.82
313015;No;514;514;87;0.73;1516;0.89;0.82
313104;No;514;514;87;0.73;1522;0.89;0.82
313146;No;514;514;87;0.73;1529;0.89;0.83
313186;No;514;514;87;0.73;1536;0.89;0.83
313226;No;514;514;87;0.73;1542;0.89;0.83
313266;No;514;514;87;0.73;1549;0.89;0.83
313312;No;514;514;87;0.73;1556;0.89;0.84
313380;No;514;514;87;0.73;1562;0.89;0.84
313422;No;514;514;87;0.73;1569;0.89;0.84
313462;No;514;514;87;0.73;1531;0.88;0.85
313529;No;514;514;87;0.73;1493;0.88;0.85
313572;No;514;514;87;0.73;1455;0.88;0.85
313612;No;514;514;87;0.74;1416;0.88;0.85
313684;No;514;514;87;0.74;1378;0.88;0.85
313728;No;514;514;87;0.74;1340;0.88;0.85
313745;No;514;514;87;0.74;1302;0.88;0.85
313775;No;514;514;87;0.74;1264;0.88;0.85
313816;No;514;514;87;0.74;1272;0.88;0.85
313856;No;514;514;87;0.74;1281;0.88;0.86
313894;No;514;514;87;0.74;1290;0.88;0.86
313935;No;514;514;87;0.74;1298;0.88;0.86
314016;No;514;514;87;0.74;1307;0.88;0.86
314055;No;514;514;87;0.74;1316;0.88;0.86
314093;No;514;514;87;0.74;1324;0.88;0.86
314134;No;514;514;87;0.74;1333;0.88;0.86
314173;No;514;514;87;0.74;1336;0.88;0.86
314194;No;514;514;87;0.74;1338;0.88;0.86
314234;No;514;514;87;0.74;1340;0.89;0.85
314279;No;514;514;87;0.74;1342;0.89;0.85
314319;No;514;514;87;0.74;1344;0.89;0.85
314376;No;514;514;87;0.74;1346;0.90;0.85
314420;No;514;514;87;0.74;1348;0.90;0.85
314433;No;514;514;87;0.74;1350;0.90;0.85
314472;No;514;514;87;0.74;1347;0.90;0.85
314512;No;514;514;87;0.74;1343;0.90;0.85
314580;No;514;515;87;0.74;1339;0.90;0.85
314626;No;514;515;87;0.74;1336;0.90;0.85
314665;No;514;515;87;0.74;1332;0.90;0.85
314705;No;515;515;87;0.74;1328;0.90;0.85
314745;No;515;515;87;0.74;1324;0.90;0.85
314783;No;515;515;87;0.74;1320;0.90;0.85
314828;No;515;515;87;0.74;1301;0.89;0.85
314882;No;515;515;87;0.74;1282;0.89;0.85
314921;No;515;515;87;0.74;1262;0.89;0.84
314966;No;515;515;87;0.74;1242;0.89;0.84
315004;No;515;515;87;0.74;1223;0.89;0.84
315049;No;515;515;87;0.74;1204;0.89;0.84
315064;No;515;515;87;0.74;1184;0.89;0.84
315104;No;515;515;87;0.74;1164;0.89;0.84
315145;No;515;515;87;0.74;1153;0.88;0.84
315223;No;515;515;87;0.74;1141;0.88;0.84
315244;No;515;515;87;0.74;1130;0.88;0.84
315282;No;515;515;87;0.74;1118;0.88;0.84
315328;No;515;515;87;0.74;1106;0.88;0.84
315368;No;515;515;87;0.74;1094;0.88;0.84
315407;No;515;515;87;0.74;1083;0.88;0.84
315424;No;515;515;87;0.74;1071;0.88;0.84
315481;No;515;515;87;0.74;1058;0.88;0.84
315520;No;515;515;87;0.74;1046;0.87;0.84
315558;No;515;515;87;0.74;1033;0.87;0.83
315574;No;515;514;87;0.74;1020;0.87;0.83
315620;No;515;514;87;0.74;1008;0.87;0.83
315688;No;515;514;87;0.74;995;0.87;0.83
315728;No;514;514;87;0.74;982;0.87;0.83
315779;No;514;514;87;0.74;970;0.87;0.83
315826;No;514;514;87;0.74;963;0.87;0.83
315844;No;514;514;87;0.74;956;0.87;0.83
315884;No;514;514;87;0.73;950;0.87;0.83
315922;No;514;514;87;0.73;943;0.87;0.83
315932;No;514;514;87;0.73;936;0.87;0.83
315971;No;514;514;87;0.73;930;0.87;0.83
315994;No;514;514;87;0.73;923;0.87;0.83
316033;No;514;514;87;0.73;916;0.87;0.83
316082;No;514;514;87;0.73;911;0.87;0.83
316121;No;514;514;87;0.73;906;0.86;0.83
316160;No;514;514;87;0.73;900;0.86;0.83
316173;No;514;514;87;0.74;895;0.86;0.83
316213;No;514;514;87;0.74;890;0.86;0.83
316252;No;514;514;87;0.74;885;0.86;0.83
316292;No;514;514;87;0.74;880;0.86;0.83
316336;No;514;514;87;0.74;874;0.86;0.83
316381;No;514;514;87;0.74;865;0.86;0.83
316420;No;514;514;87;0.74;855;0.86;0.83
316462;No;514;514;87;0.74;846;0.86;0.83
316529;No;514;514;87;0.74;836;0.86;0.83
316568;No;514;514;87;0.74;826;0.86;0.82
316613;No;514;514;87;0.74;816;0.86;0.82
316682;No;514;514;87;0.74;807;0.86;0.82
316724;No;514;514;87;0.74;797;0.86;0.82
316767;No;514;514;87;0.74;794;0.86;0.82
316806;No;514;514;88;0.74;790;0.85;0.82
316845;No;514;514;88;0.74;786;0.85;0.82
316885;No;514;514;88;0.74;783;0.85;0.82
316937;No;514;514;88;0.74;779;0.85;0.82
316981;No;514;514;88;0.74;775;0.85;0.82
317019;No;514;514;88;0.74;772;0.85;0.82
317060;No;514;514;88;0.74;768;0.85;0.82
317074;No;514;514;88;0.73;815;0.85;0.82
317113;No;514;514;88;0.73;862;0.85;0.82
317153;No;514;514;88;0.73;909;0.85;0.82
317192;No;514;514;88;0.73;956;0.85;0.82
317233;No;514;514;88;0.73;1003;0.85;0.81
317314;No;514;514;88;0.73;1050;0.85;0.81
317352;No;514;514;88;0.72;1098;0.85;0.81
317392;No;514;514;88;0.72;1144;0.85;0.81
317432;No;514;514;88;0.72;1210;0.85;0.81
317473;No;514;514;88;0.72;1276;0.85;0.81
317513;No;514;514;88;0.72;1342;0.85;0.81
317581;No;514;514;88;0.72;1408;0.86;0.81
317620;No;514;514;88;0.72;1474;0.86;0.81
317660;No;514;514;88;0.72;1540;0.86;0.81
317713;No;514;514;88;0.72;1606;0.87;0.81
317752;No;514;514;88;0.72;1671;0.87;0.81
317765;No;514;514;88;0.72;1688;0.88;0.81
317803;No;514;514;88;0.72;1704;0.87;0.81
317844;No;514;514;88;0.72;1721;0.87;0.81
317914;No;514;514;88;0.72;1738;0.87;0.81
317953;No;514;514;88;0.72;1754;0.87;0.80
317995;No;514;514;88;0.72;1771;0.87;0.80
318037;No;514;514;88;0.72;1788;0.87;0.80
318081;No;514;515;88;0.73;1804;0.87;0.80
318094;No;515;515;88;0.73;1826;0.87;0.80
318133;No;515;515;88;0.73;1847;0.86;0.80
318181;No;515;515;88;0.73;1868;0.86;0.80
318216;No;515;515;88;0.73;1889;0.86;0.80
318256;No;515;515;88;0.73;1910;0.85;0.80
318295;No;515;515;88;0.73;1931;0.85;0.80
318336;No;515;515;88;0.73;1952;0.85;0.80
318375;No;515;515;88;0.73;1973;0.84;0.80
318393;No;515;515;88;0.73;1996;0.84;0.80
318437;No;515;515;88;0.73;2018;0.84;0.80
318487;No;515;515;88;0.73;2041;0.84;0.80
318526;No;515;515;88;0.73;2064;0.84;0.81
318542;No;515;515;88;0.73;2086;0.84;0.81
318583;No;515;515;88;0.73;2109;0.84;0.82
318626;No;516;516;88;0.73;2131;0.84;0.82
318665;No;516;516;88;0.73;2154;0.84;0.83
318705;No;516;516;88;0.73;2180;0.85;0.83
318745;No;516;516;88;0.73;2206;0.85;0.84
318814;No;516;516;88;0.73;2232;0.85;0.84
318860;No;516;516;88;0.74;2258;0.85;0.84
318874;No;516;516;88;0.74;2283;0.85;0.84
318924;No;516;516;88;0.74;2309;0.85;0.84
318988;No;516;516;88;0.74;2335;0.85;0.84
319028;No;517;517;88;0.74;2361;0.85;0.84
319082;No;517;517;88;0.74;2358;0.86;0.84
319124;No;517;517;88;0.74;2356;0.85;0.84
319165;No;517;517;88;0.74;2354;0.85;0.84
319205;No;517;517;88;0.74;2351;0.84;0.83
319245;No;517;518;88;0.74;2348;0.84;0.83
319265;No;518;518;88;0.74;2346;0.84;0.82
319311;No;518;518;88;0.74;2344;0.83;0.82
319325;No;518;518;88;0.74;2341;0.83;0.82
319382;No;518;518;88;0.74;2288;0.83;0.81
319420;No;519;518;88;0.74;2234;0.83;0.81
319465;No;519;519;88;0.74;2181;0.83;0.80
319525;No;519;519;88;0.74;2128;0.83;0.80
319567;No;519;519;88;0.74;2075;0.83;0.80
319606;No;519;519;88;0.74;2022;0.83;0.80
319670;No;520;519;88;0.74;1968;0.84;0.80
319721;No;520;520;88;0.74;1915;0.84;0.80
319761;No;520;520;88;0.74;1921;0.84;0.79
319827;No;520;520;88;0.74;1927;0.84;0.79
319867;No;520;520;88;0.74;1933;0.84;0.79
319909;No;520;520;88;0.74;1940;0.84;0.79
319924;No;521;520;88;0.74;1946;0.84;0.79
320000;No;521;521;88;0.74;1952;0.84;0.79
320014;No;521;521;88;0.74;1958;0.84;0.78
320053;No;521;521;88;0.74;1964;0.84;0.78
320075;No;521;521;88;0.74;1970;0.84;0.78
320123;No;521;522;88;0.74;1976;0.84;0.78
320164;No;522;522;88;0.74;1983;0.83;0.77
320218;No;522;522;88;0.74;1989;0.83;0.77
320297;No;522;522;88;0.74;1996;0.83;0.77
320336;No;522;522;88;0.74;2002;0.83;0.77
320376;No;522;523;88;0.74;2008;0.82;0.76
320415;No;523;523;88;0.74;2015;0.82;0.76
320456;No;523;523;88;0.74;2018;0.82;0.76
320496;No;523;523;88;0.74;2020;0.82;0.75
320535;No;523;524;88;0.74;2022;0.83;0.76
320597;No;524;524;88;0.74;2025;0.83;0.76
320635;No;524;524;88;0.74;2028;0.83;0.76
320684;No;524;524;88;0.74;2030;0.84;0.77
320722;No;524;524;88;0.74;2033;0.84;0.77
320733;No;524;524;88;0.74;2035;0.85;0.78
320778;No;524;524;88;0.74;2043;0.85;0.78
320794;No;525;525;88;0.74;2051;0.85;0.78
320835;No;525;525;88;0.74;2058;0.85;0.78
320899;No;525;525;88;0.74;2066;0.85;0.79
320914;No;525;525;88;0.74;2074;0.85;0.79
320953;No;525;525;88;0.74;2082;0.85;0.79
320974;No;526;525;88;0.74;2090;0.85;0.79
321013;No;526;526;88;0.74;2098;0.85;0.79
321055;No;526;526;88;0.74;2109;0.85;0.79
321093;No;526;526;88;0.74;2120;0.85;0.80
321135;No;526;526;88;0.74;2132;0.85;0.80
321197;No;526;527;88;0.74;2144;0.84;0.79
321237;No;527;527;88;0.74;2155;0.84;0.79
321275;No;527;527;88;0.74;2166;0.84;0.79
321316;No;527;528;88;0.74;2178;0.84;0.79
321365;No;527;528;88;0.74;2190;0.83;0.79
321403;No;528;528;88;0.74;2195;0.83;0.79
321442;No;528;528;88;0.74;2200;0.83;0.79
321456;No;528;528;88;0.74;2206;0.84;0.79
321529;No;528;529;88;0.74;2211;0.84;0.79
321546;No;528;529;88;0.74;2216;0.84;0.79
321586;No;529;529;88;0.74;2222;0.84;0.79
321627;No;529;529;88;0.74;2227;0.85;0.79
321666;No;529;529;88;0.74;2232;0.85;0.79
321706;No;529;530;88;0.74;2209;0.85;0.79
321746;No;530;530;88;0.74;2186;0.85;0.79
321799;No;530;530;88;0.74;2162;0.85;0.79
321814;No;530;530;88;0.74;2140;0.85;0.79
321854;No;530;530;88;0.74;2116;0.85;0.79
321875;No;530;530;88;0.74;2093;0.84;0.79
321915;No;530;531;88;0.74;2070;0.84;0.79
321934;No;530;531;88;0.74;2046;0.84;0.79
321975;No;531;531;88;0.74;1980;0.84;0.79
322016;No;531;531;88;0.74;1914;0.84;0.79
322057;No;531;531;88;0.74;1847;0.84;0.79
322128;No;531;531;88;0.74;1780;0.83;0.79
322144;No;531;531;88;0.74;1714;0.83;0.79
322185;No;531;532;88;0.74;1647;0.83;0.79
322256;No;532;532;88;0.74;1580;0.83;0.78
322296;No;532;532;88;0.74;1514;0.83;0.78
322336;No;532;532;88;0.74;1521;0.83;0.78
322398;No;532;532;88;0.74;1528;0.83;0.78
322415;No;532;532;88;0.74;1536;0.83;0.78
322454;No;532;532;88;0.74;1543;0.83;0.78
322493;No;532;532;88;0.74;1550;0.83;0.78
322534;No;533;533;88;0.74;1557;0.83;0.79
322573;No;533;533;88;0.74;1564;0.83;0.79
322594;No;533;533;88;0.74;1571;0.83;0.79
322633;No;533;533;88;0.74;1564;0.83;0.79
322708;No;533;533;88;0.74;1557;0.83;0.79
322748;No;533;533;88;0.74;1550;0.83;0.79
322790;No;533;534;88;0.74;1543;0.83;0.79
322857;No;534;534;88;0.74;1536;0.84;0.79
322899;No;534;534;88;0.74;1528;0.84;0.79
322938;No;534;534;88;0.74;1521;0.84;0.79
322999;No;534;534;88;0.74;1514;0.84;0.79
323045;No;534;534;88;0.74;1499;0.84;0.79
323084;No;534;534;89;0.74;1484;0.84;0.79
323123;No;534;534;89;0.74;1470;0.84;0.79
323187;No;535;535;89;0.74;1455;0.84;0.79
323229;No;535;535;89;0.74;1440;0.84;0.79
323301;No;535;535;89;0.74;1426;0.84;0.79
323314;No;535;535;89;0.74;1411;0.84;0.79
323345;No;535;535;89;0.74;1396;0.84;0.79
323385;No;535;535;89;0.74;1373;0.84;0.79
323456;No;535;536;89;0.74;1351;0.83;0.79
323495;No;535;536;89;0.73;1328;0.83;0.79
323534;No;536;536;89;0.73;1306;0.83;0.79
323601;No;536;536;89;0.73;1283;0.83;0.79
323614;No;536;536;89;0.73;1260;0.83;0.79
323654;No;536;536;89;0.73;1238;0.83;0.78
323695;No;536;536;89;0.73;1215;0.83;0.78
323734;No;536;536;89;0.73;1229;0.83;0.78
323775;No;536;536;89;0.73;1244;0.83;0.78
323795;No;536;537;89;0.73;1258;0.83;0.78
323834;No;536;537;89;0.74;1272;0.83;0.78
323901;No;537;537;89;0.74;1286;0.83;0.78
323913;No;537;537;89;0.74;1301;0.83;0.79
323960;No;537;537;89;0.74;1315;0.83;0.79
323972;No;537;537;89;0.74;1329;0.83;0.79
324013;No;537;537;89;0.74;1343;0.84;0.79
324052;No;537;537;89;0.74;1357;0.84;0.79
324094;No;537;537;89;0.74;1371;0.85;0.79
324133;No;537;538;89;0.74;1386;0.85;0.80
324154;No;537;538;89;0.74;1400;0.86;0.81
324202;No;538;538;89;0.74;1414;0.86;0.82
324212;No;538;538;89;0.74;1428;0.87;0.82
324258;No;538;538;89;0.74;1442;0.87;0.83
324274;No;538;538;89;0.74;1442;0.88;0.84
324321;No;538;538;89;0.74;1443;0.87;0.85
324334;No;538;538;89;0.74;1444;0.87;0.85
324375;No;538;538;89;0.74;1444;0.87;0.85
324415;No;538;538;89;0.74;1445;0.87;0.85
324458;No;538;538;89;0.74;1445;0.87;0.85
324536;No;538;538;89;0.74;1446;0.87;0.85
324576;No;539;538;89;0.74;1446;0.87;0.85
324617;No;539;539;89;0.74;1423;0.87;0.85
324655;No;539;539;89;0.74;1400;0.87;0.86
324695;No;539;539;89;0.74;1377;0.87;0.86
324741;No;539;539;89;0.74;1354;0.87;0.86
324800;No;539;539;89;0.74;1330;0.87;0.86
324814;No;539;539;89;0.74;1307;0.87;0.86
324854;No;539;539;89;0.74;1284;0.87;0.86
324892;No;540;539;89;0.74;1260;0.87;0.86
324938;No;540;540;89;0.74;1264;0.87;0.86
324983;No;540;540;89;0.74;1268;0.87;0.86
325024;No;540;540;89;0.74;1272;0.87;0.86
325101;No;540;540;89;0.74;1276;0.87;0.86
325113;No;540;540;89;0.74;1280;0.87;0.86
325158;No;540;540;89;0.74;1284;0.87;0.86
325183;No;540;540;89;0.74;1288;0.87;0.86
325224;No;540;540;89;0.74;1292;0.87;0.86
325264;No;540;540;89;0.74;1292;0.87;0.86
325302;No;540;540;89;0.74;1292;0.86;0.87
325326;No;541;540;89;0.74;1292;0.86;0.87
325400;No;541;541;89;0.74;1292;0.86;0.87
325414;No;541;541;89;0.74;1292;0.86;0.87
325453;No;541;541;89;0.74;1292;0.86;0.87
325474;No;541;541;89;0.74;1292;0.86;0.87
325515;No;541;541;89;0.74;1292;0.86;0.87
325555;No;541;541;89;0.74;1290;0.86;0.87
325593;No;542;541;89;0.74;1288;0.86;0.87
325635;No;542;542;89;0.74;1287;0.86;0.86
325701;No;542;542;89;0.74;1285;0.86;0.86
325713;No;542;542;89;0.74;1283;0.86;0.86
325754;No;542;542;89;0.74;1282;0.86;0.86
325793;No;542;542;89;0.74;1280;0.86;0.86
325840;No;542;542;89;0.74;1278;0.86;0.86
325896;No;542;542;89;0.74;1282;0.86;0.86
325936;No;542;542;89;0.74;1286;0.86;0.86
326003;Yes;543;542;89;0.74;1291;0.86;0.86
326045;Yes;543;543;89;0.74;1295;0.86;0.86
326083;Yes;543;543;89;0.74;1299;0.86;0.86
326122;Yes;543;543;89;0.74;1303;0.86;0.86
326163;Yes;543;543;89;0.74;1308;0.86;0.86
326202;Yes;543;543;89;0.74;1312;0.86;0.86
326224;Yes;543;543;89;0.74;1322;0.87;0.86
326301;Yes;544;543;90;0.74;1332;0.87;0.87
326313;Yes;544;544;90;0.74;1342;0.87;0.87
326352;Yes;544;544;90;0.74;1353;0.87;0.87
326395;Yes;544;544;90;0.74;1363;0.87;0.87
326434;Yes;544;544;90;0.74;1373;0.87;0.87
326474;Yes;544;544;90;0.74;1383;0.87;0.87
326517;Yes;544;544;90;0.74;1394;0.87;0.87
326555;Yes;544;544;90;0.74;1398;0.87;0.87
326631;Yes;544;544;90;0.74;1403;0.87;0.88
326644;Yes;544;545;90;0.74;1408;0.87;0.87
326685;Yes;545;545;90;0.74;1413;0.87;0.87
326726;Yes;545;545;90;0.74;1418;0.87;0.87
326766;Yes;545;545;90;0.74;1422;0.87;0.87
326806;Yes;545;545;90;0.74;1427;0.87;0.87
326845;Yes;545;545;90;0.74;1432;0.87;0.87
326899;Yes;545;545;90;0.74;1430;0.87;0.87
326916;Yes;546;546;90;0.74;1428;0.87;0.87
326962;Yes;546;546;90;0.74;1427;0.87;0.86
327028;Yes;546;546;90;0.74;1425;0.87;0.86
327070;Yes;546;546;90;0.74;1424;0.87;0.86
327113;Yes;546;546;90;0.74;1422;0.87;0.86
327209;Yes;546;546;90;0.74;1420;0.87;0.86
327259;Yes;546;546;90;0.74;1419;0.87;0.86
327275;Yes;546;546;90;0.74;1403;0.87;0.86
327315;Yes;546;546;90;0.74;1387;0.86;0.86
327356;Yes;547;546;90;0.74;1372;0.86;0.85
327402;Yes;547;547;90;0.74;1356;0.86;0.85
327441;Yes;547;547;90;0.74;1340;0.85;0.84
327454;Yes;547;547;90;0.74;1324;0.85;0.84
327501;Yes;547;547;90;0.74;1308;0.85;0.84
327546;Yes;547;547;90;0.74;1292;0.84;0.83
327592;Yes;547;547;90;0.74;1273;0.84;0.83
327635;Yes;548;547;90;0.74;1253;0.84;0.83
327674;Yes;548;548;90;0.74;1234;0.84;0.83
327695;Yes;548;548;90;0.74;1214;0.84;0.82
327735;Yes;548;548;90;0.74;1194;0.84;0.82
327754;Yes;548;548;90;0.74;1174;0.83;0.82
327800;Yes;548;548;90;0.74;1155;0.83;0.82
327814;Yes;548;548;90;0.74;1135;0.83;0.82
327858;Yes;548;548;90;0.74;1200;0.83;0.82
327874;Yes;548;548;90;0.74;1264;0.83;0.82
327927;Yes;549;548;90;0.74;1328;0.83;0.81
327967;Yes;549;549;90;0.74;1393;0.82;0.81
328007;Yes;549;549;90;0.74;1457;0.82;0.81
328026;Yes;549;549;90;0.74;1522;0.82;0.80
328100;Yes;549;549;90;0.74;1586;0.82;0.80
328113;Yes;549;549;90;0.74;1651;0.81;0.80
328154;Yes;550;549;90;0.74;1667;0.81;0.79
328175;Yes;550;550;90;0.74;1683;0.81;0.79
328215;Yes;550;550;90;0.74;1699;0.82;0.79
328255;Yes;550;550;90;0.74;1715;0.82;0.79
328300;Yes;550;550;90;0.74;1731;0.82;0.79
328341;Yes;550;550;90;0.74;1747;0.82;0.79
328354;Yes;551;550;90;0.74;1763;0.82;0.79
328400;Yes;551;551;90;0.74;1779;0.82;0.79
328413;Yes;551;551;90;0.74;1771;0.83;0.79
328459;Yes;551;551;90;0.74;1764;0.83;0.79
328530;Yes;551;551;90;0.74;1756;0.83;0.79
328568;Yes;552;551;90;0.74;1749;0.82;0.79
328607;Yes;552;552;90;0.74;1742;0.82;0.79
328623;Yes;552;552;90;0.74;1734;0.82;0.79
328698;Yes;552;552;90;0.74;1727;0.82;0.79
328715;Yes;552;552;90;0.74;1720;0.82;0.79
328755;Yes;552;552;90;0.74;1718;0.82;0.79
328794;Yes;553;552;90;0.74;1717;0.82;0.79
328835;Yes;553;553;90;0.74;1716;0.82;0.79
328886;Yes;553;553;90;0.74;1714;0.82;0.79
328925;Yes;553;553;90;0.74;1713;0.82;0.79
329001;Yes;553;553;90;0.74;1712;0.82;0.79
329016;Yes;554;554;90;0.74;1710;0.82;0.79
329055;Yes;554;554;90;0.74;1709;0.82;0.79
329073;Yes;554;554;90;0.74;1710;0.82;0.79
329112;Yes;554;554;90;0.74;1712;0.82;0.79
329152;Yes;554;554;90;0.74;1714;0.82;0.79
329218;Yes;554;555;90;0.74;1715;0.82;0.79
329298;Yes;554;555;90;0.74;1717;0.82;0.79
329313;Yes;555;555;90;0.74;1718;0.82;0.79
329352;Yes;555;555;90;0.74;1720;0.82;0.79
329392;Yes;555;555;90;0.74;1722;0.82;0.79
329434;Yes;555;556;90;0.74;1721;0.82;0.79
329474;Yes;555;556;90;0.74;1720;0.82;0.79
329494;Yes;556;556;90;0.74;1719;0.82;0.79
329535;Yes;556;556;90;0.74;1718;0.82;0.79
329598;Yes;556;556;90;0.74;1717;0.82;0.79
329646;Yes;556;556;90;0.74;1716;0.82;0.80
329686;Yes;556;557;90;0.74;1716;0.83;0.80
329706;Yes;557;557;90;0.74;1714;0.83;0.80
329738;Yes;557;557;90;0.74;1721;0.83;0.80
329778;Yes;557;558;90;0.74;1728;0.82;0.81
329817;Yes;558;558;90;0.74;1734;0.82;0.80
329857;Yes;558;558;90;0.74;1741;0.82;0.80
329934;Yes;558;558;90;0.74;1748;0.82;0.80
329975;Yes;558;558;90;0.74;1755;0.81;0.80
330022;Yes;559;559;90;0.74;1761;0.81;0.79
330064;Yes;559;559;90;0.74;1768;0.81;0.79
330104;Yes;559;559;90;0.74;1774;0.81;0.79
330124;Yes;559;559;90;0.74;1781;0.81;0.79
330201;Yes;560;560;90;0.74;1787;0.81;0.79
330246;Yes;560;560;90;0.74;1794;0.81;0.78
330284;Yes;560;560;90;0.74;1800;0.81;0.78
330324;Yes;560;560;90;0.74;1807;0.81;0.78
330368;Yes;561;561;90;0.74;1813;0.81;0.78
330413;Yes;561;561;90;0.74;1820;0.81;0.78
330454;Yes;561;561;90;0.74;1810;0.81;0.77
330500;Yes;561;561;90;0.74;1801;0.81;0.77
330516;Yes;562;562;90;0.74;1792;0.81;0.77
330562;Yes;562;562;90;0.74;1783;0.81;0.77
330629;Yes;562;562;90;0.74;1774;0.81;0.77
330672;Yes;562;562;90;0.74;1765;0.81;0.77
330715;Yes;563;563;90;0.74;1756;0.81;0.77
330757;Yes;563;563;90;0.74;1746;0.81;0.77
330832;Yes;563;563;90;0.74;1750;0.81;0.77
330848;Yes;563;563;90;0.74;1753;0.81;0.77
330888;Yes;564;563;90;0.74;1756;0.80;0.77
330926;Yes;564;564;90;0.74;1760;0.80;0.77
330972;Yes;564;564;90;0.74;1763;0.80;0.77
331016;Yes;564;564;90;0.74;1766;0.80;0.77
331056;Yes;564;564;90;0.74;1770;0.80;0.76
331100;Yes;565;564;90;0.74;1773;0.80;0.76
331116;Yes;565;565;90;0.74;1781;0.80;0.76
331154;Yes;565;565;90;0.74;1789;0.80;0.76
331195;Yes;565;565;90;0.74;1797;0.80;0.76
331233;Yes;565;565;90;0.74;1805;0.80;0.77
331274;Yes;566;565;90;0.74;1813;0.81;0.77
331297;Yes;566;566;90;0.74;1822;0.81;0.77
331335;Yes;566;566;90;0.74;1830;0.81;0.77
331399;Yes;566;566;90;0.74;1838;0.81;0.77
331414;Yes;567;566;90;0.74;1847;0.82;0.78
331455;Yes;567;567;90;0.74;1857;0.81;0.78
331494;Yes;567;567;90;0.73;1867;0.81;0.78
331535;Yes;567;567;90;0.73;1876;0.81;0.77
331577;Yes;568;567;90;0.73;1886;0.81;0.77
331616;Yes;568;568;90;0.73;1896;0.81;0.77
331663;Yes;568;568;90;0.73;1906;0.81;0.77
331733;Yes;569;569;90;0.73;1915;0.80;0.77
331797;Yes;569;569;90;0.73;1916;0.80;0.76
331837;Yes;569;570;90;0.73;1916;0.80;0.76
331877;Yes;570;570;90;0.73;1917;0.80;0.76
331915;Yes;570;571;90;0.73;1918;0.80;0.76
332000;Yes;570;571;90;0.73;1918;0.80;0.75
332017;Yes;571;571;90;0.73;1919;0.80;0.75
332056;Yes;571;572;90;0.73;1920;0.79;0.75
332128;Yes;572;572;90;0.73;1920;0.79;0.74
332168;Yes;572;572;90;0.73;1904;0.79;0.74
332206;Yes;572;573;91;0.73;1888;0.80;0.74
332245;Yes;573;573;91;0.73;1872;0.80;0.74
332324;Yes;573;573;91;0.73;1855;0.80;0.74
332365;Yes;573;574;91;0.73;1839;0.81;0.75
332430;Yes;574;574;91;0.73;1823;0.81;0.75
332470;Yes;574;574;91;0.73;1807;0.81;0.75
332516;Yes;574;574;91;0.73;1790;0.82;0.75
332556;Yes;575;575;91;0.73;1786;0.82;0.76
332631;Yes;575;575;91;0.73;1782;0.82;0.76
332697;Yes;575;575;91;0.73;1778;0.82;0.76
332741;Yes;576;575;91;0.73;1774;0.82;0.76
332764;Yes;576;576;91;0.73;1769;0.82;0.76
332803;Yes;576;576;91;0.73;1765;0.82;0.76
332844;Yes;576;576;91;0.73;1761;0.81;0.75
332898;Yes;576;576;91;0.73;1756;0.81;0.75
332916;Yes;576;576;91;0.73;1758;0.81;0.75
332961;Yes;576;576;91;0.73;1760;0.81;0.75
332978;Yes;576;576;91;0.73;1761;0.82;0.75
333017;Yes;576;577;91;0.73;1763;0.82;0.76
333057;Yes;577;577;91;0.73;1764;0.82;0.76
333104;Yes;577;577;91;0.73;1766;0.82;0.76
333124;Yes;577;577;91;0.73;1768;0.82;0.76
333199;Yes;577;577;91;0.73;1769;0.82;0.76
333238;Yes;578;578;91;0.73;1769;0.83;0.76
333279;Yes;578;578;91;0.73;1769;0.83;0.76
333321;Yes;578;578;91;0.73;1768;0.83;0.76
333335;Yes;578;578;91;0.73;1768;0.83;0.77
333375;Yes;578;578;91;0.73;1768;0.83;0.77
333415;Yes;578;578;91;0.73;1768;0.83;0.77
333461;Yes;579;578;91;0.73;1768;0.83;0.77
333532;Yes;579;579;91;0.73;1768;0.83;0.77
333578;Yes;579;579;91;0.73;1768;0.83;0.78
333617;Yes;579;579;91;0.73;1768;0.82;0.78
333636;Yes;579;579;91;0.73;1769;0.82;0.78
333678;Yes;579;579;91;0.73;1770;0.82;0.78
333694;Yes;580;579;91;0.73;1770;0.82;0.78
333738;Yes;580;580;91;0.73;1770;0.82;0.78
333754;Yes;580;580;91;0.73;1771;0.82;0.77
333831;Yes;580;580;91;0.73;1772;0.81;0.77
333896;Yes;580;580;91;0.73;1778;0.81;0.77
333937;Yes;580;580;91;0.73;1784;0.81;0.77
333981;Yes;580;580;91;0.73;1790;0.82;0.77
333996;Yes;581;580;91;0.73;1796;0.82;0.78
334037;Yes;581;581;91;0.73;1802;0.82;0.78
334056;Yes;581;581;91;0.73;1808;0.82;0.78
334131;Yes;581;581;91;0.72;1814;0.82;0.78
334197;Yes;582;581;91;0.72;1820;0.82;0.78
334237;Yes;582;582;91;0.72;1820;0.83;0.78
334278;Yes;582;582;91;0.72;1820;0.83;0.78
334317;Yes;582;582;91;0.72;1821;0.82;0.78
334358;Yes;583;582;91;0.72;1821;0.82;0.78
334416;Yes;583;583;91;0.72;1822;0.82;0.78
334455;Yes;583;583;91;0.72;1822;0.82;0.79
334497;Yes;583;583;91;0.72;1822;0.82;0.79
334538;Yes;584;583;91;0.72;1823;0.82;0.79
334577;Yes;584;584;91;0.72;1822;0.82;0.79
334618;Yes;584;584;91;0.72;1820;0.81;0.79
334657;No;584;584;91;0.72;1820;0.81;0.79
334732;No;584;584;91;0.72;1818;0.81;0.78
334797;No;585;584;91;0.72;1817;0.81;0.78
334855;No;585;585;91;0.72;1816;0.81;0.78
334896;No;585;585;91;0.72;1815;0.81;0.78
334935;No;585;585;91;0.72;1814;0.80;0.78
335000;No;585;585;91;0.72;1799;0.80;0.77
335016;No;585;586;91;0.72;1784;0.80;0.77
335056;No;586;586;91;0.72;1770;0.80;0.77
335098;No;586;586;91;0.72;1755;0.80;0.77
335136;No;586;586;91;0.72;1740;0.80;0.77
335176;No;586;586;91;0.72;1726;0.80;0.77
335237;No;586;586;91;0.72;1711;0.81;0.77
335300;No;586;586;91;0.72;1696;0.81;0.77
335316;No;587;587;91;0.72;1685;0.81;0.77
335357;No;587;587;91;0.72;1674;0.81;0.77
335396;No;587;587;91;0.72;1663;0.81;0.77
335450;No;587;587;91;0.72;1652;0.80;0.77
335465;No;587;587;91;0.72;1641;0.80;0.77
335505;No;588;587;91;0.72;1630;0.80;0.77
335546;No;588;588;91;0.72;1619;0.80;0.77
335600;No;588;588;91;0.72;1608;0.80;0.77
335639;No;588;588;91;0.72;1601;0.80;0.77
335677;No;588;588;91;0.72;1594;0.80;0.77
335717;No;588;588;91;0.72;1588;0.80;0.77
335759;No;588;588;91;0.72;1581;0.80;0.77
335800;No;588;588;91;0.72;1574;0.80;0.77
335841;No;589;588;91;0.72;1568;0.80;0.77
335856;No;589;589;91;0.72;1561;0.80;0.76
335930;No;589;589;91;0.72;1554;0.80;0.76
335976;No;589;589;91;0.72;1548;0.80;0.76
336014;No;589;589;92;0.72;1542;0.80;0.76
336056;No;589;589;92;0.72;1536;0.80;0.76
336096;No;589;589;92;0.72;1530;0.80;0.76
336138;No;590;589;92;0.72;1524;0.80;0.76
336199;No;590;590;92;0.72;1519;0.80;0.76
336237;No;590;590;92;0.72;1513;0.81;0.76
336277;No;590;590;92;0.72;1507;0.81;0.76
336317;No;590;590;92;0.72;1508;0.81;0.76
336363;No;590;590;92;0.72;1508;0.80;0.76
336402;No;591;590;92;0.72;1509;0.80;0.76
336442;No;591;591;92;0.72;1510;0.80;0.75
336499;No;591;591;92;0.72;1510;0.80;0.75
336517;No;591;591;92;0.72;1511;0.80;0.75
336557;No;591;591;92;0.72;1512;0.80;0.75
336595;No;591;591;92;0.72;1512;0.79;0.75
336634;No;591;591;92;0.72;1513;0.79;0.75
336675;No;591;591;92;0.72;1513;0.79;0.74
336697;No;591;592;92;0.72;1514;0.79;0.74
336736;No;592;592;92;0.72;1514;0.80;0.74
336799;No;592;592;92;0.72;1514;0.80;0.74
336838;No;592;592;92;0.72;1514;0.80;0.74
336879;No;592;592;92;0.72;1515;0.80;0.74
336918;No;592;592;92;0.72;1515;0.80;0.74
336957;No;592;592;92;0.72;1514;0.80;0.74
336995;No;592;592;92;0.72;1512;0.80;0.74
337036;No;593;593;92;0.72;1510;0.80;0.74
337100;No;593;593;92;0.72;1508;0.80;0.74
337117;No;593;593;92;0.72;1506;0.80;0.75
337156;No;593;593;92;0.72;1504;0.80;0.75
337196;No;593;593;92;0.72;1502;0.81;0.75
337235;No;593;593;92;0.72;1500;0.81;0.75
337275;No;594;593;92;0.72;1473;0.81;0.75
337313;No;594;594;92;0.72;1445;0.81;0.75
337420;No;594;594;92;0.72;1418;0.81;0.75
337461;No;594;594;92;0.72;1390;0.80;0.75
337507;No;594;594;92;0.72;1362;0.80;0.75
337547;No;594;594;92;0.72;1335;0.80;0.75
337586;No;594;594;92;0.72;1307;0.80;0.75
337626;No;594;594;92;0.72;1280;0.80;0.75
337703;No;594;594;92;0.72;1278;0.80;0.75
337747;No;594;595;92;0.72;1276;0.80;0.75
337789;No;595;595;92;0.72;1274;0.81;0.75
337805;No;595;595;92;0.72;1272;0.81;0.75
337847;No;595;595;92;0.72;1270;0.81;0.75
337886;No;595;595;92;0.72;1268;0.81;0.76
337926;No;595;595;92;0.72;1266;0.82;0.76
337998;No;595;595;92;0.72;1264;0.82;0.76
338016;No;595;595;92;0.72;1261;0.82;0.76
338064;No;596;596;92;0.72;1258;0.82;0.76
338128;No;596;596;92;0.72;1255;0.82;0.76
338168;No;596;596;92;0.72;1252;0.82;0.76
338208;No;596;596;92;0.72;1249;0.82;0.76
338225;No;596;596;92;0.72;1246;0.82;0.76
338300;No;596;596;92;0.72;1244;0.81;0.76
338316;No;596;596;92;0.72;1240;0.81;0.76
338355;No;596;596;92;0.72;1241;0.81;0.75
338395;No;596;596;92;0.72;1241;0.81;0.75
338445;No;596;596;92;0.72;1241;0.81;0.75
338484;No;597;596;92;0.72;1241;0.81;0.75
338525;No;597;597;92;0.72;1242;0.81;0.75
338603;No;597;597;92;0.72;1242;0.81;0.75
338646;No;597;597;92;0.72;1242;0.80;0.75
338696;No;597;597;92;0.72;1242;0.80;0.75
338735;No;597;597;92;0.72;1243;0.80;0.75
338775;No;597;597;92;0.72;1243;0.80;0.75
338813;No;597;597;92;0.72;1244;0.80;0.75
338859;No;598;598;92;0.72;1245;0.80;0.74
338937;No;598;598;92;0.72;1245;0.80;0.74
338976;No;598;598;92;0.72;1246;0.80;0.74
339016;No;598;598;92;0.72;1246;0.79;0.74
339058;No;598;598;92;0.72;1247;0.79;0.73
339097;No;598;598;92;0.72;1248;0.79;0.73
339142;No;598;598;92;0.72;1248;0.79;0.73
339199;No;598;598;92;0.72;1249;0.79;0.73
339238;No;598;598;92;0.72;1250;0.79;0.73
339284;No;599;598;92;0.72;1250;0.79;0.73
339325;No;599;599;92;0.72;1251;0.79;0.73
339370;No;599;599;92;0.72;1252;0.79;0.73
339410;No;599;599;92;0.72;1252;0.79;0.74
339427;No;599;599;92;0.72;1252;0.79;0.74
339498;No;599;599;92;0.72;1252;0.79;0.74
339540;No;599;599;92;0.72;1252;0.79;0.74
339586;No;599;599;92;0.72;1253;0.79;0.74
339627;No;599;599;92;0.72;1253;0.79;0.74
339673;No;599;600;92;0.72;1253;0.79;0.74
339712;No;600;600;92;0.72;1253;0.79;0.74
339799;No;600;600;92;0.72;1254;0.79;0.73
339816;No;600;600;92;0.72;1254;0.79;0.73
339862;No;600;600;92;0.72;1255;0.79;0.73
339928;No;600;600;92;0.72;1256;0.79;0.73
339976;No;600;600;92;0.72;1256;0.79;0.74
340016;No;600;600;92;0.72;1257;0.79;0.74
340059;No;600;600;92;0.72;1257;0.79;0.74
340132;No;600;600;92;0.72;1258;0.79;0.74
340198;No;601;600;92;0.72;1258;0.79;0.74
340242;No;601;601;92;0.72;1259;0.79;0.74
340283;No;601;601;92;0.72;1260;0.79;0.74
340328;No;601;601;92;0.72;1260;0.79;0.74
340401;No;601;601;92;0.72;1260;0.79;0.74
340416;No;601;601;92;0.72;1261;0.79;0.74
340454;No;601;601;92;0.72;1262;0.79;0.74
340495;No;601;601;92;0.72;1262;0.79;0.74
340535;No;601;601;92;0.72;1262;0.79;0.74
340573;No;601;602;92;0.72;1264;0.79;0.73
340613;No;602;602;92;0.72;1264;0.79;0.73
340679;No;602;602;92;0.72;1265;0.79;0.73
340726;No;602;602;92;0.72;1266;0.79;0.73
340769;No;602;602;92;0.72;1267;0.79;0.74
340808;No;602;602;92;0.72;1268;0.79;0.74
340848;No;602;602;92;0.72;1269;0.79;0.74
340866;No;602;602;92;0.72;1270;0.79;0.74
340908;No;602;602;92;0.72;1270;0.79;0.74
340925;No;602;602;92;0.72;1271;0.79;0.74
340995;No;603;602;92;0.72;1272;0.79;0.74
341035;No;603;603;92;0.72;1272;0.79;0.73
341080;No;603;603;92;0.72;1273;0.79;0.73
341118;No;603;603;92;0.72;1273;0.78;0.73
341158;No;603;603;92;0.72;1274;0.78;0.73
341197;No;603;603;92;0.72;1274;0.78;0.73
341256;No;603;603;92;0.72;1275;0.78;0.73
341327;No;603;603;93;0.72;1276;0.78;0.72
341368;No;603;603;93;0.72;1276;0.78;0.72
341407;No;603;604;93;0.72;1277;0.78;0.73
341445;No;604;604;93;0.72;1278;0.79;0.73
341495;No;604;604;93;0.72;1278;0.79;0.73
341537;No;604;604;93;0.72;1279;0.79;0.73
341556;No;604;604;93;0.72;1279;0.79;0.73
341629;No;604;604;93;0.72;1280;0.79;0.73
341676;No;604;604;93;0.72;1280;0.79;0.73
341714;No;604;604;93;0.72;1280;0.79;0.73
341756;No;604;604;93;0.72;1280;0.78;0.73
341799;No;604;604;93;0.72;1281;0.78;0.73
341841;No;604;604;93;0.72;1281;0.78;0.73
341856;No;605;605;93;0.72;1282;0.78;0.73
341929;No;605;605;93;0.72;1282;0.78;0.73
341967;No;605;605;93;0.72;1283;0.78;0.73
342012;No;605;605;93;0.72;1284;0.78;0.73
342061;No;605;605;93;0.72;1284;0.78;0.73
342104;No;605;605;93;0.72;1285;0.78;0.73
342145;No;605;605;93;0.72;1286;0.79;0.73
342196;No;605;605;93;0.72;1287;0.79;0.74
342216;No;605;606;93;0.72;1288;0.79;0.74
342257;No;605;606;93;0.72;1289;0.79;0.74
342297;No;605;606;93;0.72;1290;0.79;0.74
342337;No;606;606;93;0.72;1290;0.79;0.74
342377;No;606;606;93;0.72;1292;0.79;0.74
342429;No;606;606;93;0.72;1292;0.79;0.74
342496;No;606;606;93;0.72;1293;0.79;0.74
342536;No;606;606;93;0.72;1294;0.79;0.74
342574;No;606;606;93;0.72;1295;0.79;0.74
342616;No;606;606;93;0.72;1296;0.79;0.74
342636;No;606;606;93;0.72;1296;0.79;0.73
342675;No;606;607;93;0.72;1296;0.79;0.73
342714;No;607;607;93;0.72;1296;0.79;0.73
342760;No;607;607;93;0.72;1296;0.79;0.73
342835;No;607;607;93;0.72;1297;0.79;0.73
342879;No;607;607;93;0.72;1297;0.79;0.73
342920;No;607;607;93;0.72;1297;0.79;0.73
342936;No;607;607;93;0.72;1297;0.80;0.73
342976;No;607;607;93;0.72;1298;0.80;0.73
343018;No;608;607;93;0.72;1300;0.80;0.73
343095;No;608;608;93;0.72;1302;0.80;0.73
343136;No;608;608;93;0.72;1303;0.79;0.73
343178;No;608;608;93;0.72;1305;0.79;0.73
343224;No;608;608;93;0.72;1306;0.79;0.73
343264;No;608;608;93;0.72;1308;0.79;0.73
343307;No;608;608;93;0.72;1310;0.79;0.73
343348;No;608;608;93;0.72;1310;0.79;0.73
343395;No;608;608;93;0.72;1310;0.79;0.73
343435;No;608;608;93;0.72;1310;0.79;0.73
343475;No;608;608;93;0.72;1310;0.80;0.73
343520;No;608;608;93;0.72;1310;0.80;0.73
343536;No;609;608;93;0.72;1310;0.80;0.73
343581;No;609;609;93;0.72;1310;0.80;0.73
343596;No;609;609;93;0.72;1310;0.80;0.73
343635;No;609;609;93;0.72;1311;0.80;0.73
343656;No;609;609;93;0.72;1312;0.80;0.73
343731;No;609;609;93;0.72;1314;0.80;0.73
343748;No;609;609;93;0.72;1315;0.80;0.73
343787;No;609;609;93;0.72;1316;0.80;0.73
343848;No;609;609;93;0.72;1317;0.80;0.73
343865;No;609;609;93;0.72;1318;0.80;0.73
343909;No;610;610;93;0.72;1320;0.80;0.73
343925;No;610;610;93;0.72;1320;0.80;0.73
343997;No;610;610;93;0.72;1321;0.80;0.73
344040;No;610;610;93;0.72;1321;0.80;0.73
344085;No;610;610;93;0.72;1322;0.80;0.73
344125;No;610;610;93;0.72;1322;0.80;0.74
344164;No;610;610;93;0.72;1322;0.80;0.74
344204;No;610;610;93;0.72;1323;0.81;0.74
344249;No;610;610;93;0.72;1324;0.81;0.74
344333;No;610;610;93;0.72;1324;0.81;0.74
344375;No;611;610;93;0.72;1324;0.81;0.74
344413;No;611;611;93;0.72;1325;0.81;0.74
344452;No;611;611;93;0.72;1326;0.80;0.74
344518;No;611;611;93;0.72;1326;0.80;0.74
344598;No;611;611;93;0.72;1327;0.80;0.74
344637;No;611;611;93;0.72;1327;0.80;0.74
344677;No;611;611;93;0.72;1328;0.80;0.74
344717;No;611;611;93;0.72;1328;0.80;0.74
344764;No;611;612;93;0.72;1329;0.80;0.74
344809;No;612;612;93;0.72;1330;0.80;0.74
344825;No;612;612;93;0.72;1331;0.80;0.74
344900;No;612;612;93;0.72;1332;0.80;0.74
344916;No;612;612;93;0.72;1332;0.80;0.73
344954;No;612;612;93;0.72;1333;0.79;0.73
344999;No;612;612;93;0.72;1334;0.79;0.73
345038;No;612;612;93;0.72;1336;0.79;0.73
345096;No;612;612;93;0.72;1339;0.79;0.72
345141;No;613;613;93;0.72;1341;0.79;0.72
345199;No;613;613;93;0.72;1344;0.79;0.72
345217;No;613;613;93;0.72;1346;0.79;0.73
345259;No;613;613;93;0.72;1349;0.79;0.73
345306;No;613;613;93;0.72;1351;0.80;0.73
345346;No;613;613;93;0.72;1354;0.80;0.73
345386;No;613;613;93;0.72;1407;0.80;0.73
345426;No;614;614;93;0.72;1460;0.79;0.73
345499;No;614;614;93;0.72;1513;0.79;0.70
345516;No;614;614;93;0.72;1566;0.79;0.68
345556;No;614;614;93;0.72;1619;0.79;0.66
345595;No;614;614;93;0.72;1672;0.79;0.63
345636;No;614;614;93;0.72;1725;0.78;0.61
345681;No;614;614;93;0.72;1778;0.78;0.58
345696;No;614;614;93;0.72;1766;0.78;0.56
345736;No;614;615;93;0.72;1755;0.78;0.53
345799;No;615;615;93;0.72;1744;0.78;0.55
345816;No;615;615;93;0.72;1732;0.78;0.57
345854;No;615;615;93;0.72;1721;0.78;0.59
345894;No;615;615;93;0.72;1710;0.78;0.61
345935;No;615;615;93;0.72;1698;0.79;0.63
345973;No;615;615;93;0.72;1687;0.79;0.65
345996;No;615;615;93;0.72;1659;0.79;0.67
346035;No;616;616;93;0.72;1632;0.79;0.68
346099;No;616;616;93;0.72;1604;0.79;0.69
346138;No;616;616;93;0.72;1577;0.79;0.69
346180;No;616;616;93;0.72;1550;0.79;0.70
346220;No;616;616;93;0.72;1522;0.80;0.70
346237;No;616;616;93;0.72;1494;0.80;0.71
346277;No;616;616;93;0.72;1467;0.80;0.71
346318;No;616;616;93;0.72;1458;0.80;0.71
346407;No;616;616;93;0.72;1450;0.80;0.72
346457;No;616;617;93;0.72;1441;0.80;0.72
346497;No;616;617;93;0.72;1433;0.80;0.72
346537;No;617;617;93;0.72;1424;0.80;0.72
346579;No;617;617;93;0.72;1416;0.80;0.72
346619;No;617;617;93;0.72;1407;0.80;0.72
346658;No;617;617;93;0.72;1398;0.80;0.73
346731;No;617;617;93;0.72;1385;0.80;0.73
346796;No;617;617;93;0.72;1372;0.80;0.73
346839;No;617;617;93;0.72;1360;0.80;0.73
346880;No;617;617;93;0.72;1346;0.80;0.73
346896;No;617;617;93;0.72;1334;0.80;0.73
346937;No;617;617;93;0.72;1321;0.80;0.73
346998;No;617;617;93;0.72;1308;0.80;0.73
347038;No;617;617;93;0.72;1295;0.80;0.72
347081;No;617;617;93;0.72;1291;0.80;0.72
347120;No;617;617;94;0.72;1287;0.80;0.72
347137;No;617;617;94;0.72;1284;0.80;0.72
347185;No;617;617;94;0.72;1280;0.79;0.72
347224;No;617;617;94;0.72;1276;0.79;0.72
347297;No;617;617;94;0.72;1272;0.79;0.72
347338;No;617;617;94;0.72;1269;0.79;0.72
347379;No;617;617;94;0.72;1265;0.79;0.72
347418;No;617;617;94;0.72;1258;0.79;0.72
347459;No;617;617;94;0.72;1250;0.79;0.72
347503;No;617;617;94;0.72;1243;0.79;0.72
347541;No;617;617;94;0.72;1236;0.79;0.72
347598;No;617;617;94;0.72;1229;0.79;0.72
347656;No;617;617;94;0.72;1222;0.79;0.72
347696;No;617;617;94;0.72;1214;0.79;0.72
347751;No;617;617;94;0.72;1207;0.79;0.71
347818;No;617;617;94;0.72;1215;0.79;0.71
347857;No;617;617;94;0.72;1223;0.79;0.71
347931;No;617;617;94;0.72;1231;0.79;0.71
347945;No;617;617;94;0.72;1239;0.79;0.71
347990;No;617;617;94;0.72;1247;0.79;0.71
348034;No;617;617;94;0.72;1254;0.79;0.71
348076;No;617;617;94;0.72;1262;0.79;0.71
348115;No;617;617;94;0.72;1270;0.79;0.71
348199;No;617;617;94;0.72;1275;0.79;0.71
348216;No;617;617;94;0.72;1280;0.79;0.71
348254;No;617;617;94;0.72;1285;0.79;0.71
348295;No;617;617;94;0.72;1290;0.79;0.71
348336;No;617;617;94;0.72;1295;0.79;0.72
348376;No;617;617;94;0.72;1300;0.79;0.72
348428;No;617;617;94;0.72;1305;0.79;0.72
348497;No;617;617;94;0.72;1310;0.79;0.72
348537;No;617;617;94;0.72;1311;0.79;0.72
348576;No;617;617;94;0.72;1312;0.79;0.72
348617;No;617;617;94;0.72;1313;0.79;0.72
348635;No;617;617;94;0.72;1314;0.80;0.72
348675;No;617;617;94;0.72;1316;0.80;0.73
348714;No;617;617;94;0.72;1316;0.80;0.73
348799;No;617;617;94;0.72;1318;0.80;0.73
348848;No;617;617;94;0.72;1318;0.80;0.74
348889;No;617;617;94;0.72;1317;0.80;0.74
348935;No;617;617;95;0.72;1316;0.80;0.74
348975;No;617;617;95;0.72;1314;0.80;0.74
348999;No;617;617;95;0.72;1313;0.80;0.74
349040;No;617;617;95;0.72;1312;0.80;0.75
349056;No;617;617;95;0.72;1310;0.80;0.75
349129;No;617;617;95;0.72;1309;0.81;0.75
349147;No;617;617;95;0.72;1308;0.81;0.75
349186;No;617;617;95;0.72;1308;0.81;0.75
349225;No;617;617;95;0.72;1307;0.81;0.75
349264;No;617;617;95;0.72;1307;0.81;0.75
349304;No;617;617;95;0.72;1306;0.81;0.75
349325;No;617;617;95;0.72;1306;0.81;0.75
349398;No;617;617;95;0.72;1306;0.81;0.75
349437;No;617;617;95;0.72;1305;0.81;0.75
349477;No;617;617;95;0.72;1305;0.81;0.75
349518;No;616;616;95;0.72;1304;0.81;0.75
349557;No;616;616;95;0.72;1304;0.81;0.75
349596;No;616;616;95;0.72;1303;0.81;0.75
349636;No;616;616;95;0.72;1303;0.80;0.75
349697;No;616;616;95;0.72;1302;0.80;0.75
349743;No;616;616;95;0.72;1302;0.80;0.75
349782;No;616;616;95;0.72;1301;0.80;0.75
349821;No;616;616;95;0.72;1300;0.80;0.75
349835;No;616;616;95;0.72;1299;0.80;0.75
349877;No;616;616;95;0.72;1298;0.80;0.75
349916;No;616;616;95;0.72;1298;0.80;0.75
350000;No;616;616;95;0.72;1296;0.80;0.75
350016;No;616;616;95;0.72;1296;0.80;0.75
350059;No;616;616;95;0.72;1295;0.80;0.75
350107;No;616;616;95;0.72;1294;0.80;0.75
350146;No;616;616;95;0.72;1293;0.80;0.75
350187;No;616;616;95;0.72;1292;0.80;0.75
350229;No;616;616;95;0.72;1291;0.80;0.75
350299;No;616;616;95;0.72;1290;0.80;0.75
350316;No;616;616;95;0.72;1290;0.80;0.75
350356;No;616;616;95;0.72;1289;0.80;0.75
350397;No;616;616;95;0.72;1288;0.80;0.75
350437;No;616;616;95;0.72;1287;0.80;0.75
350484;No;616;616;95;0.72;1286;0.80;0.75
350525;No;616;616;95;0.72;1285;0.80;0.75
350597;No;615;615;95;0.72;1284;0.80;0.75
350637;No;615;615;95;0.72;1283;0.80;0.75
350677;No;615;615;95;0.72;1282;0.80;0.75
350717;No;615;615;95;0.72;1281;0.80;0.75
350757;No;615;615;95;0.72;1280;0.80;0.75
350797;No;615;615;95;0.72;1278;0.80;0.75
350839;No;615;615;95;0.72;1277;0.80;0.75
350898;No;615;615;95;0.72;1277;0.80;0.75
350937;No;615;615;96;0.72;1276;0.80;0.75
350977;No;615;615;96;0.72;1276;0.80;0.75
351016;No;615;615;96;0.72;1275;0.80;0.75
351057;No;615;615;96;0.72;1274;0.80;0.75
351097;No;615;615;96;0.72;1274;0.80;0.75
351136;No;615;615;96;0.72;1273;0.80;0.75
351198;No;615;615;96;0.72;1273;0.80;0.74
351215;No;615;614;96;0.72;1272;0.80;0.74
351261;No;615;614;96;0.72;1271;0.80;0.74
351275;No;614;614;96;0.72;1270;0.80;0.74
351314;No;614;614;96;0.72;1270;0.80;0.74
351355;No;614;614;96;0.72;1269;0.80;0.74
351396;No;614;614;96;0.72;1268;0.80;0.74
351437;No;614;614;96;0.72;1267;0.80;0.74
351520;No;614;614;96;0.72;1266;0.80;0.74
351559;No;614;614;96;0.72;1266;0.80;0.74
351575;No;614;614;96;0.72;1266;0.80;0.74
351620;No;614;614;96;0.72;1266;0.80;0.74
351658;No;614;614;96;0.72;1266;0.80;0.74
351697;No;614;614;96;0.72;1266;0.80;0.74
351736;No;614;614;96;0.72;1266;0.80;0.74
351799;No;614;614;96;0.72;1266;0.80;0.74
351815;No;614;614;96;0.72;1266;0.80;0.74
351853;No;614;614;96;0.72;1264;0.80;0.74
351892;No;614;614;96;0.72;1262;0.80;0.74
351956;No;614;614;96;0.72;1260;0.80;0.74
352002;No;614;614;96;0.72;1258;0.80;0.74
352042;No;614;614;96;0.72;1257;0.80;0.74
352057;No;613;614;96;0.72;1255;0.80;0.74
352133;No;613;613;96;0.72;1253;0.80;0.74
352174;No;613;613;96;0.72;1251;0.80;0.74
352215;No;613;613;96;0.72;1250;0.80;0.74
352254;No;613;613;96;0.72;1249;0.80;0.74
352318;No;613;613;96;0.72;1248;0.80;0.74
352364;No;613;613;96;0.72;1246;0.80;0.74
352415;No;613;613;96;0.72;1245;0.80;0.74
352455;No;613;613;96;0.72;1244;0.80;0.74
352495;No;613;613;96;0.72;1243;0.80;0.74
352537;No;613;613;96;0.72;1242;0.80;0.74
352583;No;613;613;96;0.72;1242;0.80;0.74
352630;No;613;613;96;0.72;1242;0.80;0.74
352697;No;613;613;96;0.72;1243;0.80;0.74
352738;No;613;613;96;0.72;1243;0.79;0.74
352777;No;613;613;96;0.72;1244;0.79;0.74
352830;No;612;613;96;0.72;1244;0.79;0.74
352878;No;612;612;96;0.72;1244;0.79;0.74
352917;No;612;612;96;0.72;1244;0.79;0.73
352957;No;612;612;96;0.72;1242;0.79;0.73
353032;No;612;612;96;0.72;1240;0.79;0.73
353099;No;612;612;96;0.72;1237;0.79;0.73
353148;No;612;612;96;0.72;1234;0.79;0.73
353187;No;612;612;96;0.72;1232;0.79;0.73
353226;No;612;612;96;0.72;1230;0.79;0.73
353297;No;612;612;96;0.71;1227;0.79;0.73
353338;No;612;612;96;0.71;1224;0.79;0.73
353382;No;612;612;96;0.71;1223;0.79;0.73
353422;No;612;612;96;0.71;1222;0.79;0.73
353466;No;612;612;96;0.71;1221;0.79;0.73
353506;No;612;611;96;0.71;1220;0.79;0.73
353546;No;611;611;96;0.71;1218;0.79;0.72
353597;No;611;611;96;0.71;1218;0.79;0.72
353638;No;611;611;96;0.71;1216;0.79;0.72
353682;No;611;611;96;0.72;1215;0.79;0.72
353721;No;611;611;96;0.72;1214;0.79;0.72
353735;No;611;611;96;0.72;1213;0.79;0.72
353778;No;611;611;96;0.72;1212;0.79;0.65
353798;No;611;611;96;0.72;1210;0.78;0.58
353841;No;611;611;96;0.72;1209;0.78;0.51
353857;No;611;611;96;0.72;1208;0.78;0.45
353931;No;611;611;96;0.72;1207;0.78;0.38
353977;No;611;611;96;0.72;1206;0.78;0.31
354022;No;610;611;96;0.72;1204;0.78;0.24
354084;No;610;610;96;0.72;1203;0.69;0.17
354125;No;610;610;96;0.72;1202;0.61;0.15
354197;No;610;610;96;0.72;1200;0.52;0.13
354217;No;610;610;96;0.72;1199;0.44;0.11
354257;No;610;610;96;0.72;1198;0.36;0.09
354298;No;610;610;96;0.71;1197;0.27;0.07
354337;No;610;610;96;0.71;1196;0.19;0.05
354376;No;610;610;96;0.71;1195;0.10;0.04
354395;No;610;610;96;0.71;1195;0.09;0.02
354435;No;610;610;96;0.71;1195;0.08;0.01
354498;No;610;610;96;0.71;1195;0.07;0.01
354537;No;610;610;96;0.71;1194;0.06;0.01
354579;No;609;609;96;0.71;1194;0.05;0.01
354623;No;609;609;96;0.71;1194;0.03;0.00
354687;No;609;609;96;0.71;1194;0.02;0.00
354728;No;609;609;96;0.71;1191;0.01;0.00
354797;No;609;609;96;0.71;1189;0.01;-0.00
354838;No;609;609;96;0.71;1186;0.01;-0.00
354882;No;609;609;96;0.71;1184;0.01;-0.00
354921;No;609;609;96;0.71;1181;0.01;-0.00
354936;No;609;609;96;0.71;1178;0.00;-0.00
354975;No;609;609;96;0.71;1176;0.00;-0.01
354998;No;609;609;96;0.71;1173;0.00;-0.01
355042;No;608;608;96;0.71;1171;0.00;-0.01
355058;No;608;608;96;0.71;1170;0.00;-0.01
355131;No;608;608;96;0.71;1168;0.00;-0.01
355201;No;608;608;96;0.71;1167;0.00;-0.01
355242;No;608;608;96;0.71;1165;-0.00;-0.01
355265;No;608;608;96;0.71;1164;-0.00;-0.01
355304;No;608;608;96;0.71;1162;-0.00;-0.01
355336;No;608;608;96;0.71;1161;-0.00;-0.01
355398;No;608;608;96;0.71;1160;-0.00;-0.01
355416;No;608;608;96;0.71;1158;-0.00;-0.01
355460;No;608;608;96;0.71;1157;-0.00;-0.01
355475;No;608;608;96;0.71;1156;-0.00;-0.01
355516;No;608;608;96;0.71;1155;-0.00;-0.01
355556;No;608;608;96;0.71;1154;-0.01;-0.01
355595;No;607;608;96;0.71;1152;-0.01;-0.01
355639;No;607;607;96;0.71;1151;-0.01;-0.01
355698;No;607;607;96;0.71;1150;-0.01;-0.01
355767;No;607;607;96;0.71;1149;-0.01;-0.01
355805;No;607;607;96;0.71;1148;-0.01;-0.01
355847;No;607;607;96;0.71;1147;-0.01;-0.01
355865;No;607;607;96;0.71;1146;-0.01;-0.01
355907;No;607;607;96;0.71;1145;-0.01;-0.01
355997;No;607;607;96;0.71;1144;-0.01;-0.01
356037;No;606;606;96;0.71;1143;-0.01;-0.01
356080;No;606;606;96;0.71;1141;-0.01;-0.01
356119;No;606;606;96;0.71;1139;-0.01;-0.01
356165;No;606;606;95;0.71;1137;-0.01;-0.01
356204;No;606;606;95;0.71;1136;-0.01;-0.01
356244;No;606;606;95;0.71;1134;-0.01;-0.01
356298;No;606;606;95;0.71;1132;-0.01;-0.01
356339;No;606;606;95;0.71;1130;-0.01;-0.01
356378;No;606;606;95;0.71;1128;-0.01;-0.01
356418;No;606;606;95;0.71;1127;-0.01;-0.01
356460;No;606;606;95;0.71;1126;-0.01;-0.01
356499;No;606;606;95;0.71;1126;-0.01;-0.01
356545;No;605;606;95;0.71;1125;-0.01;-0.01
356618;No;605;605;95;0.71;1124;-0.01;-0.01
356659;No;605;605;95;0.71;1123;-0.01;-0.01
356676;No;605;605;95;0.71;1122;-0.01;-0.01
356715;No;605;605;95;0.71;1121;-0.01;-0.01
356756;No;605;605;95;0.71;1124;-0.01;-0.01
356795;No;605;605;95;0.71;1128;-0.01;-0.01
356837;No;605;605;95;0.71;1131;-0.01;-0.01
356896;No;605;605;95;0.71;1134;-0.01;-0.01
356967;No;605;604;95;0.71;1137;-0.01;-0.01
357007;No;604;604;95;0.71;1140;-0.01;-0.01
357045;No;604;604;95;0.71;1144;-0.01;-0.01
357086;No;604;604;95;0.71;1147;-0.01;-0.01
357126;No;604;604;95;0.71;1146;-0.01;-0.01
357199;No;604;604;95;0.71;1146;-0.01;-0.01
357239;No;604;604;95;0.71;1145;-0.01;-0.01
357278;No;604;604;95;0.71;1144;-0.00;-0.01
357318;No;604;604;95;0.71;1144;-0.00;-0.00
357364;No;604;603;95;0.71;1143;-0.00;-0.00
357405;No;604;603;95;0.71;1142;-0.00;-0.00
357444;No;603;603;95;0.71;1142;0.00;-0.00
357498;No;603;603;95;0.71;1150;0.00;0.00
357516;No;603;603;95;0.71;1159;0.00;0.00
357555;No;603;603;95;0.71;1167;0.01;0.00
357597;No;603;602;95;0.71;1176;0.01;0.01
357637;No;602;602;95;0.71;1184;0.02;0.01
357679;No;602;602;95;0.71;1193;0.02;0.01
357724;No;602;602;95;0.71;1201;0.02;0.02
357801;No;602;601;95;0.71;1210;0.03;0.02
357843;No;601;601;95;0.71;1202;0.03;0.02
357895;No;601;601;95;0.71;1195;0.03;0.03
357943;No;601;601;95;0.71;1187;0.03;0.03
357983;No;600;600;95;0.71;1180;0.03;0.03
358048;No;600;600;95;0.71;1172;0.04;0.03
358099;No;600;600;95;0.71;1165;0.04;0.03
358116;No;600;600;95;0.71;1157;0.04;0.03
358157;No;600;600;95;0.71;1150;0.04;0.04
358197;No;600;599;95;0.71;1154;0.04;0.04
358237;No;600;599;95;0.71;1158;0.04;0.04
358283;No;599;599;95;0.71;1162;0.04;0.04
358327;No;599;599;95;0.71;1166;0.04;0.04
358399;No;599;599;95;0.71;1170;0.04;0.04
358438;No;599;598;95;0.71;1174;0.04;0.04
358479;No;598;598;95;0.71;1178;0.04;0.04
358523;No;598;598;95;0.71;1182;0.04;0.04
358564;No;598;598;95;0.71;1207;0.04;0.04
358605;No;598;597;95;0.71;1233;0.05;0.04
358644;No;597;597;95;0.71;1258;0.05;0.05
358699;No;597;597;95;0.71;1284;0.05;0.05
358749;No;597;597;95;0.71;1309;0.05;0.05
358790;No;597;596;95;0.71;1334;0.05;0.05
358857;No;596;596;95;0.71;1360;0.06;0.05
358895;No;596;596;95;0.71;1386;0.06;0.06
358937;No;596;596;95;0.71;1402;0.06;0.06
358957;No;596;596;95;0.71;1418;0.15;0.06
359031;No;596;596;94;0.71;1435;0.24;0.08
359097;No;596;595;94;0.71;1452;0.32;0.11
359137;No;595;595;94;0.71;1468;0.41;0.13
359207;No;595;595;94;0.71;1484;0.50;0.16
359224;No;595;595;94;0.71;1501;0.59;0.18
359299;No;595;595;94;0.71;1518;0.67;0.20
359339;No;595;595;94;0.71;1528;0.76;0.23
359380;No;594;594;94;0.71;1538;0.77;0.25
359420;No;594;594;94;0.71;1548;0.77;0.25
359434;No;594;594;94;0.71;1558;0.78;0.26
359474;No;594;594;94;0.71;1568;0.78;0.26
359513;No;594;594;94;0.71;1578;0.78;0.27
359599;No;594;594;94;0.71;1588;0.79;0.27
359638;No;594;594;94;0.71;1598;0.79;0.28
359684;No;593;593;94;0.71;1607;0.80;0.28
359724;No;593;593;94;0.71;1617;0.80;0.29
359766;No;593;593;94;0.71;1626;0.81;0.32
359806;No;593;593;94;0.71;1636;0.82;0.36
359850;No;593;593;94;0.71;1646;0.82;0.39
359897;No;593;592;94;0.71;1655;0.83;0.43
359916;No;593;592;94;0.71;1665;0.83;0.46
359956;No;592;592;94;0.71;1674;0.84;0.49
359996;No;592;592;94;0.71;1682;0.85;0.53
360037;No;592;592;94;0.71;1689;0.85;0.56
360078;No;592;592;94;0.71;1696;0.85;0.59
360148;No;592;592;94;0.71;1703;0.85;0.61
360198;No;592;592;94;0.71;1710;0.85;0.64
360237;No;592;592;94;0.71;1718;0.85;0.67
360278;No;592;592;94;0.71;1725;0.85;0.69
360325;No;591;592;94;0.71;1732;0.85;0.72
360365;No;591;591;94;0.71;1736;0.86;0.74
360404;No;591;591;94;0.71;1739;0.85;0.77
360455;No;591;591;93;0.71;1742;0.85;0.77
360532;No;591;591;93;0.71;1746;0.85;0.77
360577;No;591;591;93;0.71;1750;0.85;0.78
360616;No;591;591;93;0.71;1753;0.85;0.78
360655;No;591;591;93;0.71;1757;0.84;0.78
360719;No;591;591;93;0.71;1760;0.84;0.79
360762;No;591;591;93;0.71;1752;0.84;0.79
360832;No;591;591;93;0.71;1745;0.84;0.79
360897;No;591;591;93;0.71;1737;0.84;0.80
360937;No;590;591;93;0.71;1730;0.84;0.80
360977;No;590;590;93;0.71;1722;0.85;0.81
361023;No;590;590;93;0.71;1714;0.85;0.81
361099;No;590;590;93;0.71;1707;0.85;0.82
361138;No;590;590;93;0.71;1699;0.85;0.82
361178;No;590;590;93;0.71;1682;0.85;0.83
361220;No;590;590;93;0.71;1666;0.85;0.83
361258;No;590;590;93;0.71;1649;0.85;0.83
361300;No;590;590;93;0.71;1632;0.84;0.83
361340;No;590;590;93;0.71;1616;0.84;0.83
361398;No;590;590;93;0.71;1599;0.84;0.83
361447;No;590;590;93;0.71;1583;0.84;0.83
361490;No;590;590;93;0.71;1566;0.84;0.83
361557;No;590;590;93;0.71;1584;0.84;0.83
361597;No;590;590;93;0.71;1603;0.84;0.83
361639;No;590;590;93;0.71;1622;0.84;0.83
361656;No;590;590;93;0.71;1640;0.85;0.83
361701;No;590;590;93;0.71;1658;0.85;0.84
361765;No;590;590;93;0.71;1677;0.86;0.84
361807;No;590;590;93;0.71;1696;0.86;0.85
361857;No;590;590;93;0.71;1714;0.87;0.85
361900;No;590;590;93;0.71;1714;0.87;0.86
361952;No;590;590;93;0.71;1714;0.87;0.86
361996;No;590;590;93;0.71;1713;0.86;0.86
362068;No;590;590;93;0.71;1713;0.86;0.86
362107;No;590;590;93;0.71;1713;0.86;0.85
362148;No;590;590;93;0.71;1713;0.85;0.85
362166;No;590;590;93;0.71;1712;0.85;0.85
362207;No;590;590;93;0.71;1712;0.85;0.85
362247;No;590;590;93;0.71;1714;0.85;0.85
362295;No;590;590;93;0.71;1715;0.84;0.85
362336;No;590;590;92;0.71;1717;0.84;0.84
362379;No;590;590;92;0.71;1718;0.84;0.84
362425;No;590;590;92;0.71;1720;0.84;0.84
362466;No;590;590;92;0.71;1721;0.83;0.84
362506;No;590;590;92;0.71;1722;0.83;0.83
362546;No;590;590;92;0.71;1724;0.83;0.83
362596;No;590;590;92;0.71;1722;0.83;0.83
362636;No;590;590;92;0.71;1720;0.83;0.83
362675;No;590;590;92;0.71;1719;0.83;0.83
362714;No;590;590;92;0.71;1717;0.83;0.82
362756;No;590;590;92;0.71;1715;0.83;0.82
362797;No;590;590;92;0.71;1713;0.83;0.82
362838;No;590;590;92;0.71;1712;0.83;0.82
362898;No;590;590;92;0.71;1710;0.83;0.82
362937;No;590;590;92;0.71;1709;0.84;0.82
362977;No;590;590;92;0.71;1709;0.83;0.82
363018;No;590;590;92;0.71;1708;0.83;0.82
363059;No;590;590;92;0.71;1708;0.83;0.81
363100;No;590;590;92;0.71;1708;0.83;0.81
363139;No;590;590;92;0.71;1707;0.83;0.81
363195;No;590;590;92;0.71;1707;0.83;0.81
363215;No;591;590;92;0.71;1706;0.82;0.81
363255;No;591;591;92;0.71;1708;0.82;0.81
363294;No;591;591;92;0.71;1709;0.82;0.81
363335;No;591;591;92;0.71;1710;0.82;0.81
363376;No;591;591;92;0.71;1711;0.82;0.80
363396;No;591;591;92;0.71;1712;0.82;0.80
363435;No;591;591;92;0.71;1714;0.82;0.80
363497;No;591;591;92;0.71;1715;0.82;0.80
363567;No;591;591;92;0.71;1716;0.82;0.80
363611;No;591;591;92;0.71;1706;0.82;0.80
363655;No;591;591;92;0.71;1695;0.82;0.80
363696;No;591;591;92;0.71;1684;0.82;0.80
363741;No;591;591;92;0.71;1674;0.82;0.80
363756;No;591;591;92;0.71;1663;0.82;0.80
363827;No;591;591;92;0.71;1652;0.82;0.80
363845;No;591;591;92;0.71;1642;0.82;0.80
363885;No;591;591;92;0.71;1631;0.83;0.80
363929;No;591;591;92;0.71;1626;0.83;0.80
363968;No;591;591;92;0.71;1622;0.83;0.80
364008;No;591;591;92;0.71;1617;0.82;0.80
364025;No;591;591;92;0.71;1612;0.82;0.80
364094;No;591;591;92;0.71;1608;0.82;0.80
364135;No;591;592;92;0.71;1603;0.82;0.80
364175;No;592;592;92;0.71;1598;0.82;0.80
364216;No;592;592;92;0.71;1594;0.82;0.80
364257;No;592;592;92;0.71;1564;0.82;0.80
364297;No;592;592;92;0.71;1534;0.82;0.80
364337;No;592;592;92;0.71;1503;0.82;0.80
364396;No;592;592;92;0.71;1473;0.82;0.80
364434;No;592;592;92;0.71;1443;0.82;0.80
364481;No;592;592;92;0.71;1413;0.82;0.80
364520;No;592;592;92;0.71;1383;0.82;0.80
364535;No;592;592;92;0.71;1353;0.82;0.80
364574;No;592;592;92;0.71;1347;0.82;0.80
364614;No;592;592;92;0.71;1341;0.82;0.80
364654;No;592;592;92;0.71;1336;0.82;0.80
364695;No;592;592;92;0.71;1330;0.82;0.80
364737;No;592;592;92;0.71;1324;0.82;0.80
364775;No;592;592;92;0.71;1318;0.82;0.80
364822;No;592;592;92;0.71;1312;0.82;0.80
364888;No;592;592;92;0.71;1306;0.82;0.80
364927;No;592;592;92;0.71;1297;0.82;0.80
364997;No;592;592;92;0.71;1287;0.82;0.80
365039;No;592;592;92;0.71;1278;0.82;0.80
365078;No;592;592;92;0.71;1268;0.81;0.80
365119;No;592;592;92;0.71;1258;0.81;0.80
365156;No;592;592;92;0.71;1248;0.81;0.80
365197;No;592;592;92;0.71;1239;0.81;0.80
365242;No;592;592;92;0.71;1229;0.81;0.80
365307;No;592;592;92;0.71;1226;0.81;0.80
365347;No;592;592;92;0.71;1224;0.81;0.80
365386;No;592;592;92;0.71;1221;0.81;0.80
365429;No;592;592;92;0.71;1219;0.81;0.80
365468;No;592;592;92;0.71;1216;0.81;0.80
365514;No;592;592;92;0.71;1213;0.81;0.80
365618;No;592;592;92;0.71;1211;0.81;0.80
365659;No;592;592;92;0.71;1208;0.81;0.80
365698;No;592;592;92;0.71;1208;0.81;0.80
365736;No;592;592;92;0.71;1207;0.81;0.80
365782;No;592;592;92;0.71;1206;0.81;0.80
365846;No;592;592;92;0.71;1206;0.81;0.80
365901;No;592;592;92;0.71;1206;0.81;0.79
365916;No;592;592;92;0.71;1205;0.81;0.79
365956;No;592;592;92;0.71;1205;0.81;0.79
365976;No;592;592;92;0.71;1204;0.81;0.79
366018;No;592;592;92;0.71;1203;0.81;0.79
366059;No;592;592;93;0.71;1202;0.81;0.79
366098;No;592;592;93;0.71;1201;0.81;0.79
366136;No;592;592;93;0.71;1200;0.80;0.79
366158;No;592;592;93;0.71;1200;0.80;0.79
366234;No;592;592;93;0.71;1198;0.80;0.79
366299;No;592;592;93;0.71;1198;0.80;0.79
366338;No;592;592;93;0.71;1196;0.80;0.79
366378;No;592;592;93;0.71;1196;0.80;0.79
366396;No;592;592;93;0.71;1195;0.80;0.79
366435;No;592;592;93;0.71;1194;0.80;0.79
366499;No;592;592;93;0.71;1194;0.80;0.79
366538;No;592;592;93;0.71;1192;0.80;0.79
366578;No;592;592;93;0.71;1192;0.80;0.79
366629;No;592;592;93;0.71;1191;0.80;0.79
366668;No;592;592;93;0.71;1190;0.80;0.79
366708;No;592;592;93;0.71;1189;0.80;0.79
366725;No;592;592;93;0.71;1188;0.80;0.79
366800;No;592;592;93;0.71;1187;0.80;0.79
366814;No;592;592;93;0.71;1186;0.80;0.79
366856;No;592;592;93;0.71;1185;0.80;0.79
366895;No;592;592;93;0.71;1184;0.80;0.79
366933;No;592;592;93;0.71;1183;0.80;0.79
366980;No;592;592;93;0.71;1182;0.80;0.79
366997;No;592;592;93;0.71;1182;0.80;0.79
367036;No;592;592;93;0.71;1182;0.80;0.79
367097;No;592;592;93;0.71;1181;0.80;0.79
367138;No;592;592;93;0.71;1180;0.80;0.79
367177;No;592;592;93;0.71;1180;0.80;0.79
367225;No;592;592;93;0.71;1180;0.80;0.79
367265;No;592;592;93;0.71;1179;0.80;0.79
367306;No;592;592;93;0.71;1179;0.80;0.79
367345;No;592;592;93;0.71;1178;0.80;0.79
367397;No;592;591;93;0.71;1178;0.80;0.79
367437;No;591;591;93;0.71;1177;0.80;0.79
367476;No;591;591;93;0.71;1176;0.80;0.79
367520;No;591;591;93;0.71;1176;0.80;0.79
367586;No;591;591;93;0.71;1176;0.80;0.79
367625;No;591;591;93;0.71;1175;0.80;0.79
367698;No;591;591;93;0.71;1174;0.80;0.79
367716;No;591;591;93;0.71;1172;0.80;0.79
367755;No;591;591;93;0.71;1168;0.80;0.79
367794;No;591;591;93;0.71;1166;0.80;0.79
367840;No;591;591;93;0.71;1163;0.79;0.79
367879;No;591;591;93;0.71;1160;0.79;0.79
367924;No;591;591;93;0.71;1157;0.79;0.79
367999;No;591;591;93;0.71;1154;0.79;0.79
368038;No;591;591;93;0.71;1151;0.79;0.79
368078;No;591;591;93;0.71;1150;0.79;0.79
368136;No;591;591;93;0.71;1148;0.79;0.79
368177;No;591;591;93;0.71;1147;0.79;0.79
368217;No;591;591;93;0.71;1146;0.79;0.79
368257;No;591;591;93;0.71;1144;0.79;0.79
368330;No;591;591;93;0.71;1143;0.79;0.79
368375;No;591;591;93;0.71;1142;0.79;0.78
368416;No;591;590;93;0.71;1140;0.79;0.78
368455;No;590;590;93;0.70;1138;0.79;0.78
368495;No;590;590;93;0.70;1137;0.79;0.78
368536;No;590;590;93;0.70;1135;0.79;0.78
368597;No;590;590;93;0.70;1133;0.79;0.78
368635;No;590;590;93;0.70;1131;0.79;0.78
368676;No;590;590;93;0.70;1129;0.79;0.78
368716;No;590;590;93;0.70;1127;0.79;0.78
368786;No;590;590;93;0.70;1125;0.79;0.78
368827;No;590;590;93;0.70;1124;0.79;0.78
368900;No;590;590;93;0.70;1124;0.79;0.78
368917;No;590;590;93;0.70;1123;0.79;0.78
368958;No;590;590;93;0.70;1122;0.79;0.77
368996;No;590;590;93;0.70;1121;0.79;0.77
369036;No;590;590;93;0.70;1120;0.78;0.77
369078;No;590;590;93;0.70;1120;0.78;0.76
369120;No;590;590;93;0.70;1119;0.78;0.76
369197;No;590;589;93;0.70;1117;0.78;0.75
369236;No;589;589;93;0.70;1116;0.70;0.75
369277;No;589;589;93;0.70;1114;0.61;0.66
369316;No;589;589;93;0.70;1113;0.52;0.57
369356;No;589;589;93;0.70;1112;0.44;0.49
369416;No;589;589;93;0.71;1110;0.35;0.40
369458;No;589;589;93;0.71;1109;0.26;0.31
369530;No;589;589;93;0.71;1107;0.18;0.22
369596;No;589;589;93;0.71;1105;0.09;0.14
369643;No;589;589;93;0.71;1102;0.08;0.05
369684;No;589;589;93;0.71;1100;0.07;0.05
369725;No;589;589;93;0.71;1098;0.06;0.04
369801;No;588;588;93;0.71;1095;0.05;0.04
369867;No;588;588;93;0.71;1093;0.04;0.03
369907;No;588;588;93;0.71;1090;0.03;0.03
369946;No;588;588;93;0.71;1088;0.02;0.02
369985;No;588;588;93;0.70;1112;0.01;0.02
370024;No;588;588;93;0.70;1137;0.01;0.02
370097;No;588;588;93;0.70;1161;0.01;0.02
370138;No;587;588;93;0.70;1185;0.01;0.02
370179;No;587;587;93;0.70;1210;0.01;0.02
370219;No;587;587;93;0.70;1234;0.01;0.02
370236;No;587;587;93;0.70;1258;0.01;0.02
370275;No;587;587;93;0.70;1282;0.01;0.02
370316;No;587;587;93;0.70;1311;0.02;0.02
370361;No;587;587;93;0.70;1340;0.02;0.02
370433;No;587;586;93;0.70;1369;0.03;0.03
370479;No;586;586;93;0.70;1398;0.04;0.03
370523;No;586;586;93;0.70;1426;0.05;0.04
370566;No;586;586;93;0.70;1455;0.06;0.04
370609;No;586;586;93;0.70;1484;0.07;0.04
370629;No;586;586;93;0.70;1513;0.08;0.05
370708;No;586;586;93;0.70;1524;0.09;0.05
370756;No;586;586;93;0.70;1536;0.17;0.06
370797;No;586;586;93;0.70;1547;0.26;0.09
370839;No;585;585;93;0.70;1559;0.35;0.11
370886;No;585;585;93;0.70;1570;0.43;0.14
370925;No;585;585;93;0.70;1582;0.52;0.17
371000;No;585;585;93;0.70;1593;0.60;0.20
371066;No;585;585;93;0.70;1605;0.69;0.22
371107;No;585;585;93;0.70;1612;0.77;0.25
371147;No;585;585;93;0.70;1620;0.78;0.28
371189;No;585;585;93;0.70;1627;0.79;0.33
371228;No;584;584;93;0.70;1634;0.80;0.38
371300;No;584;584;93;0.70;1642;0.81;0.43
371366;No;584;584;93;0.70;1650;0.82;0.48
371413;No;584;584;93;0.70;1657;0.83;0.53
371454;No;584;584;93;0.70;1664;0.84;0.58
371519;No;584;584;93;0.70;1670;0.86;0.62
371596;No;584;584;93;0.70;1675;0.85;0.67
371637;No;584;584;93;0.70;1680;0.85;0.68
371683;No;584;584;93;0.70;1686;0.85;0.69
371722;No;584;584;93;0.70;1692;0.84;0.69
371763;No;584;584;93;0.71;1697;0.84;0.70
371804;No;584;584;93;0.71;1702;0.84;0.70
371843;No;584;584;93;0.71;1708;0.83;0.71
371899;No;584;584;93;0.70;1714;0.83;0.71
371938;No;584;584;93;0.70;1721;0.83;0.72
371978;No;584;584;92;0.70;1727;0.83;0.72
372018;No;584;584;92;0.70;1734;0.83;0.73
372036;No;584;584;92;0.70;1740;0.83;0.73
372080;No;584;584;92;0.70;1746;0.83;0.73
372096;No;584;584;92;0.70;1753;0.83;0.74
372136;No;584;584;92;0.70;1760;0.83;0.74
372197;No;584;584;92;0.70;1766;0.84;0.74
372237;No;584;584;92;0.70;1772;0.84;0.75
372283;No;584;584;92;0.70;1777;0.84;0.75
372323;No;584;584;92;0.70;1783;0.84;0.76
372388;No;584;584;92;0.70;1789;0.84;0.77
372428;No;584;584;92;0.70;1795;0.84;0.78
372497;No;584;584;92;0.70;1801;0.84;0.78
372517;No;584;584;92;0.70;1807;0.84;0.79
372566;No;584;584;92;0.70;1820;0.85;0.79
372606;No;584;584;92;0.70;1833;0.84;0.80
372645;No;584;584;92;0.70;1846;0.84;0.80
372686;No;584;584;92;0.70;1858;0.83;0.80
372729;No;584;584;92;0.70;1871;0.83;0.80
372798;No;584;584;92;0.70;1884;0.83;0.79
372815;No;584;584;92;0.70;1897;0.82;0.79
372863;No;584;584;92;0.70;1910;0.82;0.79
372928;No;584;584;92;0.70;1907;0.82;0.79
372978;No;584;584;92;0.70;1904;0.82;0.79
373019;No;584;584;92;0.70;1902;0.82;0.79
373101;No;585;585;92;0.70;1900;0.82;0.79
373169;No;585;585;92;0.70;1897;0.83;0.79
373215;No;585;585;92;0.70;1894;0.83;0.80
373256;No;585;585;92;0.70;1892;0.83;0.80
373296;No;585;585;92;0.70;1889;0.83;0.80
373335;No;585;585;92;0.70;1896;0.84;0.80
373399;No;585;585;92;0.70;1902;0.83;0.81
373438;No;585;585;92;0.70;1909;0.83;0.81
373478;No;585;585;92;0.70;1916;0.83;0.81
373518;No;585;585;92;0.70;1923;0.83;0.81
373558;No;586;585;92;0.70;1930;0.83;0.81
373605;No;586;586;92;0.70;1936;0.83;0.81
373645;No;586;586;92;0.70;1943;0.83;0.81
373698;No;586;586;92;0.70;1938;0.83;0.81
373738;No;586;586;92;0.70;1932;0.83;0.81
373778;No;586;586;91;0.70;1926;0.82;0.81
373819;No;586;586;91;0.70;1920;0.82;0.81
373858;No;586;586;91;0.70;1914;0.82;0.81
373898;No;586;586;91;0.71;1909;0.82;0.81
373937;No;586;586;91;0.71;1903;0.82;0.81
373999;No;586;586;91;0.71;1897;0.82;0.81
374015;No;586;586;91;0.71;1901;0.82;0.81
374058;No;586;586;91;0.71;1905;0.82;0.81
374098;No;587;587;91;0.71;1909;0.83;0.82
374138;No;587;587;91;0.71;1913;0.83;0.82
374177;No;587;587;91;0.71;1917;0.84;0.82
374218;No;587;587;91;0.71;1921;0.84;0.83
374257;No;587;587;91;0.71;1924;0.85;0.83
374331;No;587;587;91;0.71;1928;0.85;0.83
374375;No;587;587;91;0.70;1931;0.86;0.84
374416;No;587;587;91;0.70;1933;0.85;0.84
374456;No;587;587;91;0.70;1936;0.85;0.84
374495;No;588;587;91;0.70;1938;0.85;0.83
374536;No;588;588;91;0.70;1940;0.84;0.83
374600;No;588;588;91;0.70;1943;0.84;0.83
374666;No;588;588;91;0.70;1945;0.84;0.83
374707;No;589;588;91;0.70;1948;0.83;0.82
374747;No;589;589;91;0.70;1962;0.83;0.82
374818;No;589;589;91;0.70;1976;0.83;0.82
374858;No;590;589;91;0.70;1990;0.83;0.81
374930;No;590;590;91;0.70;2004;0.83;0.81
374996;No;590;590;91;0.70;2018;0.83;0.81
375038;No;590;590;91;0.71;2032;0.83;0.80
375081;No;591;590;91;0.71;2046;0.82;0.80
375096;No;591;591;91;0.71;2060;0.82;0.79
375136;No;591;591;91;0.71;2056;0.82;0.79
375197;No;592;591;91;0.71;2053;0.82;0.79
375214;No;592;592;91;0.71;2049;0.82;0.79
375253;No;592;592;91;0.71;2046;0.83;0.79
375294;No;593;592;91;0.71;2042;0.83;0.78
375334;No;593;593;91;0.71;2038;0.83;0.78
375384;No;593;593;91;0.71;2035;0.83;0.78
375429;No;594;593;91;0.71;2031;0.83;0.78
375504;No;594;594;91;0.70;2018;0.83;0.78
375543;No;594;594;91;0.70;2006;0.83;0.78
375584;No;594;594;91;0.70;1993;0.83;0.78
375625;No;594;594;91;0.70;1980;0.82;0.78
375674;No;595;594;91;0.70;1968;0.82;0.77
375716;No;595;595;91;0.70;1955;0.82;0.77
375759;No;595;595;91;0.70;1942;0.82;0.77
375858;No;595;595;91;0.70;1929;0.81;0.77
375897;No;595;595;91;0.70;1926;0.81;0.77
375941;No;595;595;91;0.70;1922;0.82;0.77
375979;No;595;595;91;0.70;1918;0.82;0.77
375996;No;595;595;91;0.70;1915;0.82;0.78
376038;No;596;595;91;0.70;1911;0.83;0.78
376057;No;596;596;91;0.70;1908;0.83;0.78
376136;No;596;596;91;0.70;1904;0.84;0.79
376176;No;596;596;91;0.70;1900;0.84;0.79
376222;No;596;596;91;0.70;1900;0.85;0.79
376288;No;596;596;91;0.70;1899;0.84;0.80
376327;No;596;596;91;0.70;1898;0.84;0.80
376397;No;597;597;91;0.70;1897;0.84;0.80
376437;No;597;597;91;0.70;1896;0.84;0.80
376475;No;597;597;91;0.70;1896;0.84;0.80
376514;No;597;597;91;0.70;1894;0.84;0.81
376553;No;597;597;91;0.70;1894;0.84;0.81
376597;No;597;597;91;0.69;1876;0.84;0.81
376643;No;598;598;91;0.69;1857;0.84;0.81
376698;No;598;598;91;0.69;1839;0.84;0.81
376738;No;598;598;91;0.69;1821;0.83;0.81
376779;No;598;598;91;0.69;1802;0.83;0.81
376823;No;598;598;91;0.69;1784;0.83;0.80
376889;No;598;598;91;0.69;1766;0.83;0.80
376928;No;598;598;91;0.69;1748;0.83;0.80
376999;No;599;598;91;0.69;1740;0.83;0.80
377014;No;599;599;91;0.69;1732;0.83;0.80
377064;No;599;599;91;0.69;1725;0.83;0.80
377125;No;599;599;91;0.69;1718;0.83;0.80
377164;No;599;599;91;0.69;1710;0.83;0.79
377204;No;599;599;91;0.69;1702;0.83;0.79
377245;No;599;599;91;0.69;1695;0.83;0.79
377298;No;600;599;91;0.69;1688;0.83;0.79
377366;No;600;600;91;0.69;1685;0.83;0.79
377407;No;600;600;91;0.69;1683;0.82;0.79
377447;No;600;600;91;0.69;1681;0.82;0.79
377466;No;600;600;91;0.69;1678;0.82;0.79
377513;No;600;600;91;0.69;1676;0.82;0.79
377527;No;600;600;91;0.69;1674;0.82;0.79
377599;No;600;600;91;0.69;1672;0.82;0.78
377615;No;600;600;91;0.69;1670;0.81;0.78
377654;No;600;600;91;0.69;1665;0.81;0.78
377675;No;601;600;91;0.69;1660;0.81;0.78
377715;No;601;601;91;0.69;1655;0.81;0.78
377755;No;601;601;91;0.69;1650;0.81;0.78
377802;No;601;601;91;0.69;1645;0.81;0.78
377842;No;601;601;91;0.69;1640;0.81;0.78
377898;No;601;601;91;0.69;1636;0.80;0.77
377937;No;601;601;91;0.69;1631;0.80;0.77
377977;No;601;601;91;0.69;1632;0.80;0.77
378008;No;602;601;91;0.69;1632;0.80;0.77
378047;No;602;602;91;0.69;1634;0.80;0.77
378064;No;602;602;91;0.69;1634;0.81;0.77
378103;No;602;602;91;0.69;1635;0.81;0.77
378126;No;602;602;91;0.69;1636;0.81;0.77
378203;No;602;602;91;0.69;1637;0.81;0.77
378268;No;602;602;91;0.69;1638;0.81;0.77
378312;No;602;602;91;0.69;1629;0.81;0.77
378379;No;602;602;91;0.69;1620;0.81;0.77
378419;No;603;602;91;0.69;1612;0.81;0.77
378458;No;603;603;91;0.69;1603;0.81;0.77
378532;No;603;603;91;0.69;1594;0.80;0.76
378546;No;603;603;91;0.69;1586;0.80;0.76
378586;No;603;603;91;0.69;1577;0.80;0.76
378624;No;603;603;91;0.69;1568;0.80;0.76
378663;No;603;603;91;0.69;1551;0.80;0.76
378701;No;603;603;91;0.69;1534;0.80;0.76
378747;No;604;603;91;0.69;1516;0.80;0.76
378803;No;604;604;91;0.69;1499;0.80;0.76
378815;No;604;604;91;0.69;1482;0.80;0.76
378855;No;604;604;91;0.69;1464;0.80;0.76
378897;No;604;604;91;0.69;1447;0.80;0.76
378945;No;604;604;91;0.69;1429;0.80;0.76
378985;No;604;604;91;0.69;1417;0.80;0.76
379024;No;604;604;91;0.69;1405;0.80;0.76
379099;No;604;604;91;0.69;1393;0.80;0.76
379115;No;604;604;91;0.69;1381;0.80;0.76
379155;No;604;605;91;0.69;1369;0.80;0.76
379194;No;605;605;91;0.69;1357;0.80;0.76
379235;No;605;605;91;0.69;1345;0.81;0.76
379275;No;605;605;91;0.69;1333;0.81;0.76
379295;No;605;605;91;0.69;1332;0.81;0.76
379338;No;605;605;91;0.69;1331;0.81;0.76
379397;No;605;605;91;0.69;1330;0.81;0.76
379439;No;605;605;91;0.69;1328;0.80;0.76
379481;No;605;605;91;0.69;1328;0.80;0.76
379520;No;606;605;91;0.69;1326;0.80;0.76
379535;No;606;606;91;0.69;1325;0.80;0.75
379575;No;606;606;91;0.69;1324;0.80;0.75
379614;No;606;606;91;0.69;1323;0.80;0.75
379656;No;606;606;91;0.69;1322;0.80;0.75
379729;No;606;606;91;0.69;1321;0.80;0.75
379745;No;606;606;91;0.69;1320;0.80;0.76
379784;No;606;606;91;0.69;1318;0.80;0.76
379826;No;606;606;91;0.69;1317;0.80;0.76
379866;No;606;606;91;0.69;1316;0.81;0.76
379905;No;606;606;91;0.69;1315;0.81;0.76
379944;No;606;606;91;0.69;1314;0.81;0.76
379998;No;606;606;91;0.69;1313;0.81;0.76
380045;No;606;607;91;0.69;1312;0.81;0.76
380086;No;607;607;91;0.69;1311;0.81;0.77
380125;No;607;607;91;0.69;1310;0.81;0.77
380166;No;607;607;91;0.69;1309;0.81;0.77
380208;No;607;607;91;0.69;1308;0.81;0.77
380224;No;607;607;91;0.69;1307;0.82;0.77
380301;No;607;607;91;0.69;1324;0.82;0.77
380365;No;607;607;91;0.69;1341;0.82;0.77
380413;No;607;607;91;0.69;1358;0.81;0.77
380457;No;607;607;91;0.69;1375;0.81;0.77
380497;No;607;607;91;0.69;1392;0.81;0.77
380538;No;607;607;91;0.69;1409;0.81;0.77
380556;No;607;607;91;0.69;1426;0.81;0.77
380634;No;608;607;91;0.69;1443;0.81;0.77
380675;No;608;608;91;0.69;1457;0.81;0.77
380714;No;608;608;92;0.69;1470;0.81;0.77
380753;No;608;608;92;0.69;1484;0.81;0.77
380766;No;608;608;92;0.69;1498;0.81;0.77
380807;No;608;608;92;0.69;1512;0.81;0.77
380845;No;608;608;92;0.69;1525;0.81;0.77
380898;No;608;608;92;0.69;1539;0.81;0.77
380937;No;608;608;92;0.69;1552;0.81;0.77
380987;No;608;608;92;0.69;1528;0.81;0.77
381025;No;608;608;92;0.69;1503;0.81;0.77
381066;No;608;608;92;0.69;1478;0.81;0.78
381105;No;608;608;92;0.69;1453;0.82;0.78
381147;No;608;608;92;0.69;1428;0.82;0.79
381198;No;608;608;92;0.69;1403;0.83;0.80
381237;No;608;608;92;0.69;1378;0.83;0.81
381277;No;608;609;92;0.69;1353;0.83;0.82
381317;No;609;609;92;0.69;1352;0.84;0.82
381364;No;609;609;92;0.69;1351;0.83;0.83
381409;No;609;609;92;0.69;1350;0.83;0.83
381425;No;609;609;92;0.69;1349;0.83;0.83
381499;No;609;609;92;0.69;1348;0.83;0.83
381515;No;609;609;92;0.69;1346;0.83;0.82
381553;No;609;609;92;0.69;1345;0.83;0.82
381597;No;609;609;92;0.69;1344;0.82;0.82
381636;No;609;609;92;0.69;1342;0.82;0.82
381676;No;609;609;92;0.69;1341;0.82;0.82
381718;No;609;609;92;0.69;1339;0.82;0.81
381756;No;609;609;92;0.69;1338;0.81;0.81
381834;No;610;610;92;0.69;1336;0.81;0.81
381899;No;610;610;92;0.69;1334;0.81;0.81
381938;No;610;610;92;0.69;1333;0.81;0.80
381983;No;610;610;92;0.69;1331;0.80;0.80
382048;No;610;610;92;0.69;1328;0.80;0.80
382098;No;610;610;92;0.69;1324;0.80;0.80
382116;No;610;610;92;0.69;1321;0.80;0.80
382156;No;610;610;92;0.69;1318;0.80;0.80
382220;No;610;610;92;0.69;1314;0.80;0.79
382237;No;610;610;92;0.69;1311;0.80;0.79
382281;No;610;610;92;0.69;1308;0.80;0.79
382350;No;610;610;92;0.69;1304;0.80;0.79
382400;No;610;610;92;0.69;1304;0.80;0.79
382416;No;610;610;92;0.69;1303;0.80;0.79
382461;No;610;610;92;0.69;1303;0.80;0.79
382527;No;611;610;92;0.69;1302;0.79;0.79
382573;No;611;611;92;0.69;1302;0.79;0.79
382613;No;611;611;92;0.69;1301;0.79;0.79
382624;No;611;611;92;0.69;1300;0.79;0.79
382668;No;611;611;92;0.69;1300;0.79;0.79
382686;No;611;611;92;0.69;1300;0.79;0.79
382726;No;611;611;92;0.69;1300;0.79;0.79
382765;No;611;611;92;0.69;1300;0.79;0.79
382806;No;611;611;92;0.69;1301;0.79;0.79
382844;No;611;611;92;0.69;1301;0.79;0.79
382866;No;611;611;92;0.69;1301;0.79;0.79
382911;No;611;611;92;0.69;1301;0.79;0.78
382953;No;611;611;92;0.69;1301;0.79;0.78
382998;No;611;611;92;0.69;1302;0.79;0.78
383038;No;611;611;92;0.69;1302;0.79;0.78
383078;No;611;611;92;0.69;1302;0.79;0.78
383121;No;611;611;92;0.69;1302;0.79;0.78
383136;No;611;611;92;0.69;1302;0.79;0.78
383176;No;611;611;92;0.69;1302;0.79;0.78
383223;No;611;611;92;0.69;1302;0.79;0.78
383298;No;611;611;92;0.69;1303;0.79;0.78
383338;No;611;611;92;0.69;1302;0.79;0.78
383378;No;611;611;92;0.69;1301;0.79;0.78
383420;No;611;611;92;0.69;1300;0.79;0.78
383435;No;611;611;92;0.69;1298;0.79;0.78
383502;No;611;611;92;0.69;1298;0.79;0.78
383542;No;611;611;92;0.69;1296;0.79;0.78
383596;No;611;611;92;0.69;1295;0.79;0.78
383614;No;611;611;92;0.69;1294;0.79;0.78
383653;No;611;611;92;0.69;1292;0.79;0.78
383693;No;611;611;92;0.69;1290;0.79;0.78
383759;No;611;611;92;0.69;1287;0.79;0.78
383800;No;611;611;92;0.69;1284;0.79;0.78
383841;No;611;611;92;0.69;1282;0.79;0.78
383856;No;611;611;92;0.69;1280;0.79;0.78
383928;No;610;611;92;0.69;1277;0.79;0.78
383945;No;610;610;92;0.69;1275;0.79;0.78
383995;No;610;610;92;0.69;1276;0.79;0.78
384037;No;610;610;93;0.69;1276;0.79;0.78
384082;No;610;610;93;0.69;1278;0.79;0.78
384148;No;610;610;93;0.69;1278;0.79;0.78
384196;No;610;610;93;0.69;1279;0.79;0.78
384234;No;610;610;93;0.69;1280;0.78;0.78
384276;No;610;610;93;0.69;1281;0.78;0.78
384314;No;610;610;93;0.69;1282;0.78;0.78
384357;No;610;610;93;0.69;1282;0.78;0.78
384406;No;610;610;93;0.69;1282;0.78;0.78
384449;No;610;610;93;0.69;1282;0.78;0.78
384496;No;610;610;93;0.69;1282;0.78;0.78
384536;No;610;610;93;0.69;1282;0.79;0.78
384577;No;610;610;93;0.69;1282;0.79;0.78
384615;No;610;610;93;0.69;1283;0.79;0.78
384655;No;610;610;93;0.69;1283;0.79;0.78
384694;No;610;610;93;0.69;1282;0.79;0.78
384734;No;610;610;93;0.69;1282;0.79;0.78
384817;No;610;610;93;0.69;1281;0.79;0.78
384858;No;610;610;93;0.69;1281;0.79;0.78
384899;No;609;610;93;0.69;1280;0.79;0.78
384939;No;609;609;93;0.69;1280;0.78;0.78
384979;No;609;609;93;0.69;1280;0.78;0.77
384996;No;609;609;93;0.69;1279;0.78;0.77
385035;No;609;609;93;0.69;1279;0.78;0.77
385096;No;609;609;93;0.69;1278;0.76;0.77
385137;No;609;609;93;0.69;1278;0.73;0.73
385182;No;609;609;93;0.69;1278;0.70;0.68
385222;No;609;609;93;0.69;1278;0.67;0.63
385237;No;609;609;93;0.69;1277;0.65;0.59
385275;No;609;609;93;0.69;1277;0.62;0.54
385317;No;609;609;93;0.69;1276;0.59;0.50
385356;No;609;609;93;0.69;1274;0.57;0.45
385415;No;608;608;93;0.69;1272;0.50;0.41
385455;No;608;608;93;0.69;1270;0.43;0.36
385494;No;608;608;93;0.69;1268;0.36;0.31
385541;No;608;608;93;0.69;1266;0.29;0.26
385585;No;608;608;93;0.69;1264;0.23;0.21
385625;No;608;608;93;0.69;1262;0.16;0.16
385699;No;608;608;93;0.69;1260;0.09;0.11
385714;No;608;608;93;0.69;1260;0.02;0.06
385754;No;608;608;93;0.69;1261;0.02;0.02
385795;No;608;608;93;0.69;1261;0.02;0.01
385835;No;608;608;93;0.69;1262;0.01;0.01
385874;No;608;608;93;0.69;1262;0.01;0.01
385896;No;608;608;93;0.69;1263;0.01;0.01
385934;No;607;608;93;0.69;1263;0.01;0.01
386000;No;607;607;93;0.69;1264;0.01;0.00
386014;No;607;607;93;0.69;1264;0.01;0.00
386056;No;607;607;93;0.69;1264;0.00;0.00
386098;No;607;607;93;0.69;1264;0.00;0.00
386138;No;607;607;93;0.69;1265;0.00;-0.00
386178;No;607;607;93;0.69;1265;0.00;-0.00
386218;No;607;607;93;0.69;1265;0.00;-0.00
386299;No;607;607;93;0.69;1265;0.00;-0.00
386315;No;607;607;93;0.69;1266;-0.00;-0.00
386353;No;607;607;93;0.69;1265;-0.00;-0.01
386393;No;607;607;93;0.69;1265;-0.00;-0.01
386434;No;606;607;93;0.69;1264;-0.00;-0.01
386477;No;606;606;93;0.69;1264;-0.00;-0.01
386519;No;606;606;93;0.69;1264;-0.00;-0.01
386559;No;606;606;93;0.69;1263;-0.01;-0.01
386633;No;606;606;93;0.69;1263;-0.01;-0.01
386678;No;606;606;93;0.69;1262;-0.01;-0.01
386718;No;606;606;93;0.69;1262;-0.01;-0.01
386736;No;606;606;94;0.69;1262;-0.01;-0.01
386775;No;606;606;94;0.69;1262;-0.01;-0.01
386817;No;606;606;94;0.69;1262;-0.01;-0.01
386858;No;606;606;94;0.69;1261;-0.01;-0.01
386933;No;606;605;94;0.69;1261;-0.01;-0.01
386945;No;606;605;94;0.69;1261;-0.01;-0.01
386985;No;606;605;94;0.69;1261;-0.01;-0.01
387030;No;605;605;94;0.69;1261;-0.01;-0.01
387070;No;605;605;94;0.69;1261;-0.01;-0.01
387113;No;605;605;94;0.69;1261;-0.01;-0.01
387125;No;605;605;94;0.69;1261;-0.01;-0.01
387201;No;605;605;94;0.69;1261;-0.01;-0.01
387216;No;605;605;94;0.69;1261;-0.01;-0.01
387256;No;605;605;94;0.69;1261;-0.01;-0.01
387295;No;605;604;94;0.69;1261;-0.01;-0.01
387336;No;604;604;94;0.69;1261;-0.01;-0.01
387382;No;604;604;94;0.69;1261;-0.01;-0.01
387447;No;604;604;94;0.69;1260;-0.01;-0.01
387498;No;604;604;94;0.69;1260;-0.01;-0.01
387542;No;604;604;94;0.69;1260;-0.01;-0.01
387582;No;604;604;94;0.69;1260;-0.01;-0.01
387625;No;604;604;94;0.69;1259;-0.01;-0.01
387670;No;604;604;94;0.69;1259;-0.01;-0.01
387711;No;604;604;94;0.69;1258;-0.01;-0.01
387726;No;604;604;94;0.69;1258;-0.01;-0.01
387800;No;604;603;94;0.69;1258;-0.01;-0.01
387817;No;603;603;94;0.69;1257;-0.01;-0.01
387861;No;603;603;94;0.69;1257;-0.00;-0.01
387880;No;603;603;94;0.69;1256;-0.00;-0.01
387925;No;603;603;94;0.69;1256;-0.00;-0.01
387990;No;603;603;94;0.69;1256;-0.00;-0.01
388029;No;603;603;94;0.69;1255;-0.00;-0.01
388098;No;603;603;94;0.69;1255;-0.00;-0.01
388116;No;603;603;94;0.69;1254;-0.00;-0.01
388156;No;602;603;94;0.69;1254;-0.00;-0.01
388195;No;602;602;94;0.69;1253;-0.00;-0.01
388234;No;602;602;94;0.69;1253;-0.00;-0.00
388283;No;602;602;94;0.69;1252;-0.00;-0.00
388330;No;602;602;94;0.69;1252;-0.00;-0.00
388400;No;602;602;94;0.69;1252;-0.00;-0.00
388415;No;602;602;94;0.69;1251;-0.00;-0.00
388454;No;602;602;94;0.69;1250;-0.00;-0.00
388476;No;602;602;94;0.69;1250;-0.00;-0.00
388516;No;602;602;94;0.69;1249;-0.00;-0.00
388555;No;602;602;94;0.69;1248;-0.00;-0.00
388617;No;601;602;94;0.69;1248;-0.00;-0.00
388656;No;601;601;94;0.69;1247;-0.00;-0.00
388716;No;601;601;94;0.69;1247;-0.00;-0.00
388755;No;601;601;94;0.69;1246;-0.00;-0.00
388794;No;601;601;94;0.69;1246;-0.00;-0.00
388858;No;601;601;94;0.69;1246;-0.00;-0.00
388900;No;601;601;94;0.69;1246;-0.00;-0.00
388945;No;601;601;94;0.69;1246;-0.00;-0.00
389000;No;600;601;94;0.69;1246;-0.00;-0.00
389016;No;600;600;94;0.69;1245;-0.00;-0.00
389054;No;600;600;94;0.68;1244;-0.00;-0.00
389076;No;600;600;94;0.68;1244;-0.00;-0.00
389121;No;600;600;94;0.68;1243;-0.00;-0.00
389136;No;600;600;94;0.68;1242;-0.00;-0.00
389176;No;600;600;94;0.68;1241;-0.00;-0.00
389216;No;600;600;94;0.68;1240;0.00;-0.00
389255;No;600;600;94;0.68;1240;0.00;-0.00
389335;No;600;600;94;0.68;1239;0.00;-0.00
389378;No;600;600;94;0.68;1241;0.00;-0.00
389419;No;600;599;94;0.68;1243;0.00;-0.00
389437;No;599;599;94;0.68;1245;0.00;-0.00
389480;No;599;599;94;0.68;1247;0.00;-0.00
389546;No;599;599;94;0.68;1249;0.00;-0.00
389599;No;599;599;94;0.69;1252;0.00;-0.00
389669;No;599;599;94;0.69;1254;0.00;0.00
389708;No;599;599;94;0.69;1256;0.00;0.00
389748;No;599;598;94;0.68;1253;0.00;0.00
389789;No;598;598;94;0.68;1250;0.00;0.00
389828;No;598;598;93;0.68;1248;0.00;0.00
389910;No;598;598;93;0.68;1245;0.01;0.01
389957;No;598;598;93;0.68;1242;0.01;0.01
389996;No;598;598;93;0.68;1240;0.01;0.01
390036;No;598;598;93;0.68;1237;0.01;0.01
390083;No;597;597;93;0.68;1235;0.01;0.02
390149;No;597;597;93;0.68;1244;0.02;0.02
390199;No;597;597;93;0.68;1254;0.02;0.02
390238;No;597;597;93;0.68;1264;0.02;0.02
390283;No;596;596;93;0.68;1274;0.02;0.02
390323;No;596;596;93;0.68;1284;0.03;0.03
390389;No;596;596;93;0.68;1294;0.03;0.03
390434;No;596;596;93;0.68;1304;0.03;0.03
390499;No;596;596;93;0.68;1314;0.04;0.03
390544;No;595;595;93;0.68;1315;0.04;0.03
390584;No;595;595;93;0.68;1316;0.04;0.04
390622;No;595;595;93;0.68;1318;0.04;0.04
390687;No;595;595;93;0.68;1319;0.04;0.04
390728;No;595;595;93;0.68;1320;0.04;0.04
390799;No;594;594;93;0.68;1322;0.05;0.04
390814;No;594;594;93;0.68;1323;0.05;0.04
390853;No;594;594;93;0.68;1324;0.05;0.04
390894;No;594;594;93;0.68;1322;0.05;0.04
390939;No;594;594;93;0.68;1320;0.05;0.04
390978;No;594;593;93;0.68;1317;0.05;0.05
391017;No;594;593;93;0.68;1315;0.05;0.05
391056;No;593;593;93;0.68;1312;0.05;0.05
391130;No;593;593;93;0.68;1310;0.05;0.05
391146;No;593;593;93;0.68;1308;0.05;0.05
391208;No;593;592;93;0.68;1306;0.05;0.05
391247;No;592;592;93;0.68;1304;0.05;0.05
391286;No;592;592;93;0.68;1303;0.06;0.05
391332;No;592;592;93;0.68;1302;0.06;0.06
391398;No;592;592;93;0.68;1301;0.06;0.06
391438;No;592;591;93;0.68;1300;0.06;0.06
391478;No;591;591;93;0.68;1299;0.06;0.06
391518;No;591;591;93;0.68;1298;0.06;0.06
391559;No;591;591;93;0.68;1297;0.06;0.06
391598;No;591;591;93;0.68;1288;0.06;0.06
391638;No;590;591;93;0.68;1280;0.06;0.06
391699;No;590;590;93;0.68;1272;0.06;0.06
391745;No;590;590;93;0.68;1263;0.06;0.06
391784;No;590;590;93;0.68;1255;0.06;0.06
391823;No;590;590;93;0.69;1246;0.07;0.06
391888;No;590;590;93;0.69;1238;0.07;0.07
391929;No;589;590;93;0.69;1230;0.07;0.07
391999;No;589;589;93;0.69;1232;0.07;0.07
392037;No;589;589;93;0.69;1234;0.07;0.07
392079;No;589;589;93;0.69;1236;0.07;0.07
392121;No;588;589;93;0.69;1238;0.07;0.07
392167;No;588;588;93;0.69;1240;0.07;0.07
392206;No;588;588;93;0.69;1242;0.07;0.07
392248;No;588;588;93;0.69;1245;0.07;0.07
392299;No;588;588;93;0.69;1247;0.07;0.07
392320;No;588;588;93;0.69;1245;0.07;0.07
392361;No;588;588;93;0.69;1244;0.08;0.07
392376;No;588;588;93;0.69;1242;0.08;0.08
392415;No;588;587;93;0.69;1240;0.08;0.08
392456;No;587;587;93;0.69;1239;0.08;0.08
392502;No;587;587;93;0.69;1237;0.08;0.08
392542;No;587;587;93;0.69;1236;0.08;0.08
392557;No;587;587;93;0.69;1234;0.08;0.08
392632;No;587;587;93;0.69;1233;0.08;0.08
392675;No;586;586;93;0.69;1232;0.08;0.08
392716;No;586;586;93;0.69;1230;0.08;0.08
392756;No;586;586;93;0.69;1229;0.09;0.08
392796;No;586;586;93;0.69;1228;0.09;0.08
392837;No;586;586;93;0.69;1227;0.09;0.08
392857;No;586;586;93;0.69;1226;0.09;0.08
392917;No;586;586;93;0.69;1224;0.09;0.08
392956;No;585;586;93;0.69;1223;0.09;0.08
392996;No;585;585;93;0.69;1222;0.14;0.08
393037;No;585;585;92;0.69;1220;0.19;0.09
393076;No;585;585;92;0.69;1220;0.24;0.09
393119;No;585;585;92;0.69;1218;0.30;0.09
393160;No;585;585;92;0.69;1217;0.35;0.09
393234;No;584;584;92;0.69;1216;0.40;0.09
393298;No;584;584;92;0.69;1214;0.45;0.09
393343;No;584;584;92;0.69;1214;0.50;0.10
393384;No;584;584;92;0.69;1215;0.54;0.10
393450;No;584;584;92;0.69;1215;0.58;0.14
393531;No;584;584;92;0.69;1215;0.61;0.19
393546;No;584;583;92;0.69;1215;0.65;0.23
393590;No;583;583;92;0.69;1215;0.69;0.28
393629;No;583;583;92;0.69;1215;0.72;0.32
393669;No;583;583;92;0.69;1215;0.76;0.37
393708;No;583;583;92;0.69;1215;0.80;0.41
393800;No;583;583;92;0.69;1216;0.81;0.46
393816;No;583;583;92;0.69;1216;0.82;0.50
393856;No;583;583;92;0.69;1216;0.83;0.54
393876;No;582;583;92;0.69;1216;0.84;0.58
393914;No;582;582;92;0.69;1217;0.85;0.62
393954;No;582;582;92;0.69;1217;0.86;0.66
394000;No;582;582;92;0.69;1217;0.87;0.70
394039;No;582;582;92;0.69;1217;0.88;0.74
394099;No;582;582;92;0.69;1216;0.88;0.78
394139;No;582;582;92;0.69;1216;0.88;0.79
394178;No;582;582;92;0.69;1215;0.88;0.80
394223;No;582;582;92;0.69;1214;0.88;0.81
394269;No;582;582;92;0.69;1214;0.89;0.82
394310;No;582;582;92;0.69;1214;0.89;0.83
394327;No;582;582;92;0.69;1213;0.89;0.83
394400;No;582;582;92;0.69;1213;0.89;0.84
394417;No;582;582;92;0.69;1212;0.89;0.85
394456;No;582;582;92;0.69;1212;0.89;0.85
394496;No;582;582;92;0.69;1212;0.89;0.85
394536;No;582;582;92;0.69;1212;0.89;0.85
394577;No;582;582;92;0.69;1212;0.89;0.86
394627;No;582;582;92;0.69;1212;0.89;0.86
394699;No;582;582;92;0.69;1211;0.89;0.86
394738;No;582;582;92;0.69;1210;0.88;0.86
394778;No;581;582;92;0.69;1209;0.88;0.86
394819;No;581;581;92;0.69;1208;0.88;0.86
394835;No;581;581;92;0.69;1207;0.88;0.86
394875;No;581;581;92;0.69;1206;0.88;0.86
394913;No;581;581;92;0.69;1205;0.88;0.86
395019;No;581;581;92;0.69;1204;0.88;0.86
395067;No;581;581;92;0.69;1202;0.88;0.86
395108;No;581;581;92;0.69;1207;0.88;0.86
395147;No;581;581;92;0.69;1211;0.88;0.86
395186;No;581;581;92;0.69;1215;0.88;0.85
395231;No;581;581;92;0.69;1220;0.88;0.85
395298;No;581;581;92;0.69;1224;0.88;0.85
395339;No;581;581;92;0.69;1228;0.88;0.85
395376;No;581;581;92;0.69;1232;0.88;0.85
395427;No;581;580;92;0.69;1237;0.88;0.85
395466;No;580;580;92;0.69;1240;0.88;0.85
395504;No;580;580;92;0.69;1244;0.89;0.85
395544;No;580;580;92;0.69;1248;0.89;0.85
395599;No;580;580;92;0.69;1252;0.89;0.85
395668;No;580;580;92;0.69;1256;0.89;0.85
395706;No;580;580;92;0.69;1260;0.89;0.85
395748;No;580;580;92;0.69;1263;0.89;0.85
395766;No;580;580;92;0.69;1267;0.89;0.85
395807;No;580;580;92;0.69;1276;0.89;0.85
395845;No;580;580;92;0.69;1284;0.89;0.85
395900;No;580;580;92;0.69;1292;0.89;0.85
395915;No;580;580;92;0.69;1301;0.89;0.85
395957;No;580;580;92;0.69;1309;0.89;0.85
395976;No;580;580;92;0.69;1318;0.89;0.85
396015;No;580;580;92;0.69;1326;0.89;0.85
396056;No;580;580;92;0.69;1334;0.89;0.85
396094;No;580;580;92;0.69;1328;0.88;0.85
396136;No;580;580;92;0.69;1320;0.89;0.85
396198;No;580;580;92;0.69;1313;0.89;0.85
396238;No;580;580;92;0.69;1306;0.89;0.85
396296;No;580;580;92;0.69;1299;0.89;0.85
396335;No;579;580;92;0.69;1292;0.89;0.85
396382;No;579;579;92;0.69;1285;0.89;0.85
396396;No;579;579;92;0.69;1278;0.89;0.85
396436;No;579;579;92;0.69;1268;0.89;0.85
396500;No;579;579;92;0.69;1258;0.90;0.85
396517;No;579;579;91;0.69;1248;0.90;0.85
396556;No;579;579;91;0.69;1238;0.90;0.85
396594;No;579;579;91;0.69;1228;0.90;0.85
396660;No;579;579;91;0.69;1218;0.90;0.86
396702;No;579;579;91;0.69;1208;0.90;0.86
396726;No;579;579;91;0.69;1198;0.90;0.86
396800;No;579;579;91;0.69;1201;0.90;0.86
396819;No;579;579;91;0.69;1204;0.90;0.87
396858;No;579;579;91;0.69;1206;0.89;0.86
396904;No;579;579;91;0.69;1209;0.89;0.86
396949;No;579;579;91;0.69;1212;0.89;0.86
396988;No;579;579;91;0.69;1214;0.88;0.86
397027;No;579;579;91;0.69;1217;0.88;0.86
397099;No;579;579;91;0.69;1220;0.88;0.85
397138;No;579;579;91;0.69;1217;0.88;0.85
397184;No;579;579;91;0.69;1215;0.87;0.85
397223;No;579;579;91;0.69;1213;0.87;0.85
397289;No;579;579;91;0.69;1211;0.87;0.84
397333;No;579;579;91;0.69;1208;0.87;0.84
397398;No;579;579;91;0.69;1206;0.87;0.84
397416;No;579;579;91;0.69;1204;0.86;0.83
397456;No;579;579;91;0.69;1202;0.86;0.83
397496;No;579;579;91;0.69;1200;0.86;0.83
397535;No;579;579;91;0.69;1198;0.86;0.83
397576;No;579;579;91;0.69;1196;0.86;0.83
397596;No;579;579;91;0.69;1194;0.86;0.83
397635;No;579;579;91;0.69;1193;0.86;0.82
397656;No;579;579;91;0.69;1191;0.86;0.82
397731;No;579;579;91;0.69;1189;0.86;0.82
397748;No;579;578;91;0.69;1187;0.86;0.82
397793;No;578;578;91;0.69;1186;0.86;0.82
397859;No;578;578;91;0.69;1186;0.85;0.82
397898;No;578;578;91;0.69;1185;0.85;0.82
397943;No;578;578;91;0.69;1184;0.85;0.82
397957;No;578;578;91;0.69;1183;0.85;0.82
398034;No;578;578;91;0.69;1182;0.85;0.82
398080;No;578;578;91;0.69;1182;0.84;0.82
398117;No;578;578;91;0.69;1181;0.84;0.81
398157;No;578;578;91;0.69;1180;0.84;0.81
398195;No;578;578;91;0.69;1180;0.84;0.81
398240;No;578;578;91;0.69;1180;0.84;0.81
398257;No;578;578;91;0.69;1180;0.84;0.81
398333;No;578;578;91;0.69;1180;0.84;0.81
398345;No;578;578;91;0.69;1180;0.83;0.81
398385;No;578;578;91;0.69;1179;0.83;0.81
398407;No;578;578;91;0.69;1179;0.83;0.80
398446;No;578;578;91;0.69;1179;0.83;0.80
398487;No;578;578;91;0.69;1179;0.83;0.80
398528;No;578;578;91;0.69;1179;0.83;0.80
398602;No;578;578;91;0.69;1179;0.83;0.80
398668;No;578;578;91;0.69;1179;0.83;0.80
398709;No;578;578;91;0.69;1179;0.83;0.80
398749;No;578;578;91;0.69;1179;0.82;0.80
398788;No;578;578;91;0.69;1179;0.82;0.80
398829;No;578;578;91;0.69;1178;0.82;0.80
398900;No;578;578;91;0.69;1177;0.82;0.80
398916;No;578;578;91;0.69;1176;0.82;0.80
398955;No;578;578;91;0.69;1175;0.82;0.79
398976;No;578;578;91;0.69;1174;0.82;0.79
399014;No;578;578;91;0.69;1174;0.82;0.79
399056;No;578;578;91;0.69;1172;0.82;0.79
399095;No;578;578;91;0.69;1172;0.82;0.79
399136;No;578;578;91;0.69;1172;0.82;0.79
399198;No;578;578;91;0.69;1173;0.81;0.79
399238;No;578;579;91;0.69;1174;0.81;0.79
399278;No;578;579;91;0.69;1175;0.81;0.79
399317;No;578;579;91;0.69;1176;0.81;0.79
399364;No;579;579;91;0.69;1176;0.81;0.79
399404;No;579;579;91;0.69;1177;0.81;0.78
399444;No;579;579;91;0.69;1178;0.80;0.78
399498;No;579;579;91;0.69;1178;0.80;0.78
399516;No;579;579;91;0.69;1178;0.80;0.78
399554;No;579;579;91;0.69;1178;0.80;0.78
399595;No;579;579;91;0.69;1178;0.80;0.78
399635;No;579;579;91;0.69;1178;0.80;0.78
399674;No;579;579;91;0.69;1178;0.80;0.78
399696;No;579;579;91;0.69;1178;0.80;0.78
399734;No;579;579;91;0.69;1178;0.80;0.78
399800;No;579;579;91;0.69;1178;0.80;0.77
399817;No;579;579;91;0.69;1178;0.80;0.77
399857;No;579;579;91;0.69;1178;0.80;0.77
399897;No;579;579;91;0.69;1178;0.80;0.77
399935;No;579;579;91;0.69;1179;0.80;0.77
399976;No;579;579;91;0.69;1179;0.80;0.77
400016;No;579;579;91;0.69;1179;0.80;0.77
400062;No;579;579;91;0.69;1179;0.80;0.77
400135;No;579;579;91;0.68;1180;0.80;0.77
400176;No;579;579;91;0.68;1181;0.80;0.77
400216;No;579;579;91;0.68;1182;0.80;0.77
400257;No;579;579;91;0.68;1183;0.80;0.77
400299;No;580;579;91;0.68;1184;0.79;0.76
400342;No;580;580;91;0.68;1184;0.79;0.76
400356;No;580;580;91;0.68;1185;0.79;0.75
400416;No;580;580;91;0.68;1186;0.79;0.75
400461;No;580;580;91;0.68;1187;0.79;0.75
400478;No;580;580;91;0.68;1187;0.79;0.74
400519;No;580;580;91;0.68;1188;0.79;0.75
400537;No;580;580;91;0.68;1189;0.79;0.75
400580;No;580;580;91;0.68;1189;0.79;0.75
400595;No;580;580;91;0.68;1190;0.78;0.75
400636;No;580;580;91;0.68;1190;0.78;0.76
400699;No;580;580;91;0.68;1191;0.78;0.76
400739;No;580;580;91;0.68;1191;0.78;0.76
400785;No;580;580;91;0.68;1190;0.78;0.76
400829;No;580;580;91;0.68;1190;0.79;0.76
400870;No;580;580;91;0.68;1190;0.79;0.76
400910;No;580;580;91;0.68;1189;0.79;0.76
400926;No;580;580;91;0.68;1189;0.79;0.76
400999;No;581;580;91;0.68;1188;0.79;0.76
401016;No;581;581;91;0.68;1188;0.79;0.76
401055;No;581;581;91;0.68;1188;0.79;0.75
401096;No;581;581;91;0.68;1188;0.79;0.75
401140;No;581;581;91;0.68;1188;0.79;0.75
401180;No;581;581;91;0.68;1187;0.79;0.75
401197;No;581;581;91;0.68;1187;0.79;0.75
401236;No;581;581;91;0.68;1187;0.79;0.75
401299;No;581;581;91;0.68;1187;0.79;0.75
401338;No;581;581;91;0.68;1187;0.79;0.75
401379;No;581;581;91;0.68;1187;0.79;0.75
401417;No;581;582;91;0.68;1187;0.79;0.75
401458;No;581;582;91;0.68;1188;0.80;0.75
401505;No;582;582;91;0.68;1188;0.80;0.75
401544;No;582;582;91;0.68;1188;0.80;0.75
401598;No;582;582;91;0.68;1188;0.80;0.75
401616;No;582;582;91;0.68;1188;0.80;0.75
401656;No;582;582;91;0.68;1188;0.80;0.75
401698;No;582;582;91;0.68;1188;0.81;0.75
401738;No;582;582;91;0.68;1187;0.80;0.75
401780;No;582;582;91;0.68;1186;0.80;0.75
401796;No;582;582;91;0.68;1186;0.80;0.75
401842;No;582;582;91;0.68;1185;0.80;0.75
401856;No;582;582;91;0.68;1184;0.80;0.75
401930;No;582;582;91;0.68;1184;0.80;0.75
401944;No;583;582;91;0.68;1183;0.79;0.75
401994;No;583;583;91;0.68;1183;0.79;0.75
402058;No;583;583;91;0.68;1183;0.80;0.75
402098;No;583;583;91;0.68;1183;0.80;0.75
402140;No;583;583;91;0.68;1183;0.80;0.75
402157;No;583;583;91;0.68;1183;0.81;0.75
402229;No;583;583;91;0.68;1183;0.81;0.76
402246;No;583;583;91;0.68;1182;0.81;0.76
402286;No;583;583;91;0.68;1182;0.82;0.76
402325;No;583;584;91;0.68;1180;0.82;0.76
402371;No;583;584;91;0.68;1179;0.82;0.76
402412;No;584;584;91;0.68;1177;0.82;0.76
402426;No;584;584;91;0.68;1175;0.82;0.76
402499;No;584;584;91;0.68;1173;0.82;0.76
402517;No;584;584;91;0.68;1171;0.82;0.76
402556;No;584;584;91;0.68;1169;0.81;0.75
402596;No;584;584;91;0.68;1167;0.81;0.75
402636;No;584;584;91;0.68;1168;0.81;0.75
402698;No;584;584;91;0.68;1169;0.81;0.75
402743;No;584;584;91;0.68;1170;0.81;0.75
402757;No;584;584;91;0.68;1172;0.81;0.75
402830;No;584;584;91;0.68;1172;0.81;0.75
402845;No;584;584;91;0.68;1174;0.81;0.75
402886;No;584;584;91;0.68;1174;0.81;0.75
402912;No;585;585;91;0.68;1176;0.81;0.75
402951;No;585;585;91;0.68;1175;0.81;0.75
402966;No;585;585;91;0.68;1175;0.81;0.75
403006;No;585;585;91;0.68;1174;0.81;0.75
403027;No;585;585;91;0.68;1174;0.80;0.75
403099;No;585;585;91;0.68;1174;0.80;0.75
403116;No;585;585;91;0.68;1174;0.80;0.75
403156;No;585;585;91;0.68;1173;0.80;0.75
403197;No;585;585;91;0.68;1173;0.80;0.75
403236;No;585;585;91;0.68;1184;0.80;0.75
403275;No;585;585;91;0.68;1195;0.80;0.75
403316;No;585;585;91;0.68;1206;0.80;0.75
403356;No;585;585;91;0.68;1217;0.80;0.76
403435;No;585;585;91;0.68;1228;0.80;0.76
403476;No;585;585;91;0.68;1239;0.80;0.76
403516;No;585;585;91;0.68;1250;0.79;0.76
403554;No;585;585;91;0.68;1262;0.79;0.76
403596;No;585;585;91;0.68;1253;0.79;0.76
403637;No;585;585;91;0.68;1245;0.79;0.76
403677;No;585;585;91;0.68;1237;0.79;0.76
403721;No;585;585;91;0.68;1228;0.79;0.76
403765;No;585;585;91;0.68;1220;0.79;0.76
403807;No;585;585;91;0.68;1212;0.79;0.76
403847;No;585;585;91;0.68;1204;0.79;0.76
403885;No;585;585;91;0.68;1195;0.79;0.76
403925;No;585;585;91;0.68;1184;0.79;0.76
404021;No;585;585;91;0.68;1172;0.79;0.76
404061;No;585;585;91;0.68;1161;0.79;0.76
404076;No;585;585;91;0.68;1149;0.79;0.76
404115;No;585;585;91;0.68;1138;0.79;0.76
404156;No;585;585;91;0.68;1126;0.79;0.76
404202;No;585;585;91;0.68;1115;0.79;0.76
404242;No;585;585;91;0.68;1103;0.79;0.76
404257;No;585;585;91;0.68;1109;0.79;0.76
404331;No;585;585;92;0.68;1115;0.79;0.76
404375;No;585;585;92;0.68;1120;0.79;0.76
404420;No;585;585;92;0.68;1126;0.79;0.76
404458;No;585;585;92;0.68;1132;0.79;0.76
404499;No;585;585;92;0.68;1138;0.78;0.76
404538;No;585;585;92;0.68;1144;0.78;0.76
404598;No;585;585;92;0.68;1150;0.78;0.76
404617;No;585;585;92;0.68;1149;0.78;0.76
404658;No;585;585;92;0.68;1149;0.78;0.76
404697;No;585;585;92;0.68;1149;0.78;0.76
404741;No;585;585;92;0.68;1148;0.78;0.76
404781;No;585;585;92;0.68;1148;0.78;0.76
404795;No;585;585;92;0.68;1148;0.78;0.76
404835;No;585;585;92;0.68;1148;0.78;0.76
404899;No;585;585;92;0.68;1148;0.78;0.76
404941;No;585;585;92;0.68;1149;0.78;0.76
404980;No;585;585;92;0.68;1151;0.78;0.76
405026;No;584;585;92;0.68;1153;0.78;0.76
405066;No;584;584;92;0.68;1155;0.78;0.76
405112;No;584;584;92;0.68;1156;0.78;0.76
405125;No;584;584;92;0.68;1158;0.78;0.76
405165;No;584;584;92;0.68;1160;0.78;0.75
405257;No;584;584;92;0.68;1162;0.78;0.75
405298;No;584;584;92;0.68;1176;0.78;0.75
405336;No;584;584;92;0.68;1190;0.78;0.75
405375;No;584;584;92;0.68;1204;0.78;0.72
405415;No;584;584;92;0.68;1218;0.78;0.70
405500;No;584;584;92;0.68;1232;0.78;0.67
405515;No;584;584;92;0.68;1246;0.78;0.64
405555;No;584;584;92;0.68;1260;0.78;0.61
405595;No;584;584;92;0.68;1274;0.78;0.58
405635;No;584;584;92;0.68;1290;0.78;0.56
405680;No;584;584;92;0.68;1305;0.78;0.53
405696;No;584;584;92;0.68;1321;0.79;0.56
405736;No;584;584;92;0.68;1336;0.79;0.59
405799;No;584;584;92;0.68;1352;0.79;0.62
405815;No;584;584;92;0.68;1368;0.79;0.65
405856;No;584;584;92;0.68;1383;0.79;0.68
405899;No;584;584;92;0.68;1399;0.79;0.71
405941;No;584;584;92;0.68;1392;0.80;0.74
405986;No;584;583;92;0.68;1386;0.81;0.77
406033;No;583;583;92;0.68;1380;0.82;0.78
406098;No;583;583;92;0.68;1373;0.82;0.80
406142;No;583;583;92;0.68;1367;0.83;0.81
406181;No;583;583;92;0.68;1360;0.84;0.82
406223;No;583;583;92;0.68;1354;0.85;0.83
406289;No;583;583;92;0.68;1348;0.86;0.84
406328;No;583;583;92;0.68;1335;0.87;0.85
406401;No;583;583;92;0.68;1322;0.87;0.87
406417;No;583;583;92;0.68;1308;0.87;0.87
406461;No;583;583;92;0.68;1295;0.87;0.87
406477;No;583;583;92;0.68;1282;0.87;0.87
406536;No;583;583;92;0.68;1269;0.87;0.87
406575;No;583;583;92;0.68;1256;0.87;0.87
406615;No;583;583;92;0.68;1243;0.87;0.87
406655;No;583;583;92;0.68;1240;0.87;0.87
406701;No;583;583;92;0.68;1237;0.87;0.87
406717;No;583;583;92;0.68;1234;0.87;0.86
406756;No;583;583;92;0.68;1232;0.87;0.86
406830;No;583;583;92;0.68;1229;0.87;0.86
406874;No;583;583;92;0.68;1226;0.87;0.86
406916;No;583;583;92;0.68;1224;0.87;0.86
406956;No;583;583;92;0.68;1221;0.87;0.86
407006;No;583;583;92;0.68;1214;0.87;0.86
407046;No;583;583;92;0.68;1207;0.87;0.86
407084;No;583;583;92;0.68;1200;0.87;0.86
407124;No;583;583;92;0.68;1192;0.87;0.86
407165;No;583;583;92;0.68;1185;0.87;0.86
407211;No;583;583;92;0.68;1178;0.87;0.86
407228;No;583;583;92;0.68;1171;0.87;0.86
407303;No;583;583;92;0.68;1164;0.87;0.86
407316;No;583;583;92;0.68;1164;0.87;0.86
407361;No;583;583;92;0.68;1165;0.87;0.86
407376;No;583;583;92;0.68;1166;0.87;0.85
407416;No;583;583;92;0.68;1167;0.86;0.85
407456;No;583;583;92;0.68;1168;0.86;0.85
407501;No;583;583;92;0.68;1168;0.86;0.85
407541;No;583;583;92;0.68;1170;0.86;0.84
407556;No;583;583;92;0.68;1170;0.85;0.84
407633;No;583;583;92;0.68;1170;0.85;0.84
407698;No;583;583;92;0.68;1169;0.85;0.84
407750;No;583;583;92;0.68;1168;0.85;0.83
407766;No;583;583;92;0.68;1167;0.84;0.83
407816;No;583;583;92;0.68;1166;0.84;0.83
407856;No;583;583;92;0.68;1166;0.84;0.83
407933;No;583;583;92;0.68;1164;0.84;0.83
407946;No;583;583;92;0.68;1164;0.84;0.83
407985;No;583;583;92;0.68;1166;0.84;0.82
408025;No;583;583;92;0.68;1169;0.83;0.82
408089;No;583;583;92;0.68;1172;0.83;0.82
408139;No;583;584;92;0.68;1174;0.83;0.82
408157;No;583;584;92;0.68;1177;0.82;0.82
408233;No;583;584;92;0.68;1180;0.82;0.81
408297;No;584;584;92;0.68;1182;0.82;0.81
408339;No;584;584;92;0.68;1185;0.81;0.81
408380;No;584;584;92;0.68;1187;0.81;0.81
408396;No;584;584;92;0.68;1189;0.81;0.81
408436;No;584;584;92;0.68;1191;0.81;0.80
408503;No;584;584;92;0.68;1193;0.81;0.80
408547;No;584;584;92;0.68;1195;0.80;0.80
408586;No;584;584;92;0.68;1197;0.80;0.80
408609;No;584;584;92;0.68;1199;0.80;0.80
408648;No;584;584;92;0.68;1201;0.80;0.80
408688;No;584;584;92;0.68;1198;0.80;0.79
408729;No;584;584;92;0.68;1196;0.80;0.79
408803;No;584;584;92;0.68;1194;0.79;0.79
408848;No;584;584;92;0.68;1192;0.79;0.79
408887;No;584;584;92;0.68;1189;0.79;0.79
408957;No;585;584;92;0.68;1187;0.79;0.79
408997;No;585;585;92;0.68;1184;0.79;0.79
409036;No;585;585;92;0.68;1182;0.79;0.79
409058;No;585;585;92;0.68;1182;0.79;0.78
409156;No;585;585;92;0.68;1183;0.79;0.78
409196;No;585;585;92;0.68;1183;0.79;0.78
409235;No;585;585;92;0.68;1184;0.79;0.78
409275;No;585;585;92;0.68;1184;0.79;0.78
409296;No;585;585;92;0.68;1184;0.78;0.78
409342;No;585;585;92;0.68;1185;0.78;0.78
409357;No;585;585;92;0.68;1185;0.78;0.78
409432;No;585;585;92;0.68;1184;0.78;0.77
409446;No;585;585;92;0.68;1182;0.78;0.77
409490;No;585;585;92;0.68;1181;0.78;0.77
409529;No;586;585;92;0.68;1180;0.78;0.77
409568;No;586;586;92;0.68;1178;0.78;0.77
409608;No;586;586;92;0.68;1177;0.78;0.77
409650;No;586;586;92;0.68;1176;0.78;0.77
409736;No;586;586;92;0.68;1174;0.78;0.77
409775;No;586;586;92;0.68;1174;0.78;0.77
409815;No;586;586;92;0.68;1174;0.78;0.77
409856;No;586;586;92;0.68;1174;0.78;0.77
409898;No;586;586;92;0.68;1175;0.78;0.77
409942;No;586;586;92;0.68;1175;0.78;0.77
409955;No;586;586;92;0.68;1175;0.78;0.77
410002;No;586;586;92;0.68;1175;0.78;0.77
410015;No;586;586;92;0.68;1175;0.78;0.77
410065;No;586;586;92;0.68;1174;0.78;0.77
410114;No;586;586;92;0.68;1174;0.78;0.77
410156;No;586;586;92;0.68;1174;0.78;0.77
410195;No;586;586;92;0.68;1174;0.78;0.78
410234;No;587;586;92;0.68;1173;0.78;0.78
410301;No;587;587;92;0.68;1173;0.77;0.78
410316;No;587;587;92;0.68;1173;0.77;0.78
410378;No;587;587;92;0.68;1172;0.77;0.78
410417;No;587;587;92;0.68;1174;0.77;0.78
410470;No;587;587;92;0.68;1175;0.77;0.78
410508;No;587;587;92;0.68;1176;0.77;0.78
410527;No;587;587;92;0.68;1178;0.77;0.79
410600;No;587;587;92;0.68;1179;0.77;0.79
410616;No;587;587;92;0.68;1180;0.77;0.79
410657;No;587;587;92;0.68;1182;0.77;0.79
410697;No;587;587;92;0.68;1183;0.77;0.79
410742;No;588;588;92;0.68;1184;0.77;0.79
410781;No;588;588;92;0.68;1185;0.77;0.80
410826;No;588;588;92;0.68;1186;0.77;0.80
410903;No;588;588;92;0.68;1187;0.77;0.79
410915;No;588;588;92;0.68;1188;0.77;0.79
410955;No;588;588;92;0.68;1188;0.77;0.79
410975;No;588;588;92;0.68;1190;0.77;0.79
411016;No;588;588;92;0.68;1190;0.76;0.79
411056;No;588;588;92;0.68;1192;0.76;0.79
411096;No;588;588;92;0.68;1193;0.76;0.79
411137;No;588;588;92;0.68;1194;0.76;0.79
411203;No;588;588;92;0.68;1195;0.76;0.79
411215;No;588;588;92;0.68;1196;0.75;0.79
411255;No;588;588;92;0.68;1198;0.75;0.79
411294;No;588;588;92;0.68;1198;0.75;0.78
411342;No;589;589;92;0.68;1200;0.75;0.78
411381;No;589;589;92;0.68;1270;0.74;0.78
411396;No;589;589;92;0.68;1340;0.74;0.78
411436;No;589;589;92;0.68;1410;0.74;0.78
411503;No;589;589;92;0.68;1479;0.74;0.78
411569;No;589;589;92;0.68;1549;0.74;0.78
411608;No;589;589;92;0.68;1619;0.74;0.78
411656;No;589;589;92;0.68;1689;0.74;0.77
411696;No;590;590;92;0.68;1759;0.74;0.77
411740;No;590;590;92;0.68;1769;0.74;0.77
411757;No;590;590;92;0.68;1779;0.74;0.77
411834;No;590;590;92;0.68;1789;0.75;0.77
411898;No;590;590;92;0.68;1799;0.75;0.77
411940;No;590;591;92;0.68;1809;0.75;0.77
411983;No;590;591;92;0.68;1819;0.76;0.77
411995;No;590;591;92;0.68;1830;0.76;0.76
412040;No;591;591;92;0.68;1840;0.76;0.76
412055;No;591;591;92;0.68;1808;0.77;0.76
412134;No;591;591;92;0.68;1776;0.77;0.76
412174;No;591;591;92;0.68;1745;0.77;0.76
412214;No;591;591;92;0.68;1714;0.77;0.76
412252;No;591;592;92;0.68;1682;0.77;0.76
412264;No;591;592;92;0.68;1651;0.77;0.76
412305;No;592;592;92;0.68;1619;0.77;0.76
412347;No;592;592;92;0.68;1588;0.77;0.76
412402;No;592;592;92;0.68;1557;0.77;0.76
412416;No;592;592;92;0.68;1526;0.77;0.76
412455;No;592;592;92;0.68;1495;0.77;0.76
412497;No;592;592;92;0.68;1464;0.77;0.76
412535;No;592;592;92;0.68;1433;0.77;0.76
412577;No;592;592;92;0.68;1402;0.77;0.76
412618;No;592;592;92;0.68;1371;0.77;0.76
412658;No;592;592;92;0.68;1340;0.77;0.76
412732;No;592;592;92;0.68;1332;0.77;0.76
412746;No;593;593;92;0.68;1324;0.77;0.76
412785;No;593;593;92;0.68;1316;0.77;0.76
412830;No;593;593;92;0.68;1308;0.77;0.76
412868;No;593;593;92;0.68;1300;0.77;0.76
412908;No;593;593;92;0.68;1291;0.77;0.76
412956;No;593;593;92;0.68;1283;0.77;0.75
413005;No;593;593;92;0.68;1275;0.77;0.75
413046;No;593;593;92;0.68;1270;0.77;0.75
413086;No;593;593;93;0.68;1265;0.77;0.75
413125;No;593;593;93;0.68;1260;0.77;0.75
413169;No;593;593;93;0.68;1255;0.77;0.75
413215;No;593;593;93;0.68;1250;0.77;0.75
413256;No;593;593;93;0.68;1245;0.77;0.76
413301;No;593;593;93;0.68;1240;0.77;0.76
413316;No;593;593;93;0.68;1235;0.77;0.76
413359;No;593;593;93;0.68;1251;0.77;0.76
413376;No;594;593;93;0.68;1267;0.77;0.76
413416;No;594;594;93;0.68;1283;0.77;0.76
413455;No;594;594;93;0.68;1300;0.77;0.76
413496;No;594;594;93;0.68;1316;0.77;0.76
413548;No;594;594;93;0.68;1332;0.77;0.76
413605;No;594;594;93;0.68;1348;0.77;0.75
413645;No;594;594;93;0.68;1364;0.77;0.75
413686;No;594;594;93;0.68;1349;0.77;0.75
413727;No;594;594;93;0.68;1335;0.77;0.75
413771;No;594;594;93;0.68;1320;0.77;0.75
413811;No;594;594;93;0.68;1306;0.77;0.75
413827;No;594;594;93;0.68;1291;0.77;0.75
413902;No;594;594;93;0.68;1276;0.76;0.75
413946;No;594;594;93;0.68;1262;0.76;0.75
413991;No;594;594;93;0.68;1248;0.76;0.75
414030;No;594;594;93;0.68;1244;0.76;0.75
414071;No;594;594;93;0.68;1240;0.76;0.75
414112;No;594;594;93;0.68;1236;0.76;0.75
414126;No;594;594;93;0.68;1233;0.76;0.75
414211;No;594;594;93;0.68;1229;0.76;0.75
414259;No;594;594;93;0.68;1226;0.76;0.75
414300;No;594;594;93;0.68;1222;0.76;0.75
414348;No;594;594;93;0.68;1218;0.76;0.75
414387;No;594;594;93;0.68;1214;0.76;0.75
414427;No;594;594;93;0.68;1209;0.76;0.75
414501;No;594;594;93;0.68;1204;0.76;0.75
414547;No;594;594;93;0.68;1199;0.76;0.75
414586;No;594;594;93;0.68;1194;0.76;0.75
414626;No;594;594;93;0.68;1190;0.76;0.75
414666;No;594;594;93;0.68;1185;0.76;0.75
414707;No;594;594;93;0.68;1180;0.76;0.75
414749;No;594;594;93;0.68;1195;0.76;0.75
414801;No;594;594;93;0.68;1210;0.76;0.75
414816;No;594;594;93;0.68;1225;0.76;0.75
414855;No;594;594;93;0.68;1240;0.76;0.75
414877;No;594;594;93;0.68;1254;0.76;0.75
414917;No;594;594;93;0.68;1269;0.76;0.75
414958;No;594;594;93;0.68;1284;0.76;0.75
414999;No;594;594;93;0.68;1299;0.76;0.75
415040;No;594;594;93;0.68;1292;0.76;0.75
415057;No;594;594;94;0.68;1285;0.76;0.75
415133;No;594;594;94;0.68;1278;0.76;0.75
415199;No;594;594;94;0.68;1272;0.76;0.75
415239;No;594;594;94;0.68;1265;0.76;0.75
415285;No;594;594;94;0.68;1258;0.76;0.75
415325;No;594;594;94;0.68;1251;0.76;0.75
415366;No;594;594;94;0.68;1244;0.76;0.75
415434;No;594;594;94;0.68;1233;0.76;0.75
415496;No;594;594;94;0.68;1222;0.76;0.75
415536;No;594;594;94;0.68;1210;0.76;0.75
415575;No;594;594;94;0.68;1199;0.76;0.75
415614;No;594;594;94;0.68;1187;0.76;0.75
415655;No;594;594;94;0.68;1176;0.76;0.75
415734;No;594;594;94;0.68;1164;0.76;0.75
415745;No;594;594;94;0.68;1153;0.76;0.75
415784;No;594;594;94;0.68;1151;0.76;0.75
415825;No;594;594;94;0.68;1149;0.76;0.75
415866;No;594;594;94;0.68;1147;0.76;0.75
415908;No;594;594;94;0.68;1145;0.76;0.75
415926;No;594;594;94;0.68;1143;0.76;0.75
416004;No;594;594;94;0.68;1141;0.76;0.75
416047;No;594;594;94;0.68;1139;0.76;0.75
416094;No;594;594;94;0.68;1137;0.76;0.75
416134;No;593;594;94;0.68;1158;0.76;0.75
416175;No;593;593;94;0.68;1178;0.76;0.75
416214;No;593;593;94;0.68;1199;0.76;0.75
416256;No;593;593;94;0.68;1220;0.76;0.75
416335;No;593;593;94;0.68;1241;0.76;0.75
416375;No;593;593;94;0.68;1262;0.76;0.75
416416;No;593;593;94;0.68;1282;0.76;0.75
416456;No;593;593;94;0.68;1303;0.76;0.75
416501;No;593;593;94;0.68;1290;0.76;0.75
416542;No;593;593;94;0.68;1276;0.76;0.75
416556;No;593;593;94;0.68;1262;0.76;0.75
416601;No;593;593;94;0.68;1249;0.76;0.75
416616;No;593;593;94;0.68;1235;0.76;0.75
416655;No;593;593;94;0.68;1222;0.76;0.75
416694;No;593;593;94;0.68;1208;0.77;0.75
416734;No;593;593;94;0.68;1194;0.77;0.75
416775;No;593;593;94;0.68;1202;0.77;0.75
416796;No;593;593;94;0.68;1209;0.77;0.75
416839;No;593;593;94;0.68;1217;0.77;0.75
416856;No;593;593;94;0.68;1224;0.77;0.75
416902;No;593;593;94;0.68;1232;0.77;0.75
416914;No;593;593;94;0.68;1239;0.77;0.75
416955;No;593;593;94;0.68;1247;0.77;0.75
416994;No;593;593;94;0.68;1254;0.77;0.75
417059;No;593;593;94;0.68;1256;0.77;0.75
417098;No;593;593;94;0.68;1259;0.77;0.75
417145;No;592;593;94;0.68;1261;0.77;0.75
417201;No;592;592;94;0.68;1263;0.77;0.75
417216;No;592;592;94;0.68;1265;0.77;0.75
417255;No;592;592;94;0.68;1268;0.77;0.75
417295;No;592;592;94;0.68;1270;0.77;0.75
417335;No;592;592;94;0.68;1272;0.77;0.75
417373;No;592;592;94;0.68;1282;0.77;0.75
417411;No;592;592;94;0.68;1292;0.77;0.75
417426;No;592;592;94;0.68;1302;0.78;0.75
417499;No;592;592;94;0.68;1312;0.78;0.76
417516;No;592;592;94;0.68;1322;0.78;0.76
417555;No;592;592;94;0.68;1332;0.79;0.76
417595;No;592;592;94;0.68;1342;0.79;0.76
417638;No;592;592;94;0.68;1352;0.79;0.76
417677;No;592;592;94;0.68;1350;0.80;0.76
417717;No;592;592;94;0.68;1349;0.80;0.76
417757;No;592;592;94;0.68;1347;0.81;0.76
417833;No;592;592;94;0.68;1346;0.81;0.77
417879;No;592;592;94;0.68;1344;0.82;0.77
417920;No;592;592;94;0.68;1343;0.82;0.77
417936;No;592;592;94;0.68;1342;0.83;0.77
417980;No;592;592;94;0.68;1340;0.83;0.77
417996;No;592;592;94;0.68;1325;0.84;0.78
418057;No;592;592;94;0.68;1310;0.84;0.78
418133;No;592;592;94;0.68;1296;0.84;0.78
418199;No;592;592;94;0.68;1281;0.84;0.78
418239;No;592;592;94;0.68;1266;0.84;0.78
418286;No;592;592;94;0.68;1251;0.84;0.78
418325;No;592;592;94;0.68;1236;0.84;0.77
418403;No;592;592;94;0.68;1221;0.84;0.77
418469;No;592;592;94;0.68;1217;0.84;0.77
418511;No;592;592;94;0.68;1212;0.84;0.77
418551;No;592;592;94;0.68;1208;0.84;0.77
418566;No;592;592;94;0.68;1204;0.84;0.77
418606;No;592;592;94;0.68;1200;0.84;0.77
418646;No;592;592;94;0.68;1195;0.84;0.77
418701;No;592;592;94;0.68;1191;0.84;0.77
418715;No;592;592;94;0.68;1186;0.84;0.77
418755;No;592;592;94;0.68;1194;0.84;0.77
418793;No;592;592;94;0.68;1201;0.84;0.77
418834;No;592;592;94;0.68;1208;0.84;0.77
418874;No;592;592;94;0.68;1215;0.84;0.77
418915;No;592;592;94;0.68;1222;0.84;0.77
418954;No;592;592;94;0.68;1229;0.84;0.78
419003;No;592;592;94;0.68;1236;0.84;0.78
419048;No;592;592;94;0.68;1243;0.84;0.78
419089;No;592;592;94;0.68;1237;0.84;0.78
419127;No;592;592;94;0.68;1230;0.84;0.78
419167;No;592;592;94;0.68;1224;0.84;0.78
419207;No;592;592;94;0.68;1218;0.84;0.78
419247;No;592;592;94;0.68;1212;0.84;0.78
419300;No;592;592;94;0.68;1205;0.84;0.78
419336;No;592;592;94;0.68;1199;0.84;0.78
419375;No;592;592;94;0.68;1192;0.84;0.78
419421;No;592;592;94;0.68;1192;0.84;0.78
419436;No;592;591;94;0.68;1192;0.84;0.78
419475;No;591;591;94;0.68;1191;0.84;0.78
419514;No;591;591;94;0.68;1191;0.84;0.78
419556;No;591;591;94;0.68;1190;0.84;0.78
419604;No;591;591;94;0.68;1190;0.84;0.78
419646;No;591;591;94;0.68;1190;0.84;0.78
419686;No;591;591;94;0.68;1189;0.84;0.78
419727;No;591;591;94;0.68;1182;0.84;0.78
419766;No;591;591;94;0.68;1175;0.84;0.78
419813;No;591;591;94;0.68;1168;0.84;0.78
419826;No;591;591;94;0.68;1162;0.84;0.78
419901;No;591;591;94;0.68;1155;0.84;0.78
419945;No;591;591;94;0.68;1148;0.83;0.78
419986;No;591;591;94;0.68;1141;0.83;0.78
420006;No;591;591;94;0.68;1134;0.83;0.78
420045;No;591;591;94;0.68;1131;0.83;0.78
420087;No;591;591;94;0.68;1128;0.83;0.78
420126;No;591;591;94;0.68;1125;0.83;0.78
420202;No;591;591;94;0.68;1122;0.83;0.78
420216;No;591;591;94;0.68;1119;0.83;0.78
420256;No;591;591;94;0.68;1116;0.83;0.78
420275;No;591;591;94;0.68;1113;0.83;0.77
420316;No;591;591;94;0.68;1110;0.83;0.77
420356;No;591;591;94;0.68;1108;0.83;0.77
420401;No;591;591;94;0.68;1106;0.83;0.77
420450;No;590;591;94;0.68;1104;0.83;0.77
420502;No;590;590;94;0.68;1102;0.83;0.77
420516;No;590;590;94;0.68;1100;0.83;0.77
420555;No;590;590;94;0.68;1098;0.83;0.78
420577;No;590;590;94;0.68;1097;0.83;0.78
420617;No;590;590;94;0.68;1095;0.83;0.78
420656;No;590;590;94;0.68;1121;0.83;0.78
420697;No;590;590;94;0.68;1148;0.83;0.78
420737;No;590;590;94;0.68;1174;0.83;0.78
420756;No;590;590;94;0.68;1201;0.83;0.78
420803;No;590;590;94;0.68;1228;0.83;0.78
420815;No;590;590;94;0.68;1254;0.83;0.78
420856;No;590;590;94;0.68;1281;0.83;0.77
420895;No;590;590;94;0.68;1308;0.83;0.77
420944;No;590;590;94;0.68;1324;0.83;0.77
420985;No;590;590;94;0.68;1339;0.83;0.77
421027;No;590;590;94;0.68;1355;0.83;0.77
421102;No;590;590;94;0.68;1371;0.83;0.77
421115;No;590;590;94;0.68;1387;0.83;0.77
421159;No;590;590;94;0.68;1403;0.83;0.77
421177;No;590;590;94;0.68;1419;0.83;0.77
421215;No;590;590;94;0.68;1434;0.83;0.77
421260;No;590;590;94;0.68;1440;0.84;0.77
421303;No;590;590;94;0.68;1446;0.84;0.77
421343;No;590;590;94;0.68;1452;0.84;0.78
421356;No;590;590;94;0.68;1457;0.84;0.78
421402;No;590;590;94;0.68;1463;0.84;0.78
421447;No;590;590;94;0.68;1469;0.84;0.79
421487;No;590;590;94;0.68;1474;0.85;0.79
421527;No;590;590;94;0.68;1480;0.85;0.79
421566;No;590;590;94;0.68;1482;0.85;0.79
421607;No;590;590;94;0.68;1483;0.85;0.80
421647;No;589;590;94;0.68;1484;0.85;0.80
421701;No;589;589;94;0.68;1486;0.85;0.80
421716;No;589;589;94;0.68;1487;0.85;0.80
421756;No;589;589;94;0.68;1489;0.85;0.81
421777;No;589;589;94;0.68;1490;0.85;0.81
421818;No;589;589;94;0.68;1492;0.85;0.81
421858;No;589;589;94;0.68;1488;0.86;0.81
421898;No;589;589;94;0.68;1486;0.85;0.82
421938;No;589;589;94;0.68;1482;0.85;0.82
422001;No;589;589;94;0.68;1480;0.85;0.82
422015;No;589;589;94;0.68;1476;0.85;0.82
422058;No;589;589;94;0.68;1474;0.85;0.82
422097;No;589;589;94;0.68;1470;0.85;0.82
422144;No;589;589;94;0.68;1468;0.85;0.82
422183;No;589;589;94;0.68;1449;0.85;0.83
422195;No;589;589;94;0.68;1430;0.85;0.83
422234;No;589;589;94;0.68;1411;0.85;0.83
422304;No;589;589;94;0.68;1392;0.85;0.83
422344;No;589;589;94;0.68;1373;0.85;0.82
422383;No;589;589;94;0.68;1354;0.85;0.82
422423;No;589;589;94;0.68;1336;0.85;0.82
422435;No;589;589;94;0.68;1316;0.85;0.82
422482;No;589;589;94;0.68;1309;0.85;0.82
422496;No;589;589;94;0.68;1301;0.84;0.82
422536;No;589;589;94;0.67;1293;0.84;0.82
422602;No;589;589;94;0.67;1286;0.84;0.82
422615;No;589;589;94;0.67;1278;0.84;0.82
422654;No;589;589;94;0.67;1270;0.84;0.81
422695;No;589;589;94;0.67;1262;0.83;0.81
422734;No;589;589;94;0.67;1254;0.83;0.81
422775;No;589;589;94;0.67;1253;0.83;0.81
422796;No;589;589;94;0.67;1251;0.83;0.81
422835;No;589;589;94;0.67;1250;0.83;0.81
422901;No;589;589;94;0.68;1248;0.83;0.81
422916;No;589;589;94;0.68;1246;0.83;0.81
422966;No;589;589;94;0.68;1245;0.83;0.81
423007;No;589;589;94;0.68;1243;0.83;0.81
423047;No;589;589;94;0.68;1242;0.83;0.81
423087;No;589;589;94;0.68;1242;0.84;0.81
423126;No;589;589;94;0.68;1242;0.83;0.81
423211;No;589;589;94;0.67;1242;0.83;0.80
423250;No;589;589;94;0.67;1242;0.83;0.80
423291;No;589;589;94;0.67;1242;0.83;0.80
423330;No;589;589;94;0.67;1242;0.83;0.80
423371;No;589;589;94;0.67;1242;0.83;0.80
423420;No;589;589;94;0.67;1242;0.83;0.80
423461;No;589;589;94;0.67;1241;0.83;0.79
423535;No;589;589;94;0.67;1241;0.83;0.79
423576;No;589;589;93;0.67;1240;0.82;0.79
423617;No;589;589;93;0.67;1240;0.82;0.79
423656;No;589;589;93;0.67;1239;0.82;0.79
423697;No;589;589;93;0.67;1239;0.82;0.79
423736;No;589;589;93;0.67;1238;0.82;0.79
423801;No;589;589;93;0.67;1238;0.82;0.79
423847;No;589;589;93;0.67;1236;0.82;0.78
423885;No;589;589;93;0.67;1235;0.82;0.78
423927;No;589;589;93;0.67;1234;0.81;0.78
423966;No;589;589;93;0.67;1233;0.81;0.78
424011;No;589;589;93;0.67;1232;0.81;0.78
424026;No;589;589;93;0.67;1230;0.81;0.78
424104;No;589;589;93;0.67;1229;0.81;0.77
424145;No;589;589;93;0.67;1228;0.81;0.77
424184;No;589;589;93;0.67;1229;0.81;0.77
424230;No;589;589;93;0.67;1229;0.80;0.77
424269;No;589;589;93;0.67;1230;0.80;0.77
424311;No;589;589;93;0.67;1231;0.80;0.76
424327;No;589;589;93;0.67;1231;0.80;0.76
424370;No;589;589;93;0.67;1232;0.80;0.76
424386;No;589;589;93;0.67;1232;0.80;0.76
424424;No;589;589;93;0.67;1233;0.79;0.75
424457;No;589;589;93;0.67;1234;0.79;0.75
424497;No;589;589;93;0.67;1235;0.79;0.75
424543;No;589;589;93;0.67;1236;0.79;0.75
424588;No;589;589;93;0.67;1237;0.79;0.75
424630;No;589;589;93;0.67;1238;0.79;0.75
424673;No;590;589;93;0.67;1239;0.79;0.75
424739;No;590;590;93;0.67;1240;0.79;0.75
424778;No;590;590;93;0.67;1241;0.79;0.75
424818;No;590;590;93;0.67;1243;0.79;0.75
424887;No;590;590;93;0.67;1245;0.79;0.75
424925;No;590;590;93;0.67;1247;0.79;0.75
424966;No;590;590;93;0.67;1249;0.79;0.75
425009;No;590;590;93;0.67;1251;0.79;0.75
425048;No;590;590;93;0.67;1253;0.78;0.75
425087;No;590;590;93;0.67;1255;0.78;0.75
425128;No;590;590;93;0.67;1257;0.78;0.75
425186;No;590;590;93;0.67;1256;0.78;0.74
425226;No;590;590;93;0.67;1256;0.78;0.74
425267;No;590;590;93;0.67;1255;0.78;0.74
425306;No;590;590;93;0.67;1254;0.78;0.74
425347;No;590;590;93;0.67;1254;0.79;0.74
425387;No;590;590;93;0.67;1254;0.79;0.74
425427;No;590;590;93;0.67;1253;0.79;0.74
425497;No;590;590;93;0.67;1252;0.79;0.74
425539;No;590;590;93;0.67;1252;0.79;0.74
425585;No;590;590;93;0.67;1252;0.79;0.74
425625;No;590;590;93;0.67;1253;0.79;0.74
425664;No;590;590;93;0.67;1253;0.78;0.74
425676;No;590;590;93;0.67;1253;0.78;0.74
425736;No;590;590;93;0.67;1253;0.78;0.74
425790;No;591;590;93;0.67;1253;0.78;0.74
425830;No;591;591;93;0.67;1254;0.78;0.74
425869;No;591;591;93;0.67;1254;0.78;0.74
425886;No;591;591;93;0.67;1255;0.78;0.74
425930;No;591;591;93;0.67;1256;0.78;0.74
425946;No;591;591;93;0.67;1256;0.78;0.74
425986;No;591;591;93;0.67;1257;0.78;0.74
426027;No;591;591;93;0.67;1258;0.78;0.74
426088;No;591;591;93;0.67;1258;0.78;0.74
426130;No;591;591;93;0.67;1259;0.78;0.74
426171;No;591;591;93;0.67;1259;0.78;0.74
426186;No;591;591;93;0.67;1259;0.78;0.74
426225;No;591;591;93;0.67;1259;0.78;0.74
426299;No;591;591;93;0.67;1259;0.78;0.74
426338;No;591;591;93;0.67;1259;0.78;0.74
426389;No;591;591;93;0.67;1259;0.78;0.74
426426;No;591;591;93;0.67;1258;0.78;0.74
426470;No;591;592;93;0.67;1258;0.78;0.74
426486;No;592;592;93;0.67;1259;0.78;0.74
426527;No;592;592;93;0.67;1260;0.78;0.74
426567;No;592;592;93;0.67;1260;0.78;0.74
426611;No;592;592;93;0.67;1261;0.77;0.74
426649;No;592;592;93;0.67;1261;0.77;0.74
426696;No;592;592;93;0.67;1262;0.77;0.74
426736;No;592;592;93;0.67;1262;0.77;0.74
426774;No;592;592;93;0.67;1263;0.77;0.73
426827;No;592;592;93;0.67;1263;0.77;0.73
426867;No;592;592;93;0.67;1264;0.77;0.73
426907;No;592;592;93;0.67;1264;0.77;0.74
426947;No;592;592;93;0.67;1264;0.77;0.74
427016;No;592;592;93;0.67;1264;0.77;0.74
427062;No;592;592;93;0.67;1265;0.77;0.74
427101;No;592;592;93;0.67;1265;0.78;0.74
427116;No;592;592;93;0.67;1265;0.78;0.74
427156;No;592;592;93;0.67;1266;0.78;0.75
427176;No;592;592;93;0.67;1266;0.78;0.75
427222;No;592;592;92;0.67;1266;0.78;0.75
427236;No;592;592;92;0.67;1267;0.78;0.75
427290;No;593;592;92;0.67;1267;0.78;0.75
427332;No;593;593;92;0.67;1268;0.77;0.75
427372;No;593;593;92;0.67;1268;0.77;0.75
427420;No;593;593;92;0.67;1268;0.77;0.75
427459;No;593;593;92;0.67;1268;0.77;0.75
427478;No;593;593;92;0.67;1269;0.77;0.75
427528;No;593;593;92;0.67;1269;0.78;0.75
427589;No;593;593;92;0.67;1269;0.78;0.75
427635;No;593;593;92;0.67;1269;0.78;0.75
427673;No;593;593;92;0.67;1269;0.78;0.75
427739;No;593;593;92;0.67;1269;0.78;0.75
427778;No;593;593;92;0.67;1269;0.78;0.76
427817;No;593;593;92;0.67;1270;0.78;0.76
427838;No;593;593;92;0.67;1271;0.78;0.76
427889;No;593;594;92;0.67;1272;0.79;0.76
427933;No;593;594;92;0.67;1273;0.79;0.76
427973;No;594;594;92;0.67;1274;0.79;0.76
428019;No;594;594;92;0.67;1275;0.79;0.77
428066;No;594;594;92;0.67;1276;0.79;0.77
428105;No;594;594;92;0.67;1277;0.79;0.77
428145;No;594;594;92;0.67;1278;0.80;0.77
428199;No;594;594;92;0.67;1278;0.80;0.77
428238;No;594;594;92;0.67;1280;0.80;0.77
428256;No;594;594;92;0.67;1280;0.79;0.77
428296;No;594;594;92;0.67;1281;0.79;0.77
428335;No;594;594;92;0.67;1282;0.79;0.77
428375;No;594;594;92;0.67;1283;0.79;0.76
428419;No;594;594;92;0.67;1284;0.79;0.76
428489;No;594;594;92;0.67;1285;0.79;0.76
428530;No;594;594;92;0.67;1286;0.79;0.76
428568;No;594;594;92;0.67;1287;0.79;0.75
428608;No;594;594;92;0.67;1288;0.78;0.75
428649;No;594;594;92;0.67;1289;0.78;0.75
428689;No;594;595;92;0.67;1290;0.78;0.74
428728;No;594;595;92;0.67;1291;0.77;0.74
428789;No;595;595;92;0.67;1292;0.77;0.74
428830;No;595;595;92;0.67;1292;0.77;0.73
428874;No;595;595;92;0.67;1293;0.77;0.73
428914;No;595;595;92;0.67;1293;0.77;0.73
428954;No;595;595;92;0.67;1294;0.77;0.73
428995;No;595;595;92;0.67;1294;0.77;0.73
429034;No;595;595;92;0.67;1295;0.77;0.74
429088;No;595;595;92;0.67;1295;0.77;0.74
429128;No;595;595;92;0.67;1296;0.77;0.74
429167;No;595;595;92;0.67;1296;0.77;0.74
429206;No;595;595;92;0.67;1296;0.77;0.74
429251;No;595;595;92;0.67;1297;0.77;0.74
429291;No;595;596;92;0.67;1297;0.77;0.73
429330;No;596;596;92;0.67;1298;0.77;0.73
429388;No;596;596;92;0.67;1298;0.76;0.73
429429;No;596;596;92;0.67;1298;0.76;0.72
429469;No;596;596;92;0.67;1299;0.76;0.72
429508;No;596;596;92;0.67;1301;0.76;0.71
429549;No;596;596;92;0.67;1303;0.76;0.71
429608;No;596;596;92;0.67;1305;0.76;0.71
429688;No;596;596;92;0.67;1307;0.76;0.71
429731;No;596;596;92;0.67;1309;0.77;0.72
429770;No;596;596;92;0.67;1311;0.77;0.72
429787;No;596;596;92;0.67;1313;0.77;0.72
429829;No;596;596;92;0.67;1315;0.77;0.72
429870;No;596;596;92;0.67;1314;0.77;0.73
429909;No;597;596;92;0.67;1314;0.77;0.73
429951;No;597;597;92;0.67;1314;0.77;0.73
429998;No;597;597;92;0.67;1313;0.77;0.73
430042;No;597;597;92;0.67;1312;0.77;0.73
430056;No;597;597;92;0.67;1312;0.77;0.73
430096;No;597;597;92;0.67;1311;0.77;0.73
430116;No;597;597;92;0.67;1311;0.77;0.73
430161;No;597;597;92;0.67;1312;0.77;0.73
430176;No;597;597;92;0.67;1314;0.77;0.73
430217;No;597;597;92;0.67;1316;0.77;0.73
430293;No;597;597;92;0.67;1318;0.77;0.73
430339;No;597;597;92;0.67;1319;0.78;0.74
430378;No;597;597;92;0.67;1321;0.78;0.74
430417;No;597;597;92;0.67;1323;0.78;0.74
430457;No;598;598;92;0.67;1324;0.78;0.74
430495;No;598;598;92;0.67;1324;0.78;0.75
430553;No;598;598;92;0.67;1324;0.79;0.75
430594;No;598;598;92;0.67;1324;0.79;0.75
430635;No;598;598;92;0.67;1324;0.79;0.75
430677;No;598;598;92;0.67;1324;0.79;0.76
430717;No;598;598;92;0.67;1324;0.79;0.76
430762;No;598;598;92;0.67;1323;0.80;0.76
430776;No;598;598;92;0.67;1323;0.80;0.77
430816;No;598;598;92;0.67;1325;0.80;0.77
430901;No;598;598;92;0.67;1327;0.80;0.77
430945;No;599;599;92;0.67;1329;0.80;0.77
430990;No;599;599;92;0.67;1331;0.79;0.77
431029;No;599;599;92;0.67;1333;0.79;0.77
431070;No;599;599;92;0.67;1335;0.79;0.77
431110;No;599;599;92;0.67;1337;0.78;0.76
431151;No;599;599;92;0.67;1339;0.78;0.76
431194;No;599;599;92;0.67;1339;0.78;0.76
431234;No;599;599;92;0.67;1339;0.78;0.76
431273;No;599;600;92;0.67;1340;0.78;0.76
431318;No;599;600;92;0.67;1340;0.78;0.76
431358;No;600;600;92;0.67;1340;0.78;0.76
431376;No;600;600;92;0.67;1340;0.78;0.76
431415;No;600;600;92;0.67;1340;0.78;0.76
431489;No;600;600;92;0.67;1341;0.78;0.76
431528;No;600;600;92;0.67;1342;0.78;0.76
431567;No;600;600;92;0.67;1344;0.78;0.76
431586;No;600;600;92;0.67;1346;0.78;0.75
431625;No;600;600;92;0.67;1348;0.78;0.75
431648;No;600;600;92;0.67;1350;0.78;0.75
431690;No;600;600;92;0.67;1352;0.77;0.74
431729;No;600;601;92;0.67;1354;0.77;0.74
431787;No;601;601;92;0.67;1356;0.77;0.74
431833;No;601;601;92;0.67;1356;0.77;0.73
431872;No;601;601;92;0.67;1357;0.77;0.73
431886;No;601;601;92;0.67;1358;0.77;0.73
431924;No;601;601;92;0.67;1358;0.78;0.73
431966;No;601;601;92;0.67;1359;0.78;0.74
432005;No;601;601;92;0.67;1359;0.78;0.74
432046;No;601;601;92;0.67;1360;0.78;0.74
432097;No;602;602;92;0.67;1360;0.79;0.74
432137;No;602;602;92;0.67;1360;0.79;0.75
432155;No;602;602;92;0.67;1360;0.79;0.75
432196;No;602;602;92;0.67;1360;0.78;0.75
432236;No;602;602;92;0.67;1359;0.78;0.75
432276;No;602;602;92;0.67;1359;0.78;0.74
432318;No;602;602;92;0.67;1359;0.78;0.74
432390;No;602;602;92;0.67;1358;0.78;0.74
432429;No;602;602;92;0.67;1358;0.77;0.74
432470;No;602;602;92;0.67;1358;0.77;0.74
432486;No;602;603;92;0.67;1357;0.77;0.74
432534;No;603;603;92;0.67;1357;0.78;0.74
432600;No;603;603;92;0.67;1357;0.78;0.74
432642;No;603;603;92;0.67;1356;0.78;0.74
432688;No;603;603;92;0.67;1356;0.78;0.74
432729;No;603;603;92;0.67;1356;0.78;0.74
432766;No;603;603;92;0.67;1355;0.78;0.74
432807;No;603;603;92;0.67;1356;0.78;0.74
432845;No;603;603;93;0.67;1357;0.78;0.74
432888;No;604;603;93;0.67;1358;0.78;0.74
432937;No;604;604;93;0.67;1358;0.78;0.74
432990;No;604;604;93;0.67;1359;0.78;0.74
433038;No;604;604;93;0.67;1360;0.78;0.74
433079;No;604;604;93;0.67;1361;0.78;0.74
433118;No;604;604;93;0.67;1362;0.78;0.74
433163;No;604;604;93;0.67;1362;0.78;0.74
433174;No;604;604;93;0.67;1362;0.78;0.74
433215;No;604;604;93;0.67;1363;0.79;0.74
433288;No;604;604;93;0.67;1364;0.79;0.75
433329;No;604;604;93;0.67;1364;0.79;0.75
433369;No;604;604;93;0.67;1364;0.79;0.75
433386;No;604;604;93;0.67;1364;0.79;0.75
433446;No;605;605;93;0.67;1365;0.79;0.75
433488;No;605;605;93;0.67;1366;0.79;0.75
433534;No;605;605;93;0.67;1367;0.80;0.75
433590;No;605;605;93;0.67;1368;0.80;0.76
433635;No;605;605;93;0.67;1368;0.80;0.77
433677;No;605;605;93;0.67;1369;0.81;0.77
433724;No;605;605;93;0.67;1370;0.81;0.78
433764;No;605;605;93;0.67;1371;0.82;0.79
433775;No;605;605;93;0.67;1372;0.82;0.79
433822;No;605;605;93;0.67;1372;0.83;0.80
433835;No;605;606;93;0.67;1373;0.82;0.81
433888;No;605;606;93;0.67;1374;0.82;0.81
433927;No;606;606;93;0.67;1374;0.82;0.81
433966;No;606;606;93;0.67;1375;0.82;0.80
433988;No;606;606;93;0.67;1376;0.81;0.80
434034;No;606;606;93;0.67;1376;0.81;0.80
434078;No;606;606;93;0.67;1377;0.81;0.80
434118;No;606;606;93;0.67;1377;0.81;0.80
434135;No;606;606;93;0.67;1378;0.80;0.80
434188;No;606;606;93;0.67;1378;0.80;0.80
434227;No;606;606;93;0.67;1378;0.80;0.80
434268;No;606;606;93;0.67;1379;0.80;0.80
434308;No;606;606;93;0.67;1379;0.80;0.79
434348;No;606;606;93;0.67;1380;0.80;0.79
434398;No;606;606;93;0.67;1380;0.79;0.79
434438;No;606;607;93;0.67;1379;0.79;0.79
434488;No;607;607;93;0.67;1379;0.79;0.79
434528;No;607;607;93;0.67;1378;0.79;0.79
434569;No;607;607;93;0.67;1378;0.79;0.79
434588;No;607;607;93;0.67;1377;0.79;0.79
434626;No;607;607;93;0.67;1376;0.79;0.79
434668;No;607;607;93;0.67;1376;0.80;0.79
434729;No;607;607;93;0.67;1375;0.80;0.79
434788;No;607;607;93;0.67;1375;0.80;0.79
434833;No;607;607;93;0.67;1375;0.80;0.79
434876;No;607;607;93;0.67;1374;0.80;0.79
434917;No;607;608;93;0.67;1374;0.79;0.79
434958;No;608;608;93;0.67;1374;0.79;0.79
434997;No;608;608;93;0.67;1374;0.79;0.79
435042;No;608;608;93;0.67;1373;0.79;0.79
435088;No;608;608;93;0.67;1373;0.79;0.79
435126;No;608;608;93;0.67;1382;0.79;0.79
435174;No;608;608;93;0.67;1391;0.79;0.79
435189;No;608;608;93;0.67;1400;0.79;0.79
435228;No;608;608;93;0.67;1409;0.79;0.79
435268;No;608;608;93;0.67;1418;0.79;0.79
435314;No;608;608;93;0.67;1427;0.79;0.79
435390;No;608;608;93;0.67;1436;0.79;0.79
435429;No;608;608;93;0.67;1445;0.79;0.79
435470;No;608;608;93;0.67;1440;0.79;0.79
435488;No;608;608;93;0.67;1434;0.79;0.79
435535;No;608;609;93;0.67;1429;0.80;0.79
435601;No;608;609;93;0.67;1424;0.81;0.80
435643;No;609;609;93;0.67;1418;0.81;0.80
435696;No;609;609;93;0.67;1413;0.82;0.81
435749;No;609;609;93;0.67;1408;0.82;0.81
435791;No;609;609;93;0.67;1402;0.83;0.82
435831;No;609;609;93;0.67;1402;0.84;0.82
435847;No;609;609;93;0.67;1402;0.83;0.83
435888;No;609;609;93;0.67;1402;0.83;0.83
435927;No;609;609;93;0.67;1403;0.83;0.83
436009;No;609;609;93;0.67;1403;0.83;0.82
436053;No;609;609;93;0.67;1403;0.82;0.82
436095;No;609;609;93;0.67;1403;0.82;0.82
436116;No;609;609;93;0.67;1403;0.82;0.82
436158;No;609;609;93;0.67;1404;0.82;0.82
436196;No;609;609;93;0.67;1405;0.81;0.82
436237;No;610;609;93;0.67;1406;0.81;0.82
436290;No;610;610;93;0.67;1406;0.81;0.82
436329;No;610;610;93;0.67;1407;0.81;0.82
436370;No;610;610;93;0.67;1408;0.81;0.82
436386;No;610;610;93;0.67;1409;0.81;0.82
436426;No;610;610;93;0.67;1410;0.80;0.81
436447;No;610;610;93;0.67;1410;0.80;0.81
436488;No;610;610;93;0.67;1410;0.80;0.81
436530;No;610;610;93;0.67;1410;0.80;0.81
436588;No;610;610;93;0.67;1410;0.80;0.81
436630;No;610;610;93;0.67;1410;0.80;0.81
436668;No;610;610;93;0.67;1410;0.80;0.80
436708;No;610;610;93;0.67;1410;0.80;0.80
436748;No;610;610;93;0.67;1410;0.80;0.80
436786;No;610;610;93;0.67;1411;0.80;0.80
436888;No;610;610;93;0.67;1412;0.79;0.80
436926;No;610;610;93;0.67;1413;0.79;0.79
436967;No;611;610;93;0.67;1414;0.79;0.79
437008;No;611;611;93;0.67;1414;0.78;0.79
437054;No;611;611;93;0.67;1416;0.78;0.78
437095;No;611;611;93;0.67;1416;0.78;0.78
437140;No;611;611;93;0.67;1417;0.77;0.78
437188;No;611;611;93;0.67;1418;0.77;0.77
437230;No;611;611;93;0.67;1419;0.77;0.77
437290;No;611;611;93;0.67;1420;0.77;0.77
437329;No;611;611;93;0.67;1421;0.77;0.77
437347;No;611;611;93;0.67;1422;0.77;0.77
437387;No;611;611;93;0.67;1423;0.77;0.77
437488;No;611;611;93;0.67;1424;0.77;0.77
437529;No;612;612;93;0.67;1425;0.77;0.77
437569;No;612;612;93;0.67;1425;0.77;0.77
437588;No;612;612;93;0.67;1426;0.77;0.77
437630;No;612;612;93;0.67;1426;0.77;0.77
437671;No;612;612;93;0.67;1426;0.77;0.77
437710;No;612;612;93;0.67;1426;0.77;0.77
437790;No;612;612;93;0.67;1426;0.77;0.76
437835;No;612;612;93;0.67;1426;0.77;0.76
437879;No;612;612;93;0.67;1427;0.77;0.76
437919;No;612;612;93;0.67;1428;0.77;0.76
437957;No;612;612;93;0.67;1429;0.77;0.75
437997;No;613;612;93;0.67;1430;0.78;0.75
438049;No;613;613;93;0.67;1431;0.78;0.75
438095;No;613;613;93;0.67;1432;0.78;0.75
438139;No;613;613;93;0.67;1434;0.78;0.75
438178;No;613;613;93;0.67;1435;0.78;0.75
438218;No;613;613;93;0.67;1436;0.78;0.75
438269;No;613;613;93;0.67;1435;0.78;0.75
438310;No;613;613;93;0.67;1434;0.78;0.75
438388;No;613;613;93;0.67;1433;0.79;0.75
438428;No;613;614;93;0.67;1432;0.79;0.75
438470;No;614;614;93;0.66;1431;0.79;0.75
438487;No;614;614;93;0.66;1430;0.79;0.75
438535;No;614;614;93;0.66;1429;0.79;0.75
438600;No;614;614;93;0.66;1428;0.79;0.75
438640;No;614;614;93;0.66;1428;0.80;0.75
438696;No;614;614;93;0.67;1428;0.79;0.75
438740;No;614;614;93;0.67;1429;0.79;0.75
438757;No;614;614;93;0.67;1430;0.79;0.75
438797;No;614;614;93;0.67;1430;0.79;0.75
438838;No;614;614;93;0.67;1430;0.79;0.75
438879;No;614;614;93;0.67;1430;0.79;0.75
438925;No;614;614;93;0.67;1431;0.78;0.74
438988;No;614;615;93;0.67;1432;0.78;0.74
439029;No;615;615;93;0.67;1433;0.79;0.74
439076;No;615;615;93;0.67;1434;0.79;0.75
439117;No;615;615;93;0.67;1435;0.79;0.75
439161;No;615;615;93;0.67;1436;0.80;0.76
439176;No;615;615;93;0.67;1438;0.80;0.76
439216;No;615;615;93;0.67;1438;0.81;0.76
439291;No;615;615;93;0.67;1440;0.81;0.77
439330;No;615;615;93;0.67;1440;0.82;0.77
439375;No;615;615;93;0.67;1440;0.82;0.78
439418;No;615;615;93;0.67;1440;0.82;0.78
439464;No;615;616;93;0.67;1441;0.82;0.79
439530;No;616;616;93;0.67;1441;0.82;0.79
439589;No;616;616;93;0.67;1441;0.82;0.79
439633;No;616;616;93;0.67;1442;0.82;0.80
439675;No;616;616;93;0.67;1442;0.82;0.80
439715;No;616;616;93;0.67;1444;0.82;0.80
439754;No;616;616;93;0.67;1446;0.81;0.81
439818;No;616;616;93;0.67;1448;0.81;0.80
439836;No;616;616;93;0.67;1450;0.81;0.80
439889;No;616;616;93;0.67;1452;0.80;0.80
439928;No;616;616;93;0.67;1454;0.80;0.80
439966;No;616;616;93;0.67;1456;0.80;0.79
440006;No;616;616;93;0.67;1458;0.79;0.79
440049;No;617;616;93;0.67;1458;0.79;0.79
440092;No;617;617;93;0.67;1457;0.79;0.79
440131;No;617;617;93;0.67;1457;0.79;0.79
440189;No;617;617;93;0.67;1456;0.79;0.79
440230;No;617;617;93;0.67;1456;0.79;0.79
440256;No;617;617;93;0.67;1456;0.79;0.79
440297;No;617;617;93;0.67;1455;0.79;0.78
440337;No;617;617;93;0.67;1455;0.79;0.78
440377;No;617;617;93;0.67;1455;0.79;0.78
440418;No;617;617;93;0.67;1455;0.79;0.78
440437;No;617;617;93;0.67;1454;0.79;0.78
440488;No;617;617;93;0.67;1454;0.79;0.78
440535;No;618;617;93;0.66;1454;0.79;0.78
440576;No;618;618;93;0.66;1454;0.79;0.78
440620;No;618;618;93;0.66;1454;0.79;0.78
440665;No;618;618;93;0.66;1454;0.79;0.78
440732;No;618;618;93;0.66;1454;0.79;0.78
440791;No;618;618;93;0.67;1455;0.79;0.78
440837;No;618;618;93;0.67;1455;0.79;0.78
440879;No;618;618;93;0.67;1455;0.79;0.78
440919;No;618;618;93;0.67;1455;0.79;0.78
440959;No;618;618;93;0.67;1456;0.79;0.78
440976;No;618;618;93;0.67;1456;0.79;0.77
441015;No;618;618;93;0.67;1456;0.79;0.77
441099;No;618;618;93;0.67;1456;0.79;0.77
441150;No;619;618;93;0.67;1456;0.79;0.77
441189;No;619;619;93;0.67;1456;0.79;0.77
441236;No;619;619;93;0.67;1456;0.79;0.77
441276;No;619;619;93;0.66;1456;0.79;0.77
441314;No;619;619;93;0.66;1456;0.79;0.77
441388;No;619;619;93;0.66;1456;0.79;0.77
441430;No;619;619;93;0.66;1456;0.79;0.77
441469;No;619;619;93;0.66;1456;0.79;0.77
441510;No;619;619;93;0.66;1456;0.79;0.77
441548;No;619;619;93;0.66;1456;0.79;0.77
441588;No;619;619;93;0.66;1455;0.79;0.77
441688;No;619;619;93;0.66;1455;0.79;0.77
441728;No;620;620;93;0.66;1455;0.79;0.77
441770;No;620;620;93;0.66;1455;0.79;0.77
441786;No;620;620;93;0.66;1454;0.79;0.77
441827;No;620;620;93;0.66;1456;0.79;0.77
441866;No;620;620;94;0.66;1456;0.79;0.77
441931;No;620;620;94;0.66;1458;0.79;0.77
441990;No;620;620;94;0.66;1458;0.79;0.77
442032;No;620;620;94;0.66;1460;0.79;0.77
442079;No;620;620;94;0.66;1460;0.79;0.77
442122;No;620;620;94;0.66;1462;0.79;0.77
442162;No;620;620;94;0.66;1462;0.80;0.77
442177;No;620;620;94;0.66;1463;0.80;0.77
442220;No;620;620;94;0.67;1463;0.80;0.77
442288;No;620;620;94;0.67;1463;0.80;0.77
442327;No;620;620;94;0.67;1463;0.81;0.77
442375;No;620;620;94;0.67;1463;0.81;0.77
442416;No;620;620;94;0.67;1463;0.82;0.77
442460;No;620;621;94;0.67;1464;0.82;0.77
442477;No;621;621;94;0.67;1464;0.82;0.77
442519;No;621;621;94;0.67;1464;0.83;0.77
442589;No;621;621;94;0.67;1465;0.82;0.77
442630;No;621;621;94;0.67;1465;0.82;0.76
442672;No;621;621;94;0.67;1466;0.82;0.76
442688;No;621;621;94;0.66;1466;0.81;0.75
442728;No;621;621;94;0.66;1467;0.81;0.75
442769;No;621;621;94;0.66;1468;0.81;0.74
442810;No;621;621;94;0.66;1468;0.80;0.74
442888;No;621;621;94;0.66;1469;0.80;0.73
442927;No;621;621;94;0.66;1469;0.80;0.73
442966;No;621;621;94;0.66;1470;0.80;0.73
442988;No;621;621;94;0.66;1470;0.80;0.73
443035;No;621;621;94;0.66;1470;0.80;0.74
443081;No;621;621;94;0.66;1471;0.80;0.74
443120;No;621;621;94;0.66;1471;0.80;0.74
443137;No;621;621;94;0.66;1472;0.80;0.74
443188;No;621;621;94;0.66;1472;0.80;0.75
443228;No;621;621;94;0.67;1473;0.80;0.75
443273;No;622;622;94;0.67;1474;0.80;0.75
443287;No;622;622;94;0.67;1474;0.80;0.75
443332;No;622;622;94;0.67;1475;0.80;0.75
443347;No;622;622;94;0.67;1476;0.80;0.75
443387;No;622;622;94;0.67;1476;0.81;0.75
443408;No;622;622;94;0.67;1477;0.81;0.75
443449;No;622;622;94;0.67;1478;0.81;0.75
443497;No;622;622;94;0.67;1480;0.80;0.75
443537;No;622;622;94;0.67;1481;0.80;0.75
443576;No;622;622;94;0.67;1482;0.80;0.75
443621;No;622;622;94;0.66;1483;0.79;0.75
443688;No;622;622;94;0.66;1484;0.79;0.75
443727;No;622;622;94;0.66;1485;0.79;0.75
443788;No;622;622;94;0.66;1486;0.79;0.75
443829;No;622;622;94;0.66;1487;0.78;0.74
443874;No;622;622;94;0.66;1488;0.78;0.74
443940;No;622;622;94;0.66;1488;0.79;0.74
443981;No;622;622;94;0.66;1489;0.79;0.74
444020;No;622;622;94;0.66;1489;0.79;0.74
444089;No;622;622;94;0.66;1490;0.79;0.74
444142;No;623;622;94;0.66;1490;0.79;0.74
444157;No;623;623;94;0.66;1491;0.79;0.74
444197;No;623;623;94;0.66;1491;0.80;0.74
444236;No;623;623;94;0.66;1491;0.80;0.74
444278;No;623;623;94;0.66;1492;0.79;0.74
444321;No;623;623;94;0.66;1492;0.79;0.74
444337;No;623;623;94;0.66;1492;0.79;0.74
444389;No;623;623;94;0.66;1492;0.79;0.74
444428;No;623;623;94;0.66;1492;0.79;0.74
444476;No;623;623;94;0.66;1492;0.79;0.74
444518;No;623;623;94;0.66;1492;0.79;0.74
444557;No;623;623;94;0.66;1493;0.79;0.74
444595;No;623;623;94;0.66;1493;0.79;0.74
444637;No;623;623;94;0.66;1494;0.79;0.74
444688;No;623;623;94;0.66;1494;0.79;0.75
444728;No;624;623;94;0.66;1494;0.79;0.75
444768;No;624;624;94;0.66;1495;0.79;0.75
444813;No;624;624;94;0.66;1495;0.79;0.75
444859;No;624;624;94;0.66;1496;0.79;0.75
444899;No;624;624;94;0.66;1496;0.79;0.75
444938;No;624;624;94;0.66;1497;0.79;0.75
444989;No;624;624;94;0.66;1498;0.79;0.76
445028;No;624;624;94;0.66;1498;0.79;0.76
445067;No;624;624;94;0.66;1499;0.80;0.76
445105;No;624;624;94;0.66;1499;0.80;0.77
445146;No;624;624;94;0.66;1500;0.80;0.77
445185;No;624;624;94;0.66;1500;0.80;0.77
445231;No;624;624;94;0.66;1500;0.80;0.78
445270;No;624;624;94;0.66;1500;0.80;0.78
445313;No;624;624;94;0.66;1500;0.80;0.78
445380;No;624;624;94;0.66;1500;0.80;0.78
445422;No;624;624;94;0.66;1500;0.80;0.78
445460;No;624;624;94;0.66;1500;0.80;0.78
445478;No;624;624;94;0.66;1500;0.80;0.79
445518;No;624;624;94;0.66;1500;0.80;0.79
445594;No;624;624;94;0.66;1501;0.80;0.79
445638;No;624;624;94;0.66;1502;0.80;0.79
445676;No;625;625;94;0.66;1502;0.80;0.79
445716;No;625;625;94;0.66;1503;0.80;0.79
445756;No;625;625;94;0.66;1504;0.80;0.79
445797;No;625;625;94;0.66;1504;0.80;0.78
445837;No;625;625;94;0.66;1505;0.80;0.78
445893;No;625;625;94;0.66;1505;0.80;0.78
445932;No;625;625;94;0.66;1505;0.80;0.78
445970;No;625;625;94;0.66;1505;0.80;0.78
446017;No;625;625;94;0.66;1505;0.80;0.78
446057;No;625;625;94;0.66;1505;0.80;0.78
446100;No;625;625;94;0.66;1505;0.80;0.79
446143;No;625;625;94;0.66;1504;0.80;0.79
446219;No;625;625;94;0.66;1504;0.80;0.79
446259;No;625;625;94;0.66;1505;0.80;0.79
446299;No;625;625;94;0.66;1505;0.80;0.79
446340;No;625;626;94;0.66;1505;0.80;0.79
446381;No;626;626;94;0.66;1505;0.80;0.79
446425;No;626;626;94;0.66;1505;0.80;0.79
446494;No;626;626;94;0.66;1505;0.80;0.79
446535;No;626;626;94;0.66;1506;0.80;0.79
446574;No;626;626;94;0.66;1506;0.80;0.79
446624;No;626;626;94;0.66;1507;0.80;0.79
446669;No;626;626;94;0.66;1508;0.80;0.79
446707;No;626;626;94;0.66;1509;0.80;0.79
446747;No;626;626;94;0.66;1510;0.80;0.79
446791;No;626;626;94;0.66;1511;0.80;0.79
446830;No;626;626;94;0.66;1512;0.80;0.79
446875;No;626;626;94;0.66;1514;0.80;0.79
446940;No;626;626;94;0.66;1514;0.80;0.79
446978;No;626;626;94;0.66;1514;0.80;0.79
447023;No;626;626;94;0.66;1514;0.80;0.79
447037;No;626;626;94;0.66;1514;0.80;0.79
447091;No;626;626;94;0.66;1514;0.79;0.79
447129;No;626;626;94;0.66;1513;0.79;0.78
447170;No;626;626;94;0.66;1513;0.79;0.78
447209;No;626;626;94;0.66;1512;0.79;0.78
447248;No;626;626;94;0.66;1512;0.79;0.78
447292;No;626;627;94;0.66;1512;0.78;0.78
447330;No;626;627;94;0.66;1513;0.78;0.78
447393;No;627;627;94;0.66;1513;0.78;0.78
447435;No;627;627;94;0.66;1513;0.78;0.78
447499;No;627;627;94;0.66;1513;0.78;0.77
447517;No;627;627;94;0.66;1514;0.78;0.77
447559;No;627;627;94;0.66;1514;0.78;0.77
447600;No;627;627;94;0.66;1514;0.78;0.77
447640;No;627;627;94;0.66;1514;0.78;0.77
447692;No;627;627;94;0.66;1514;0.78;0.77
447737;No;627;627;94;0.66;1514;0.78;0.77
447757;No;627;627;94;0.66;1514;0.78;0.77
447799;No;627;627;94;0.66;1514;0.78;0.77
447838;No;627;627;94;0.66;1514;0.78;0.77
447876;No;627;627;94;0.66;1514;0.78;0.76
447920;No;627;627;94;0.66;1514;0.78;0.76
447995;No;627;627;94;0.66;1515;0.78;0.76
448045;No;627;627;94;0.66;1516;0.78;0.76
448086;No;628;628;94;0.66;1517;0.78;0.76
448125;No;628;628;94;0.66;1518;0.78;0.76
448146;No;628;628;94;0.66;1518;0.78;0.76
448186;No;628;628;94;0.66;1520;0.78;0.76
448226;No;628;628;94;0.66;1520;0.78;0.76
448294;No;628;628;94;0.66;1521;0.78;0.76
448338;No;628;628;94;0.66;1521;0.78;0.76
448357;No;628;628;94;0.66;1521;0.78;0.76
448395;No;628;628;94;0.66;1521;0.78;0.76
448434;No;628;628;94;0.66;1521;0.78;0.76
448447;No;628;628;94;0.66;1521;0.78;0.76
448491;No;628;628;94;0.66;1520;0.78;0.76
448508;No;628;628;94;0.66;1520;0.78;0.75
448547;No;628;628;94;0.66;1520;0.78;0.75
448596;No;628;628;94;0.66;1520;0.78;0.75
448638;No;628;628;94;0.66;1520;0.78;0.75
448679;No;628;628;94;0.66;1520;0.78;0.75
448723;No;628;628;94;0.66;1520;0.79;0.76
448776;No;628;628;94;0.66;1520;0.79;0.76
448815;No;628;628;94;0.66;1520;0.79;0.76
448836;No;628;628;94;0.66;1520;0.80;0.76
448896;No;628;628;94;0.66;1520;0.80;0.76
448939;No;628;628;94;0.66;1520;0.80;0.76
448978;No;628;628;94;0.66;1520;0.80;0.76
449018;No;628;628;94;0.66;1521;0.80;0.76
449056;No;629;629;94;0.66;1522;0.80;0.77
449096;No;629;629;94;0.66;1522;0.80;0.77
449140;No;629;629;94;0.66;1522;0.80;0.77
449194;No;629;629;94;0.66;1523;0.80;0.77
449239;No;629;629;94;0.66;1523;0.80;0.77
449277;No;629;629;94;0.66;1524;0.80;0.77
449317;No;629;629;94;0.66;1524;0.80;0.77
449360;No;629;629;94;0.66;1524;0.80;0.77
449377;No;629;629;94;0.66;1524;0.80;0.77
449416;No;629;629;94;0.66;1524;0.80;0.77
449457;No;629;629;94;0.66;1524;0.80;0.77
449529;No;629;629;94;0.66;1524;0.80;0.77
449575;No;629;629;94;0.66;1524;0.80;0.77
449621;No;629;629;94;0.66;1524;0.80;0.77
449659;No;629;629;94;0.66;1525;0.80;0.77
449700;No;629;629;94;0.66;1525;0.80;0.77
449739;No;629;629;94;0.66;1525;0.80;0.77
449793;No;629;629;94;0.66;1525;0.80;0.77
449831;No;629;629;94;0.66;1526;0.80;0.77
449870;No;629;629;94;0.66;1526;0.81;0.77
449909;No;630;629;94;0.66;1526;0.81;0.77
449948;No;630;630;94;0.66;1526;0.81;0.77
449999;No;630;630;94;0.66;1526;0.80;0.77
450057;No;630;630;94;0.66;1526;0.80;0.77
450128;No;630;630;94;0.66;1526;0.80;0.77
450168;No;630;630;94;0.66;1526;0.80;0.77
450214;No;630;630;94;0.66;1526;0.80;0.77
450258;No;630;630;94;0.66;1526;0.80;0.76
450298;No;630;630;94;0.66;1526;0.79;0.76
450336;No;630;630;94;0.66;1526;0.79;0.76
450392;No;630;630;94;0.66;1526;0.79;0.76
450439;No;630;630;94;0.66;1526;0.80;0.76
450456;No;630;630;94;0.66;1526;0.80;0.76
450496;No;630;630;94;0.66;1526;0.80;0.76
450534;No;630;630;94;0.66;1526;0.80;0.76
450581;No;630;630;94;0.66;1526;0.80;0.76
450621;No;630;630;94;0.66;1526;0.80;0.76
450636;No;630;630;94;0.66;1526;0.81;0.76
450694;No;630;630;94;0.66;1525;0.81;0.76
450736;No;630;630;94;0.66;1524;0.81;0.76
450757;No;630;630;94;0.66;1524;0.81;0.76
450797;No;630;630;94;0.66;1523;0.81;0.76
450817;No;630;630;94;0.66;1522;0.81;0.76
450856;No;630;630;94;0.66;1522;0.81;0.76
450896;No;630;630;94;0.66;1521;0.81;0.76
450936;No;630;630;94;0.66;1522;0.81;0.76
450995;No;630;630;94;0.66;1523;0.81;0.76
451039;No;630;630;94;0.66;1524;0.81;0.76
451079;No;630;630;94;0.66;1526;0.80;0.76
451125;No;630;630;94;0.66;1527;0.80;0.76
451164;No;630;630;94;0.66;1528;0.80;0.76
451178;No;630;630;94;0.66;1529;0.80;0.76
451223;No;631;630;94;0.66;1530;0.80;0.76
451237;No;631;631;94;0.66;1530;0.80;0.76
451293;No;631;631;94;0.66;1530;0.80;0.76
451336;No;631;631;94;0.66;1531;0.80;0.76
451375;No;631;631;94;0.66;1531;0.80;0.76
451421;No;631;631;94;0.66;1531;0.80;0.76
451465;No;631;631;94;0.66;1532;0.80;0.76
451531;No;631;631;94;0.66;1532;0.81;0.76
451595;No;631;631;94;0.66;1532;0.81;0.76
451634;No;631;631;94;0.66;1531;0.81;0.76
451659;No;631;631;94;0.66;1530;0.81;0.76
451700;No;631;631;94;0.66;1529;0.81;0.76
451739;No;631;631;94;0.66;1528;0.81;0.76
451777;No;631;631;94;0.66;1527;0.81;0.76
451818;No;631;631;94;0.66;1526;0.81;0.76
451894;No;631;631;94;0.66;1524;0.81;0.75
451933;No;631;631;94;0.66;1524;0.81;0.75
451972;No;631;631;94;0.66;1525;0.81;0.75
451987;No;631;631;94;0.66;1526;0.81;0.75
452032;No;631;631;94;0.66;1528;0.81;0.75
452047;No;631;631;94;0.66;1529;0.81;0.75
452086;No;631;631;94;0.66;1530;0.81;0.75
452127;No;631;631;94;0.66;1532;0.81;0.75
452195;No;631;631;94;0.66;1533;0.81;0.75
452234;No;631;631;94;0.66;1534;0.81;0.75
452275;No;631;631;94;0.66;1534;0.81;0.75
452287;No;631;631;94;0.66;1534;0.81;0.75
452327;No;632;631;94;0.66;1534;0.81;0.75
452347;No;632;632;94;0.66;1534;0.81;0.75
452387;No;632;632;94;0.66;1534;0.81;0.75
452426;No;632;632;94;0.66;1533;0.81;0.75
452493;No;632;632;94;0.66;1533;0.81;0.75
452534;No;632;632;94;0.66;1533;0.81;0.75
452574;No;632;632;94;0.66;1533;0.81;0.75
452587;No;632;632;94;0.66;1533;0.81;0.75
452649;No;632;632;94;0.66;1533;0.81;0.75
452688;No;632;632;94;0.66;1533;0.81;0.75
452795;No;632;632;94;0.66;1532;0.81;0.75
452835;No;632;632;94;0.66;1532;0.81;0.75
452874;No;632;632;94;0.66;1532;0.81;0.75
452940;No;632;632;94;0.66;1532;0.81;0.75
452982;No;632;632;94;0.66;1532;0.81;0.75
453021;No;632;632;94;0.66;1533;0.81;0.75
453036;No;632;632;94;0.66;1533;0.81;0.75
453095;No;632;632;94;0.66;1533;0.81;0.75
453134;No;632;632;94;0.66;1533;0.81;0.75
453157;No;632;632;94;0.66;1534;0.81;0.75
453195;No;632;632;94;0.66;1534;0.81;0.75
453235;No;632;632;94;0.66;1534;0.81;0.75
453303;No;632;632;94;0.66;1534;0.81;0.75
453349;No;632;632;94;0.66;1534;0.81;0.75
453394;No;632;632;94;0.66;1534;0.81;0.75
453433;No;632;632;94;0.66;1534;0.82;0.75
453473;No;632;632;94;0.66;1534;0.82;0.75
453488;No;632;632;94;0.66;1534;0.82;0.75
453528;No;632;632;94;0.66;1534;0.82;0.75
453568;No;632;632;94;0.66;1534;0.82;0.75
453606;No;632;632;94;0.66;1535;0.82;0.75
453646;No;632;632;94;0.66;1535;0.82;0.75
453731;No;632;632;94;0.66;1536;0.82;0.75
453771;No;632;632;94;0.66;1536;0.82;0.75
453787;No;632;632;94;0.66;1537;0.82;0.75
453827;No;632;632;94;0.66;1537;0.82;0.75
453868;No;632;632;94;0.66;1538;0.81;0.75
453916;No;632;632;94;0.66;1538;0.81;0.75
453955;No;632;632;94;0.66;1538;0.81;0.75
454026;No;632;632;94;0.66;1536;0.81;0.75
454067;No;632;632;94;0.66;1536;0.81;0.75
454088;No;632;632;94;0.66;1535;0.81;0.75
454132;No;632;632;94;0.66;1534;0.81;0.75
454149;No;633;632;94;0.66;1533;0.81;0.75
454190;No;633;633;94;0.66;1532;0.81;0.75
454208;No;633;633;94;0.66;1532;0.81;0.75
454249;No;633;633;94;0.66;1532;0.81;0.75
454295;No;633;633;94;0.66;1533;0.81;0.75
454335;No;633;633;94;0.66;1534;0.81;0.75
454374;No;633;633;94;0.66;1534;0.81;0.75
454421;No;633;633;94;0.66;1535;0.81;0.75
454459;No;633;633;94;0.66;1536;0.81;0.75
454477;No;633;633;94;0.66;1536;0.82;0.75
454515;No;633;633;94;0.66;1537;0.82;0.75
454556;No;633;633;94;0.66;1537;0.82;0.75
454631;No;633;633;94;0.66;1537;0.82;0.75
454672;No;633;633;94;0.66;1538;0.82;0.75
454686;No;633;633;94;0.66;1538;0.81;0.75
454725;No;633;633;94;0.66;1538;0.81;0.75
454747;No;633;633;94;0.66;1538;0.81;0.76
454787;No;633;633;94;0.66;1538;0.81;0.76
454826;No;633;633;94;0.66;1538;0.81;0.76
454893;No;633;633;94;0.66;1539;0.81;0.76
454933;No;633;633;94;0.66;1539;0.81;0.76
454972;No;633;633;94;0.66;1540;0.81;0.76
454987;No;633;633;94;0.66;1540;0.81;0.76
455027;No;633;633;94;0.66;1540;0.81;0.76
455047;No;633;633;94;0.66;1540;0.81;0.76
455092;No;633;633;94;0.66;1541;0.81;0.75
455108;No;633;633;94;0.66;1541;0.81;0.75
455148;No;633;633;94;0.66;1541;0.81;0.75
455217;No;633;633;94;0.66;1541;0.81;0.75
455260;No;633;633;93;0.66;1541;0.81;0.75
455301;No;633;633;93;0.66;1541;0.81;0.75
455318;No;633;633;93;0.66;1541;0.81;0.75
455357;No;633;633;93;0.66;1540;0.81;0.76
455395;No;633;633;93;0.66;1540;0.82;0.76
455447;No;633;633;93;0.66;1540;0.82;0.76
455495;No;633;633;93;0.66;1540;0.82;0.76
455534;No;633;633;93;0.66;1540;0.82;0.76
455557;No;633;633;93;0.66;1540;0.82;0.76
455598;No;633;633;93;0.66;1540;0.81;0.76
455617;No;633;633;93;0.66;1540;0.81;0.76
455658;No;633;633;93;0.66;1540;0.81;0.76
455698;No;633;633;93;0.66;1540;0.81;0.76
455739;No;633;633;93;0.66;1539;0.81;0.76
455794;No;633;633;93;0.66;1540;0.81;0.76
455841;No;634;633;93;0.66;1541;0.81;0.76
455858;No;634;634;93;0.66;1542;0.81;0.76
455898;No;634;634;93;0.66;1542;0.81;0.76
455940;No;634;634;93;0.66;1543;0.81;0.76
455979;No;634;634;93;0.66;1544;0.81;0.76
456024;No;634;634;93;0.66;1544;0.81;0.75
456095;No;634;634;93;0.66;1545;0.81;0.75
456135;No;634;634;93;0.66;1547;0.81;0.75
456180;No;634;634;93;0.66;1548;0.81;0.75
456218;No;634;634;93;0.66;1550;0.82;0.76
456264;No;634;634;93;0.66;1551;0.82;0.76
456276;No;634;634;93;0.66;1553;0.82;0.76
456317;No;634;634;93;0.66;1554;0.82;0.77
456356;No;634;634;93;0.66;1556;0.83;0.77
456426;No;634;634;93;0.66;1557;0.83;0.77
456492;No;634;634;93;0.66;1558;0.83;0.77
456533;No;634;634;93;0.66;1560;0.83;0.78
456578;No;634;634;93;0.66;1560;0.82;0.74
456617;No;634;634;93;0.66;1562;0.82;0.69
456655;No;634;634;93;0.66;1562;0.81;0.65
456733;No;634;634;93;0.66;1564;0.81;0.61
456773;No;634;634;93;0.66;1565;0.80;0.57
456787;No;634;634;93;0.66;1566;0.80;0.52
456827;No;634;634;93;0.66;1566;0.79;0.48
456865;No;634;634;93;0.66;1565;0.79;0.44
456911;No;634;634;93;0.66;1565;0.80;0.48
456956;No;634;634;93;0.66;1565;0.80;0.52
457026;No;634;634;93;0.66;1564;0.80;0.56
457067;No;634;634;93;0.66;1564;0.81;0.59
457107;No;634;634;93;0.66;1564;0.81;0.63
457152;No;634;634;93;0.66;1564;0.81;0.67
457192;No;634;634;93;0.66;1563;0.82;0.71
457209;No;634;634;93;0.66;1563;0.82;0.75
457248;No;634;634;93;0.66;1563;0.82;0.75
457294;No;634;634;93;0.66;1562;0.82;0.75
457345;No;634;634;93;0.66;1562;0.82;0.75
457386;No;634;634;93;0.66;1562;0.82;0.75
457425;No;634;634;93;0.66;1562;0.82;0.75
457466;No;634;634;93;0.66;1562;0.82;0.76
457507;No;634;634;93;0.66;1562;0.82;0.76
457550;No;634;634;93;0.66;1562;0.82;0.76
457595;No;634;634;93;0.66;1562;0.82;0.76
457633;No;634;634;93;0.66;1562;0.82;0.76
457672;No;634;634;93;0.65;1561;0.82;0.76
457687;No;634;634;93;0.65;1561;0.82;0.76
457735;No;634;634;93;0.65;1561;0.82;0.76
457800;No;634;634;93;0.65;1561;0.82;0.77
457840;No;634;634;93;0.65;1561;0.82;0.77
457893;No;634;634;93;0.65;1561;0.82;0.77
457937;No;634;634;93;0.65;1561;0.82;0.77
457957;No;634;634;93;0.65;1561;0.82;0.77
457997;No;634;634;93;0.65;1561;0.82;0.77
458036;No;634;634;93;0.65;1560;0.82;0.77
458083;No;634;634;93;0.65;1560;0.81;0.76
458122;No;634;634;93;0.65;1560;0.81;0.76
458136;No;634;634;93;0.65;1560;0.81;0.76
458194;No;634;634;93;0.66;1559;0.81;0.76
458235;No;634;634;93;0.66;1559;0.81;0.76
458279;No;634;634;93;0.66;1558;0.82;0.76
458318;No;634;634;93;0.66;1558;0.82;0.76
458365;No;635;634;93;0.66;1558;0.82;0.76
458377;No;635;635;93;0.66;1557;0.82;0.76
458418;No;635;635;93;0.66;1556;0.82;0.76
458494;No;635;635;93;0.66;1557;0.82;0.75
458533;No;635;635;93;0.66;1557;0.82;0.75
458575;No;635;635;93;0.66;1557;0.82;0.75
458615;No;635;635;93;0.66;1557;0.82;0.76
458659;No;635;635;93;0.66;1557;0.82;0.76
458677;No;635;635;93;0.66;1557;0.82;0.76
458715;No;635;635;93;0.66;1558;0.83;0.76
458755;No;635;635;93;0.66;1558;0.83;0.76
458832;No;635;635;93;0.66;1558;0.83;0.76
458870;No;635;635;93;0.66;1558;0.83;0.76
458909;No;634;635;93;0.66;1558;0.83;0.76
458947;No;634;634;93;0.66;1558;0.82;0.76
458989;No;634;634;93;0.66;1558;0.82;0.76
459048;No;634;634;93;0.66;1558;0.82;0.76
459095;No;634;634;93;0.66;1558;0.82;0.76
459135;No;634;634;93;0.66;1558;0.82;0.76
459176;No;634;634;93;0.66;1557;0.82;0.75
459221;No;634;634;93;0.66;1556;0.82;0.75
459262;No;634;634;93;0.66;1556;0.82;0.75
459277;No;634;634;93;0.66;1555;0.82;0.75
459317;No;634;634;93;0.65;1555;0.82;0.75
459395;No;634;634;93;0.65;1554;0.82;0.75
459436;No;634;634;93;0.65;1554;0.82;0.75
459475;No;634;634;93;0.65;1553;0.82;0.75
459540;No;634;634;93;0.65;1552;0.82;0.75
459580;No;634;634;93;0.66;1550;0.82;0.75
459624;No;634;634;93;0.66;1548;0.82;0.75
459696;No;634;634;93;0.66;1547;0.82;0.75
459735;No;634;634;93;0.66;1545;0.82;0.75
459775;No;634;634;93;0.66;1544;0.82;0.75
459786;No;634;634;93;0.66;1542;0.82;0.75
459825;No;634;634;93;0.66;1540;0.82;0.75
459865;No;634;634;93;0.66;1548;0.82;0.75
459929;No;634;634;94;0.66;1556;0.82;0.75
459994;No;634;634;94;0.66;1564;0.82;0.75
460039;No;634;634;94;0.66;1572;0.82;0.75
460078;No;634;633;94;0.66;1579;0.82;0.75
460120;No;634;633;94;0.66;1587;0.82;0.75
460162;No;633;633;94;0.66;1595;0.82;0.75
460177;No;633;633;94;0.66;1603;0.82;0.75
460216;No;633;633;94;0.66;1606;0.82;0.75
460257;No;633;633;94;0.66;1609;0.82;0.75
460327;No;633;633;94;0.66;1612;0.82;0.75
460367;No;633;633;94;0.66;1616;0.82;0.75
460406;No;633;633;94;0.66;1619;0.82;0.75
460469;No;633;633;94;0.66;1622;0.82;0.75
460516;No;633;633;94;0.66;1626;0.82;0.75
460559;No;633;633;94;0.66;1629;0.82;0.75
460640;No;633;633;94;0.66;1630;0.82;0.75
460657;No;633;633;94;0.66;1630;0.82;0.75
460695;No;633;633;94;0.66;1631;0.82;0.75
460739;No;633;633;94;0.66;1632;0.83;0.75
460779;No;633;633;94;0.66;1632;0.83;0.75
460819;No;633;633;94;0.66;1633;0.83;0.76
460896;No;633;633;94;0.66;1634;0.83;0.76
460938;No;633;633;94;0.66;1635;0.83;0.76
460958;No;633;633;94;0.66;1624;0.83;0.76
461003;No;633;633;94;0.66;1612;0.83;0.76
461018;No;633;633;94;0.66;1601;0.83;0.76
461060;No;633;633;94;0.66;1590;0.83;0.76
461099;No;633;633;94;0.65;1578;0.84;0.76
461144;No;633;633;94;0.65;1567;0.84;0.77
461195;No;633;633;94;0.65;1555;0.84;0.77
461233;No;633;633;94;0.65;1544;0.84;0.77
461301;No;633;633;94;0.65;1544;0.84;0.77
461317;No;633;633;94;0.65;1543;0.84;0.77
461367;No;633;633;94;0.65;1543;0.84;0.77
461406;No;633;633;94;0.65;1542;0.84;0.77
461446;No;633;633;94;0.65;1542;0.84;0.77
461493;No;633;633;94;0.65;1542;0.84;0.77
461533;No;633;633;94;0.65;1541;0.84;0.77
461577;No;633;633;94;0.65;1540;0.84;0.77
461617;No;633;633;94;0.65;1540;0.84;0.77
461657;No;633;633;94;0.66;1540;0.84;0.77
461697;No;633;633;94;0.66;1540;0.84;0.77
461744;No;633;633;94;0.66;1539;0.84;0.77
461797;No;633;633;94;0.66;1539;0.84;0.77
461837;No;633;633;94;0.66;1538;0.84;0.77
461877;No;633;633;94;0.66;1538;0.84;0.77
461916;No;633;633;94;0.66;1538;0.84;0.77
461956;No;633;633;94;0.66;1538;0.84;0.77
461999;No;633;633;94;0.66;1538;0.84;0.77
462040;No;633;633;94;0.66;1538;0.84;0.77
462098;No;633;633;94;0.66;1538;0.84;0.77
462141;No;633;633;94;0.66;1537;0.84;0.77
462157;No;633;633;94;0.66;1537;0.84;0.77
462196;No;633;633;94;0.66;1537;0.84;0.77
462237;No;633;633;94;0.66;1537;0.84;0.77
462284;No;633;633;94;0.66;1537;0.84;0.77
462323;No;633;633;94;0.66;1537;0.84;0.77
462337;No;633;633;94;0.66;1537;0.84;0.77
462395;No;633;633;94;0.66;1537;0.84;0.77
462435;No;633;633;94;0.65;1537;0.84;0.77
462474;No;633;633;94;0.65;1537;0.84;0.77
462487;No;633;633;94;0.65;1537;0.84;0.77
462525;No;633;633;94;0.65;1537;0.84;0.77
462565;No;633;633;94;0.65;1536;0.84;0.77
462611;No;633;633;94;0.65;1536;0.84;0.77
462650;No;632;633;94;0.65;1536;0.84;0.77
462695;No;632;632;94;0.65;1535;0.84;0.77
462734;No;632;632;94;0.65;1535;0.84;0.77
462776;No;632;632;94;0.65;1534;0.84;0.77
462815;No;632;632;94;0.65;1534;0.84;0.77
462856;No;632;632;94;0.65;1534;0.84;0.77
462894;No;632;632;94;0.65;1534;0.85;0.77
462993;No;632;632;94;0.65;1534;0.84;0.77
463039;No;632;632;94;0.65;1534;0.84;0.77
463080;No;632;632;94;0.65;1534;0.84;0.77
463124;No;632;632;94;0.65;1534;0.84;0.77
463163;No;632;632;94;0.65;1534;0.84;0.77
463177;No;632;632;94;0.65;1534;0.84;0.77
463217;No;632;632;94;0.65;1535;0.84;0.77
463255;No;632;632;94;0.65;1534;0.84;0.77
463327;No;632;632;94;0.65;1533;0.84;0.77
463365;No;632;632;94;0.65;1532;0.84;0.77
463388;No;632;632;94;0.65;1532;0.84;0.77
463427;No;632;632;94;0.65;1530;0.84;0.77
463466;No;632;632;94;0.65;1530;0.84;0.77
463531;No;632;632;94;0.65;1529;0.84;0.77
463594;No;632;632;94;0.65;1528;0.84;0.77
463634;No;631;632;94;0.65;1525;0.84;0.77
463675;No;631;631;94;0.65;1521;0.84;0.77
463715;No;631;631;94;0.65;1518;0.84;0.77
463757;No;631;631;94;0.65;1515;0.84;0.77
463776;No;631;631;94;0.65;1511;0.84;0.77
463814;No;631;631;94;0.65;1508;0.84;0.77
463854;No;631;631;94;0.65;1504;0.84;0.77
463928;No;631;631;94;0.65;1501;0.84;0.77
463968;No;631;631;94;0.65;1505;0.84;0.77
464007;No;631;631;94;0.65;1508;0.84;0.77
464049;No;631;631;94;0.65;1512;0.84;0.77
464091;No;631;631;94;0.65;1516;0.84;0.77
464135;No;631;631;94;0.65;1519;0.84;0.77
464194;No;631;631;94;0.65;1522;0.84;0.77
464233;No;631;630;94;0.65;1526;0.84;0.77
464272;No;631;630;94;0.65;1530;0.84;0.77
464288;No;631;630;94;0.65;1529;0.84;0.77
464328;No;630;630;94;0.65;1528;0.84;0.77
464369;No;630;630;94;0.65;1528;0.84;0.77
464408;No;630;630;94;0.65;1527;0.84;0.77
464447;No;630;630;94;0.65;1526;0.84;0.77
464495;No;630;630;94;0.65;1526;0.84;0.77
464541;No;630;630;94;0.65;1525;0.84;0.77
464579;No;630;630;94;0.65;1524;0.84;0.77
464621;No;630;630;94;0.65;1523;0.84;0.77
464659;No;630;630;94;0.65;1522;0.84;0.77
464678;No;630;630;94;0.65;1520;0.84;0.77
464717;No;630;630;94;0.65;1519;0.84;0.77
464756;No;630;630;94;0.65;1518;0.84;0.77
464827;No;630;630;94;0.65;1516;0.84;0.77
464866;No;630;630;94;0.65;1515;0.84;0.77
464887;No;629;630;94;0.65;1514;0.84;0.77
464928;No;629;629;94;0.65;1512;0.84;0.77
464967;No;629;629;94;0.65;1510;0.83;0.77
465008;No;629;629;94;0.65;1509;0.83;0.77
465050;No;629;629;94;0.65;1507;0.83;0.77
465094;No;629;629;94;0.65;1506;0.83;0.77
465133;No;629;629;94;0.65;1504;0.83;0.77
465173;No;628;628;94;0.65;1502;0.83;0.76
465187;No;628;628;94;0.65;1500;0.83;0.76
465231;No;628;628;94;0.65;1500;0.83;0.76
465247;No;628;628;94;0.65;1500;0.82;0.76
465286;No;628;628;94;0.65;1500;0.82;0.69
465324;No;628;628;94;0.65;1500;0.82;0.62
465337;No;628;627;94;0.65;1500;0.82;0.55
465417;No;627;627;94;0.65;1500;0.82;0.47
465458;No;627;627;94;0.65;1500;0.82;0.40
465498;No;627;627;94;0.65;1500;0.81;0.33
465539;No;627;627;94;0.65;1498;0.81;0.26
465584;No;626;626;94;0.65;1497;0.71;0.19
465608;No;626;626;94;0.65;1496;0.61;0.16
465648;No;626;626;94;0.65;1495;0.51;0.14
465692;No;626;626;94;0.65;1494;0.41;0.11
465738;No;625;626;94;0.65;1492;0.31;0.08
465776;No;625;625;94;0.65;1491;0.21;0.06
465836;No;625;625;94;0.65;1490;0.12;0.03
465875;No;625;625;94;0.65;1490;0.02;0.01
465916;No;624;624;94;0.65;1490;0.01;-0.02
465954;No;624;624;94;0.65;1489;0.01;-0.02
466028;No;624;624;94;0.65;1489;0.01;-0.02
466073;No;624;624;94;0.65;1488;0.00;-0.02
466087;No;624;623;94;0.65;1488;0.00;-0.02
466131;No;623;623;94;0.65;1488;-0.00;-0.02
466147;No;623;623;94;0.65;1488;-0.00;-0.02
466189;No;623;623;94;0.65;1487;-0.01;-0.02
466208;No;623;623;94;0.65;1487;-0.01;-0.02
466248;No;622;623;94;0.65;1486;-0.01;-0.02
466268;No;622;622;94;0.65;1486;-0.01;-0.02
466309;No;622;622;94;0.65;1485;-0.01;-0.02
466350;No;622;622;94;0.65;1484;-0.01;-0.02
466398;No;622;622;94;0.65;1484;-0.01;-0.02
466416;No;621;621;94;0.65;1483;-0.02;-0.02
466456;No;621;621;94;0.65;1483;-0.02;-0.02
466495;No;621;621;94;0.65;1482;-0.02;-0.02
466591;No;621;620;94;0.65;1482;-0.02;-0.02
466635;No;620;620;94;0.65;1481;-0.02;-0.02
466697;No;620;620;94;0.65;1480;-0.01;-0.02
466736;No;620;620;94;0.65;1480;-0.01;-0.02
466776;No;619;619;94;0.65;1479;-0.01;-0.02
466818;No;619;619;94;0.65;1478;-0.01;-0.02
466837;No;619;619;94;0.65;1478;-0.01;-0.02
466891;No;618;618;94;0.65;1477;-0.01;-0.02
466930;No;618;618;94;0.65;1476;-0.01;-0.02
466969;No;618;618;94;0.65;1476;-0.01;-0.02
467009;No;618;618;94;0.65;1475;-0.01;-0.02
467054;No;617;618;94;0.65;1474;-0.01;-0.02
467093;No;617;617;94;0.65;1474;-0.01;-0.02
467108;No;617;617;94;0.65;1473;-0.01;-0.02
467146;No;616;617;94;0.65;1482;-0.01;-0.02
467196;No;616;616;94;0.65;1491;-0.01;-0.02
467244;No;616;616;94;0.65;1500;-0.01;-0.02
467257;No;616;616;94;0.65;1509;-0.01;-0.02
467295;No;616;616;94;0.65;1518;-0.01;-0.02
467317;No;615;615;94;0.65;1528;-0.01;-0.02
467355;No;615;615;94;0.65;1537;-0.01;-0.02
467398;No;615;615;94;0.65;1546;-0.01;-0.02
467436;No;615;615;94;0.65;1542;-0.01;-0.02
467493;No;614;614;94;0.65;1540;-0.01;-0.02
467533;No;614;614;93;0.65;1536;-0.01;-0.01
467573;No;614;614;93;0.65;1533;-0.00;-0.01
467640;No;614;614;93;0.65;1530;-0.00;-0.01
467680;No;614;614;93;0.65;1527;0.00;-0.00
467726;No;614;613;93;0.65;1524;0.00;0.00
467736;No;613;613;93;0.65;1520;0.01;0.00
467792;No;613;613;93;0.65;1518;0.01;0.01
467832;No;613;613;93;0.65;1517;0.01;0.01
467872;No;613;613;93;0.65;1515;0.02;0.01
467888;No;612;613;93;0.65;1513;0.02;0.01
467928;No;612;612;93;0.65;1511;0.02;0.02
467975;No;612;612;93;0.65;1509;0.02;0.02
468016;No;612;612;93;0.65;1507;0.03;0.02
468037;No;612;612;93;0.65;1505;0.03;0.02
468101;No;612;612;93;0.65;1500;0.03;0.02
468140;No;611;611;93;0.65;1494;0.03;0.03
468158;No;611;611;93;0.65;1488;0.03;0.03
468200;No;611;611;93;0.65;1482;0.03;0.03
468239;No;611;611;93;0.65;1477;0.04;0.03
468278;No;611;611;93;0.65;1471;0.04;0.03
468319;No;611;611;93;0.65;1466;0.04;0.03
468359;No;611;610;93;0.65;1460;0.04;0.03
468432;No;610;610;93;0.65;1457;0.04;0.03
468472;No;610;610;93;0.65;1454;0.04;0.04
468488;No;610;610;93;0.65;1450;0.04;0.04
468526;No;610;610;93;0.65;1447;0.04;0.04
468568;No;610;610;93;0.65;1444;0.04;0.04
468607;No;610;610;93;0.65;1440;0.05;0.04
468647;No;610;610;93;0.65;1437;0.05;0.04
468691;No;610;609;93;0.65;1434;0.05;0.04
468732;No;609;609;93;0.65;1430;0.05;0.04
468757;No;609;609;93;0.65;1426;0.05;0.04
468799;No;609;609;93;0.65;1422;0.05;0.04
468818;No;609;609;93;0.65;1418;0.05;0.04
468861;No;609;608;93;0.65;1414;0.05;0.04
468931;No;608;608;93;0.65;1410;0.05;0.04
468992;No;608;608;93;0.65;1406;0.05;0.05
469031;No;608;608;93;0.65;1402;0.05;0.05
469072;No;608;608;93;0.65;1394;0.05;0.05
469088;No;608;608;93;0.65;1387;0.06;0.05
469128;No;608;608;93;0.65;1379;0.06;0.05
469149;No;608;608;93;0.65;1371;0.06;0.05
469188;No;608;608;93;0.65;1364;0.06;0.05
469226;No;608;608;93;0.65;1356;0.06;0.05
469326;No;607;608;93;0.65;1348;0.06;0.05
469367;No;607;607;93;0.65;1340;0.06;0.05
469387;No;607;607;93;0.65;1342;0.06;0.05
469425;No;607;607;93;0.65;1344;0.06;0.05
469466;No;607;607;93;0.65;1345;0.06;0.06
469476;No;607;607;93;0.65;1346;0.06;0.06
469516;No;607;607;93;0.65;1348;0.06;0.06
469537;No;607;607;93;0.65;1350;0.07;0.06
469594;No;607;607;93;0.65;1351;0.07;0.06
469641;No;607;607;93;0.65;1352;0.07;0.06
469657;No;607;607;93;0.65;1350;0.07;0.06
469695;No;607;607;93;0.65;1347;0.07;0.06
469717;No;606;607;93;0.65;1344;0.07;0.06
469759;No;606;606;93;0.65;1341;0.07;0.06
469798;No;606;606;93;0.65;1338;0.07;0.06
469838;No;606;606;93;0.65;1335;0.07;0.06
469895;No;606;606;93;0.65;1332;0.07;0.07
469938;No;606;606;93;0.65;1330;0.07;0.07
469957;No;606;606;93;0.65;1332;0.07;0.07
469997;No;606;606;93;0.65;1335;0.08;0.07
470037;No;606;606;93;0.65;1338;0.08;0.07
470077;No;606;606;93;0.65;1340;0.08;0.07
470121;No;606;606;93;0.65;1343;0.08;0.07
470138;No;606;606;93;0.65;1345;0.08;0.07
470192;No;605;606;93;0.65;1348;0.08;0.07
470232;No;605;605;93;0.65;1350;0.08;0.07
470271;No;605;605;93;0.65;1352;0.08;0.07
470322;No;605;605;93;0.65;1352;0.08;0.07
470361;No;605;605;93;0.65;1354;0.08;0.08
470399;No;605;605;93;0.65;1355;0.08;0.08
470438;No;605;605;93;0.65;1356;0.08;0.08
470494;No;605;605;93;0.65;1357;0.08;0.08
470536;No;605;605;93;0.65;1358;0.08;0.08
470575;No;605;604;93;0.65;1359;0.08;0.08
470596;No;605;604;93;0.65;1358;0.08;0.08
470635;No;604;604;93;0.65;1358;0.08;0.08
470681;No;604;604;93;0.65;1358;0.08;0.08
470725;No;604;604;93;0.65;1358;0.09;0.08
470737;No;604;604;93;0.65;1358;0.09;0.08
470795;No;604;604;93;0.65;1357;0.09;0.08
470834;No;604;604;93;0.65;1357;0.09;0.08
470873;No;604;604;93;0.65;1357;0.09;0.09
470886;No;604;604;93;0.65;1358;0.09;0.09
470929;No;604;604;93;0.65;1358;0.09;0.09
470968;No;604;603;93;0.65;1359;0.09;0.09
471012;No;604;603;93;0.65;1360;0.09;0.09
471052;No;603;603;93;0.65;1360;0.09;0.09
471131;No;603;603;93;0.65;1361;0.09;0.09
471169;No;603;603;93;0.65;1361;0.09;0.09
471209;No;603;603;93;0.65;1362;0.09;0.09
471248;No;603;603;93;0.65;1362;0.09;0.09
471287;No;603;603;93;0.65;1362;0.09;0.09
471330;No;602;603;93;0.65;1362;0.10;0.09
471395;No;602;602;93;0.65;1362;0.10;0.09
471434;No;602;602;93;0.65;1362;0.10;0.10
471474;No;602;602;93;0.65;1362;0.10;0.10
471487;No;602;602;93;0.65;1362;0.10;0.10
471532;No;602;602;93;0.65;1362;0.10;0.10
471547;No;602;602;93;0.65;1362;0.10;0.10
471591;No;602;602;93;0.65;1361;0.10;0.10
471608;No;602;602;93;0.65;1361;0.10;0.10
471647;No;602;602;93;0.65;1360;0.11;0.10
471695;No;602;602;93;0.65;1360;0.11;0.10
471736;No;601;602;93;0.65;1359;0.11;0.10
471774;No;601;601;93;0.65;1358;0.11;0.10
471787;No;601;601;93;0.65;1358;0.11;0.10
471846;No;601;601;93;0.65;1358;0.11;0.10
471891;No;601;601;93;0.65;1358;0.11;0.10
471936;No;601;601;92;0.65;1357;0.11;0.10
471997;No;601;601;92;0.65;1357;0.11;0.11
472038;No;601;601;92;0.65;1357;0.11;0.11
472077;No;600;601;92;0.65;1356;0.11;0.11
472121;No;600;600;92;0.65;1356;0.11;0.11
472160;No;600;600;92;0.65;1356;0.11;0.11
472198;No;600;600;92;0.65;1354;0.11;0.11
472238;No;600;600;92;0.65;1353;0.11;0.11
472294;No;600;600;92;0.65;1352;0.11;0.11
472335;No;600;600;92;0.65;1350;0.12;0.11
472373;No;600;600;92;0.65;1349;0.12;0.12
472387;No;600;599;92;0.65;1348;0.12;0.12
472426;No;600;599;92;0.65;1346;0.12;0.12
472447;No;599;599;92;0.65;1345;0.12;0.12
472487;No;599;599;92;0.65;1344;0.12;0.12
472527;No;599;599;92;0.65;1344;0.12;0.12
472595;No;599;599;92;0.65;1343;0.12;0.12
472635;No;599;599;92;0.65;1342;0.12;0.12
472675;No;599;599;92;0.65;1342;0.12;0.12
472686;No;599;598;92;0.65;1341;0.12;0.12
472727;No;598;598;92;0.65;1340;0.12;0.12
472769;No;598;598;92;0.65;1340;0.12;0.12
472813;No;598;598;92;0.65;1340;0.12;0.12
472851;No;598;598;92;0.65;1340;0.12;0.12
472927;No;598;598;92;0.65;1340;0.13;0.12
472965;No;598;598;92;0.65;1341;0.13;0.13
473007;No;598;598;92;0.65;1341;0.13;0.13
473045;No;598;598;92;0.65;1341;0.13;0.13
473104;No;597;597;92;0.65;1341;0.13;0.13
473145;No;597;597;92;0.65;1341;0.13;0.13
473194;No;597;597;92;0.65;1340;0.13;0.13
473240;No;597;597;92;0.65;1340;0.13;0.13
473257;No;597;597;92;0.65;1339;0.13;0.13
473298;No;597;597;92;0.65;1338;0.13;0.14
473339;No;597;597;92;0.65;1337;0.14;0.14
473378;No;597;596;92;0.65;1336;0.14;0.14
473423;No;597;596;92;0.65;1335;0.14;0.14
473437;No;596;596;92;0.65;1334;0.14;0.14
473494;No;596;596;92;0.65;1334;0.14;0.15
473534;No;596;596;92;0.65;1333;0.14;0.15
473574;No;596;596;92;0.65;1333;0.14;0.15
473587;No;596;596;92;0.65;1332;0.14;0.16
473627;No;596;596;92;0.65;1332;0.14;0.16
473666;No;596;596;92;0.65;1331;0.14;0.17
473732;No;596;596;92;0.65;1330;0.15;0.17
473802;No;596;596;92;0.65;1330;0.15;0.18
473844;No;595;596;92;0.65;1330;0.15;0.19
473856;No;595;595;92;0.65;1330;0.15;0.19
473896;No;595;595;92;0.65;1330;0.15;0.21
473940;No;595;595;92;0.65;1330;0.15;0.24
473979;No;595;595;92;0.65;1330;0.16;0.26
474021;No;595;595;92;0.65;1331;0.16;0.28
474038;No;595;595;92;0.65;1331;0.16;0.30
474094;No;595;595;92;0.65;1331;0.16;0.33
474134;No;595;595;92;0.65;1330;0.16;0.35
474173;No;595;594;92;0.65;1330;0.17;0.37
474189;No;595;594;92;0.65;1329;0.17;0.40
474228;No;594;594;92;0.65;1328;0.18;0.42
474247;No;594;594;92;0.65;1328;0.18;0.45
474286;No;594;594;92;0.65;1327;0.19;0.47
474326;No;594;594;92;0.65;1326;0.20;0.49
474336;No;594;594;92;0.65;1325;0.20;0.52
474416;No;594;594;92;0.65;1325;0.21;0.54
474460;No;594;594;92;0.65;1324;0.25;0.57
474501;No;594;594;92;0.65;1324;0.30;0.58
474539;No;593;594;92;0.65;1323;0.34;0.60
474578;No;593;593;92;0.65;1322;0.39;0.62
474622;No;593;593;92;0.65;1322;0.43;0.63
474637;No;593;593;92;0.65;1321;0.48;0.65
474694;No;593;593;92;0.65;1320;0.53;0.66
474733;No;593;593;92;0.65;1320;0.57;0.68
474776;No;593;593;92;0.65;1319;0.60;0.69
474816;No;593;593;92;0.65;1318;0.63;0.70
474859;No;593;593;92;0.65;1318;0.66;0.71
474898;No;593;593;92;0.65;1317;0.69;0.72
474936;No;593;593;92;0.65;1316;0.72;0.73
474994;No;593;593;92;0.65;1316;0.75;0.74
475034;No;592;592;92;0.65;1315;0.78;0.75
475077;No;592;592;92;0.65;1315;0.81;0.76
475117;No;592;592;92;0.65;1315;0.81;0.77
475156;No;592;592;92;0.65;1314;0.82;0.77
475195;No;592;592;92;0.65;1314;0.82;0.78
475296;No;592;592;92;0.65;1314;0.83;0.78
475340;No;592;592;92;0.65;1314;0.83;0.78
475380;No;592;592;92;0.65;1314;0.84;0.79
475426;No;592;592;92;0.65;1314;0.84;0.79
475465;No;592;592;92;0.65;1320;0.85;0.79
475531;No;592;592;92;0.65;1326;0.85;0.80
475603;No;591;591;92;0.65;1332;0.85;0.80
475656;No;591;591;92;0.65;1338;0.85;0.80
475694;No;591;591;92;0.65;1344;0.85;0.80
475739;No;591;591;92;0.65;1350;0.85;0.81
475777;No;591;591;92;0.65;1356;0.85;0.81
475819;No;591;591;92;0.65;1362;0.85;0.81
475894;No;591;591;92;0.65;1375;0.86;0.81
475933;No;591;591;92;0.65;1388;0.86;0.82
475973;No;590;590;92;0.65;1401;0.86;0.82
475987;No;590;590;92;0.65;1414;0.86;0.82
476036;No;590;590;92;0.65;1426;0.86;0.82
476076;No;590;590;92;0.65;1439;0.86;0.82
476114;No;590;590;92;0.65;1452;0.87;0.82
476153;No;590;590;92;0.65;1465;0.87;0.82
476231;No;590;590;92;0.65;1480;0.87;0.82
476270;No;590;590;92;0.65;1495;0.87;0.82
476309;No;590;590;92;0.65;1510;0.88;0.83
476349;No;590;590;92;0.65;1526;0.88;0.84
476389;No;589;590;92;0.65;1541;0.89;0.84
476435;No;589;589;92;0.65;1556;0.89;0.85
476495;No;589;589;92;0.65;1571;0.90;0.86
476536;No;589;589;92;0.65;1586;0.90;0.87
476576;No;589;589;92;0.65;1590;0.90;0.87
476587;No;589;589;92;0.65;1594;0.90;0.88
476627;No;589;589;91;0.65;1597;0.90;0.88
476667;No;589;589;91;0.65;1601;0.90;0.88
476733;No;589;589;91;0.65;1604;0.89;0.87
476795;No;589;589;91;0.65;1608;0.89;0.87
476840;No;589;589;91;0.65;1612;0.89;0.87
476858;No;589;588;91;0.65;1616;0.88;0.87
476897;No;588;588;91;0.65;1612;0.88;0.87
476937;No;588;588;91;0.65;1609;0.88;0.87
476976;No;588;588;91;0.65;1606;0.87;0.86
477017;No;588;588;91;0.65;1602;0.87;0.86
477058;No;588;588;91;0.65;1599;0.87;0.85
477129;No;588;588;91;0.65;1595;0.86;0.85
477169;No;588;588;91;0.65;1592;0.86;0.85
477216;No;588;588;91;0.65;1588;0.86;0.84
477254;No;588;588;91;0.65;1574;0.86;0.84
477293;No;588;588;91;0.65;1559;0.86;0.84
477359;No;588;588;91;0.65;1545;0.86;0.83
477430;No;588;588;91;0.65;1530;0.86;0.83
477472;No;588;588;91;0.65;1516;0.86;0.83
477537;No;588;588;91;0.65;1501;0.86;0.83
477578;No;588;588;91;0.65;1486;0.86;0.83
477617;No;588;588;91;0.65;1472;0.86;0.83
477697;No;588;587;91;0.65;1465;0.86;0.83
477735;No;587;587;91;0.65;1458;0.86;0.83
477776;No;587;587;91;0.65;1452;0.86;0.83
477815;No;587;587;91;0.65;1445;0.86;0.83
477856;No;587;587;91;0.65;1438;0.86;0.83
477897;No;587;587;91;0.65;1432;0.86;0.83
477938;No;587;587;91;0.65;1425;0.86;0.83
477997;No;587;587;91;0.65;1418;0.86;0.83
478041;No;587;587;91;0.65;1420;0.86;0.83
478088;No;587;587;91;0.65;1422;0.86;0.83
478133;No;587;587;91;0.65;1424;0.86;0.83
478147;No;587;587;91;0.65;1426;0.86;0.83
478185;No;587;587;91;0.65;1428;0.87;0.83
478248;No;587;587;91;0.65;1430;0.87;0.83
478296;No;587;587;91;0.65;1432;0.87;0.83
478338;No;587;587;91;0.65;1434;0.87;0.83
478378;No;587;587;91;0.65;1430;0.88;0.83
478419;No;587;587;91;0.65;1426;0.87;0.83
478465;No;587;587;91;0.65;1422;0.87;0.83
478476;No;587;587;91;0.65;1419;0.87;0.83
478516;No;587;587;91;0.65;1415;0.87;0.83
478556;No;587;587;91;0.64;1411;0.87;0.83
478630;No;587;587;91;0.64;1407;0.87;0.83
478670;No;587;587;91;0.64;1403;0.87;0.83
478712;No;586;587;91;0.64;1404;0.87;0.83
478754;No;586;586;91;0.64;1406;0.87;0.83
478795;No;586;586;90;0.64;1407;0.87;0.83
478841;No;586;586;90;0.64;1408;0.86;0.82
478896;No;586;586;90;0.64;1410;0.86;0.82
478937;No;586;586;90;0.64;1411;0.86;0.82
478975;No;586;586;90;0.64;1412;0.86;0.81
478988;No;586;586;90;0.64;1414;0.85;0.81
479028;No;586;586;90;0.65;1410;0.85;0.81
479068;No;586;586;90;0.65;1406;0.85;0.80
479108;No;586;586;90;0.65;1401;0.85;0.80
479147;No;586;586;90;0.65;1397;0.84;0.80
479227;No;586;586;90;0.65;1393;0.84;0.80
479267;No;586;586;90;0.65;1389;0.84;0.80
479306;No;586;586;90;0.65;1384;0.84;0.80
479347;No;586;586;90;0.65;1380;0.84;0.80
479387;No;586;586;90;0.65;1380;0.84;0.80
479426;No;586;586;90;0.65;1380;0.84;0.80
479506;No;586;586;90;0.65;1380;0.84;0.80
479559;No;586;586;90;0.65;1380;0.84;0.80
479599;No;586;586;90;0.65;1379;0.84;0.80
479638;No;586;586;90;0.64;1379;0.84;0.80
479677;No;586;586;90;0.64;1379;0.84;0.80
479716;No;586;586;90;0.64;1379;0.84;0.80
479737;No;586;586;90;0.64;1379;0.84;0.80
479794;No;586;586;90;0.64;1379;0.83;0.80
479833;No;586;586;90;0.64;1378;0.83;0.80
479872;No;586;586;90;0.64;1378;0.83;0.80
479887;No;586;586;90;0.64;1378;0.83;0.80
479930;No;586;586;90;0.64;1378;0.83;0.80
479947;No;586;586;90;0.64;1378;0.83;0.80
479986;No;586;586;90;0.64;1378;0.83;0.80
480029;No;586;586;90;0.64;1378;0.83;0.80
480094;No;586;586;90;0.64;1379;0.83;0.80
480145;No;586;586;90;0.64;1379;0.83;0.80
480188;No;586;586;90;0.64;1379;0.83;0.80
480226;No;586;586;90;0.64;1379;0.83;0.80
480267;No;586;586;90;0.64;1380;0.83;0.80
480306;No;586;586;90;0.64;1380;0.83;0.80
480352;No;586;586;90;0.64;1380;0.83;0.80
480427;No;586;586;90;0.64;1380;0.83;0.80
480466;No;586;586;90;0.64;1380;0.83;0.80
480505;No;586;586;90;0.64;1380;0.83;0.80
480552;No;586;586;90;0.64;1380;0.83;0.80
480607;No;586;586;90;0.64;1380;0.83;0.80
480648;No;586;586;90;0.64;1380;0.83;0.80
480696;No;586;586;90;0.64;1379;0.83;0.80
480738;No;586;586;90;0.64;1379;0.83;0.80
480777;No;586;586;90;0.64;1379;0.83;0.80
480823;No;586;586;90;0.64;1378;0.83;0.80
480861;No;586;586;90;0.64;1378;0.83;0.80
480878;No;586;586;90;0.64;1378;0.83;0.80
480922;No;586;586;90;0.64;1377;0.83;0.79
480937;No;586;586;90;0.64;1377;0.83;0.79
480995;No;586;586;90;0.64;1376;0.83;0.79
481034;No;586;586;90;0.64;1376;0.83;0.79
481074;No;586;586;90;0.64;1376;0.83;0.79
481087;No;586;586;90;0.64;1376;0.83;0.79
481128;No;586;586;90;0.64;1376;0.84;0.79
481147;No;586;586;90;0.64;1376;0.84;0.79
481187;No;586;586;90;0.64;1376;0.84;0.79
481259;No;586;586;90;0.64;1377;0.84;0.79
481329;No;586;586;90;0.64;1377;0.85;0.79
481370;No;586;586;90;0.64;1377;0.85;0.79
481388;No;586;586;90;0.64;1376;0.85;0.79
481428;No;586;586;90;0.64;1375;0.85;0.79
481469;No;586;586;90;0.64;1374;0.85;0.79
481514;No;586;586;90;0.64;1373;0.85;0.79
481556;No;586;586;90;0.64;1372;0.85;0.79
481632;No;586;586;90;0.64;1370;0.85;0.79
481677;No;586;586;90;0.64;1369;0.85;0.79
481715;No;586;586;90;0.64;1368;0.85;0.79
481755;No;586;586;90;0.64;1370;0.85;0.79
481794;No;586;586;90;0.64;1372;0.85;0.79
481838;No;586;586;90;0.64;1373;0.85;0.79
481893;No;586;586;90;0.64;1375;0.85;0.79
481933;No;586;586;90;0.64;1376;0.85;0.78
481973;No;586;586;90;0.64;1378;0.85;0.78
481988;No;586;586;90;0.64;1380;0.85;0.78
482017;No;586;586;90;0.64;1381;0.85;0.78
482055;No;586;586;90;0.64;1381;0.85;0.78
482096;No;586;586;90;0.64;1381;0.85;0.78
482194;No;586;586;90;0.64;1381;0.85;0.78
482236;No;586;586;90;0.64;1382;0.85;0.78
482257;No;586;586;90;0.64;1382;0.85;0.78
482296;No;586;586;90;0.64;1382;0.85;0.78
482337;No;586;586;90;0.64;1382;0.86;0.78
482377;No;586;586;90;0.64;1382;0.86;0.78
482422;No;586;586;90;0.64;1381;0.86;0.78
482436;No;586;586;90;0.64;1381;0.86;0.78
482494;No;586;586;90;0.64;1381;0.86;0.78
482532;No;586;586;90;0.64;1380;0.86;0.78
482573;No;586;586;90;0.64;1380;0.86;0.78
482587;No;586;586;90;0.64;1380;0.86;0.78
482632;No;586;586;90;0.64;1380;0.86;0.77
482648;No;586;586;90;0.64;1379;0.86;0.77
482687;No;586;586;90;0.64;1380;0.86;0.77
482758;No;586;586;90;0.64;1381;0.86;0.77
482828;No;586;586;90;0.64;1382;0.86;0.77
482873;No;586;586;90;0.64;1382;0.86;0.77
482888;No;586;586;90;0.64;1383;0.86;0.77
482929;No;586;586;90;0.64;1384;0.86;0.77
482971;No;586;586;90;0.64;1385;0.86;0.77
483011;No;586;586;90;0.64;1386;0.86;0.77
483050;No;586;586;90;0.64;1386;0.86;0.77
483098;No;586;586;90;0.64;1386;0.86;0.77
483142;No;586;586;90;0.64;1386;0.86;0.77
483157;No;586;586;90;0.64;1386;0.86;0.77
483196;No;586;586;90;0.64;1386;0.86;0.77
483236;No;586;586;90;0.64;1387;0.86;0.77
483283;No;586;586;90;0.64;1387;0.86;0.77
483336;No;586;586;90;0.64;1387;0.86;0.77
483394;No;586;586;90;0.64;1386;0.87;0.77
483437;No;586;586;90;0.64;1386;0.86;0.77
483479;No;586;586;90;0.64;1386;0.86;0.77
483519;No;586;586;90;0.64;1385;0.86;0.77
483560;No;586;586;90;0.64;1385;0.86;0.77
483576;No;586;586;90;0.64;1384;0.86;0.77
483617;No;586;586;90;0.64;1384;0.86;0.77
483638;No;586;586;90;0.64;1384;0.86;0.77
483695;No;586;586;90;0.64;1384;0.86;0.77
483734;No;586;586;90;0.64;1384;0.86;0.77
483774;No;586;586;90;0.64;1384;0.86;0.77
483789;No;586;586;90;0.64;1384;0.86;0.77
483830;No;586;586;90;0.64;1384;0.86;0.77
483870;No;586;586;90;0.64;1384;0.86;0.77
483912;No;586;586;90;0.64;1384;0.86;0.77
483954;No;586;586;90;0.64;1384;0.86;0.77
484034;No;586;586;90;0.64;1384;0.86;0.77
484074;No;586;586;90;0.64;1384;0.86;0.77
484086;No;586;586;90;0.64;1385;0.86;0.77
484126;No;586;586;90;0.64;1386;0.86;0.77
484168;No;586;586;90;0.64;1386;0.86;0.77
484207;No;586;586;90;0.64;1387;0.86;0.77
484246;No;586;586;90;0.64;1387;0.86;0.77
484296;No;586;586;90;0.64;1388;0.86;0.77
484336;No;586;586;90;0.64;1387;0.87;0.77
484356;No;586;586;90;0.64;1386;0.86;0.77
484395;No;586;586;90;0.64;1385;0.86;0.77
484436;No;586;586;90;0.64;1384;0.86;0.77
484476;No;586;586;90;0.64;1384;0.86;0.77
484517;No;586;586;90;0.64;1382;0.86;0.77
484555;No;586;586;90;0.64;1382;0.86;0.76
484649;No;586;586;90;0.64;1381;0.86;0.76
484692;No;586;586;90;0.64;1381;0.86;0.76
484733;No;586;586;90;0.64;1381;0.86;0.76
484746;No;586;586;90;0.64;1381;0.86;0.76
484786;No;586;586;90;0.64;1382;0.86;0.76
484831;No;586;586;90;0.64;1382;0.86;0.76
484895;No;586;586;90;0.64;1382;0.86;0.76
484941;No;586;586;90;0.64;1382;0.86;0.76
484956;No;586;586;90;0.64;1382;0.86;0.76
484996;No;586;586;90;0.64;1382;0.86;0.76
485039;No;586;586;90;0.64;1381;0.86;0.76
485081;No;586;586;90;0.64;1381;0.86;0.76
485122;No;586;585;90;0.64;1381;0.86;0.76
485138;No;585;585;90;0.64;1380;0.86;0.76
485196;No;585;585;90;0.64;1380;0.86;0.76
485242;No;585;585;90;0.64;1380;0.86;0.76
485290;No;585;585;90;0.64;1379;0.86;0.76
485329;No;585;585;90;0.64;1378;0.86;0.76
485369;No;585;585;90;0.64;1378;0.86;0.76
485410;No;585;585;90;0.64;1377;0.86;0.76
485454;No;585;585;90;0.64;1376;0.86;0.76
485528;No;585;585;90;0.64;1375;0.86;0.76
485567;No;585;585;90;0.64;1374;0.86;0.76
485608;No;585;585;90;0.64;1374;0.86;0.76
485653;No;585;585;90;0.64;1373;0.86;0.76
485676;No;585;585;90;0.64;1381;0.86;0.76
485715;No;585;585;90;0.64;1388;0.85;0.76
485756;No;585;585;90;0.64;1396;0.85;0.76
485828;No;585;585;90;0.64;1404;0.85;0.76
485869;No;585;584;90;0.64;1411;0.85;0.76
485932;No;585;584;90;0.64;1419;0.85;0.76
485946;No;584;584;90;0.64;1426;0.85;0.76
485985;No;584;584;90;0.64;1434;0.85;0.76
486026;No;584;584;90;0.64;1433;0.85;0.76
486094;No;584;584;91;0.64;1432;0.85;0.76
486141;No;584;584;91;0.64;1430;0.85;0.76
486156;No;584;584;91;0.64;1429;0.85;0.76
486195;No;584;584;91;0.64;1428;0.85;0.76
486234;No;584;584;91;0.64;1426;0.85;0.76
486279;No;584;584;91;0.64;1425;0.85;0.76
486324;No;584;584;91;0.64;1424;0.85;0.76
486337;No;584;584;91;0.64;1431;0.86;0.76
486394;No;584;584;91;0.64;1438;0.86;0.76
486434;No;584;584;91;0.64;1446;0.86;0.76
486473;No;584;584;91;0.64;1452;0.86;0.76
486486;No;584;584;91;0.64;1460;0.86;0.76
486525;No;584;584;91;0.64;1467;0.86;0.77
486566;No;584;584;91;0.64;1474;0.86;0.77
486613;No;584;584;91;0.64;1481;0.86;0.77
486654;No;584;584;91;0.64;1482;0.86;0.77
486733;No;584;584;91;0.64;1482;0.86;0.77
486771;No;584;584;91;0.64;1483;0.86;0.77
486787;No;584;584;91;0.64;1483;0.86;0.77
486825;No;584;584;91;0.64;1484;0.86;0.77
486867;No;584;584;91;0.64;1484;0.86;0.77
486911;No;584;584;91;0.64;1485;0.86;0.77
486951;No;584;584;91;0.64;1486;0.86;0.78
487036;No;584;584;91;0.64;1471;0.86;0.78
487077;No;584;584;91;0.64;1456;0.86;0.78
487115;No;584;584;91;0.64;1442;0.86;0.78
487175;No;584;584;91;0.64;1428;0.86;0.78
487216;No;584;584;91;0.64;1413;0.86;0.78
487237;No;584;584;91;0.64;1398;0.86;0.78
487277;No;584;584;91;0.64;1384;0.86;0.77
487319;No;584;584;91;0.64;1370;0.86;0.77
487364;No;584;584;91;0.64;1369;0.86;0.77
487404;No;584;584;91;0.64;1369;0.86;0.77
487415;No;584;584;91;0.64;1369;0.86;0.77
487456;No;584;584;91;0.64;1369;0.86;0.77
487499;No;584;584;91;0.64;1369;0.86;0.77
487548;No;584;584;91;0.64;1368;0.86;0.77
487597;No;584;584;91;0.64;1368;0.86;0.77
487636;No;584;584;91;0.64;1368;0.86;0.77
487675;No;584;584;91;0.64;1368;0.86;0.77
487685;No;584;584;91;0.64;1368;0.86;0.77
487730;No;584;584;91;0.64;1368;0.86;0.77
487769;No;584;584;91;0.64;1367;0.86;0.77
487808;No;584;584;91;0.64;1367;0.86;0.77
487850;No;584;584;91;0.64;1366;0.86;0.77
487897;No;584;584;91;0.64;1366;0.86;0.76
487949;No;584;584;91;0.64;1366;0.86;0.76
487988;No;584;584;91;0.64;1366;0.86;0.76
488030;No;584;584;91;0.64;1366;0.86;0.76
488071;No;584;584;91;0.64;1366;0.86;0.76
488112;No;584;584;91;0.64;1366;0.86;0.76
488138;No;584;584;91;0.64;1366;0.86;0.76
488190;No;584;584;91;0.64;1366;0.86;0.76
488229;No;584;584;91;0.64;1365;0.86;0.76
488269;No;584;584;91;0.64;1365;0.86;0.76
488287;No;584;584;91;0.64;1365;0.86;0.76
488331;No;584;584;91;0.64;1365;0.86;0.76
488346;No;584;584;91;0.64;1365;0.86;0.76
488385;No;584;584;91;0.64;1366;0.86;0.76
488424;No;584;584;91;0.64;1366;0.86;0.76
488491;No;584;584;91;0.64;1366;0.86;0.76
488537;No;584;584;91;0.64;1366;0.86;0.76
488577;No;584;584;91;0.64;1366;0.86;0.76
488616;No;584;584;91;0.64;1365;0.86;0.76
488656;No;584;584;91;0.64;1365;0.86;0.76
488694;No;584;584;91;0.64;1365;0.86;0.76
488740;No;584;584;91;0.64;1364;0.86;0.76
488787;No;584;584;91;0.64;1364;0.86;0.76
488828;No;584;584;91;0.64;1364;0.86;0.76
488872;No;584;584;91;0.64;1364;0.86;0.76
488886;No;584;584;91;0.64;1364;0.86;0.76
488932;No;583;584;91;0.64;1363;0.86;0.76
488947;No;583;583;91;0.64;1362;0.86;0.76
488987;No;583;583;91;0.64;1362;0.86;0.76
489027;No;583;583;91;0.64;1361;0.86;0.76
489091;No;583;583;91;0.64;1361;0.86;0.76
489137;No;583;583;91;0.64;1360;0.86;0.76
489176;No;583;583;91;0.64;1360;0.86;0.76
489223;No;583;583;91;0.64;1359;0.86;0.76
489262;No;583;583;91;0.64;1359;0.87;0.76
489277;No;583;583;91;0.64;1360;0.87;0.76
489322;No;583;583;91;0.64;1360;0.87;0.76
489337;No;583;583;91;0.64;1360;0.87;0.76
489389;No;583;583;91;0.64;1360;0.87;0.76
489430;No;583;583;91;0.64;1360;0.87;0.76
489471;No;583;583;91;0.64;1361;0.87;0.76
489486;No;583;583;91;0.64;1361;0.87;0.76
489530;No;583;583;91;0.64;1361;0.87;0.76
489547;No;583;583;91;0.64;1361;0.86;0.76
489585;No;583;583;91;0.64;1361;0.86;0.76
489625;No;583;583;91;0.64;1360;0.86;0.76
489637;No;583;583;91;0.64;1360;0.86;0.76
489690;No;583;583;91;0.64;1360;0.86;0.76
489735;No;583;583;91;0.64;1360;0.86;0.76
489778;No;583;583;91;0.64;1360;0.86;0.76
489818;No;583;583;91;0.64;1360;0.86;0.76
489859;No;583;583;91;0.64;1359;0.86;0.76
489898;No;583;583;91;0.64;1358;0.86;0.76
489938;No;583;583;91;0.64;1358;0.86;0.76
489990;No;583;583;91;0.64;1358;0.86;0.76
490038;No;583;583;91;0.64;1357;0.86;0.76
490077;No;583;583;91;0.64;1357;0.86;0.76
490117;No;583;583;91;0.64;1356;0.86;0.76
490156;No;583;583;91;0.64;1356;0.86;0.76
490197;No;583;583;91;0.64;1355;0.86;0.76
490236;No;583;583;91;0.64;1354;0.86;0.76
490289;No;583;583;91;0.64;1354;0.86;0.76
490329;No;583;583;91;0.64;1353;0.86;0.76
490368;No;583;583;91;0.64;1352;0.86;0.76
490386;No;583;583;91;0.64;1352;0.86;0.76
490426;No;583;583;91;0.64;1351;0.86;0.76
490465;No;583;583;91;0.64;1350;0.86;0.76
490476;No;583;583;91;0.64;1350;0.86;0.76
490517;No;583;583;91;0.64;1350;0.86;0.76
490594;No;583;583;91;0.64;1350;0.86;0.76
490643;No;583;583;91;0.64;1349;0.86;0.76
490659;No;583;583;91;0.64;1349;0.86;0.76
490700;No;583;583;91;0.64;1349;0.86;0.76
490770;No;583;583;91;0.64;1348;0.86;0.76
490810;No;583;582;91;0.64;1348;0.86;0.76
490847;No;582;582;91;0.64;1347;0.86;0.76
490898;No;582;582;91;0.64;1347;0.86;0.76
490937;No;582;582;91;0.64;1346;0.86;0.76
490978;No;582;582;91;0.64;1346;0.86;0.76
491018;No;582;582;91;0.64;1345;0.86;0.76
491058;No;582;582;91;0.64;1344;0.86;0.76
491098;No;582;582;91;0.64;1344;0.86;0.76
491142;No;582;582;91;0.64;1343;0.86;0.76
491192;No;582;582;91;0.64;1343;0.85;0.76
491230;No;582;582;91;0.64;1342;0.85;0.76
491270;No;582;582;91;0.64;1342;0.85;0.76
491310;No;582;582;91;0.64;1342;0.85;0.76
491351;No;582;582;91;0.64;1341;0.85;0.76
491389;No;582;582;91;0.64;1340;0.85;0.76
491428;No;582;582;91;0.64;1340;0.85;0.76
491493;No;582;582;91;0.64;1338;0.85;0.76
491543;No;582;582;91;0.64;1337;0.85;0.76
491558;No;582;581;91;0.64;1336;0.85;0.76
491596;No;581;581;91;0.64;1334;0.85;0.76
491637;No;581;581;91;0.64;1332;0.85;0.76
491687;No;581;581;91;0.64;1331;0.85;0.76
491727;No;581;581;91;0.64;1329;0.85;0.76
491793;No;581;581;91;0.64;1328;0.85;0.76
491832;No;581;581;91;0.64;1328;0.85;0.76
491873;No;581;581;91;0.64;1327;0.85;0.76
491889;No;581;581;91;0.64;1327;0.85;0.76
491928;No;581;581;91;0.64;1327;0.85;0.76
491966;No;581;581;91;0.64;1327;0.85;0.76
492034;No;581;581;91;0.64;1326;0.85;0.76
492092;No;581;581;91;0.64;1326;0.85;0.76
492138;No;581;581;91;0.64;1326;0.85;0.76
492177;No;581;581;91;0.64;1324;0.85;0.76
492242;No;581;581;91;0.64;1322;0.85;0.76
492295;No;580;581;91;0.64;1319;0.85;0.76
492393;No;580;580;91;0.64;1317;0.85;0.76
492436;No;580;580;91;0.64;1315;0.85;0.76
492477;No;580;580;91;0.64;1313;0.85;0.76
492515;No;580;580;91;0.64;1310;0.85;0.76
492561;No;580;580;91;0.64;1308;0.85;0.76
492577;No;580;580;91;0.64;1309;0.85;0.76
492623;No;580;580;92;0.64;1309;0.84;0.76
492637;No;580;580;92;0.64;1310;0.84;0.76
492693;No;580;580;92;0.64;1310;0.84;0.76
492731;No;580;580;92;0.64;1310;0.84;0.76
492772;No;580;580;92;0.64;1310;0.84;0.76
492787;No;580;580;92;0.64;1311;0.84;0.75
492826;No;579;580;92;0.64;1311;0.84;0.75
492848;No;579;579;92;0.64;1310;0.84;0.75
492888;No;579;579;92;0.64;1309;0.84;0.75
492930;No;579;579;92;0.64;1308;0.84;0.67
492994;No;579;579;92;0.64;1308;0.84;0.60
493036;No;579;579;92;0.64;1306;0.84;0.52
493074;No;579;579;92;0.64;1306;0.84;0.44
493090;No;579;579;92;0.64;1304;0.84;0.36
493129;No;579;579;92;0.64;1304;0.84;0.28
493181;No;578;578;92;0.64;1302;0.84;0.20
493227;No;578;578;92;0.64;1301;0.80;0.12
493294;No;578;578;92;0.64;1300;0.77;0.11
493337;No;578;578;92;0.64;1298;0.74;0.09
493376;No;578;578;92;0.64;1297;0.71;0.08
493423;No;578;578;92;0.64;1296;0.67;0.06
493463;No;578;578;92;0.64;1294;0.64;0.04
493478;No;578;578;92;0.64;1293;0.61;0.03
493517;No;578;578;92;0.64;1284;0.58;0.01
493601;No;578;578;92;0.64;1274;0.51;-0.00
493628;No;577;578;92;0.64;1265;0.43;-0.00
493667;No;577;577;92;0.64;1256;0.36;-0.00
493707;No;577;577;92;0.64;1246;0.29;-0.01
493745;No;577;577;92;0.64;1237;0.22;-0.01
493790;No;577;577;92;0.64;1228;0.15;-0.01
493830;No;577;577;92;0.64;1218;0.08;-0.01
493892;No;577;577;92;0.64;1220;0.01;-0.01
493930;No;577;577;92;0.64;1222;0.01;-0.01
493970;No;577;577;92;0.64;1224;0.01;-0.01
494010;No;577;577;92;0.64;1225;0.01;-0.01
494049;No;577;576;92;0.64;1227;0.02;-0.00
494090;No;576;576;92;0.64;1228;0.02;0.00
494129;No;576;576;92;0.64;1230;0.02;0.00
494191;No;576;576;92;0.64;1232;0.03;0.01
494230;No;576;576;92;0.64;1231;0.03;0.01
494271;No;576;576;92;0.64;1231;0.03;0.02
494309;No;576;576;92;0.64;1231;0.04;0.02
494350;No;576;576;92;0.64;1230;0.04;0.02
494389;No;576;576;92;0.64;1230;0.04;0.02
494429;No;576;576;92;0.64;1230;0.05;0.03
494491;No;576;576;92;0.64;1230;0.05;0.03
494530;No;576;576;92;0.64;1230;0.05;0.03
494575;No;576;576;92;0.64;1228;0.05;0.04
494641;No;576;576;92;0.64;1226;0.06;0.04
494680;No;576;576;92;0.64;1224;0.06;0.04
494721;No;576;575;92;0.64;1222;0.06;0.04
494737;No;575;575;92;0.64;1220;0.06;0.04
494792;No;575;575;92;0.64;1219;0.06;0.04
494833;No;575;575;92;0.64;1217;0.07;0.05
494890;No;575;575;92;0.64;1215;0.07;0.05
494932;No;575;575;92;0.64;1218;0.07;0.05
495001;No;575;575;92;0.64;1222;0.07;0.05
495040;No;575;575;92;0.64;1226;0.07;0.05
495091;No;575;575;92;0.64;1229;0.07;0.05
495129;No;575;575;92;0.64;1233;0.07;0.05
495171;No;574;575;92;0.64;1236;0.08;0.05
495189;No;574;574;92;0.64;1240;0.08;0.06
495229;No;574;574;92;0.64;1243;0.08;0.06
495268;No;574;574;92;0.64;1247;0.08;0.06
495308;No;574;574;92;0.64;1250;0.08;0.06
495354;No;574;574;92;0.64;1254;0.08;0.06
495450;No;574;574;92;0.64;1258;0.08;0.06
495490;No;574;574;92;0.64;1262;0.09;0.06
495531;No;573;574;92;0.64;1265;0.09;0.06
495570;No;573;573;92;0.64;1269;0.09;0.07
495611;No;573;573;92;0.64;1272;0.09;0.07
495649;No;573;573;92;0.64;1271;0.09;0.07
495729;No;573;573;92;0.64;1270;0.09;0.07
495768;No;573;573;92;0.64;1269;0.09;0.07
495789;No;572;573;92;0.64;1268;0.10;0.07
495828;No;572;572;92;0.64;1267;0.10;0.07
495868;No;572;572;92;0.64;1266;0.10;0.07
495906;No;572;572;92;0.64;1264;0.10;0.08
495948;No;572;572;92;0.64;1263;0.10;0.08
495998;No;572;572;92;0.64;1260;0.10;0.08
496041;No;571;572;92;0.64;1256;0.10;0.08
496080;No;571;571;92;0.64;1253;0.10;0.08
496136;No;571;571;92;0.64;1250;0.10;0.08
496183;No;571;571;92;0.64;1246;0.11;0.08
496225;No;571;571;92;0.64;1243;0.11;0.08
496293;No;571;571;92;0.64;1240;0.11;0.08
496333;No;571;571;92;0.64;1236;0.11;0.09
496374;No;571;571;92;0.64;1234;0.11;0.09
496440;No;571;570;92;0.64;1233;0.12;0.09
496480;No;570;570;92;0.64;1231;0.13;0.09
496521;No;570;570;92;0.64;1230;0.14;0.09
496594;No;570;570;92;0.64;1228;0.15;0.10
496639;No;570;570;92;0.64;1226;0.16;0.10
496679;No;570;570;92;0.64;1224;0.17;0.10
496718;No;570;570;92;0.64;1223;0.18;0.10
496759;No;570;570;92;0.64;1221;0.19;0.11
496799;No;570;570;92;0.64;1219;0.23;0.11
496839;No;570;570;92;0.64;1218;0.28;0.12
496891;No;569;570;92;0.64;1216;0.32;0.13
496929;No;569;569;92;0.64;1214;0.36;0.14
496969;No;569;569;92;0.64;1212;0.40;0.15
497011;No;569;569;92;0.64;1211;0.44;0.16
497049;No;569;569;92;0.64;1209;0.49;0.17
497090;No;569;569;92;0.64;1208;0.53;0.19
497109;No;569;569;92;0.64;1206;0.56;0.20
497149;No;569;569;92;0.64;1205;0.59;0.23
497198;No;569;569;92;0.64;1204;0.62;0.26
497237;No;569;569;92;0.64;1202;0.65;0.29
497280;No;568;569;92;0.64;1201;0.67;0.32
497323;No;568;568;92;0.64;1200;0.70;0.36
497370;No;568;568;92;0.64;1198;0.73;0.39
497415;No;568;568;92;0.64;1196;0.76;0.42
497492;No;568;568;92;0.64;1192;0.77;0.45
497531;No;568;568;92;0.64;1189;0.78;0.48
497577;No;568;568;92;0.64;1186;0.79;0.50
497642;No;568;568;92;0.64;1183;0.80;0.53
497680;No;568;568;92;0.64;1180;0.81;0.55
497720;No;568;568;92;0.64;1177;0.82;0.58
497790;No;568;568;92;0.64;1174;0.83;0.60
497842;No;568;568;92;0.64;1174;0.84;0.62
497859;No;567;568;92;0.64;1175;0.84;0.65
497897;No;567;567;92;0.64;1175;0.85;0.66
497938;No;567;567;92;0.64;1176;0.85;0.68
497980;No;567;567;92;0.64;1176;0.85;0.69
498027;No;567;567;92;0.64;1176;0.85;0.70
498094;No;567;567;92;0.64;1176;0.86;0.71
498136;No;567;567;92;0.64;1177;0.86;0.73
498175;No;567;567;92;0.64;1174;0.86;0.74
498221;No;567;567;92;0.64;1172;0.86;0.75
498265;No;567;567;92;0.64;1169;0.86;0.76
498278;No;567;567;92;0.64;1166;0.86;0.76
498317;No;567;567;92;0.64;1164;0.86;0.77
498393;No;567;567;92;0.64;1162;0.86;0.77
498433;No;567;567;92;0.64;1159;0.86;0.78
498480;No;567;567;92;0.64;1156;0.86;0.78
498520;No;567;567;92;0.64;1156;0.86;0.79
498559;No;567;567;92;0.64;1155;0.86;0.79
498578;No;567;567;92;0.64;1154;0.86;0.79
498619;No;567;567;92;0.64;1154;0.86;0.79
498638;No;567;566;92;0.64;1153;0.86;0.80
498713;No;566;566;92;0.64;1153;0.86;0.80
498729;No;566;566;92;0.64;1152;0.86;0.80
498768;No;566;566;92;0.64;1152;0.86;0.80
498808;No;566;566;92;0.64;1150;0.86;0.80
498853;No;566;566;92;0.64;1148;0.86;0.80
498897;No;566;566;92;0.64;1145;0.86;0.80
498946;No;566;566;92;0.64;1143;0.86;0.81
498992;No;566;566;92;0.64;1141;0.86;0.81
499030;No;566;566;92;0.64;1139;0.86;0.81
499071;No;566;566;92;0.64;1137;0.86;0.81
499141;No;566;566;92;0.64;1135;0.86;0.82
499180;No;566;566;92;0.64;1133;0.86;0.82
499220;No;566;566;92;0.64;1130;0.86;0.82
499292;No;566;566;92;0.64;1128;0.86;0.82
499333;No;566;566;92;0.64;1126;0.86;0.82
499374;No;566;566;92;0.64;1123;0.86;0.82
499388;No;566;566;92;0.64;1121;0.86;0.82
499427;No;566;566;92;0.64;1118;0.86;0.82
499466;No;566;566;92;0.64;1116;0.86;0.83
499513;No;566;566;92;0.64;1116;0.86;0.83
499552;No;566;566;92;0.64;1116;0.86;0.83
499650;No;566;566;92;0.64;1116;0.86;0.83
499690;No;565;565;92;0.64;1116;0.86;0.83
499731;No;565;565;92;0.64;1116;0.86;0.83
499748;No;565;565;92;0.64;1116;0.86;0.83
499787;No;565;565;92;0.64;1117;0.86;0.83
499825;No;565;565;92;0.64;1117;0.86;0.83
499838;No;565;565;92;0.64;1114;0.86;0.83
499891;No;565;565;92;0.64;1111;0.86;0.83
499932;No;565;565;92;0.64;1108;0.86;0.83
499975;No;565;565;92;0.64;1106;0.86;0.83
499988;No;565;565;92;0.64;1103;0.86;0.83
500029;No;565;565;92;0.64;1100;0.86;0.83
500069;No;565;565;92;0.64;1097;0.86;0.83
500108;No;565;565;92;0.64;1094;0.86;0.83
500148;No;565;565;92;0.64;1094;0.86;0.83
500191;No;565;565;92;0.64;1093;0.86;0.83
500237;No;565;565;92;0.64;1092;0.86;0.83
500276;No;565;565;92;0.64;1091;0.86;0.83
500317;No;565;565;92;0.64;1090;0.86;0.83
500357;No;565;565;92;0.64;1090;0.86;0.83
500399;No;565;565;92;0.64;1088;0.86;0.83
500439;No;565;565;92;0.64;1088;0.86;0.83
500492;No;564;564;92;0.64;1086;0.86;0.83
500531;No;564;564;92;0.64;1085;0.86;0.83
500572;No;564;564;92;0.64;1084;0.86;0.83
500616;No;564;564;92;0.64;1082;0.86;0.83
500668;No;564;564;92;0.64;1081;0.86;0.83
500713;No;564;564;92;0.64;1080;0.86;0.83
500754;No;564;564;92;0.64;1078;0.86;0.83
500831;No;564;564;92;0.64;1077;0.86;0.83
500874;No;564;564;92;0.64;1077;0.86;0.83
500888;No;564;564;92;0.64;1076;0.86;0.83
500933;No;564;564;91;0.64;1076;0.86;0.83
500949;No;564;564;91;0.64;1076;0.86;0.83
500991;No;564;564;91;0.64;1076;0.86;0.83
501029;No;564;564;91;0.64;1075;0.86;0.83
501094;No;564;564;91;0.64;1075;0.86;0.83
501138;No;564;564;91;0.64;1074;0.86;0.83
501158;No;564;564;91;0.64;1070;0.86;0.83
501199;No;564;564;91;0.64;1066;0.86;0.83
501256;No;564;564;91;0.64;1062;0.86;0.83
501296;No;564;564;91;0.64;1058;0.86;0.83
501340;No;564;564;91;0.64;1054;0.86;0.83
501390;No;564;564;91;0.64;1050;0.86;0.83
501432;No;563;563;91;0.64;1046;0.86;0.83
501470;No;563;563;91;0.64;1042;0.86;0.83
501511;No;563;563;91;0.64;1040;0.86;0.83
501560;No;563;563;91;0.64;1038;0.86;0.83
501600;No;563;563;91;0.64;1035;0.86;0.83
501638;No;563;563;91;0.64;1032;0.86;0.83
501692;No;563;563;91;0.64;1030;0.86;0.83
501731;No;563;563;91;0.64;1028;0.86;0.83
501776;No;563;563;91;0.64;1025;0.86;0.83
501818;No;563;563;91;0.64;1022;0.86;0.83
501860;No;563;563;91;0.64;1015;0.86;0.83
501900;No;563;563;91;0.64;1008;0.85;0.83
501944;No;563;563;91;0.64;1000;0.85;0.83
501992;No;563;563;91;0.64;992;0.85;0.83
502030;No;563;563;91;0.64;985;0.85;0.83
502071;No;563;563;91;0.64;977;0.85;0.83
502110;No;563;563;91;0.64;970;0.85;0.83
502150;No;563;563;91;0.64;962;0.85;0.83
502196;No;563;563;91;0.64;969;0.85;0.83
502236;No;563;563;91;0.64;975;0.85;0.83
502291;No;562;562;91;0.64;982;0.85;0.83
502337;No;562;562;91;0.64;988;0.85;0.83
502376;No;562;562;91;0.64;994;0.85;0.82
502420;No;562;562;91;0.63;1000;0.85;0.82
502463;No;562;562;91;0.63;1007;0.85;0.82
502478;No;562;562;91;0.63;1013;0.85;0.82
502536;No;562;562;91;0.63;1017;0.85;0.82
502593;No;562;562;91;0.63;1021;0.85;0.82
502638;No;562;562;91;0.63;1025;0.85;0.82
502681;No;562;562;91;0.63;1029;0.85;0.82
502725;No;562;562;91;0.63;1033;0.85;0.82
502765;No;562;562;91;0.63;1037;0.85;0.82
502831;No;562;562;91;0.63;1040;0.85;0.82
502894;No;562;562;91;0.63;1044;0.85;0.82
502935;No;562;562;91;0.63;1045;0.85;0.82
502975;No;562;562;91;0.63;1046;0.85;0.82
502988;No;562;562;91;0.63;1047;0.85;0.82
503028;No;562;562;91;0.63;1048;0.85;0.82
503048;No;562;562;91;0.63;1048;0.85;0.82
503093;No;562;562;91;0.63;1050;0.85;0.82
503132;No;562;562;91;0.63;1050;0.85;0.82
503202;No;562;562;91;0.63;1051;0.85;0.82
503242;No;562;562;91;0.63;1050;0.85;0.82
503259;No;562;562;91;0.63;1049;0.85;0.82
503298;No;562;562;91;0.63;1048;0.85;0.82
503338;No;561;561;91;0.63;1047;0.85;0.82
503377;No;561;561;91;0.63;1046;0.85;0.82
503415;No;561;561;91;0.63;1045;0.85;0.82
503438;No;561;561;91;0.63;1044;0.85;0.82
503491;No;561;561;91;0.63;1043;0.85;0.83
503531;No;561;561;91;0.63;1043;0.85;0.83
503574;No;561;561;91;0.63;1044;0.85;0.83
503617;No;561;561;91;0.63;1044;0.85;0.83
503663;No;561;561;91;0.63;1044;0.85;0.83
503678;No;561;561;91;0.63;1045;0.85;0.83
503718;No;561;561;91;0.63;1045;0.85;0.83
503793;No;561;561;91;0.63;1046;0.85;0.83
503881;No;561;561;91;0.63;1046;0.85;0.83
503925;No;561;561;91;0.63;1048;0.86;0.83
503965;No;561;561;91;0.63;1049;0.86;0.83
503979;No;561;561;91;0.63;1051;0.86;0.83
504019;No;561;561;91;0.63;1053;0.86;0.83
504094;No;561;561;91;0.63;1054;0.86;0.83
504141;No;561;561;91;0.63;1056;0.86;0.83
504158;No;561;561;91;0.63;1058;0.86;0.83
504199;No;561;561;91;0.63;1060;0.86;0.83
504271;No;561;561;91;0.63;1060;0.86;0.83
504315;No;560;560;91;0.63;1059;0.86;0.83
504353;No;560;560;91;0.63;1059;0.86;0.83
504398;No;560;560;91;0.63;1059;0.86;0.83
504445;No;560;560;91;0.63;1058;0.86;0.83
504459;No;560;560;91;0.63;1058;0.86;0.83
504499;No;560;560;91;0.63;1058;0.86;0.83
504540;No;560;560;91;0.63;1058;0.86;0.83
504580;No;560;560;91;0.64;1058;0.86;0.83
504621;No;560;560;91;0.64;1059;0.86;0.84
504693;No;560;560;91;0.64;1060;0.86;0.83
504733;No;560;560;91;0.64;1061;0.86;0.83
504773;No;560;560;91;0.64;1061;0.86;0.83
504819;No;560;560;91;0.64;1062;0.86;0.83
504859;No;560;560;91;0.64;1063;0.86;0.83
504899;No;560;560;91;0.64;1064;0.86;0.83
504937;No;560;560;91;0.64;1062;0.86;0.83
504991;No;560;560;91;0.64;1060;0.86;0.83
505030;No;560;560;91;0.64;1058;0.86;0.83
505071;No;560;560;91;0.64;1056;0.86;0.83
505129;No;560;560;91;0.64;1054;0.86;0.83
505168;No;560;560;91;0.64;1052;0.86;0.83
505215;No;560;560;91;0.64;1050;0.86;0.83
505254;No;560;560;91;0.64;1049;0.86;0.83
505299;No;560;560;91;0.64;1072;0.86;0.83
505338;No;560;560;91;0.64;1096;0.86;0.84
505379;No;559;559;91;0.64;1120;0.86;0.84
505419;No;559;559;91;0.64;1144;0.86;0.84
505460;No;559;559;91;0.64;1168;0.86;0.84
505502;No;559;559;91;0.64;1192;0.86;0.84
505541;No;559;559;91;0.64;1215;0.86;0.84
505599;No;559;559;91;0.64;1239;0.86;0.84
505638;No;559;559;91;0.64;1263;0.86;0.84
505677;No;559;559;91;0.64;1286;0.86;0.85
505722;No;559;559;91;0.64;1310;0.86;0.85
505762;No;559;559;91;0.64;1334;0.86;0.85
505801;No;558;559;91;0.64;1357;0.87;0.85
505842;No;558;558;91;0.64;1381;0.87;0.85
505891;No;558;558;91;0.64;1404;0.87;0.85
505932;No;558;558;91;0.64;1428;0.87;0.85
505977;No;558;558;91;0.64;1453;0.87;0.85
506016;No;558;558;91;0.64;1477;0.87;0.86
506057;No;558;558;91;0.64;1502;0.87;0.85
506102;No;558;558;91;0.64;1526;0.87;0.85
506147;No;558;558;91;0.64;1551;0.87;0.85
506198;No;558;558;91;0.64;1576;0.87;0.85
506242;No;558;558;91;0.64;1600;0.87;0.85
506259;No;558;558;91;0.64;1625;0.87;0.85
506301;No;558;558;91;0.64;1632;0.87;0.85
506340;No;558;558;91;0.64;1638;0.87;0.85
506380;No;557;557;91;0.64;1644;0.86;0.84
506426;No;557;557;91;0.64;1651;0.86;0.84
506493;No;557;557;91;0.64;1658;0.86;0.84
506539;No;557;557;91;0.64;1664;0.85;0.84
506579;No;557;557;91;0.64;1671;0.85;0.83
506617;No;557;557;91;0.64;1677;0.84;0.83
506662;No;557;557;91;0.64;1686;0.84;0.83
506679;No;557;557;91;0.64;1694;0.84;0.83
506718;No;557;557;91;0.64;1703;0.84;0.82
506794;No;557;557;91;0.64;1712;0.84;0.82
506833;No;557;557;91;0.64;1720;0.84;0.82
506880;No;557;557;91;0.64;1729;0.84;0.82
506925;No;557;557;91;0.64;1738;0.84;0.82
506965;No;557;557;91;0.64;1746;0.84;0.82
506978;No;557;557;91;0.64;1752;0.84;0.81
507019;No;557;557;91;0.64;1758;0.83;0.81
507039;No;557;557;90;0.64;1764;0.83;0.81
507090;No;557;557;90;0.64;1770;0.83;0.81
507130;No;557;557;90;0.64;1776;0.83;0.81
507169;No;557;557;90;0.64;1782;0.83;0.81
507209;No;556;557;90;0.64;1788;0.83;0.81
507260;No;556;556;90;0.64;1794;0.83;0.81
507300;No;556;556;90;0.64;1800;0.83;0.81
507339;No;556;556;90;0.64;1807;0.82;0.81
507390;No;556;556;90;0.64;1813;0.82;0.80
507432;No;556;556;90;0.64;1819;0.82;0.80
507475;No;556;556;90;0.64;1825;0.81;0.80
507488;No;556;556;90;0.64;1831;0.81;0.80
507527;No;556;556;90;0.64;1837;0.81;0.79
507565;No;556;556;90;0.64;1843;0.80;0.79
507613;No;556;556;90;0.64;1852;0.80;0.79
507658;No;556;556;90;0.64;1861;0.80;0.79
507699;No;556;556;90;0.64;1870;0.80;0.79
507739;No;556;556;90;0.64;1879;0.80;0.79
507780;No;556;556;90;0.64;1888;0.80;0.79
507824;No;557;557;90;0.64;1896;0.80;0.79
507865;No;557;557;90;0.64;1905;0.81;0.78
507878;No;557;557;90;0.64;1914;0.81;0.78
507951;No;557;557;90;0.64;1920;0.81;0.78
507968;No;557;557;90;0.64;1925;0.80;0.78
508008;No;557;557;90;0.64;1930;0.80;0.78
508048;No;557;557;90;0.64;1935;0.80;0.78
508087;No;557;557;90;0.64;1940;0.80;0.78
508134;No;557;557;90;0.64;1946;0.80;0.77
508148;No;558;558;90;0.64;1950;0.80;0.77
508223;No;558;558;90;0.64;1956;0.79;0.77
508267;No;558;558;90;0.64;1967;0.79;0.77
508306;No;558;558;90;0.64;1979;0.79;0.76
508347;No;558;558;90;0.64;1990;0.79;0.74
508411;No;558;559;90;0.64;2002;0.79;0.72
508450;No;558;559;90;0.64;2014;0.78;0.70
508519;No;559;559;90;0.64;2025;0.78;0.68
508538;No;559;559;90;0.64;2036;0.78;0.66
508576;No;559;560;90;0.64;2048;0.78;0.63
508615;No;560;560;90;0.64;2048;0.77;0.61
508630;No;560;560;90;0.64;2049;0.78;0.59
508671;No;560;560;90;0.64;2049;0.79;0.61
508688;No;561;560;90;0.64;2050;0.79;0.64
508727;No;561;561;90;0.64;2050;0.80;0.66
508768;No;561;561;90;0.64;2050;0.81;0.68
508820;No;562;561;90;0.64;2050;0.82;0.70
508890;No;562;562;90;0.64;2051;0.82;0.72
508936;No;562;562;90;0.64;2016;0.83;0.75
508976;No;562;562;90;0.64;1982;0.83;0.77
508988;No;563;563;90;0.64;1947;0.83;0.77
509028;No;563;563;90;0.64;1913;0.83;0.77
509068;No;563;563;90;0.64;1878;0.83;0.77
509118;No;563;564;90;0.64;1844;0.83;0.77
509157;No;563;564;90;0.64;1809;0.83;0.77
509197;No;564;564;90;0.64;1774;0.83;0.78
509241;No;564;564;90;0.64;1742;0.83;0.78
509258;No;564;564;90;0.64;1709;0.83;0.78
509298;No;564;564;90;0.64;1677;0.83;0.78
509337;No;564;564;90;0.64;1644;0.83;0.78
509378;No;564;564;90;0.64;1612;0.83;0.78
509451;No;564;564;90;0.64;1579;0.83;0.78
509468;No;564;564;90;0.64;1546;0.82;0.78
509511;No;564;564;90;0.64;1514;0.82;0.78
509551;No;564;564;90;0.64;1504;0.82;0.78
509595;No;564;564;90;0.64;1494;0.82;0.78
509635;No;564;564;90;0.64;1484;0.82;0.78
509649;No;564;564;90;0.64;1474;0.82;0.78
509717;No;564;564;90;0.64;1464;0.82;0.78
509756;No;564;564;90;0.63;1454;0.82;0.78
509821;No;565;564;90;0.63;1444;0.81;0.77
509860;No;565;565;90;0.63;1434;0.81;0.77
509901;No;565;565;90;0.63;1431;0.81;0.77
509938;No;565;565;90;0.63;1428;0.81;0.77
510018;No;565;565;90;0.63;1424;0.81;0.77
510058;No;565;565;90;0.63;1421;0.81;0.77
510097;No;565;565;90;0.63;1418;0.81;0.77
510141;No;565;565;90;0.63;1414;0.81;0.77
510181;No;565;565;90;0.63;1411;0.81;0.77
510241;No;565;565;90;0.63;1407;0.81;0.77
510317;No;565;565;90;0.63;1412;0.81;0.77
510359;No;565;565;90;0.63;1417;0.81;0.77
510399;No;565;565;90;0.63;1422;0.81;0.77
510445;No;565;565;90;0.63;1427;0.80;0.77
510459;No;566;566;90;0.63;1432;0.80;0.77
510499;No;566;566;90;0.63;1437;0.80;0.77
510538;No;566;566;90;0.63;1442;0.80;0.77
510578;No;566;566;90;0.63;1447;0.80;0.77
510653;No;566;566;90;0.63;1446;0.80;0.77
510668;No;566;566;90;0.63;1446;0.80;0.77
510707;No;566;566;90;0.63;1446;0.80;0.77
510728;No;566;566;90;0.63;1445;0.80;0.77
510774;No;566;566;90;0.63;1445;0.80;0.77
510788;No;566;566;90;0.63;1444;0.80;0.77
510827;No;566;566;90;0.63;1444;0.81;0.77
510865;No;566;566;90;0.63;1444;0.81;0.77
510918;No;566;566;90;0.63;1430;0.81;0.77
510958;No;566;566;90;0.63;1417;0.81;0.77
510998;No;566;566;90;0.63;1404;0.81;0.77
511037;No;566;566;90;0.63;1390;0.81;0.77
511075;No;566;566;90;0.63;1377;0.81;0.77
511120;No;566;566;90;0.63;1364;0.82;0.77
511161;No;566;566;90;0.63;1350;0.82;0.77
511218;No;566;566;90;0.63;1337;0.82;0.77
511258;No;566;566;90;0.63;1338;0.82;0.77
511300;No;567;567;90;0.63;1339;0.82;0.77
511341;No;567;567;90;0.63;1340;0.83;0.77
511381;No;567;567;90;0.63;1340;0.83;0.77
511419;No;567;567;90;0.63;1341;0.83;0.77
511460;No;567;567;90;0.63;1342;0.83;0.77
511539;No;567;567;90;0.63;1342;0.83;0.77
511585;No;567;567;90;0.63;1343;0.83;0.77
511599;No;567;567;90;0.63;1343;0.84;0.77
511637;No;567;567;90;0.63;1343;0.84;0.77
511659;No;567;567;90;0.63;1343;0.84;0.77
511698;No;567;567;90;0.63;1343;0.84;0.77
511718;No;567;567;90;0.63;1343;0.84;0.77
511757;No;567;567;90;0.63;1343;0.84;0.77
511817;No;567;567;90;0.63;1343;0.85;0.77
511858;No;567;567;90;0.63;1343;0.85;0.77
511897;No;567;567;90;0.63;1344;0.85;0.77
511942;No;567;567;90;0.63;1344;0.85;0.77
511959;No;568;568;90;0.63;1344;0.85;0.77
512005;No;568;568;90;0.63;1345;0.85;0.77
512071;No;568;568;90;0.63;1345;0.85;0.77
512119;No;568;568;90;0.63;1346;0.85;0.77
512139;No;568;568;90;0.63;1346;0.85;0.77
512179;No;568;568;90;0.63;1347;0.85;0.77
512218;No;568;568;90;0.63;1347;0.85;0.77
512258;No;568;568;90;0.63;1347;0.85;0.77
512298;No;568;568;90;0.63;1347;0.85;0.77
512319;No;568;568;90;0.63;1347;0.85;0.77
512363;No;568;568;90;0.63;1348;0.85;0.77
512379;No;568;568;90;0.63;1348;0.85;0.77
512451;No;568;568;90;0.63;1348;0.85;0.76
512468;No;568;568;90;0.63;1348;0.85;0.76
512511;No;568;568;90;0.63;1348;0.85;0.76
512528;No;568;568;90;0.63;1347;0.85;0.76
512568;No;568;568;90;0.63;1347;0.85;0.76
512611;No;568;568;90;0.63;1347;0.85;0.76
512650;No;568;568;90;0.63;1347;0.86;0.76
512679;No;568;568;90;0.63;1346;0.86;0.76
512752;No;568;568;90;0.63;1346;0.86;0.76
512809;No;568;568;90;0.63;1346;0.86;0.76
512849;No;568;568;90;0.63;1346;0.86;0.76
512889;No;568;568;90;0.63;1346;0.86;0.76
512933;No;568;568;90;0.63;1347;0.86;0.76
512948;No;568;568;90;0.63;1347;0.86;0.76
513019;No;568;568;90;0.63;1347;0.86;0.76
513061;No;568;568;90;0.63;1348;0.86;0.76
513099;No;568;568;90;0.63;1348;0.86;0.76
513139;No;568;568;90;0.63;1348;0.86;0.76
513178;No;568;568;90;0.63;1347;0.86;0.76
513218;No;568;568;90;0.63;1346;0.86;0.76
513269;No;568;568;90;0.63;1344;0.86;0.76
513317;No;568;568;90;0.63;1343;0.86;0.76
513358;No;568;568;90;0.63;1342;0.86;0.76
513399;No;568;568;90;0.63;1340;0.86;0.76
513439;No;568;568;90;0.63;1339;0.86;0.76
513479;No;568;568;90;0.63;1338;0.86;0.76
513520;No;568;568;90;0.63;1380;0.86;0.76
513560;No;568;568;91;0.63;1422;0.86;0.76
513617;No;568;568;91;0.63;1464;0.86;0.76
513690;No;568;568;91;0.63;1506;0.86;0.77
513732;No;568;568;91;0.63;1548;0.86;0.77
513772;No;568;568;91;0.63;1591;0.86;0.78
513788;No;568;568;91;0.63;1633;0.86;0.78
513829;No;568;568;91;0.63;1675;0.86;0.79
513867;No;568;569;91;0.63;1683;0.87;0.79
513919;No;569;569;91;0.63;1690;0.86;0.80
513958;No;569;569;91;0.63;1698;0.86;0.80
513998;No;569;569;91;0.63;1705;0.86;0.80
514055;No;569;569;91;0.63;1712;0.85;0.80
514096;No;569;569;91;0.63;1720;0.85;0.80
514134;No;569;569;91;0.63;1727;0.85;0.80
514148;No;569;569;91;0.63;1734;0.84;0.80
514221;No;569;569;91;0.63;1740;0.84;0.80
514261;No;569;569;91;0.63;1746;0.84;0.80
514299;No;569;569;91;0.63;1752;0.84;0.80
514339;No;569;569;91;0.63;1758;0.83;0.80
514378;No;569;569;91;0.63;1763;0.83;0.80
514424;No;569;569;91;0.63;1769;0.83;0.80
514464;No;569;569;91;0.63;1774;0.83;0.80
514478;No;569;569;91;0.63;1780;0.83;0.80
514550;No;569;569;91;0.63;1781;0.83;0.80
514570;No;569;569;91;0.63;1782;0.83;0.80
514611;No;569;569;91;0.63;1782;0.83;0.80
514650;No;569;569;91;0.63;1783;0.83;0.80
514691;No;570;569;91;0.63;1783;0.83;0.80
514730;No;570;570;91;0.63;1784;0.83;0.81
514780;No;570;570;91;0.63;1784;0.83;0.81
514852;No;570;570;91;0.63;1785;0.83;0.81
514869;No;570;570;91;0.63;1785;0.83;0.81
514908;No;570;570;91;0.63;1784;0.82;0.82
514928;No;570;570;91;0.63;1784;0.82;0.81
514973;No;570;570;91;0.63;1784;0.82;0.81
514989;No;570;570;91;0.63;1784;0.82;0.81
515029;No;570;570;91;0.63;1783;0.82;0.81
515069;No;570;570;91;0.63;1783;0.82;0.80
515118;No;570;570;91;0.63;1782;0.81;0.80
515138;No;570;570;91;0.63;1784;0.81;0.80
515178;No;570;570;91;0.63;1787;0.81;0.80
515216;No;570;570;91;0.63;1789;0.81;0.79
515262;No;570;570;91;0.63;1791;0.81;0.79
515302;No;570;570;91;0.63;1793;0.80;0.79
515337;No;571;570;91;0.63;1795;0.80;0.79
515377;No;571;571;91;0.63;1797;0.80;0.79
515451;No;571;571;91;0.63;1799;0.80;0.79
515493;No;571;571;91;0.63;1799;0.80;0.78
515532;No;571;571;91;0.63;1800;0.80;0.78
515577;No;571;571;91;0.63;1800;0.80;0.78
515587;No;571;571;91;0.63;1800;0.80;0.78
515633;No;571;571;91;0.63;1800;0.80;0.78
515648;No;571;571;91;0.63;1800;0.80;0.78
515720;No;571;571;91;0.63;1800;0.80;0.78
515737;No;571;571;91;0.63;1800;0.80;0.78
515778;No;571;571;91;0.63;1800;0.80;0.78
515822;No;572;571;91;0.63;1800;0.80;0.78
515863;No;572;572;91;0.63;1800;0.79;0.78
515901;No;572;572;91;0.63;1800;0.79;0.78
515918;No;572;572;91;0.63;1800;0.79;0.77
515964;No;572;572;91;0.63;1800;0.79;0.77
515978;No;572;572;91;0.63;1800;0.79;0.77
516052;No;572;572;91;0.63;1800;0.79;0.77
516090;No;572;572;91;0.63;1795;0.79;0.77
516134;No;572;572;91;0.63;1790;0.79;0.77
516175;No;572;572;91;0.63;1784;0.79;0.77
516216;No;572;572;91;0.63;1779;0.79;0.77
516255;No;572;572;91;0.63;1774;0.79;0.77
516316;No;572;573;91;0.63;1769;0.78;0.77
516338;No;572;573;91;0.63;1764;0.78;0.76
516376;No;573;573;91;0.63;1758;0.78;0.76
516416;No;573;573;91;0.63;1738;0.78;0.76
516427;No;573;573;91;0.63;1717;0.78;0.76
516467;No;573;573;91;0.63;1696;0.79;0.76
516489;No;573;573;91;0.63;1675;0.79;0.76
516528;No;573;573;91;0.63;1654;0.79;0.76
516566;No;573;573;91;0.63;1633;0.79;0.76
516639;No;573;573;91;0.63;1612;0.79;0.76
516685;No;573;573;91;0.63;1591;0.79;0.76
516731;No;573;573;91;0.63;1587;0.79;0.76
516770;No;574;573;91;0.63;1583;0.79;0.76
516811;No;574;574;91;0.63;1579;0.79;0.76
516852;No;574;574;91;0.63;1575;0.79;0.76
516918;No;574;574;91;0.63;1571;0.79;0.76
516938;No;574;574;91;0.63;1567;0.79;0.76
516978;No;574;574;91;0.63;1563;0.79;0.76
517018;No;574;574;91;0.63;1559;0.78;0.76
517064;No;574;574;91;0.63;1558;0.78;0.76
517106;No;574;574;91;0.63;1558;0.78;0.76
517117;No;574;574;91;0.63;1558;0.79;0.76
517157;No;574;574;91;0.63;1558;0.79;0.76
517217;No;574;574;91;0.63;1558;0.79;0.76
517256;No;574;574;91;0.63;1558;0.79;0.76
517297;No;574;574;91;0.63;1558;0.79;0.76
517342;No;575;574;91;0.63;1557;0.79;0.76
517359;No;575;575;91;0.63;1540;0.79;0.76
517403;No;575;575;91;0.63;1524;0.79;0.76
517419;No;575;575;91;0.63;1507;0.80;0.76
517458;No;575;575;91;0.63;1490;0.80;0.76
517478;No;575;575;91;0.63;1474;0.80;0.76
517552;No;575;575;91;0.63;1457;0.80;0.76
517568;No;575;575;91;0.63;1440;0.81;0.76
517608;No;575;575;91;0.63;1424;0.81;0.76
517648;No;575;575;91;0.63;1402;0.81;0.76
517694;No;575;575;91;0.63;1380;0.81;0.76
517741;No;575;575;91;0.63;1359;0.81;0.76
517780;No;575;576;91;0.63;1337;0.81;0.76
517850;No;576;576;91;0.63;1315;0.81;0.76
517895;No;576;576;91;0.63;1294;0.81;0.76
517940;No;576;576;91;0.63;1272;0.81;0.76
517981;No;576;576;91;0.63;1250;0.81;0.76
518019;No;576;576;91;0.63;1244;0.81;0.76
518059;No;576;576;91;0.63;1238;0.81;0.76
518119;No;576;576;91;0.63;1232;0.81;0.76
518173;No;576;576;91;0.63;1226;0.81;0.76
518213;No;576;576;91;0.63;1220;0.81;0.76
518261;No;576;576;91;0.63;1214;0.81;0.76
518301;No;576;576;91;0.63;1208;0.81;0.76
518346;No;576;576;91;0.63;1202;0.81;0.76
518419;No;576;576;91;0.63;1196;0.81;0.76
518459;No;576;576;91;0.63;1188;0.81;0.76
518501;No;576;576;91;0.63;1182;0.81;0.76
518543;No;576;576;91;0.63;1174;0.81;0.76
518560;No;576;576;91;0.63;1167;0.81;0.76
518600;No;576;576;91;0.63;1160;0.81;0.76
518641;No;576;576;91;0.63;1153;0.81;0.76
518719;No;576;576;91;0.63;1146;0.81;0.76
518738;No;576;576;91;0.63;1142;0.81;0.76
518778;No;576;576;91;0.63;1138;0.81;0.76
518818;No;576;576;91;0.63;1134;0.81;0.76
518858;No;576;576;91;0.63;1130;0.81;0.76
518898;No;576;576;91;0.63;1126;0.81;0.76
518938;No;576;576;91;0.63;1121;0.81;0.76
518977;No;576;576;91;0.63;1117;0.81;0.76
519051;No;576;576;91;0.63;1113;0.81;0.76
519091;No;576;576;91;0.63;1114;0.81;0.76
519137;No;576;576;92;0.63;1116;0.81;0.76
519177;No;576;576;92;0.63;1116;0.81;0.76
519216;No;576;576;92;0.63;1118;0.81;0.76
519257;No;576;576;92;0.63;1119;0.81;0.76
519320;No;576;576;92;0.63;1120;0.81;0.76
519360;No;576;576;92;0.63;1121;0.81;0.76
519400;No;576;576;92;0.63;1122;0.81;0.76
519440;No;576;576;92;0.63;1124;0.81;0.76
519479;No;576;576;92;0.63;1126;0.81;0.76
519524;No;576;576;92;0.63;1128;0.81;0.76
519564;No;576;576;92;0.63;1129;0.81;0.76
519579;No;576;576;92;0.63;1131;0.81;0.76
519651;No;576;576;92;0.63;1132;0.81;0.76
519668;No;576;576;92;0.63;1134;0.81;0.76
519709;No;576;576;92;0.63;1136;0.81;0.76
519749;No;576;576;92;0.63;1134;0.81;0.76
519789;No;576;576;92;0.63;1132;0.81;0.76
519827;No;576;576;92;0.63;1130;0.81;0.76
519848;No;576;576;92;0.63;1128;0.81;0.76
519918;No;576;576;92;0.63;1126;0.81;0.76
519958;No;576;576;92;0.63;1124;0.81;0.76
519998;No;576;576;92;0.63;1122;0.81;0.75
520038;No;576;576;92;0.63;1120;0.81;0.75
520078;No;576;576;92;0.63;1121;0.81;0.75
520116;No;576;576;92;0.63;1122;0.81;0.75
520158;No;576;576;92;0.63;1124;0.81;0.75
520217;No;576;576;92;0.63;1125;0.81;0.75
520239;No;576;576;92;0.63;1127;0.81;0.75
520278;No;576;576;92;0.63;1128;0.81;0.75
520316;No;576;576;92;0.63;1130;0.81;0.75
520356;No;576;576;92;0.63;1131;0.81;0.75
520398;No;576;576;92;0.63;1130;0.81;0.75
520456;No;576;576;92;0.63;1128;0.81;0.75
520519;No;576;576;92;0.63;1127;0.81;0.75
520559;No;576;576;92;0.63;1126;0.80;0.75
520599;No;576;576;92;0.63;1124;0.80;0.75
520645;No;576;576;92;0.63;1122;0.80;0.75
520710;No;576;576;92;0.63;1121;0.80;0.75
520759;No;576;575;92;0.63;1120;0.80;0.75
520818;No;575;575;92;0.63;1118;0.80;0.75
520860;No;575;575;92;0.63;1115;0.80;0.75
520899;No;575;575;92;0.63;1113;0.80;0.75
520939;No;575;575;92;0.63;1111;0.80;0.75
520980;No;575;575;92;0.63;1108;0.80;0.75
521019;No;575;575;92;0.63;1106;0.80;0.75
521070;No;575;575;92;0.63;1104;0.81;0.75
521116;No;575;575;92;0.63;1102;0.81;0.75
521155;No;575;575;92;0.63;1102;0.81;0.75
521220;No;575;575;92;0.63;1102;0.81;0.75
521262;No;575;575;92;0.63;1102;0.81;0.75
521300;No;575;575;92;0.63;1102;0.80;0.75
521338;No;575;575;92;0.63;1102;0.80;0.75
521378;No;575;575;92;0.63;1102;0.80;0.75
521453;No;575;575;92;0.63;1101;0.80;0.75
521499;No;575;575;92;0.63;1101;0.80;0.75
521537;No;575;575;92;0.63;1103;0.80;0.75
521576;No;575;575;93;0.63;1105;0.80;0.75
521641;No;575;575;93;0.63;1107;0.80;0.75
521728;No;575;575;93;0.63;1109;0.80;0.75
521776;No;575;575;93;0.63;1111;0.80;0.75
521817;No;575;575;93;0.63;1113;0.80;0.75
521856;No;575;575;93;0.63;1114;0.80;0.75
521901;No;575;575;93;0.63;1116;0.80;0.75
521947;No;575;575;93;0.63;1114;0.80;0.75
522019;No;575;575;93;0.63;1113;0.80;0.75
522058;No;575;575;93;0.63;1111;0.80;0.75
522097;No;575;575;93;0.63;1109;0.80;0.75
522142;No;575;575;93;0.63;1107;0.80;0.75
522159;No;575;575;93;0.63;1105;0.80;0.75
522199;No;575;575;93;0.63;1103;0.80;0.75
522237;No;575;575;93;0.63;1101;0.80;0.75
522278;No;575;575;93;0.63;1102;0.80;0.75
522338;No;575;574;93;0.63;1104;0.80;0.75
522378;No;574;574;93;0.63;1105;0.80;0.75
522418;No;574;574;93;0.63;1106;0.80;0.75
522458;No;574;574;93;0.63;1107;0.80;0.75
522500;No;574;574;93;0.63;1108;0.80;0.75
522519;No;574;574;93;0.63;1110;0.80;0.75
522558;No;574;574;93;0.63;1111;0.80;0.75
522618;No;574;574;93;0.63;1112;0.80;0.75
522656;No;574;574;93;0.63;1114;0.80;0.75
522703;No;574;574;93;0.63;1116;0.80;0.75
522748;No;574;574;93;0.63;1118;0.80;0.75
522787;No;574;574;93;0.63;1119;0.80;0.75
522825;No;574;574;93;0.63;1121;0.80;0.75
522866;No;574;574;93;0.63;1122;0.80;0.75
522877;No;574;574;93;0.63;1124;0.80;0.75
522956;No;574;574;93;0.63;1124;0.80;0.75
523015;No;574;574;93;0.63;1124;0.80;0.75
523029;No;574;574;93;0.63;1123;0.80;0.75
523075;No;574;574;93;0.63;1123;0.80;0.75
523088;No;574;574;93;0.63;1123;0.80;0.75
523132;No;574;574;93;0.63;1123;0.80;0.75
523149;No;574;574;93;0.63;1122;0.80;0.75
523220;No;574;574;93;0.63;1122;0.80;0.75
523238;No;574;574;93;0.63;1122;0.80;0.75
523277;No;574;574;93;0.63;1120;0.80;0.75
523298;No;574;574;93;0.63;1120;0.80;0.75
523339;No;574;574;93;0.63;1119;0.80;0.75
523358;No;574;574;93;0.63;1118;0.80;0.75
523397;No;574;574;93;0.63;1117;0.80;0.75
523438;No;574;574;93;0.63;1116;0.81;0.75
523518;No;574;574;93;0.63;1116;0.81;0.75
523558;No;574;574;93;0.63;1117;0.81;0.75
523600;No;574;574;93;0.63;1118;0.81;0.75
523638;No;574;574;93;0.63;1120;0.81;0.75
523678;No;574;574;93;0.63;1122;0.81;0.75
523719;No;574;574;93;0.63;1123;0.81;0.75
523758;No;573;574;93;0.63;1124;0.81;0.75
523816;No;573;573;93;0.63;1126;0.81;0.75
523856;No;573;573;93;0.63;1128;0.81;0.75
523920;No;573;573;93;0.63;1125;0.81;0.75
523966;No;573;573;93;0.63;1123;0.81;0.75
524005;No;573;573;93;0.63;1121;0.81;0.75
524018;No;573;573;93;0.63;1118;0.81;0.75
524058;No;573;573;93;0.63;1116;0.81;0.75
524118;No;573;573;93;0.63;1114;0.81;0.75
524161;No;573;573;93;0.63;1112;0.81;0.75
524203;No;573;573;93;0.63;1109;0.81;0.75
524244;No;573;573;93;0.63;1112;0.81;0.75
524258;No;573;573;93;0.63;1114;0.81;0.75
524296;No;573;573;93;0.63;1116;0.81;0.75
524335;No;573;573;93;0.63;1119;0.81;0.75
524348;No;573;573;93;0.63;1121;0.81;0.75
524416;No;573;573;93;0.63;1124;0.81;0.75
524457;No;573;573;93;0.63;1126;0.82;0.75
524521;No;573;573;93;0.63;1128;0.82;0.75
524560;No;573;573;93;0.63;1128;0.82;0.75
524600;No;573;573;93;0.63;1128;0.82;0.75
524640;No;573;573;93;0.63;1127;0.82;0.75
524717;No;573;573;93;0.63;1127;0.82;0.75
524756;No;573;572;93;0.63;1126;0.82;0.75
524797;No;572;572;93;0.63;1126;0.82;0.75
524834;No;572;572;93;0.63;1126;0.82;0.75
524875;No;572;572;93;0.63;1125;0.82;0.75
524888;No;572;572;93;0.63;1123;0.82;0.75
524927;No;572;572;93;0.63;1122;0.82;0.75
524967;No;572;572;93;0.63;1120;0.82;0.75
525017;No;572;572;93;0.63;1118;0.82;0.75
525038;No;572;572;93;0.63;1116;0.82;0.75
525077;No;572;572;93;0.63;1114;0.82;0.75
525115;No;572;572;93;0.63;1113;0.82;0.75
525127;No;572;572;93;0.63;1111;0.82;0.75
525169;No;572;572;93;0.63;1113;0.82;0.75
525210;No;572;572;93;0.63;1116;0.82;0.75
525248;No;572;572;93;0.63;1118;0.82;0.75
525322;No;572;572;93;0.63;1120;0.82;0.75
525338;No;572;572;93;0.63;1122;0.82;0.75
525377;No;572;572;93;0.63;1125;0.82;0.75
525415;No;572;572;93;0.63;1127;0.83;0.75
525428;No;572;572;93;0.63;1130;0.83;0.75
525472;No;572;572;93;0.63;1148;0.83;0.75
525516;No;572;572;93;0.63;1167;0.83;0.75
525576;No;572;572;93;0.63;1186;0.83;0.75
525649;No;571;572;93;0.63;1205;0.83;0.75
525689;No;571;571;93;0.63;1224;0.83;0.75
525742;No;571;571;93;0.63;1242;0.83;0.75
525759;No;571;571;93;0.63;1261;0.83;0.75
525798;No;571;571;93;0.63;1280;0.83;0.75
525838;No;571;571;93;0.63;1287;0.83;0.75
525877;No;571;571;93;0.63;1295;0.83;0.75
525938;No;571;571;93;0.63;1302;0.83;0.75
525977;No;571;571;93;0.63;1310;0.83;0.75
526015;No;571;571;93;0.63;1317;0.84;0.75
526027;No;571;571;93;0.63;1324;0.84;0.75
526068;No;571;571;93;0.63;1332;0.84;0.75
526088;No;571;571;93;0.63;1339;0.84;0.75
526126;No;571;571;93;0.63;1346;0.84;0.75
526166;No;571;571;93;0.63;1353;0.84;0.75
526178;No;571;571;93;0.63;1360;0.84;0.75
526257;No;571;571;93;0.63;1367;0.84;0.75
526301;No;571;571;93;0.63;1374;0.85;0.76
526341;No;571;571;93;0.63;1381;0.85;0.76
526381;No;571;571;93;0.63;1388;0.85;0.76
526420;No;571;571;93;0.63;1395;0.85;0.77
526458;No;571;571;93;0.63;1397;0.85;0.77
526479;No;571;571;93;0.63;1399;0.85;0.77
526551;No;570;571;93;0.63;1401;0.85;0.77
526568;No;570;570;93;0.63;1403;0.85;0.77
526615;No;570;570;93;0.63;1404;0.85;0.77
526628;No;570;570;93;0.63;1406;0.85;0.77
526674;No;570;570;93;0.63;1408;0.85;0.77
526688;No;570;570;93;0.63;1410;0.85;0.77
526728;No;570;570;93;0.63;1394;0.85;0.77
526768;No;570;570;93;0.63;1378;0.85;0.77
526818;No;570;570;93;0.63;1361;0.85;0.77
526857;No;570;570;93;0.63;1345;0.85;0.77
526920;No;570;570;93;0.63;1328;0.85;0.77
526966;No;570;570;93;0.63;1312;0.85;0.77
527005;No;570;570;93;0.63;1295;0.85;0.77
527018;No;570;570;93;0.63;1279;0.85;0.77
527063;No;570;570;93;0.63;1272;0.85;0.77
527078;No;570;570;93;0.63;1265;0.85;0.77
527150;No;570;570;92;0.63;1258;0.85;0.77
527192;No;570;570;92;0.63;1251;0.85;0.77
527231;No;570;570;92;0.63;1244;0.85;0.77
527277;No;570;570;92;0.63;1237;0.85;0.77
527323;No;570;570;92;0.63;1230;0.85;0.77
527361;No;570;570;92;0.63;1223;0.85;0.77
527418;No;570;570;92;0.63;1219;0.85;0.77
527457;No;570;570;92;0.63;1216;0.85;0.77
527502;No;570;570;92;0.63;1212;0.85;0.77
527540;No;570;570;92;0.63;1208;0.85;0.77
527582;No;570;570;92;0.63;1204;0.85;0.77
527621;No;570;570;92;0.63;1201;0.85;0.77
527661;No;570;570;92;0.63;1197;0.85;0.77
527718;No;570;570;92;0.63;1194;0.85;0.77
527757;No;570;570;92;0.63;1205;0.85;0.77
527820;No;570;570;92;0.63;1216;0.85;0.77
527861;No;570;570;92;0.63;1228;0.85;0.77
527901;No;570;570;92;0.63;1240;0.85;0.77
527918;No;570;570;92;0.63;1251;0.85;0.77
527957;No;570;570;92;0.63;1263;0.85;0.77
528018;No;570;570;92;0.63;1274;0.85;0.77
528059;No;570;569;92;0.63;1286;0.85;0.77
528104;No;569;569;92;0.63;1284;0.85;0.77
528136;No;569;569;92;0.63;1282;0.85;0.77
528177;No;569;569;92;0.63;1280;0.85;0.77
528218;No;569;569;92;0.63;1278;0.85;0.77
528267;No;569;569;92;0.63;1276;0.85;0.77
528317;No;569;569;92;0.63;1274;0.85;0.77
528360;No;569;569;92;0.63;1272;0.85;0.76
528399;No;569;569;92;0.63;1270;0.85;0.76
528439;No;569;569;92;0.63;1256;0.85;0.76
528458;No;569;569;92;0.63;1242;0.85;0.76
528496;No;569;569;92;0.63;1228;0.85;0.76
528540;No;569;569;92;0.63;1214;0.85;0.76
528581;No;569;569;92;0.63;1200;0.85;0.76
528627;No;569;569;92;0.63;1186;0.85;0.76
528694;No;569;569;92;0.63;1172;0.85;0.76
528734;No;569;569;92;0.63;1158;0.85;0.76
528784;No;569;569;92;0.63;1172;0.85;0.76
528824;No;569;569;92;0.63;1186;0.85;0.76
528868;No;569;569;92;0.63;1200;0.85;0.76
528911;No;569;569;92;0.63;1214;0.85;0.76
528952;No;569;568;92;0.63;1228;0.85;0.76
528968;No;568;568;92;0.63;1241;0.85;0.76
529012;No;568;568;92;0.63;1255;0.85;0.76
529029;No;568;568;92;0.63;1269;0.85;0.76
529069;No;568;568;92;0.63;1270;0.85;0.76
529109;No;568;568;92;0.63;1271;0.84;0.76
529150;No;568;568;92;0.63;1272;0.84;0.76
529214;No;568;568;92;0.63;1272;0.84;0.76
529252;No;568;568;92;0.63;1273;0.84;0.76
529268;No;568;568;92;0.63;1274;0.84;0.76
529307;No;568;568;92;0.63;1275;0.84;0.76
529329;No;568;568;92;0.63;1276;0.84;0.76
529371;No;568;568;92;0.63;1276;0.84;0.76
529416;No;568;568;92;0.63;1277;0.84;0.76
529457;No;568;568;92;0.63;1278;0.84;0.76
529512;No;568;568;92;0.63;1279;0.84;0.76
529551;No;568;568;92;0.63;1280;0.84;0.76
529569;No;568;568;92;0.63;1280;0.84;0.76
529609;No;568;568;92;0.63;1281;0.84;0.76
529649;No;568;568;92;0.63;1282;0.84;0.76
529695;No;568;568;92;0.63;1266;0.84;0.76
529734;No;568;568;92;0.63;1250;0.84;0.76
529749;No;568;568;92;0.63;1234;0.84;0.76
529813;No;568;568;92;0.63;1217;0.84;0.76
529854;No;568;568;92;0.63;1201;0.84;0.76
529919;No;568;568;92;0.63;1185;0.84;0.77
529959;No;568;568;92;0.63;1169;0.84;0.77
529998;No;568;568;92;0.63;1152;0.84;0.77
530038;No;568;568;92;0.63;1156;0.84;0.77
530113;No;568;568;92;0.63;1158;0.84;0.77
530152;No;568;568;92;0.63;1161;0.84;0.77
530168;No;567;568;92;0.63;1164;0.84;0.77
530207;No;567;567;92;0.63;1167;0.84;0.77
530248;No;567;567;92;0.63;1170;0.84;0.77
530288;No;567;567;92;0.63;1173;0.84;0.77
530328;No;567;567;92;0.63;1176;0.84;0.77
530368;No;567;567;92;0.63;1174;0.84;0.77
530411;No;567;567;92;0.63;1173;0.84;0.77
530463;No;567;567;92;0.63;1171;0.84;0.77
530501;No;567;567;92;0.63;1170;0.84;0.77
530545;No;567;567;92;0.63;1168;0.84;0.77
530557;No;567;567;92;0.63;1166;0.84;0.77
530602;No;567;567;92;0.63;1164;0.84;0.76
530618;No;567;567;92;0.63;1163;0.84;0.76
530658;No;567;567;92;0.63;1172;0.84;0.76
530679;No;567;567;92;0.63;1181;0.84;0.76
530778;No;567;567;92;0.63;1190;0.84;0.76
530818;No;567;567;92;0.63;1200;0.85;0.76
530856;No;567;567;92;0.63;1209;0.85;0.76
530895;No;567;567;92;0.63;1218;0.85;0.76
530940;No;567;567;92;0.63;1227;0.85;0.76
531012;No;567;567;92;0.63;1236;0.85;0.76
531053;No;567;566;92;0.63;1236;0.86;0.76
531067;No;566;566;92;0.63;1236;0.86;0.76
531110;No;566;566;92;0.63;1235;0.86;0.76
531128;No;566;566;92;0.63;1235;0.86;0.76
531169;No;566;566;92;0.63;1234;0.86;0.76
531209;No;566;566;92;0.63;1234;0.86;0.77
531249;No;566;566;92;0.63;1234;0.87;0.77
531314;No;566;566;92;0.63;1233;0.87;0.77
531337;No;566;566;92;0.63;1231;0.87;0.77
531379;No;566;566;92;0.63;1229;0.87;0.77
531419;No;566;566;92;0.63;1226;0.87;0.77
531458;No;566;566;92;0.63;1224;0.87;0.77
531498;No;566;566;92;0.63;1222;0.87;0.77
531518;No;566;566;92;0.63;1220;0.87;0.77
531558;No;566;566;92;0.63;1218;0.87;0.77
531613;No;566;566;92;0.63;1215;0.87;0.77
531651;No;565;566;92;0.63;1211;0.87;0.77
531697;No;565;565;92;0.63;1207;0.87;0.77
531741;No;565;565;92;0.63;1203;0.87;0.77
531758;No;565;565;92;0.63;1198;0.87;0.77
531797;No;565;565;92;0.63;1194;0.87;0.77
531839;No;565;565;92;0.63;1190;0.87;0.77
531915;No;565;565;92;0.63;1186;0.87;0.77
531975;No;565;565;92;0.63;1182;0.87;0.77
532016;No;565;565;92;0.63;1186;0.87;0.77
532028;No;565;565;93;0.63;1189;0.86;0.77
532074;No;565;565;93;0.63;1193;0.86;0.77
532112;No;565;565;93;0.63;1197;0.86;0.77
532161;No;565;565;93;0.63;1201;0.86;0.77
532178;No;565;565;93;0.63;1204;0.86;0.77
532255;No;565;565;93;0.63;1208;0.86;0.77
532320;No;565;565;93;0.63;1212;0.86;0.77
532361;No;564;565;93;0.63;1211;0.86;0.77
532404;No;564;564;93;0.63;1211;0.86;0.77
532420;No;564;564;93;0.63;1210;0.86;0.77
532462;No;564;564;93;0.63;1210;0.86;0.77
532480;No;564;564;93;0.63;1209;0.86;0.77
532550;No;564;564;93;0.63;1208;0.86;0.77
532589;No;564;564;93;0.63;1208;0.86;0.77
532635;No;564;564;93;0.63;1207;0.86;0.77
532673;No;564;564;93;0.63;1216;0.86;0.77
532711;No;564;564;93;0.63;1225;0.85;0.77
532752;No;564;564;93;0.63;1234;0.85;0.77
532818;No;564;564;93;0.63;1244;0.85;0.77
532857;No;564;564;93;0.63;1253;0.85;0.77
532920;No;564;564;93;0.63;1262;0.85;0.77
532959;No;564;563;93;0.63;1271;0.85;0.77
532999;No;564;563;93;0.63;1280;0.85;0.77
533017;No;563;563;93;0.63;1281;0.85;0.77
533056;No;563;563;93;0.63;1281;0.85;0.77
533115;No;563;563;93;0.63;1282;0.85;0.77
533156;No;563;563;93;0.63;1282;0.85;0.77
533196;No;563;563;93;0.63;1283;0.85;0.77
533266;No;563;563;93;0.63;1283;0.85;0.77
533306;No;563;563;93;0.63;1284;0.85;0.77
533371;No;563;563;93;0.63;1284;0.85;0.77
533416;No;563;563;93;0.63;1282;0.85;0.77
533461;No;563;563;93;0.63;1281;0.85;0.77
533500;No;563;563;93;0.63;1279;0.85;0.77
533540;No;563;563;93;0.63;1278;0.85;0.77
533579;No;563;563;93;0.63;1276;0.85;0.77
533620;No;563;563;93;0.63;1274;0.85;0.78
533660;No;563;563;93;0.63;1272;0.85;0.78
533717;No;563;563;93;0.63;1271;0.85;0.78
533756;No;563;563;93;0.63;1260;0.85;0.78
533819;No;563;563;93;0.63;1249;0.85;0.78
533865;No;563;563;93;0.63;1238;0.85;0.78
533904;No;563;563;93;0.63;1227;0.85;0.78
533919;No;563;563;93;0.63;1216;0.85;0.78
533959;No;562;563;93;0.63;1206;0.85;0.78
534017;No;562;562;93;0.63;1195;0.85;0.78
534056;No;562;562;93;0.63;1184;0.85;0.78
534097;No;562;562;93;0.63;1186;0.85;0.78
534136;No;562;562;93;0.63;1189;0.84;0.78
534177;No;562;562;93;0.63;1192;0.84;0.78
534225;No;562;562;93;0.63;1194;0.84;0.78
534264;No;562;562;93;0.63;1197;0.84;0.78
534278;No;562;562;93;0.63;1200;0.84;0.78
534350;No;562;562;93;0.63;1202;0.84;0.78
534392;No;562;562;93;0.63;1205;0.84;0.78
534431;No;562;562;93;0.63;1204;0.84;0.78
534471;No;562;562;93;0.63;1203;0.84;0.78
534510;No;562;562;92;0.63;1202;0.84;0.78
534570;No;562;562;92;0.63;1200;0.84;0.78
534649;No;562;562;92;0.63;1199;0.85;0.78
534688;No;562;562;92;0.63;1198;0.85;0.78
534729;No;562;562;92;0.63;1196;0.85;0.78
534769;No;562;562;92;0.63;1195;0.85;0.79
534810;No;562;562;92;0.63;1197;0.85;0.79
534850;No;562;562;92;0.63;1198;0.85;0.79
534916;No;562;562;92;0.63;1200;0.85;0.79
534954;No;562;562;92;0.63;1202;0.85;0.79
534993;No;562;562;92;0.63;1204;0.85;0.79
535038;No;562;562;92;0.63;1206;0.85;0.79
535080;No;562;562;92;0.63;1207;0.85;0.79
535123;No;562;562;92;0.63;1209;0.85;0.79
535165;No;562;562;92;0.63;1209;0.85;0.79
535178;No;562;562;92;0.63;1209;0.84;0.79
535252;No;562;562;92;0.63;1210;0.84;0.79
535292;No;562;562;92;0.63;1210;0.84;0.79
535331;No;562;562;92;0.63;1210;0.84;0.78
535370;No;562;562;92;0.63;1210;0.84;0.78
535417;No;561;562;92;0.63;1210;0.83;0.78
535456;No;561;561;92;0.63;1210;0.83;0.78
535515;No;561;561;92;0.63;1210;0.83;0.78
535555;No;561;561;92;0.63;1209;0.83;0.78
535597;No;561;561;92;0.63;1209;0.83;0.78
535637;No;561;561;92;0.63;1208;0.83;0.78
535676;No;561;561;92;0.63;1208;0.83;0.78
535691;No;561;561;92;0.63;1207;0.83;0.78
535732;No;561;561;92;0.63;1206;0.82;0.77
535826;No;561;561;92;0.63;1206;0.82;0.77
535874;No;561;561;92;0.63;1205;0.82;0.77
535916;No;561;561;92;0.63;1205;0.82;0.77
535931;No;561;561;92;0.63;1204;0.82;0.77
535978;No;561;561;92;0.63;1203;0.82;0.77
536018;No;561;561;92;0.63;1202;0.82;0.77
536062;No;561;561;92;0.63;1202;0.82;0.77
536078;No;561;561;92;0.63;1201;0.81;0.77
536150;No;561;561;92;0.63;1200;0.81;0.77
536189;No;561;561;92;0.63;1201;0.81;0.77
536231;No;561;561;92;0.63;1201;0.81;0.77
536277;No;561;561;92;0.63;1202;0.81;0.77
536316;No;561;561;92;0.63;1202;0.81;0.77
536363;No;561;561;92;0.63;1202;0.81;0.77
536377;No;561;561;92;0.63;1203;0.81;0.77
536450;No;561;561;92;0.63;1203;0.82;0.77
536470;No;561;561;92;0.63;1204;0.82;0.77
536511;No;561;561;92;0.63;1204;0.82;0.77
536549;No;561;561;92;0.63;1203;0.82;0.77
536613;No;561;561;92;0.63;1203;0.82;0.77
536655;No;561;561;92;0.63;1203;0.82;0.77
536715;No;561;561;92;0.63;1202;0.82;0.77
536761;No;561;561;92;0.63;1202;0.82;0.77
536804;No;561;561;92;0.63;1202;0.82;0.77
536846;No;561;561;92;0.63;1202;0.82;0.77
536859;No;561;561;92;0.63;1202;0.82;0.77
536904;No;561;561;92;0.63;1202;0.82;0.77
536920;No;561;561;92;0.63;1203;0.82;0.77
536959;No;561;561;92;0.63;1203;0.82;0.77
537015;No;561;561;92;0.63;1204;0.82;0.77
537056;No;561;561;92;0.63;1204;0.82;0.77
537099;No;561;561;92;0.63;1204;0.82;0.77
537139;No;561;561;92;0.63;1204;0.82;0.77
537178;No;561;561;92;0.63;1205;0.82;0.77
537218;No;561;561;92;0.63;1206;0.82;0.77
537261;No;561;561;92;0.63;1206;0.82;0.77
537279;No;561;561;92;0.63;1207;0.82;0.77
537349;No;561;561;92;0.63;1208;0.82;0.77
537389;No;561;561;92;0.63;1209;0.82;0.77
537430;No;561;561;92;0.63;1209;0.82;0.77
537476;No;561;561;92;0.63;1210;0.82;0.77
537522;No;561;561;92;0.63;1211;0.82;0.77
537564;No;561;561;92;0.63;1212;0.82;0.77
537579;No;561;561;92;0.63;1214;0.82;0.77
537653;No;561;561;92;0.63;1215;0.82;0.77
537695;No;561;561;92;0.63;1216;0.82;0.77
537736;No;561;561;92;0.63;1218;0.82;0.77
537776;No;561;562;92;0.63;1219;0.82;0.77
537816;No;562;562;92;0.63;1220;0.82;0.77
537856;No;562;562;92;0.63;1220;0.82;0.77
537915;No;562;562;92;0.63;1220;0.82;0.77
537955;No;562;562;92;0.63;1220;0.82;0.77
538021;No;562;562;92;0.63;1220;0.82;0.77
538066;No;562;562;92;0.63;1220;0.81;0.77
538105;No;562;562;92;0.63;1220;0.81;0.77
538118;No;562;562;92;0.63;1220;0.81;0.77
538157;No;562;562;92;0.63;1220;0.81;0.77
538216;No;562;562;92;0.63;1220;0.81;0.76
538257;No;562;562;92;0.63;1221;0.81;0.76
538321;No;562;562;92;0.63;1222;0.81;0.76
538375;No;562;562;92;0.63;1222;0.80;0.76
538420;No;562;562;92;0.63;1222;0.80;0.76
538470;No;562;562;92;0.63;1223;0.80;0.76
538516;No;562;562;92;0.63;1224;0.80;0.76
538555;No;562;562;92;0.63;1224;0.80;0.76
538620;No;562;562;92;0.63;1224;0.80;0.76
538661;No;562;562;92;0.63;1224;0.80;0.76
538701;No;562;562;92;0.63;1224;0.80;0.76
538739;No;562;562;92;0.63;1224;0.80;0.76
538778;No;562;562;92;0.63;1224;0.80;0.76
538849;No;562;562;92;0.63;1225;0.80;0.76
538920;No;562;562;92;0.63;1225;0.80;0.76
538959;No;562;562;92;0.63;1225;0.80;0.76
538999;No;562;562;92;0.63;1225;0.80;0.75
539038;No;562;562;92;0.63;1226;0.80;0.75
539115;No;562;562;92;0.63;1226;0.80;0.75
539156;No;562;562;92;0.63;1227;0.80;0.75
539221;No;562;562;92;0.63;1228;0.80;0.75
539261;No;562;562;92;0.63;1228;0.80;0.75
539302;No;562;562;92;0.63;1228;0.80;0.75
539372;No;562;562;92;0.63;1229;0.80;0.75
539446;No;562;562;92;0.63;1229;0.80;0.75
539488;No;562;562;92;0.63;1229;0.80;0.75
539554;No;562;562;92;0.63;1230;0.80;0.75
539595;No;562;563;92;0.63;1230;0.79;0.75
539655;No;563;563;92;0.63;1230;0.79;0.75
539719;No;563;563;92;0.63;1230;0.79;0.75
539759;No;563;563;92;0.63;1230;0.79;0.75
539800;No;563;563;92;0.63;1230;0.79;0.75
539839;No;563;563;92;0.63;1230;0.79;0.75
539859;No;563;563;92;0.63;1230;0.79;0.75
539898;No;563;563;92;0.63;1230;0.79;0.75
539938;No;563;563;92;0.63;1230;0.79;0.75
540016;No;563;563;92;0.63;1230;0.79;0.75
540055;No;563;563;92;0.63;1230;0.79;0.75
540100;No;563;563;92;0.63;1230;0.79;0.75
540141;No;563;563;92;0.63;1230;0.79;0.75
540158;No;563;563;92;0.63;1230;0.79;0.75
540197;No;563;563;92;0.63;1231;0.79;0.75
540237;No;563;563;92;0.63;1231;0.79;0.75
540316;No;563;563;92;0.63;1232;0.79;0.75
540356;No;563;563;92;0.63;1232;0.79;0.75
540401;No;563;563;92;0.63;1233;0.80;0.75
540441;No;563;563;92;0.63;1234;0.80;0.75
540481;No;563;563;92;0.63;1234;0.80;0.76
540525;No;564;564;92;0.63;1234;0.80;0.76
540566;No;564;564;92;0.63;1234;0.80;0.76
540615;No;564;564;92;0.63;1233;0.80;0.76
540657;No;564;564;92;0.63;1233;0.80;0.76
540697;No;564;564;92;0.63;1233;0.80;0.76
540751;No;564;564;92;0.63;1233;0.80;0.76
540799;No;564;564;92;0.63;1232;0.80;0.76
540837;No;564;564;92;0.63;1232;0.80;0.76
540916;No;564;564;92;0.63;1232;0.80;0.76
540974;No;564;564;92;0.63;1232;0.80;0.76
541017;No;564;564;92;0.63;1232;0.80;0.76
541058;No;564;564;92;0.63;1232;0.80;0.76
541098;No;564;564;92;0.63;1232;0.80;0.76
541138;No;564;564;92;0.63;1232;0.80;0.76
541178;No;564;564;92;0.63;1232;0.80;0.76
541261;No;564;564;92;0.63;1231;0.80;0.76
541302;No;564;564;92;0.63;1232;0.80;0.76
541343;No;564;564;92;0.63;1232;0.80;0.76
541358;No;564;564;92;0.63;1232;0.80;0.76
541399;No;564;564;92;0.63;1232;0.80;0.76
541418;No;564;564;92;0.63;1232;0.80;0.76
541458;No;564;564;92;0.63;1233;0.80;0.76
541516;No;564;564;92;0.63;1233;0.80;0.76
541559;No;564;564;92;0.63;1233;0.80;0.76
541607;No;564;564;92;0.63;1233;0.80;0.76
541652;No;564;564;92;0.63;1233;0.80;0.76
541691;No;564;564;92;0.63;1233;0.80;0.76
541732;No;564;564;92;0.63;1233;0.79;0.76
541773;No;564;564;92;0.63;1232;0.79;0.76
541848;No;564;564;92;0.63;1232;0.79;0.76
541891;No;564;564;92;0.63;1232;0.79;0.76
541931;No;564;564;92;0.63;1232;0.79;0.76
541973;No;564;564;92;0.63;1230;0.79;0.76
542019;No;564;564;92;0.63;1228;0.79;0.76
542059;No;564;564;92;0.63;1225;0.79;0.76
542079;No;564;564;92;0.63;1223;0.79;0.76
542148;No;564;564;92;0.63;1221;0.79;0.76
542189;No;564;564;92;0.63;1218;0.79;0.76
542248;No;564;564;92;0.63;1216;0.79;0.76
542313;No;564;564;92;0.63;1214;0.79;0.76
542357;No;564;564;92;0.63;1214;0.79;0.76
542416;No;564;564;92;0.63;1214;0.79;0.76
542439;No;564;564;92;0.63;1215;0.79;0.76
542478;No;564;564;92;0.63;1215;0.79;0.76
542517;No;564;564;92;0.63;1215;0.79;0.76
542563;No;563;564;92;0.63;1216;0.79;0.76
542604;No;563;563;92;0.63;1216;0.79;0.76
542620;No;563;563;92;0.63;1216;0.79;0.76
542660;No;563;563;92;0.63;1214;0.79;0.76
542715;No;563;563;93;0.63;1212;0.79;0.76
542761;No;563;563;93;0.63;1211;0.79;0.76
542807;No;563;563;93;0.63;1209;0.79;0.76
542847;No;563;563;93;0.63;1208;0.79;0.76
542912;No;563;563;93;0.63;1206;0.79;0.76
542953;No;563;563;93;0.63;1204;0.80;0.76
543020;No;563;563;93;0.63;1202;0.80;0.76
543059;No;563;563;93;0.63;1202;0.80;0.76
543098;No;563;563;93;0.63;1202;0.80;0.76
543136;No;563;563;93;0.63;1202;0.80;0.76
543177;No;563;563;93;0.63;1202;0.79;0.76
543226;No;563;563;93;0.63;1201;0.79;0.76
543252;No;563;563;93;0.63;1201;0.79;0.76
543318;No;563;563;93;0.63;1201;0.79;0.76
543359;No;562;563;93;0.63;1201;0.79;0.76
543399;No;562;562;93;0.63;1200;0.79;0.76
543447;No;562;562;93;0.63;1198;0.79;0.76
543498;No;562;562;93;0.63;1197;0.79;0.75
543540;No;562;562;93;0.63;1196;0.79;0.73
543615;No;562;562;93;0.63;1194;0.79;0.71
543654;No;562;562;93;0.63;1193;0.79;0.69
543720;No;562;562;93;0.63;1192;0.79;0.68
543759;No;562;562;93;0.63;1191;0.79;0.66
543800;No;562;562;93;0.63;1190;0.79;0.64
543873;No;562;562;93;0.63;1189;0.78;0.63
543947;No;562;562;93;0.63;1188;0.77;0.55
543987;No;562;562;93;0.63;1188;0.76;0.47
544052;No;562;562;93;0.63;1186;0.75;0.40
544092;No;562;561;93;0.63;1186;0.73;0.32
544130;No;561;561;93;0.63;1185;0.72;0.25
544171;No;561;561;93;0.63;1184;0.71;0.17
544218;No;561;561;93;0.63;1183;0.70;0.10
544261;No;561;561;93;0.63;1182;0.61;0.02
544307;No;561;561;93;0.63;1181;0.53;0.02
544346;No;561;561;93;0.63;1180;0.44;0.01
544412;No;561;561;93;0.63;1178;0.36;0.01
544453;No;561;561;93;0.63;1177;0.28;0.01
544515;No;561;561;93;0.63;1176;0.19;0.01
544556;No;561;561;93;0.63;1175;0.11;0.00
544621;No;561;561;93;0.63;1174;0.02;0.00
544661;No;560;560;93;0.63;1174;0.02;-0.00
544702;No;560;560;93;0.63;1173;0.02;-0.00
544775;No;560;560;93;0.63;1172;0.01;-0.00
544847;No;560;560;93;0.63;1171;0.01;-0.01
544887;No;560;560;93;0.63;1170;0.01;-0.01
544951;No;560;560;93;0.63;1170;0.01;-0.01
544992;No;560;560;93;0.63;1169;0.00;-0.01
545032;No;560;560;93;0.63;1168;0.00;-0.01
545070;No;560;560;93;0.63;1167;0.00;-0.01
545118;No;560;560;93;0.63;1166;0.00;-0.01
545157;No;560;560;93;0.63;1164;0.00;-0.01
545202;No;560;560;93;0.63;1163;-0.00;-0.01
545242;No;560;560;93;0.63;1162;-0.00;-0.01
545280;No;560;560;93;0.63;1161;-0.00;-0.02
545320;No;560;559;93;0.63;1160;-0.00;-0.02
545361;No;559;559;93;0.63;1159;-0.00;-0.02
545414;No;559;559;93;0.63;1158;-0.00;-0.02
545454;No;559;559;93;0.63;1158;-0.00;-0.02
545520;No;559;559;93;0.63;1158;-0.00;-0.02
545560;No;559;559;93;0.63;1157;-0.00;-0.02
545610;No;559;559;93;0.63;1156;-0.01;-0.02
545649;No;559;559;93;0.63;1156;-0.01;-0.02
545715;No;559;559;93;0.63;1155;-0.01;-0.02
545756;No;559;559;93;0.63;1154;-0.01;-0.02
545811;No;559;559;94;0.63;1152;-0.01;-0.02
545831;No;558;559;94;0.63;1151;-0.01;-0.02
545873;No;558;558;94;0.63;1150;-0.01;-0.02
545915;No;558;558;94;0.63;1149;-0.01;-0.02
545956;No;558;558;94;0.63;1148;-0.01;-0.02
546016;No;558;558;94;0.63;1146;-0.01;-0.02
546057;No;558;558;94;0.63;1145;-0.01;-0.02
546122;No;558;558;94;0.63;1149;-0.01;-0.02
546163;No;558;558;94;0.63;1152;-0.01;-0.02
546210;No;558;558;94;0.63;1156;-0.01;-0.02
546251;No;558;558;94;0.63;1160;-0.01;-0.02
546314;No;558;558;94;0.63;1163;-0.01;-0.02
546357;No;557;558;94;0.63;1167;-0.01;-0.01
546398;No;557;557;94;0.63;1170;-0.01;-0.01
546439;No;557;557;94;0.63;1174;-0.01;-0.01
546479;No;557;557;94;0.63;1182;-0.01;-0.01
546525;No;556;557;94;0.63;1190;-0.01;-0.01
546566;No;556;556;94;0.63;1198;-0.00;-0.01
546647;No;556;556;94;0.63;1207;-0.00;-0.01
546691;No;556;556;94;0.63;1215;0.00;-0.01
546732;No;556;556;94;0.63;1223;0.00;-0.00
546777;No;556;556;94;0.63;1231;0.01;-0.00
546816;No;556;556;94;0.63;1240;0.01;0.00
546855;No;555;556;94;0.63;1240;0.01;0.00
546915;No;555;555;94;0.63;1240;0.01;0.01
546956;No;555;555;93;0.63;1240;0.01;0.01
546999;No;555;555;93;0.63;1241;0.02;0.01
547045;No;555;555;93;0.63;1241;0.02;0.01
547058;No;555;555;93;0.63;1241;0.02;0.01
547096;No;554;554;93;0.63;1242;0.02;0.01
547136;No;554;554;93;0.63;1242;0.02;0.02
547215;No;554;554;93;0.63;1240;0.03;0.02
547254;No;554;554;93;0.63;1239;0.03;0.02
547293;No;554;554;93;0.63;1238;0.03;0.02
547337;No;554;554;93;0.63;1237;0.03;0.02
547377;No;554;553;93;0.63;1235;0.03;0.03
547428;No;553;553;93;0.63;1234;0.03;0.03
547471;No;553;553;93;0.63;1233;0.04;0.03
547545;No;553;553;93;0.63;1232;0.04;0.03
547587;No;553;552;93;0.63;1230;0.04;0.03
547633;No;552;552;93;0.63;1229;0.04;0.04
547672;No;552;552;93;0.63;1228;0.04;0.04
547713;No;552;552;93;0.63;1226;0.04;0.04
547753;No;552;552;93;0.63;1225;0.04;0.04
547814;No;552;552;93;0.63;1224;0.05;0.04
547855;No;552;551;93;0.63;1223;0.05;0.04
547922;No;551;551;93;0.63;1222;0.05;0.04
547961;No;551;551;93;0.63;1211;0.05;0.04
548001;No;551;551;93;0.63;1200;0.05;0.04
548071;No;551;550;93;0.63;1189;0.05;0.04
548116;No;550;550;93;0.63;1178;0.05;0.04
548157;No;550;550;93;0.63;1168;0.05;0.05
548222;No;550;550;93;0.63;1157;0.06;0.05
548267;No;550;550;93;0.63;1146;0.06;0.05
548306;No;550;550;93;0.63;1135;0.06;0.05
548371;No;550;550;93;0.63;1135;0.06;0.05
548446;No;550;550;93;0.63;1134;0.06;0.05
548485;No;550;549;93;0.63;1134;0.06;0.06
548532;No;549;549;93;0.63;1133;0.06;0.06
548571;No;549;549;93;0.63;1133;0.06;0.06
548616;No;549;549;93;0.63;1132;0.06;0.06
548655;No;549;549;93;0.63;1132;0.06;0.06
548716;No;549;549;93;0.63;1131;0.06;0.06
548753;No;549;549;93;0.63;1131;0.06;0.06
548794;No;549;549;93;0.63;1131;0.07;0.06
548832;No;549;549;93;0.63;1131;0.07;0.06
548873;No;549;549;93;0.63;1131;0.07;0.06
548921;No;549;549;93;0.63;1131;0.07;0.06
548962;No;548;549;93;0.63;1131;0.07;0.06
548980;No;548;548;93;0.63;1130;0.07;0.06
549050;No;548;548;93;0.63;1130;0.07;0.06
549090;No;548;548;93;0.63;1130;0.07;0.06
549129;No;548;548;93;0.63;1130;0.08;0.06
549167;No;548;548;93;0.63;1130;0.08;0.07
549207;No;548;548;93;0.63;1130;0.08;0.07
549219;No;548;548;93;0.63;1130;0.08;0.07
549267;No;548;548;93;0.63;1130;0.08;0.07
549315;No;548;548;93;0.63;1130;0.08;0.07
549356;No;548;548;93;0.63;1130;0.08;0.07
549421;No;548;548;93;0.63;1129;0.08;0.07
549462;No;548;548;93;0.63;1128;0.08;0.07
549501;No;548;548;93;0.63;1126;0.08;0.08
549541;No;548;548;93;0.63;1124;0.08;0.08
549585;No;548;548;93;0.63;1123;0.08;0.08
549628;No;548;548;93;0.63;1122;0.08;0.08
549675;No;548;548;93;0.63;1120;0.09;0.08
549717;No;548;547;93;0.63;1118;0.09;0.08
549759;No;547;547;93;0.63;1117;0.09;0.08
549801;No;547;547;93;0.63;1115;0.09;0.08
549821;No;547;547;93;0.63;1113;0.09;0.08
549862;No;547;547;93;0.63;1111;0.09;0.08
549933;No;547;547;93;0.63;1109;0.09;0.08
549973;No;547;547;93;0.63;1108;0.09;0.08
550012;No;547;547;93;0.63;1106;0.10;0.08
550082;No;547;547;93;0.63;1104;0.10;0.09
550121;No;547;547;93;0.63;1103;0.10;0.09
550163;No;547;547;93;0.63;1102;0.10;0.09
550211;No;547;547;93;0.63;1101;0.10;0.09
550252;No;547;547;93;0.63;1100;0.10;0.09
550290;No;546;547;93;0.63;1099;0.10;0.09
550330;No;546;546;93;0.63;1098;0.10;0.09
550370;No;546;546;93;0.63;1097;0.10;0.09
550410;No;546;546;93;0.63;1096;0.10;0.09
550457;No;546;546;93;0.63;1095;0.10;0.09
550510;No;546;546;93;0.63;1094;0.10;0.09
550551;No;546;546;93;0.63;1094;0.10;0.09
550590;No;546;546;93;0.63;1093;0.09;0.08
550632;No;546;546;93;0.63;1093;0.09;0.08
550673;No;546;546;93;0.63;1092;0.09;0.07
550711;No;546;546;93;0.63;1092;0.08;0.07
550752;No;546;546;93;0.63;1091;0.08;0.06
550810;No;546;546;93;0.63;1090;0.08;0.06
550855;No;546;546;93;0.63;1088;0.07;0.05
550918;No;546;546;93;0.63;1087;0.07;0.05
550960;No;545;546;93;0.63;1086;0.06;0.04
550999;No;545;545;93;0.63;1085;0.05;0.04
551041;No;545;545;93;0.63;1084;0.05;0.03
551112;No;545;545;93;0.63;1082;0.04;0.03
551151;No;545;545;93;0.63;1081;0.03;0.02
551210;No;545;545;93;0.63;1080;0.03;0.02
551249;No;545;545;93;0.63;1080;0.02;0.02
551296;No;545;545;93;0.63;1079;0.02;0.01
551336;No;545;545;93;0.63;1078;0.02;0.01
551411;No;545;545;93;0.63;1078;0.02;0.01
551450;No;545;545;93;0.63;1077;0.02;0.01
551500;No;544;544;93;0.63;1076;0.02;0.01
551542;No;544;544;93;0.63;1076;0.02;0.01
551580;No;544;544;93;0.63;1075;0.02;0.01
551619;No;544;544;93;0.63;1074;0.02;0.01
551659;No;544;544;93;0.63;1073;0.02;0.01
551711;No;544;544;93;0.63;1072;0.02;0.01
551750;No;544;544;93;0.63;1071;0.02;0.01
551789;No;544;544;93;0.63;1070;0.02;0.01
551852;No;544;544;93;0.63;1069;0.02;0.01
551897;No;544;544;93;0.63;1068;0.02;0.01
551943;No;544;544;93;0.63;1068;0.02;0.01
552010;No;544;544;93;0.63;1067;0.01;0.01
552053;No;544;544;93;0.63;1066;0.01;0.01
552071;No;543;544;93;0.63;1065;0.01;0.01
552111;No;543;543;93;0.63;1064;0.01;0.01
552130;No;543;543;93;0.63;1064;0.01;0.01
552171;No;543;543;93;0.63;1062;0.01;0.01
552210;No;543;543;93;0.63;1062;0.01;0.01
552255;No;543;543;93;0.63;1060;0.01;0.01
552312;No;543;543;93;0.63;1058;0.01;0.01
552355;No;543;543;93;0.63;1057;0.01;0.01
552420;No;543;543;93;0.63;1055;0.01;0.01
552482;No;543;543;93;0.63;1054;0.01;0.01
552522;No;543;543;93;0.63;1052;0.01;0.01
552562;No;543;543;93;0.63;1050;0.01;0.01
552613;No;542;542;93;0.63;1048;0.01;0.01
552654;No;542;542;93;0.63;1048;0.02;0.01
552699;No;542;542;93;0.63;1047;0.02;0.01
552738;No;542;542;93;0.63;1046;0.02;0.01
552777;No;542;542;93;0.63;1046;0.02;0.01
552821;No;542;542;93;0.63;1045;0.02;0.01
552863;No;542;542;93;0.63;1044;0.02;0.01
552911;No;542;542;93;0.63;1044;0.02;0.01
552953;No;542;542;93;0.63;1043;0.02;0.01
552994;No;542;542;93;0.63;1042;0.02;0.01
553037;No;542;542;93;0.63;1041;0.01;0.01
553059;No;542;542;93;0.63;1040;0.01;0.01
553098;No;542;541;93;0.63;1040;0.01;0.01
553137;No;541;541;93;0.63;1039;0.01;0.01
553213;No;541;541;93;0.63;1038;0.01;0.01
553260;No;541;541;93;0.63;1037;0.01;0.01
553306;No;541;541;93;0.63;1036;0.01;0.01
553345;No;541;541;93;0.63;1036;0.01;0.01
553359;No;541;541;93;0.63;1036;0.01;0.01
553400;No;541;541;93;0.63;1036;0.01;0.01
553440;No;541;541;93;0.63;1036;0.01;0.01
553514;No;541;541;93;0.63;1036;0.01;0.01
553553;No;541;541;93;0.63;1036;0.01;0.01
553593;No;540;541;93;0.63;1036;0.01;0.01
553638;No;540;540;93;0.63;1035;0.01;0.01
553678;No;540;540;93;0.63;1034;0.02;0.01
553735;No;540;540;93;0.63;1033;0.02;0.01
553813;No;540;540;93;0.63;1032;0.02;0.01
553854;No;540;540;93;0.63;1031;0.02;0.01
553893;No;540;540;93;0.63;1030;0.02;0.01
553933;No;540;540;93;0.63;1028;0.02;0.01
553972;No;540;540;93;0.63;1027;0.02;0.01
554010;No;540;540;93;0.63;1026;0.02;0.01
554055;No;539;540;93;0.63;1039;0.02;0.01
554112;No;539;539;93;0.63;1052;0.02;0.01
554153;No;539;539;92;0.63;1065;0.02;0.01
554193;No;539;539;92;0.63;1078;0.02;0.01
554232;No;539;539;92;0.63;1091;0.02;0.01
554271;No;539;539;92;0.63;1104;0.02;0.02
554312;No;538;539;92;0.63;1117;0.02;0.02
554353;No;538;538;92;0.63;1130;0.02;0.02
554413;No;538;538;92;0.63;1173;0.02;0.02
554459;No;538;538;92;0.63;1216;0.02;0.02
554498;No;538;538;92;0.63;1260;0.03;0.02
554537;No;538;537;92;0.63;1303;0.03;0.03
554578;No;537;537;92;0.63;1346;0.04;0.03
554617;No;537;537;92;0.63;1390;0.04;0.04
554657;No;537;537;92;0.63;1433;0.05;0.04
554712;No;537;537;92;0.63;1476;0.05;0.05
554753;No;536;536;92;0.63;1488;0.06;0.05
554792;No;536;536;92;0.63;1499;0.06;0.05
554838;No;536;536;92;0.63;1511;0.07;0.06
554880;No;536;536;92;0.63;1522;0.07;0.06
554922;No;536;536;92;0.63;1534;0.08;0.06
554964;No;536;536;92;0.63;1545;0.08;0.06
555037;No;535;536;92;0.63;1556;0.08;0.07
555080;No;535;535;92;0.63;1568;0.09;0.07
555118;No;535;535;92;0.63;1564;0.09;0.07
555158;No;535;535;92;0.63;1560;0.15;0.07
555202;No;534;535;92;0.63;1557;0.21;0.08
555240;No;534;534;92;0.63;1553;0.27;0.08
555311;No;534;534;92;0.63;1549;0.33;0.08
555352;No;534;534;92;0.63;1546;0.39;0.08
555391;No;534;534;92;0.63;1542;0.45;0.08
555443;No;534;534;92;0.63;1538;0.50;0.08
555483;No;534;534;92;0.63;1535;0.56;0.09
555523;No;534;534;92;0.63;1532;0.58;0.09
555561;No;534;534;92;0.63;1528;0.60;0.14
555613;No;533;533;92;0.63;1525;0.62;0.20
555658;No;533;533;92;0.63;1522;0.63;0.25
555698;No;533;533;92;0.63;1518;0.65;0.31
555738;No;533;533;92;0.63;1515;0.67;0.36
555778;No;533;533;92;0.63;1512;0.69;0.42
555829;No;533;533;92;0.63;1524;0.70;0.47
555872;No;533;533;92;0.63;1536;0.72;0.53
555946;No;533;533;91;0.63;1548;0.73;0.54
555984;No;532;533;91;0.63;1560;0.75;0.55
556000;No;532;532;91;0.63;1571;0.76;0.56
556039;No;532;532;91;0.62;1583;0.78;0.57
556060;No;532;532;91;0.62;1595;0.79;0.58
556099;No;532;532;91;0.62;1607;0.81;0.59
556139;No;532;532;91;0.63;1618;0.82;0.60
556212;No;532;532;91;0.63;1630;0.82;0.61
556251;No;532;532;91;0.63;1641;0.82;0.60
556272;No;532;532;91;0.63;1652;0.81;0.59
556329;No;532;532;91;0.63;1664;0.81;0.58
556370;No;532;532;91;0.63;1675;0.81;0.57
556410;No;532;532;91;0.63;1686;0.80;0.56
556448;No;532;532;91;0.63;1698;0.80;0.55
556512;No;532;532;91;0.63;1713;0.80;0.54
556550;No;532;532;91;0.63;1729;0.80;0.53
556620;No;532;532;91;0.63;1745;0.81;0.54
556659;No;532;532;91;0.63;1761;0.81;0.55
556698;No;532;532;91;0.63;1777;0.81;0.56
556719;No;532;532;91;0.63;1792;0.82;0.56
556761;No;532;532;91;0.63;1808;0.82;0.57
556811;No;532;532;91;0.63;1824;0.83;0.58
556850;No;532;532;91;0.63;1834;0.83;0.58
556888;No;532;532;91;0.63;1843;0.83;0.59
556933;No;532;532;91;0.63;1852;0.84;0.61
556977;No;532;532;91;0.63;1862;0.84;0.63
557018;No;532;532;91;0.63;1871;0.84;0.65
557056;No;532;532;91;0.63;1880;0.84;0.67
557112;No;532;532;91;0.63;1890;0.85;0.68
557157;No;532;532;91;0.63;1899;0.85;0.70
557199;No;532;532;91;0.63;1897;0.85;0.72
557239;No;532;532;91;0.63;1894;0.85;0.74
557278;No;533;532;91;0.63;1892;0.85;0.74
557343;No;533;533;91;0.63;1890;0.84;0.74
557413;No;533;533;91;0.63;1887;0.84;0.74
557453;No;533;533;91;0.63;1884;0.84;0.75
557492;No;533;533;91;0.63;1882;0.84;0.75
557530;No;533;533;91;0.63;1880;0.84;0.75
557577;No;533;533;91;0.63;1846;0.84;0.75
557622;No;533;533;91;0.63;1813;0.84;0.75
557662;No;533;533;91;0.63;1780;0.84;0.76
557711;No;533;533;91;0.63;1746;0.84;0.77
557751;No;533;533;91;0.63;1713;0.85;0.78
557821;No;533;533;91;0.62;1680;0.85;0.79
557867;No;533;533;91;0.62;1646;0.85;0.79
557905;No;533;533;91;0.62;1613;0.86;0.80
557919;No;533;533;91;0.63;1595;0.86;0.81
557960;No;534;534;91;0.63;1577;0.86;0.82
558011;No;534;534;90;0.63;1559;0.86;0.82
558056;No;534;534;90;0.63;1542;0.86;0.82
558120;No;534;534;90;0.63;1524;0.86;0.82
558160;No;534;534;90;0.63;1506;0.85;0.82
558206;No;534;534;90;0.63;1488;0.85;0.83
558219;No;534;534;90;0.63;1470;0.85;0.83
558265;No;534;534;90;0.63;1440;0.85;0.83
558313;No;534;534;90;0.63;1411;0.85;0.83
558360;No;534;534;90;0.63;1382;0.85;0.83
558398;No;534;534;90;0.63;1352;0.85;0.83
558438;No;534;534;90;0.63;1323;0.85;0.83
558482;No;534;534;90;0.62;1294;0.84;0.83
558519;No;534;534;90;0.62;1264;0.84;0.83
558566;No;534;534;90;0.62;1235;0.84;0.83
558613;No;534;534;90;0.62;1219;0.84;0.83
558651;No;534;534;90;0.62;1204;0.84;0.83
558671;No;534;534;90;0.62;1188;0.84;0.83
558711;No;534;534;90;0.62;1173;0.84;0.83
558751;No;534;534;90;0.62;1157;0.84;0.83
558790;No;534;534;90;0.62;1142;0.84;0.83
558829;No;534;534;90;0.62;1126;0.84;0.83
558912;No;534;534;90;0.62;1111;0.84;0.83
558957;No;534;534;90;0.62;1106;0.84;0.83
559022;No;534;534;91;0.62;1102;0.83;0.83
559060;No;534;534;91;0.62;1097;0.83;0.83
559099;No;534;534;91;0.62;1093;0.83;0.83
559119;No;534;534;91;0.62;1088;0.83;0.83
559159;No;534;534;91;0.62;1084;0.83;0.83
559213;No;534;534;91;0.62;1080;0.83;0.83
559251;No;534;534;91;0.62;1075;0.83;0.83
559291;No;534;534;91;0.62;1073;0.83;0.83
559341;No;534;534;91;0.62;1071;0.83;0.83
559380;No;534;534;91;0.62;1068;0.83;0.83
559421;No;534;534;91;0.62;1066;0.82;0.83
559459;No;534;534;91;0.62;1064;0.82;0.83
559512;No;534;534;91;0.62;1062;0.82;0.83
559556;No;534;534;91;0.62;1060;0.82;0.83
559622;No;534;534;91;0.62;1058;0.82;0.83
559660;No;534;534;91;0.62;1056;0.82;0.83
559698;No;534;534;91;0.62;1055;0.82;0.83
559719;No;534;534;91;0.62;1054;0.82;0.83
559764;No;534;534;91;0.62;1053;0.82;0.83
559813;No;534;534;91;0.62;1052;0.82;0.83
559853;No;534;534;91;0.62;1050;0.82;0.83
559893;No;534;534;91;0.62;1049;0.82;0.83
559931;No;534;534;91;0.62;1048;0.82;0.83
559975;No;534;534;91;0.62;1049;0.82;0.83
560041;No;534;534;91;0.62;1049;0.82;0.83
560112;No;534;534;91;0.62;1050;0.82;0.83
560176;No;534;534;91;0.62;1050;0.81;0.83
560215;No;534;534;91;0.62;1051;0.81;0.82
560228;No;534;534;91;0.62;1052;0.81;0.82
560268;No;534;534;91;0.62;1052;0.81;0.82
560310;No;534;534;91;0.62;1053;0.81;0.82
560351;No;534;534;91;0.62;1052;0.81;0.82
560412;No;534;534;91;0.62;1050;0.81;0.82
560457;No;534;534;91;0.62;1048;0.81;0.82
560498;No;534;534;91;0.62;1046;0.81;0.82
560543;No;534;534;91;0.62;1045;0.81;0.82
560559;No;534;534;91;0.62;1043;0.81;0.82
560597;No;534;534;91;0.62;1042;0.81;0.82
560619;No;534;534;91;0.62;1040;0.81;0.82
560661;No;534;534;91;0.62;1039;0.81;0.82
560712;No;534;534;91;0.62;1038;0.81;0.82
560752;No;534;534;91;0.62;1037;0.81;0.82
560795;No;534;534;91;0.62;1036;0.81;0.82
560844;No;534;534;91;0.62;1035;0.81;0.82
560894;No;534;534;91;0.62;1034;0.81;0.82
560933;No;534;534;91;0.62;1034;0.81;0.82
560971;No;534;534;91;0.62;1032;0.81;0.82
561047;No;534;534;91;0.62;1032;0.81;0.82
561092;No;534;534;91;0.62;1032;0.81;0.82
561131;No;534;534;91;0.62;1031;0.81;0.82
561170;No;534;534;91;0.62;1031;0.80;0.82
561210;No;534;534;91;0.62;1030;0.80;0.81
561248;No;534;534;91;0.62;1030;0.80;0.81
561314;No;534;534;91;0.62;1030;0.80;0.81
561354;No;534;534;91;0.62;1029;0.80;0.81
561415;No;534;534;91;0.62;1030;0.80;0.81
561480;No;534;534;91;0.62;1030;0.80;0.81
561522;No;534;534;91;0.62;1030;0.80;0.81
561567;No;534;534;91;0.62;1031;0.80;0.81
561613;No;534;534;91;0.62;1031;0.80;0.81
561654;No;534;534;91;0.62;1032;0.80;0.81
561692;No;534;534;91;0.62;1032;0.80;0.81
561739;No;534;534;91;0.62;1032;0.80;0.81
561759;No;534;534;91;0.62;1032;0.80;0.81
561797;No;534;534;92;0.62;1032;0.80;0.81
561838;No;534;534;92;0.62;1031;0.80;0.81
561912;No;534;534;92;0.62;1030;0.80;0.81
561952;No;534;534;92;0.62;1030;0.80;0.81
561972;No;534;534;92;0.62;1030;0.80;0.81
562012;No;534;534;92;0.62;1029;0.80;0.81
562052;No;534;534;92;0.62;1028;0.80;0.81
562102;No;534;534;92;0.62;1052;0.80;0.81
562143;No;534;534;92;0.62;1075;0.80;0.81
562213;No;534;534;92;0.62;1098;0.80;0.81
562253;No;534;534;92;0.62;1121;0.79;0.81
562295;No;534;534;92;0.62;1144;0.79;0.81
562334;No;534;534;92;0.62;1168;0.79;0.81
562373;No;534;534;92;0.62;1191;0.79;0.81
562393;No;534;534;92;0.62;1214;0.79;0.81
562435;No;534;534;92;0.62;1258;0.79;0.81
562511;No;534;534;92;0.62;1302;0.80;0.81
562552;No;534;534;92;0.62;1347;0.81;0.81
562590;No;534;534;92;0.62;1391;0.82;0.80
562630;No;534;534;92;0.62;1435;0.83;0.80
562695;No;534;534;92;0.62;1479;0.83;0.80
562736;No;534;534;92;0.62;1524;0.84;0.80
562813;No;534;534;92;0.62;1568;0.85;0.80
562853;No;534;534;92;0.62;1563;0.86;0.80
562894;No;534;534;92;0.62;1558;0.86;0.80
562933;No;534;534;92;0.62;1554;0.86;0.80
562972;No;534;534;92;0.62;1549;0.86;0.80
563013;No;534;534;92;0.62;1544;0.86;0.80
563053;No;534;534;92;0.62;1539;0.85;0.80
563114;No;534;534;92;0.62;1534;0.85;0.80
563154;No;534;534;92;0.62;1530;0.85;0.80
563194;No;534;534;92;0.62;1488;0.85;0.80
563234;No;534;534;92;0.62;1448;0.85;0.80
563277;No;534;534;92;0.62;1406;0.85;0.80
563342;No;534;534;92;0.62;1366;0.85;0.80
563413;No;534;534;92;0.62;1325;0.85;0.80
563453;No;534;534;92;0.62;1284;0.84;0.80
563491;No;534;534;92;0.62;1243;0.84;0.80
563541;No;534;534;92;0.62;1202;0.84;0.80
563582;No;534;534;92;0.62;1194;0.84;0.80
563621;No;534;534;92;0.62;1186;0.84;0.80
563662;No;534;534;92;0.62;1178;0.84;0.80
563711;No;534;534;92;0.62;1170;0.84;0.80
563752;No;534;534;92;0.62;1161;0.84;0.79
563791;No;534;534;92;0.62;1153;0.84;0.79
563830;No;534;534;92;0.62;1145;0.84;0.79
563869;No;534;534;92;0.62;1137;0.84;0.79
563941;No;534;534;92;0.62;1123;0.84;0.79
564013;No;534;534;92;0.62;1109;0.83;0.79
564056;No;534;534;92;0.62;1095;0.83;0.79
564121;No;534;534;92;0.62;1080;0.83;0.79
564161;No;534;534;92;0.62;1066;0.83;0.79
564202;No;534;534;92;0.62;1052;0.83;0.79
564241;No;534;534;92;0.62;1038;0.83;0.79
564318;No;534;534;92;0.62;1024;0.83;0.79
564358;No;534;534;92;0.62;1033;0.83;0.79
564404;No;534;534;92;0.62;1042;0.83;0.79
564447;No;534;534;92;0.62;1052;0.83;0.79
564491;No;534;534;92;0.62;1061;0.83;0.79
564530;No;534;534;92;0.62;1070;0.83;0.79
564611;No;534;534;92;0.62;1080;0.83;0.79
564652;No;534;534;92;0.62;1089;0.83;0.79
564691;No;534;534;92;0.62;1098;0.83;0.79
564735;No;533;534;92;0.62;1117;0.83;0.79
564777;No;533;534;92;0.62;1136;0.83;0.79
564842;No;533;534;92;0.62;1154;0.82;0.79
564912;No;533;534;92;0.62;1173;0.82;0.79
564950;No;533;534;92;0.62;1192;0.82;0.79
564972;No;534;534;92;0.62;1210;0.82;0.79
565016;No;534;534;92;0.62;1229;0.82;0.78
565082;No;534;534;92;0.62;1247;0.82;0.78
565122;No;534;534;92;0.62;1278;0.82;0.78
565160;No;534;534;92;0.62;1310;0.82;0.78
565212;No;534;534;92;0.62;1341;0.83;0.79
565255;No;534;534;92;0.62;1372;0.83;0.79
565294;No;534;534;92;0.62;1403;0.83;0.79
565334;No;534;534;92;0.62;1434;0.84;0.79
565374;No;534;534;92;0.62;1466;0.84;0.79
565423;No;534;534;92;0.62;1497;0.85;0.80
565464;No;534;534;92;0.62;1505;0.85;0.80
565511;No;534;534;92;0.62;1512;0.85;0.80
565551;No;534;534;92;0.62;1520;0.85;0.80
565594;No;534;534;92;0.62;1528;0.85;0.80
565639;No;534;534;92;0.62;1536;0.85;0.81
565678;No;534;534;92;0.62;1544;0.85;0.81
565718;No;534;534;92;0.62;1552;0.85;0.81
565757;No;534;534;92;0.62;1560;0.85;0.81
565815;No;534;534;92;0.62;1567;0.85;0.81
565839;No;534;534;92;0.62;1574;0.85;0.81
565881;No;534;534;92;0.62;1580;0.85;0.81
565923;No;534;534;92;0.62;1587;0.84;0.81
565964;No;534;534;92;0.62;1594;0.84;0.80
566003;No;534;534;92;0.62;1600;0.84;0.80
566019;No;534;534;92;0.62;1607;0.84;0.80
566065;No;534;534;92;0.62;1614;0.83;0.80
566113;No;534;534;92;0.62;1608;0.83;0.79
566157;No;534;534;92;0.62;1601;0.83;0.79
566225;No;534;534;92;0.62;1594;0.83;0.79
566269;No;534;534;92;0.62;1588;0.83;0.79
566312;No;534;534;92;0.62;1582;0.84;0.79
566359;No;534;534;92;0.62;1575;0.84;0.79
566411;No;534;534;92;0.62;1568;0.84;0.79
566450;No;534;534;92;0.62;1562;0.84;0.79
566491;No;534;534;92;0.62;1541;0.84;0.79
566535;No;535;534;92;0.62;1520;0.84;0.79
566575;No;535;535;92;0.62;1498;0.84;0.79
566642;No;535;535;92;0.62;1477;0.84;0.79
566712;No;535;535;92;0.62;1456;0.84;0.79
566751;No;535;535;92;0.62;1434;0.84;0.79
566799;No;535;535;92;0.62;1413;0.84;0.79
566839;No;535;535;92;0.62;1392;0.84;0.79
566878;No;535;535;92;0.62;1363;0.85;0.79
566942;No;535;535;92;0.62;1334;0.84;0.79
567014;No;535;535;92;0.62;1304;0.84;0.79
567055;No;535;535;92;0.62;1275;0.84;0.79
567094;No;535;535;92;0.62;1246;0.84;0.79
567137;No;535;535;92;0.62;1217;0.84;0.79
567178;No;535;535;92;0.62;1188;0.84;0.78
567224;No;535;535;92;0.62;1159;0.84;0.78
567262;No;535;535;92;0.62;1155;0.84;0.78
567311;No;535;535;92;0.62;1151;0.83;0.78
567352;No;535;535;92;0.62;1146;0.83;0.78
567393;No;535;535;92;0.62;1142;0.83;0.78
567432;No;535;535;92;0.62;1138;0.83;0.78
567472;No;535;535;92;0.62;1134;0.83;0.78
567510;No;535;535;92;0.62;1130;0.83;0.78
567550;No;535;535;92;0.62;1126;0.83;0.78
567613;No;535;535;92;0.62;1116;0.83;0.78
567655;No;535;535;92;0.62;1106;0.83;0.78
567694;No;535;535;92;0.62;1096;0.83;0.78
567734;No;535;535;92;0.62;1086;0.83;0.78
567775;No;535;535;92;0.62;1076;0.83;0.78
567841;No;535;535;92;0.62;1066;0.83;0.78
567913;No;535;535;92;0.62;1056;0.82;0.78
567953;No;535;535;92;0.62;1045;0.82;0.78
567993;No;535;535;92;0.62;1047;0.82;0.78
568037;No;535;535;92;0.62;1050;0.82;0.78
568078;No;535;535;92;0.62;1052;0.82;0.78
568118;No;535;535;92;0.62;1054;0.82;0.78
568156;No;535;535;92;0.62;1056;0.82;0.78
568212;No;535;535;92;0.62;1058;0.82;0.78
568252;No;535;535;92;0.62;1060;0.82;0.78
568304;No;535;535;92;0.62;1062;0.82;0.78
568345;No;535;535;92;0.62;1064;0.82;0.78
568358;No;535;535;92;0.62;1067;0.82;0.78
568398;No;535;535;92;0.62;1070;0.82;0.78
568438;No;535;535;92;0.62;1072;0.82;0.78
568513;No;535;535;92;0.62;1075;0.82;0.78
568553;No;535;535;92;0.62;1077;0.82;0.78
568601;No;535;535;92;0.62;1080;0.82;0.78
568640;No;535;535;92;0.62;1082;0.82;0.78
568678;No;535;535;92;0.62;1079;0.82;0.78
568725;No;535;535;92;0.62;1076;0.82;0.78
568766;No;535;535;92;0.62;1073;0.82;0.78
568814;No;535;535;92;0.62;1070;0.82;0.78
568854;No;535;535;92;0.62;1066;0.82;0.78
568893;No;535;535;92;0.62;1063;0.82;0.78
568936;No;535;535;92;0.62;1060;0.82;0.78
568981;No;535;535;92;0.62;1056;0.82;0.78
569020;No;535;535;92;0.62;1058;0.82;0.78
569059;No;535;535;92;0.62;1059;0.82;0.78
569134;No;535;535;92;0.62;1060;0.82;0.78
569180;No;535;535;92;0.62;1061;0.81;0.78
569219;No;535;535;92;0.62;1062;0.81;0.78
569259;No;535;535;92;0.62;1064;0.81;0.78
569300;No;535;535;92;0.62;1065;0.81;0.77
569339;No;535;535;92;0.62;1066;0.81;0.77
569413;No;535;535;92;0.62;1065;0.81;0.77
569453;No;535;535;92;0.62;1063;0.81;0.77
569494;No;535;535;92;0.62;1062;0.81;0.77
569534;No;535;535;92;0.62;1060;0.81;0.77
569581;No;535;535;92;0.62;1058;0.81;0.77
569628;No;535;535;92;0.62;1056;0.81;0.77
569666;No;535;535;92;0.62;1055;0.81;0.77
569712;No;535;535;92;0.62;1053;0.81;0.77
569753;No;535;535;92;0.62;1054;0.81;0.77
569801;No;535;535;92;0.62;1056;0.81;0.77
569846;No;535;535;92;0.62;1057;0.81;0.77
569911;No;535;535;92;0.62;1058;0.81;0.77
569950;No;535;535;92;0.62;1060;0.81;0.77
570013;No;535;535;92;0.62;1061;0.81;0.77
570052;No;535;535;92;0.62;1062;0.81;0.77
570072;No;535;535;92;0.62;1064;0.81;0.77
570112;No;534;535;92;0.62;1062;0.81;0.77
570154;No;534;534;92;0.62;1061;0.81;0.77
570198;No;534;534;92;0.62;1060;0.81;0.77
570239;No;534;534;92;0.62;1058;0.81;0.77
570314;No;534;534;92;0.62;1057;0.81;0.77
570376;No;534;534;92;0.62;1056;0.81;0.77
570399;No;534;534;92;0.62;1054;0.81;0.77
570438;No;534;534;92;0.62;1053;0.81;0.77
570477;No;534;534;92;0.62;1052;0.81;0.77
570519;No;534;534;92;0.62;1051;0.81;0.77
570560;No;534;534;92;0.62;1050;0.81;0.77
570583;No;534;534;92;0.62;1050;0.80;0.77
570625;No;534;534;92;0.62;1049;0.80;0.77
570639;No;534;534;92;0.62;1048;0.80;0.77
570680;No;534;534;92;0.62;1048;0.80;0.77
570699;No;534;534;92;0.62;1047;0.80;0.77
570737;No;534;534;92;0.62;1046;0.80;0.77
570777;No;534;534;93;0.62;1046;0.80;0.77
570841;No;534;534;93;0.62;1046;0.80;0.77
570912;No;534;534;93;0.62;1046;0.80;0.77
570953;No;534;534;93;0.62;1046;0.80;0.77
570993;No;534;534;93;0.62;1045;0.80;0.77
571032;No;534;534;93;0.62;1045;0.80;0.77
571070;No;534;534;93;0.62;1045;0.80;0.77
571141;No;534;534;93;0.62;1043;0.80;0.77
571211;No;534;534;93;0.62;1041;0.80;0.77
571250;No;534;534;93;0.62;1039;0.80;0.77
571288;No;534;534;93;0.62;1037;0.80;0.77
571329;No;534;534;93;0.62;1034;0.80;0.77
571368;No;534;534;93;0.62;1032;0.80;0.77
571407;No;534;534;93;0.62;1030;0.80;0.77
571473;No;534;534;93;0.62;1028;0.80;0.77
571546;No;534;534;93;0.62;1028;0.80;0.77
571590;No;534;534;93;0.62;1026;0.80;0.77
571630;No;534;534;93;0.62;1026;0.80;0.77
571714;No;534;534;93;0.62;1024;0.80;0.77
571752;No;534;534;93;0.62;1024;0.80;0.77
571810;No;534;534;93;0.62;1022;0.80;0.77
571856;No;534;534;93;0.62;1022;0.80;0.76
571922;No;534;534;93;0.62;1020;0.80;0.76
571961;No;534;534;93;0.62;1018;0.80;0.76
572001;No;534;534;93;0.62;1017;0.80;0.76
572042;No;533;534;93;0.62;1015;0.80;0.76
572115;No;533;533;93;0.62;1013;0.79;0.76
572153;No;533;533;93;0.62;1011;0.79;0.76
572194;No;533;533;93;0.62;1009;0.79;0.76
572234;No;533;533;93;0.62;1007;0.79;0.76
572274;No;533;533;93;0.62;1005;0.79;0.76
572293;No;533;533;93;0.62;1002;0.79;0.76
572333;No;533;533;93;0.62;998;0.79;0.76
572372;No;533;533;93;0.62;995;0.79;0.76
572452;No;533;533;93;0.62;992;0.79;0.76
572490;No;533;533;93;0.62;988;0.79;0.76
572541;No;533;533;93;0.62;985;0.79;0.76
572580;No;533;533;93;0.62;982;0.80;0.76
572622;No;533;533;93;0.62;978;0.80;0.76
572665;No;533;533;93;0.62;1006;0.80;0.76
572711;No;533;533;93;0.62;1034;0.80;0.76
572756;No;533;533;93;0.62;1061;0.80;0.76
572821;No;533;533;93;0.62;1089;0.79;0.76
572868;No;533;533;93;0.62;1117;0.79;0.76
572906;No;533;533;93;0.62;1145;0.79;0.76
572968;No;533;533;93;0.62;1172;0.79;0.76
573011;No;533;533;93;0.62;1200;0.79;0.76
573051;No;532;532;93;0.62;1198;0.79;0.76
573094;No;532;532;93;0.62;1194;0.79;0.76
573136;No;532;532;93;0.62;1192;0.79;0.76
573176;No;532;532;93;0.62;1189;0.79;0.76
573192;No;532;532;93;0.62;1186;0.79;0.76
573238;No;532;532;93;0.62;1183;0.79;0.75
573310;No;532;532;93;0.62;1180;0.79;0.75
573358;No;532;532;93;0.62;1177;0.79;0.75
573401;No;532;532;93;0.62;1180;0.79;0.75
573444;No;532;532;93;0.62;1182;0.79;0.74
573459;No;532;532;93;0.62;1185;0.79;0.66
573499;No;532;532;93;0.62;1188;0.79;0.58
573539;No;532;532;93;0.62;1190;0.79;0.50
573612;No;532;532;93;0.62;1193;0.79;0.42
573639;No;532;532;93;0.62;1196;0.79;0.34
573679;No;532;532;93;0.62;1198;0.79;0.26
573718;No;531;532;93;0.62;1196;0.79;0.18
573782;No;531;531;93;0.62;1193;0.72;0.10
573824;No;531;531;93;0.62;1191;0.65;0.09
573868;No;531;531;93;0.62;1188;0.58;0.08
573915;No;531;531;93;0.62;1186;0.51;0.07
573958;No;531;531;93;0.62;1184;0.45;0.05
573998;No;531;531;93;0.62;1181;0.38;0.04
574036;No;531;531;93;0.62;1179;0.31;0.03
574077;No;531;531;93;0.62;1178;0.24;0.02
574142;No;531;531;93;0.62;1178;0.21;0.01
574223;No;531;531;93;0.62;1178;0.18;0.01
574281;No;530;531;93;0.62;1177;0.16;0.01
574323;No;530;530;93;0.62;1176;0.13;0.01
574363;No;530;530;93;0.62;1176;0.10;0.00
574402;No;530;530;93;0.62;1176;0.07;0.00
574419;No;530;530;93;0.62;1175;0.04;0.00
574459;No;530;530;93;0.62;1178;0.02;-0.00
574516;No;530;530;93;0.62;1181;0.01;-0.00
574557;No;530;530;93;0.62;1184;0.01;-0.00
574622;No;530;530;93;0.62;1186;0.01;-0.00
574672;No;530;530;93;0.62;1189;0.01;-0.01
574711;No;530;530;93;0.62;1192;0.01;-0.01
574751;No;530;530;93;0.62;1195;0.00;-0.01
574812;No;529;529;93;0.62;1198;0.00;-0.01
574854;No;529;529;93;0.62;1226;0.00;-0.01
574892;No;529;529;93;0.62;1254;0.00;-0.01
574932;No;529;529;93;0.62;1283;0.01;-0.01
574971;No;529;529;93;0.62;1312;0.01;-0.01
575012;No;529;529;93;0.62;1340;0.01;-0.00
575057;No;529;529;93;0.62;1368;0.01;-0.00
575113;No;528;528;93;0.62;1396;0.02;0.00
575153;No;528;528;93;0.62;1425;0.02;0.00
575192;No;528;528;93;0.62;1446;0.02;0.01
575234;No;528;528;93;0.62;1468;0.05;0.01
575272;No;528;528;93;0.62;1490;0.08;0.02
575313;No;528;528;93;0.62;1511;0.12;0.02
575353;No;528;528;93;0.62;1532;0.15;0.03
575413;No;528;528;93;0.62;1554;0.18;0.03
575459;No;528;527;93;0.62;1576;0.21;0.04
575498;No;527;527;93;0.62;1597;0.24;0.04
575536;No;527;527;93;0.62;1604;0.27;0.04
575577;No;527;527;93;0.62;1612;0.34;0.05
575643;No;527;527;92;0.62;1620;0.40;0.06
575714;No;527;527;92;0.62;1628;0.46;0.06
575754;No;527;526;92;0.62;1635;0.52;0.07
575794;No;526;526;92;0.62;1642;0.58;0.08
575833;No;526;526;92;0.62;1650;0.64;0.09
575860;No;526;526;92;0.62;1658;0.70;0.09
575899;No;526;526;92;0.62;1666;0.76;0.10
575939;No;526;526;92;0.62;1674;0.77;0.11
576014;No;526;526;92;0.62;1682;0.78;0.16
576054;No;526;526;92;0.62;1689;0.79;0.21
576093;No;526;526;92;0.62;1697;0.80;0.27
576132;No;526;526;92;0.62;1705;0.81;0.32
576172;No;526;526;92;0.62;1713;0.82;0.37
576210;No;526;526;92;0.62;1721;0.83;0.43
576257;No;526;526;92;0.62;1723;0.84;0.48
576312;No;525;525;92;0.62;1725;0.84;0.53
576356;No;525;525;92;0.62;1727;0.84;0.55
576421;No;525;525;92;0.62;1730;0.84;0.57
576461;No;525;525;92;0.62;1732;0.84;0.59
576500;No;525;525;92;0.62;1734;0.84;0.61
576538;No;525;525;92;0.62;1736;0.84;0.63
576614;No;525;525;92;0.62;1738;0.84;0.65
576655;No;525;525;92;0.62;1738;0.84;0.67
576700;No;525;525;92;0.62;1737;0.84;0.69
576739;No;525;525;92;0.62;1737;0.84;0.70
576777;No;525;525;92;0.62;1736;0.83;0.70
576818;No;525;525;92;0.62;1736;0.83;0.70
576858;No;525;525;92;0.62;1735;0.83;0.70
576912;No;525;525;92;0.62;1734;0.83;0.70
576951;No;525;525;92;0.62;1734;0.82;0.70
576991;No;525;525;92;0.62;1746;0.82;0.70
577030;No;525;525;92;0.62;1759;0.82;0.70
577075;No;525;525;92;0.62;1771;0.83;0.71
577141;No;525;525;92;0.62;1784;0.83;0.72
577214;No;526;525;92;0.62;1796;0.83;0.72
577254;No;526;526;92;0.62;1808;0.83;0.73
577272;No;526;526;92;0.62;1821;0.84;0.74
577312;No;526;526;92;0.62;1833;0.84;0.75
577351;No;526;526;92;0.62;1843;0.84;0.76
577391;No;526;526;92;0.62;1854;0.83;0.77
577430;No;526;526;91;0.62;1864;0.81;0.73
577513;No;526;526;91;0.62;1874;0.80;0.68
577551;No;526;526;91;0.62;1884;0.79;0.64
577589;No;527;527;91;0.62;1894;0.77;0.60
577629;No;527;527;91;0.62;1904;0.76;0.56
577670;No;527;527;91;0.62;1914;0.75;0.52
577710;No;528;527;91;0.62;1940;0.73;0.48
577749;No;528;528;91;0.62;1967;0.74;0.44
577816;No;528;528;91;0.62;1993;0.74;0.46
577857;No;528;528;91;0.62;2019;0.75;0.48
577903;No;529;528;91;0.62;2045;0.76;0.50
577943;No;529;529;91;0.62;2071;0.76;0.52
577981;No;530;530;91;0.62;2097;0.77;0.54
578022;No;530;530;91;0.62;2123;0.77;0.56
578113;No;531;531;91;0.62;2126;0.78;0.58
578158;No;531;531;91;0.62;2129;0.79;0.61
578198;No;531;532;91;0.62;2132;0.80;0.63
578238;No;532;532;91;0.62;2135;0.81;0.66
578278;No;532;533;91;0.62;2138;0.82;0.68
578318;No;533;534;91;0.62;2140;0.83;0.71
578350;No;534;534;91;0.62;2143;0.84;0.73
578413;No;534;535;91;0.62;2146;0.85;0.76
578452;No;535;535;91;0.62;2147;0.87;0.79
578498;No;536;536;91;0.62;2147;0.86;0.81
578537;No;536;536;91;0.62;2148;0.86;0.81
578581;No;537;537;91;0.62;2148;0.86;0.81
578624;No;538;537;91;0.62;2148;0.86;0.80
578665;No;538;538;91;0.62;2148;0.86;0.80
578713;No;539;539;91;0.62;2149;0.86;0.80
578753;No;539;539;91;0.62;2149;0.86;0.79
578772;No;540;540;91;0.62;2136;0.86;0.79
578811;No;540;541;91;0.62;2123;0.86;0.79
578857;No;541;542;91;0.62;2110;0.86;0.79
578898;No;542;542;91;0.62;2096;0.85;0.79
578936;No;542;543;91;0.62;2083;0.85;0.78
579013;No;543;544;91;0.62;2070;0.85;0.78
579054;No;544;545;91;0.62;2057;0.85;0.78
579093;No;545;545;91;0.62;2044;0.85;0.78
579132;No;545;546;91;0.62;2040;0.85;0.78
579172;No;546;547;91;0.62;2036;0.85;0.78
579192;No;547;548;91;0.62;2032;0.85;0.78
579238;No;548;548;91;0.62;2028;0.85;0.78
579335;No;548;549;91;0.62;2024;0.85;0.77
579375;No;549;550;91;0.62;2020;0.85;0.77
579414;No;549;550;91;0.62;2016;0.85;0.77
579428;No;550;550;91;0.62;2013;0.85;0.77
579468;No;551;551;91;0.62;2012;0.86;0.77
579507;No;551;551;91;0.62;2012;0.85;0.77
579518;No;552;552;91;0.62;2012;0.85;0.76
579558;No;552;552;91;0.62;2012;0.85;0.76
579614;No;553;552;91;0.62;2011;0.85;0.75
579653;No;554;553;91;0.62;2011;0.84;0.75
579692;No;554;554;91;0.62;2010;0.84;0.74
579733;No;555;555;91;0.62;2010;0.84;0.74
579777;No;556;556;91;0.62;2022;0.84;0.73
579818;No;556;556;91;0.62;2034;0.84;0.73
579857;No;557;557;91;0.62;2046;0.84;0.68
579913;No;557;558;91;0.62;2059;0.84;0.62
579958;No;558;559;91;0.62;2071;0.84;0.57
580022;No;559;560;91;0.62;2083;0.84;0.52
580062;No;560;560;91;0.62;2095;0.84;0.47
580100;No;561;561;91;0.62;2107;0.84;0.41
580119;No;562;562;91;0.62;2125;0.84;0.36
580163;No;562;562;91;0.62;2143;0.84;0.31
580213;No;563;563;91;0.62;2160;0.84;0.33
580252;No;564;564;91;0.62;2178;0.85;0.36
580292;No;565;564;91;0.62;2196;0.85;0.38
580331;No;566;565;91;0.62;2214;0.85;0.40
580372;No;566;566;91;0.62;2232;0.85;0.42
580411;No;567;566;91;0.62;2250;0.85;0.45
580451;No;568;567;91;0.62;2244;0.86;0.47
580515;No;568;568;91;0.62;2239;0.85;0.49
580559;No;569;568;91;0.62;2233;0.85;0.53
580616;No;570;569;91;0.62;2228;0.85;0.56
580630;No;570;570;91;0.62;2222;0.85;0.59
580670;No;571;571;91;0.62;2217;0.85;0.62
580711;No;572;572;91;0.62;2212;0.85;0.66
580752;No;573;573;91;0.62;2206;0.85;0.69
580814;No;573;574;91;0.62;2194;0.85;0.72
580853;No;574;575;91;0.62;2183;0.85;0.75
580901;No;575;576;91;0.62;2171;0.85;0.76
580945;No;575;576;91;0.62;2160;0.86;0.77
580959;No;576;577;91;0.62;2148;0.86;0.78
580998;No;577;578;91;0.62;2136;0.86;0.79
581037;No;578;579;91;0.62;2125;0.86;0.80
581113;No;579;580;91;0.62;2113;0.86;0.81
581152;No;580;581;91;0.62;2118;0.87;0.82
581190;No;581;582;91;0.62;2123;0.86;0.83
581228;No;582;583;91;0.62;2128;0.86;0.83
581269;No;583;584;91;0.62;2132;0.86;0.83
581340;No;584;585;91;0.62;2137;0.86;0.83
581413;No;585;586;91;0.62;2142;0.86;0.83
581458;No;586;587;91;0.62;2147;0.86;0.83
581497;No;587;588;91;0.62;2152;0.86;0.84
581548;No;588;589;91;0.62;2156;0.86;0.84
581611;No;589;590;91;0.62;2162;0.86;0.84
581649;No;590;591;91;0.62;2166;0.86;0.84
581713;No;591;592;91;0.62;2172;0.86;0.84
581753;No;592;593;91;0.62;2176;0.86;0.84
581774;No;593;593;91;0.62;2182;0.86;0.84
581816;No;594;594;91;0.62;2186;0.86;0.84
581897;No;595;595;91;0.62;2192;0.86;0.84
581936;No;596;596;91;0.62;2191;0.86;0.84
582012;No;597;596;91;0.62;2190;0.85;0.84
582058;No;598;597;91;0.62;2190;0.85;0.83
582097;No;599;598;91;0.62;2189;0.85;0.83
582138;No;600;599;91;0.62;2188;0.85;0.82
582180;No;601;600;91;0.62;2188;0.85;0.82
582219;No;602;601;91;0.62;2187;0.85;0.81
582265;No;603;602;91;0.62;2187;0.85;0.81
582313;No;604;603;91;0.62;2195;0.85;0.80
582351;No;605;604;91;0.62;2203;0.84;0.80
582422;No;606;605;91;0.62;2211;0.84;0.79
582462;No;607;606;91;0.62;2219;0.84;0.79
582508;No;607;607;91;0.62;2227;0.84;0.78
582574;No;608;607;91;0.62;2235;0.84;0.78
582647;No;609;608;91;0.62;2243;0.84;0.77
582687;No;610;609;91;0.62;2251;0.84;0.77
582699;No;610;610;91;0.62;2252;0.84;0.76
582744;No;611;610;91;0.62;2254;0.84;0.76
582759;No;612;611;91;0.62;2256;0.84;0.76
582804;No;612;612;91;0.62;2258;0.84;0.76
582821;No;613;612;91;0.62;2259;0.84;0.77
582863;No;614;614;91;0.62;2261;0.84;0.77
582913;No;615;614;91;0.62;2262;0.84;0.77
582954;No;616;616;91;0.62;2264;0.84;0.78
582992;No;616;616;91;0.62;2260;0.84;0.78
583031;No;617;617;91;0.62;2255;0.84;0.78
583071;No;618;618;91;0.62;2250;0.84;0.78
583091;No;618;619;91;0.62;2246;0.84;0.78
583138;No;620;620;91;0.62;2241;0.84;0.78
583214;No;620;621;91;0.62;2237;0.84;0.78
583252;No;621;622;91;0.62;2232;0.84;0.77
583291;No;622;623;91;0.62;2228;0.84;0.77
583335;No;623;623;91;0.62;2223;0.84;0.77
583375;No;624;624;91;0.62;2218;0.84;0.77
583420;No;625;625;91;0.62;2213;0.84;0.77
583460;No;626;626;91;0.62;2208;0.84;0.77
583514;No;627;626;91;0.62;2203;0.84;0.76
583540;No;628;627;91;0.62;2198;0.84;0.76
583579;No;628;628;91;0.62;2193;0.84;0.76
583620;No;629;628;91;0.62;2188;0.84;0.76
583659;No;630;629;91;0.62;2182;0.84;0.76
583700;No;631;630;91;0.62;2177;0.84;0.76
583720;No;631;631;91;0.62;2172;0.84;0.76
583763;No;632;631;91;0.62;2166;0.84;0.77
583813;No;633;632;91;0.62;2161;0.85;0.77
583853;No;633;633;91;0.62;2156;0.85;0.78
583898;No;634;634;91;0.62;2150;0.85;0.78
583943;No;635;635;91;0.62;2145;0.85;0.79
583982;No;635;636;91;0.62;2146;0.85;0.79
584021;No;636;637;91;0.62;2146;0.85;0.80
584061;No;637;638;91;0.62;2146;0.85;0.79
584113;No;638;638;91;0.62;2147;0.84;0.79
584158;No;638;639;91;0.62;2147;0.84;0.79
584221;No;639;640;91;0.62;2148;0.84;0.79
584261;No;640;641;91;0.62;2148;0.84;0.79
584305;No;641;641;91;0.62;2148;0.83;0.78
584319;No;642;642;91;0.62;2148;0.83;0.78
584362;No;643;643;91;0.62;2148;0.83;0.78
584412;No;644;643;91;0.62;2148;0.83;0.78
584456;No;645;644;91;0.62;2149;0.83;0.78
584521;No;645;645;91;0.62;2149;0.83;0.78
584561;No;646;645;91;0.62;2149;0.83;0.79
584605;No;647;646;91;0.62;2149;0.83;0.79
584619;No;647;647;91;0.62;2149;0.83;0.79
584664;No;648;647;91;0.62;2147;0.84;0.79
584712;No;649;648;92;0.62;2145;0.84;0.79
584752;No;649;649;92;0.62;2143;0.84;0.79
584795;No;650;649;92;0.62;2141;0.84;0.80
584836;No;650;650;92;0.62;2139;0.84;0.80
584873;No;651;651;92;0.62;2138;0.84;0.80
584913;No;652;651;92;0.62;2136;0.84;0.80
584951;No;652;652;92;0.62;2134;0.84;0.80
585013;No;653;653;92;0.62;2119;0.84;0.80
585057;No;653;653;92;0.62;2104;0.83;0.81
585098;No;654;654;92;0.62;2090;0.83;0.80
585138;No;654;654;92;0.62;2076;0.83;0.80
585178;No;655;655;92;0.62;2061;0.83;0.80
585224;No;655;655;92;0.62;2046;0.83;0.80
585262;No;655;656;92;0.62;2032;0.83;0.79
585312;No;656;656;92;0.62;2018;0.82;0.79
585353;No;656;656;92;0.62;1993;0.82;0.79
585392;No;656;656;92;0.62;1969;0.82;0.79
585433;No;656;656;92;0.62;1944;0.83;0.79
585472;No;657;656;92;0.62;1920;0.83;0.79
585512;No;657;657;92;0.62;1896;0.83;0.79
585550;No;657;657;92;0.62;1872;0.83;0.79
585612;No;657;657;92;0.62;1847;0.84;0.79
585653;No;657;657;92;0.62;1823;0.84;0.79
585692;No;658;657;92;0.62;1803;0.84;0.79
585736;No;658;658;92;0.62;1783;0.84;0.79
585775;No;658;658;92;0.62;1764;0.84;0.79
585840;No;658;658;92;0.62;1744;0.84;0.79
585917;No;658;658;92;0.62;1724;0.84;0.79
585959;No;658;658;92;0.62;1704;0.84;0.79
585998;No;658;658;92;0.62;1684;0.84;0.79
586043;No;658;658;92;0.62;1664;0.84;0.79
586060;No;658;658;92;0.62;1646;0.84;0.79
586101;No;659;659;92;0.62;1628;0.83;0.79
586139;No;659;659;92;0.62;1610;0.83;0.79
586215;No;659;659;92;0.62;1592;0.83;0.79
586254;No;659;659;92;0.62;1573;0.83;0.78
586293;No;659;659;92;0.62;1555;0.83;0.78
586333;No;659;659;92;0.62;1537;0.83;0.78
586371;No;659;659;92;0.62;1518;0.82;0.78
586441;No;659;660;92;0.62;1512;0.82;0.78
586515;No;660;660;93;0.62;1505;0.82;0.78
586554;No;660;660;93;0.62;1498;0.83;0.78
586594;No;660;660;93;0.62;1491;0.83;0.79
586634;No;660;660;93;0.62;1484;0.83;0.79
586673;No;660;660;93;0.62;1478;0.83;0.80
586714;No;660;660;93;0.62;1471;0.84;0.80
586754;No;660;660;93;0.62;1464;0.84;0.81
586814;No;660;660;93;0.62;1456;0.84;0.82
586861;No;660;660;93;0.62;1448;0.84;0.82
586902;No;660;660;93;0.62;1440;0.84;0.82
586941;No;660;661;93;0.62;1432;0.84;0.82
586982;No;661;661;93;0.62;1424;0.84;0.82
587019;No;661;661;93;0.62;1416;0.83;0.82
587058;No;661;661;93;0.62;1408;0.83;0.82
587113;No;661;661;93;0.62;1400;0.83;0.82
587154;No;661;661;93;0.62;1402;0.83;0.82
587172;No;661;661;93;0.62;1403;0.83;0.82
587211;No;661;661;93;0.62;1404;0.83;0.82
587252;No;661;661;93;0.62;1405;0.82;0.81
587290;No;661;661;93;0.62;1406;0.82;0.81
587330;No;662;661;93;0.62;1408;0.82;0.81
587413;No;662;662;93;0.62;1408;0.82;0.80
587452;No;662;662;93;0.62;1410;0.81;0.80
587492;No;662;662;93;0.62;1406;0.81;0.80
587530;No;662;662;93;0.62;1402;0.81;0.79
587572;No;662;662;93;0.62;1398;0.81;0.79
587592;No;662;662;93;0.62;1393;0.81;0.79
587632;No;662;662;93;0.62;1389;0.81;0.79
587671;No;662;662;93;0.62;1385;0.81;0.79
587744;No;662;662;93;0.62;1381;0.81;0.79
587790;No;662;662;93;0.62;1377;0.81;0.79
587833;No;662;662;93;0.62;1432;0.81;0.79
587873;No;662;662;93;0.62;1486;0.80;0.79
587911;No;663;662;93;0.62;1541;0.80;0.78
587952;No;663;663;93;0.62;1596;0.80;0.78
588013;No;663;663;93;0.62;1651;0.80;0.77
588056;No;663;663;93;0.62;1706;0.79;0.77
588120;No;663;663;93;0.62;1760;0.79;0.77
588160;No;663;663;93;0.62;1815;0.79;0.76
588205;No;663;663;93;0.62;1828;0.79;0.76
588219;No;664;663;93;0.62;1842;0.79;0.75
588265;No;664;664;93;0.62;1855;0.80;0.76
588336;No;664;664;93;0.62;1868;0.80;0.76
588377;No;664;664;93;0.62;1881;0.80;0.76
588398;No;664;664;93;0.62;1894;0.81;0.76
588439;No;664;664;93;0.62;1908;0.81;0.77
588458;No;664;664;93;0.62;1921;0.82;0.77
588498;No;664;665;93;0.62;1924;0.82;0.77
588519;No;665;665;93;0.62;1926;0.82;0.77
588559;No;665;665;93;0.62;1929;0.82;0.77
588612;No;665;665;93;0.62;1932;0.82;0.78
588657;No;665;665;93;0.62;1934;0.82;0.78
588697;No;665;666;93;0.62;1937;0.82;0.78
588736;No;666;666;93;0.62;1940;0.81;0.78
588778;No;666;666;93;0.62;1942;0.81;0.78
588842;No;666;666;93;0.62;1952;0.81;0.79
588914;No;667;666;94;0.62;1963;0.81;0.79
588952;No;667;667;94;0.62;1973;0.81;0.78
588995;No;667;667;94;0.62;1984;0.81;0.78
589034;No;668;667;94;0.62;1994;0.81;0.78
589073;No;668;668;94;0.62;2004;0.81;0.78
589118;No;668;668;94;0.62;2014;0.80;0.77
589159;No;669;669;94;0.62;2025;0.80;0.77
589213;No;669;669;94;0.62;2037;0.80;0.77
589252;No;669;670;94;0.62;2048;0.80;0.76
589294;No;670;670;94;0.62;2060;0.80;0.72
589333;No;670;671;94;0.62;2072;0.80;0.68
589374;No;671;671;94;0.62;2084;0.80;0.63
589412;No;671;672;94;0.62;2096;0.80;0.59
589452;No;672;672;94;0.62;2108;0.80;0.55
589512;No;672;673;94;0.62;2120;0.80;0.50
589578;No;673;673;94;0.62;2094;0.80;0.46
589621;No;674;674;94;0.62;2067;0.81;0.42
589663;No;674;674;94;0.62;2040;0.81;0.46
589705;No;675;674;94;0.62;2014;0.81;0.50
589720;No;675;675;94;0.62;1987;0.82;0.55
589761;No;675;675;94;0.62;1961;0.82;0.59
589813;No;675;675;94;0.62;1934;0.82;0.64
589852;No;676;675;94;0.62;1908;0.83;0.68
589921;No;676;676;94;0.62;1907;0.83;0.72
589960;No;676;676;94;0.62;1906;0.83;0.77
589999;No;676;676;94;0.62;1905;0.83;0.77
590020;No;676;676;94;0.62;1904;0.83;0.77
590060;No;676;676;94;0.62;1903;0.83;0.77
590113;No;676;677;94;0.62;1902;0.83;0.77
590153;No;677;677;94;0.62;1902;0.83;0.77
590192;No;677;677;94;0.62;1901;0.83;0.77
590231;No;677;677;94;0.62;1904;0.83;0.77
590276;No;677;678;94;0.62;1908;0.83;0.77
590341;No;678;678;94;0.62;1912;0.83;0.78
590413;No;678;678;94;0.62;1916;0.83;0.79
590452;No;678;678;94;0.62;1920;0.83;0.79
590521;No;678;678;94;0.62;1924;0.83;0.80
590562;No;678;679;94;0.62;1927;0.83;0.81
590600;No;679;679;94;0.62;1931;0.83;0.82
590639;No;679;679;94;0.62;1936;0.83;0.82
590714;No;679;680;94;0.62;1940;0.82;0.83
590758;No;679;680;94;0.62;1945;0.82;0.83
590798;No;680;680;94;0.62;1950;0.82;0.83
590855;No;680;680;94;0.62;1955;0.81;0.82
590895;No;680;680;94;0.62;1960;0.81;0.82
590918;No;680;681;94;0.62;1964;0.80;0.82
590957;No;681;681;94;0.62;1969;0.80;0.81
591012;No;681;681;94;0.62;1974;0.80;0.81
591051;No;681;682;94;0.62;1979;0.80;0.81
591090;No;681;682;94;0.62;1984;0.80;0.80
591136;No;682;682;94;0.62;1989;0.79;0.80
591175;No;682;682;94;0.62;1994;0.79;0.80
591240;No;682;683;94;0.62;1999;0.79;0.79
591312;No;683;683;94;0.62;2004;0.79;0.79
591354;No;683;683;94;0.62;2009;0.79;0.79
591420;No;684;684;94;0.62;1996;0.79;0.78
591458;No;684;684;94;0.62;1984;0.79;0.78
591499;No;685;685;94;0.62;1971;0.80;0.78
591537;No;685;685;94;0.62;1958;0.80;0.78
591585;No;685;685;94;0.62;1945;0.80;0.78
591627;No;686;685;94;0.62;1933;0.80;0.78
591694;No;686;686;94;0.62;1920;0.81;0.78
591735;No;686;686;94;0.62;1907;0.81;0.78
591775;No;686;686;94;0.62;1857;0.81;0.78
591839;No;686;686;94;0.62;1807;0.81;0.78
591915;No;686;686;94;0.62;1757;0.81;0.78
591956;No;686;686;94;0.62;1706;0.81;0.78
592023;No;686;686;94;0.62;1656;0.80;0.77
592071;No;686;686;94;0.62;1606;0.80;0.77
592110;No;687;686;94;0.62;1556;0.80;0.77
592214;No;687;687;94;0.62;1506;0.80;0.77
592252;No;687;687;94;0.62;1499;0.80;0.77
592293;No;687;687;94;0.62;1492;0.80;0.77
592332;No;687;687;94;0.62;1486;0.79;0.77
592371;No;687;687;94;0.62;1480;0.79;0.77
592439;No;687;687;94;0.62;1473;0.79;0.77
592511;No;687;687;94;0.62;1466;0.79;0.77
592557;No;687;687;94;0.62;1460;0.79;0.76
592622;No;687;687;94;0.62;1453;0.79;0.76
592661;No;687;687;94;0.62;1439;0.79;0.76
592701;No;687;687;95;0.62;1424;0.79;0.76
592741;No;687;687;95;0.62;1410;0.79;0.76
592814;No;687;687;95;0.62;1396;0.79;0.76
592853;No;687;687;95;0.62;1382;0.79;0.76
592893;No;687;687;95;0.62;1367;0.78;0.77
592932;No;687;687;95;0.62;1353;0.78;0.77
592978;No;687;687;95;0.62;1338;0.78;0.77
593042;No;687;687;95;0.62;1336;0.78;0.77
593113;No;687;687;95;0.62;1333;0.78;0.77
593155;No;687;687;95;0.62;1330;0.78;0.77
593222;No;687;687;95;0.62;1327;0.78;0.77
593264;No;687;687;95;0.62;1324;0.78;0.77
593302;No;687;687;95;0.62;1321;0.78;0.77
593341;No;687;687;95;0.62;1318;0.78;0.76
593425;No;687;687;95;0.62;1315;0.78;0.76
593490;No;687;687;95;0.62;1310;0.78;0.76
593530;No;687;687;95;0.62;1306;0.78;0.76
593568;No;687;687;95;0.62;1301;0.78;0.76
593608;No;687;687;95;0.62;1296;0.78;0.76
593649;No;687;687;95;0.62;1292;0.78;0.76
593712;No;687;687;95;0.62;1287;0.78;0.76
593752;No;687;687;95;0.62;1282;0.78;0.76
593793;No;687;687;95;0.62;1277;0.78;0.76
593831;No;687;687;95;0.62;1271;0.78;0.76
593878;No;687;687;95;0.62;1265;0.78;0.76
593917;No;687;687;95;0.62;1259;0.78;0.76
593957;No;687;687;95;0.62;1253;0.78;0.76
594013;No;687;687;95;0.62;1247;0.78;0.76
594056;No;687;687;95;0.62;1240;0.78;0.76
594099;No;687;687;95;0.62;1234;0.78;0.76
594139;No;687;687;95;0.62;1228;0.78;0.76
594178;No;687;687;95;0.62;1224;0.78;0.76
594218;No;687;687;96;0.62;1221;0.78;0.76
594262;No;687;687;96;0.62;1217;0.78;0.76
594313;No;687;687;96;0.62;1214;0.78;0.76
594353;No;687;687;96;0.62;1210;0.78;0.76
594392;No;687;687;96;0.62;1206;0.78;0.76
594432;No;687;687;96;0.62;1202;0.78;0.76
594473;No;687;687;96;0.62;1198;0.78;0.76
594512;No;687;687;96;0.62;1195;0.78;0.76
594553;No;687;687;96;0.62;1192;0.78;0.76
594615;No;686;687;96;0.62;1189;0.78;0.76
594660;No;686;686;96;0.62;1186;0.78;0.76
594720;No;686;686;96;0.62;1182;0.78;0.76
594765;No;686;686;96;0.62;1180;0.78;0.76
594809;No;686;686;96;0.62;1176;0.78;0.76
594856;No;686;686;96;0.62;1173;0.78;0.76
594914;No;686;686;96;0.62;1190;0.78;0.76
594952;No;686;686;96;0.62;1206;0.78;0.76
594973;No;686;686;96;0.62;1222;0.78;0.76
595014;No;686;686;96;0.62;1239;0.78;0.76
595052;No;686;686;96;0.62;1256;0.78;0.76
595094;No;686;686;96;0.62;1272;0.77;0.76
595134;No;686;686;96;0.62;1289;0.77;0.76
595214;No;686;686;96;0.62;1305;0.77;0.76
595258;No;686;686;96;0.62;1343;0.77;0.76
595299;No;686;686;96;0.62;1381;0.78;0.76
595337;No;686;686;96;0.62;1418;0.79;0.76
595377;No;686;686;96;0.62;1456;0.79;0.76
595420;No;686;686;96;0.62;1494;0.80;0.76
595458;No;686;686;96;0.62;1532;0.81;0.77
595514;No;686;686;96;0.62;1569;0.81;0.77
595553;No;686;686;96;0.62;1607;0.82;0.77
595619;No;686;686;96;0.62;1582;0.83;0.77
595669;No;686;686;96;0.62;1557;0.83;0.77
595709;No;686;686;96;0.62;1532;0.82;0.78
595749;No;686;686;96;0.62;1506;0.82;0.78
595816;No;686;686;96;0.62;1482;0.82;0.78
595856;No;686;686;96;0.62;1456;0.82;0.78
595909;No;686;686;96;0.62;1431;0.82;0.79
595949;No;686;686;96;0.62;1406;0.82;0.79
596008;No;686;686;96;0.62;1430;0.82;0.79
596073;No;686;686;96;0.62;1453;0.82;0.79
596151;No;686;686;96;0.62;1477;0.82;0.79
596171;No;686;686;96;0.62;1500;0.81;0.79
596210;No;686;686;96;0.62;1524;0.81;0.79
596249;No;686;686;96;0.62;1547;0.81;0.79
596314;No;686;686;96;0.62;1570;0.81;0.79
596353;No;686;686;96;0.62;1594;0.81;0.79
596416;No;686;686;96;0.62;1600;0.81;0.79
596456;No;686;686;96;0.62;1605;0.81;0.79
596520;No;685;686;96;0.62;1610;0.81;0.79
596567;No;685;685;96;0.62;1616;0.81;0.79
596605;No;685;685;96;0.62;1621;0.80;0.78
596619;No;685;685;96;0.62;1627;0.80;0.78
596657;No;685;685;96;0.62;1632;0.80;0.78
596715;No;685;685;96;0.62;1638;0.80;0.78
596757;No;685;685;96;0.62;1619;0.80;0.78
596822;No;685;685;96;0.62;1600;0.80;0.78
596862;No;685;685;96;0.62;1582;0.80;0.78
596901;No;685;685;96;0.62;1563;0.80;0.78
596939;No;685;685;96;0.62;1544;0.80;0.78
597017;No;685;685;96;0.62;1526;0.80;0.78
597057;No;685;685;96;0.62;1507;0.80;0.77
597123;No;685;685;96;0.62;1488;0.80;0.77
597169;No;685;685;96;0.62;1463;0.80;0.77
597208;No;685;685;96;0.62;1438;0.80;0.77
597255;No;685;685;96;0.62;1412;0.80;0.77
597314;No;685;685;96;0.62;1387;0.80;0.77
597355;No;685;685;96;0.62;1361;0.80;0.77
597420;No;685;685;96;0.62;1336;0.80;0.77
597461;No;685;685;96;0.62;1310;0.80;0.77
597505;No;685;685;96;0.61;1285;0.80;0.77
597521;No;685;685;96;0.61;1278;0.80;0.77
597572;No;685;685;96;0.61;1270;0.80;0.77
597647;No;685;685;96;0.61;1263;0.80;0.77
597686;No;685;685;96;0.61;1256;0.79;0.77
597699;No;685;685;96;0.61;1248;0.79;0.77
597740;No;685;685;96;0.61;1241;0.79;0.77
597781;No;685;685;96;0.61;1234;0.79;0.77
597822;No;685;685;96;0.61;1226;0.79;0.77
597860;No;685;685;96;0.61;1216;0.79;0.77
597913;No;685;685;96;0.61;1207;0.79;0.77
597959;No;685;685;96;0.61;1197;0.79;0.77
597999;No;684;685;96;0.61;1188;0.79;0.77
598038;No;684;684;96;0.61;1178;0.79;0.77
598077;No;684;684;96;0.61;1168;0.79;0.77
598143;No;684;684;96;0.61;1159;0.79;0.77
598216;No;684;684;96;0.61;1149;0.79;0.77
598255;No;684;684;96;0.61;1138;0.79;0.77
598320;No;684;684;96;0.61;1128;0.79;0.77
598359;No;684;684;96;0.61;1118;0.79;0.77
598405;No;684;684;96;0.61;1107;0.79;0.77
598452;No;684;684;96;0.61;1097;0.79;0.77
598538;No;684;684;96;0.61;1086;0.78;0.77
598576;No;684;684;96;0.62;1076;0.78;0.77
598616;No;684;684;96;0.62;1065;0.78;0.77
598680;No;684;684;96;0.62;1062;0.78;0.77
598721;No;684;684;96;0.62;1059;0.78;0.77
598760;No;684;684;96;0.62;1056;0.78;0.77
598815;No;684;684;96;0.62;1052;0.78;0.77
598860;No;684;684;96;0.62;1049;0.78;0.77
598899;No;684;684;96;0.62;1046;0.78;0.77
598938;No;684;684;96;0.62;1043;0.78;0.77
598978;No;684;684;96;0.62;1040;0.78;0.77
599019;No;684;684;96;0.62;1044;0.78;0.77
599057;No;683;683;96;0.62;1049;0.78;0.77
599117;No;683;683;96;0.62;1054;0.78;0.77
599156;No;683;683;96;0.62;1059;0.78;0.77
599222;No;683;683;96;0.62;1064;0.78;0.77
599267;No;683;683;96;0.62;1069;0.78;0.77
599305;No;683;683;96;0.62;1074;0.78;0.77
599320;No;683;683;96;0.62;1079;0.78;0.77
599359;No;683;683;96;0.62;1075;0.78;0.77
599415;No;683;683;96;0.62;1072;0.78;0.77
599454;No;683;683;96;0.62;1068;0.78;0.77
599519;No;683;683;96;0.62;1065;0.78;0.77
599558;No;683;683;96;0.62;1061;0.78;0.77
599599;No;683;683;96;0.62;1058;0.78;0.77
599620;No;683;683;96;0.62;1054;0.78;0.76
599660;No;683;683;96;0.62;1050;0.78;0.76
599716;No;683;683;96;0.62;1053;0.78;0.76
599757;No;683;683;96;0.62;1056;0.78;0.76
599815;No;683;683;96;0.62;1058;0.78;0.76
599882;No;683;683;96;0.62;1061;0.78;0.76
599920;No;683;683;96;0.62;1063;0.78;0.76
599958;No;682;682;96;0.62;1066;0.78;0.76
600017;No;682;682;96;0.62;1068;0.78;0.76
600061;No;682;682;96;0.62;1071;0.78;0.76
600101;No;682;682;96;0.62;1069;0.78;0.76
600141;No;682;682;96;0.62;1068;0.78;0.76
600179;No;682;682;96;0.62;1066;0.78;0.76
600218;No;682;682;96;0.62;1064;0.78;0.76
600258;No;682;682;96;0.62;1063;0.78;0.76
600317;No;682;682;96;0.62;1061;0.78;0.76
600356;No;682;682;96;0.62;1060;0.78;0.76
600423;No;682;682;96;0.62;1058;0.78;0.76
600469;No;682;682;96;0.62;1060;0.78;0.76
600507;No;682;682;96;0.62;1062;0.78;0.76
600549;No;682;682;96;0.62;1064;0.78;0.76
600616;No;682;682;96;0.62;1066;0.78;0.76
600657;No;682;682;96;0.62;1068;0.78;0.76
600720;No;682;682;96;0.62;1070;0.78;0.76
600760;No;682;682;96;0.62;1072;0.78;0.76
600800;No;682;682;96;0.62;1074;0.78;0.76
600841;No;681;681;96;0.62;1072;0.78;0.76
600921;No;681;681;96;0.62;1071;0.78;0.76
600962;No;681;681;96;0.62;1070;0.78;0.76
601002;No;681;681;96;0.62;1069;0.78;0.76
601041;No;681;681;96;0.62;1068;0.78;0.76
601096;No;681;681;96;0.62;1067;0.77;0.76
601135;No;681;681;96;0.62;1066;0.77;0.76
601214;No;681;681;96;0.62;1065;0.77;0.76
601254;No;681;681;96;0.62;1068;0.77;0.76
601292;No;681;681;96;0.62;1071;0.77;0.76
601339;No;681;681;96;0.62;1074;0.77;0.76
601378;No;681;681;96;0.62;1077;0.77;0.76
601443;No;681;680;96;0.62;1080;0.77;0.76
601514;No;680;680;96;0.62;1083;0.77;0.76
601556;No;680;680;96;0.62;1086;0.77;0.76
601620;No;680;680;96;0.62;1089;0.77;0.76
601660;No;680;680;96;0.62;1096;0.77;0.76
601699;No;680;680;96;0.62;1102;0.77;0.76
601737;No;680;680;96;0.62;1109;0.77;0.76
601817;No;680;680;96;0.62;1116;0.77;0.76
601856;No;680;680;96;0.62;1122;0.77;0.76
601921;No;680;680;96;0.62;1129;0.77;0.76
601959;No;680;679;96;0.62;1135;0.77;0.76
601999;No;679;679;96;0.62;1142;0.77;0.76
602039;No;679;679;96;0.62;1139;0.77;0.76
602078;No;679;679;96;0.62;1136;0.77;0.76
602148;No;679;679;96;0.62;1134;0.77;0.76
602187;No;679;679;96;0.62;1131;0.77;0.76
602231;No;678;679;96;0.62;1129;0.78;0.76
602271;No;678;678;96;0.62;1126;0.78;0.76
602312;No;678;678;96;0.62;1124;0.78;0.76
602351;No;678;678;96;0.62;1121;0.78;0.76
602418;No;678;678;96;0.62;1115;0.78;0.76
602456;No;678;678;96;0.62;1108;0.78;0.76
602522;No;678;678;96;0.62;1102;0.78;0.76
602561;No;678;678;96;0.62;1096;0.78;0.76
602600;No;678;678;96;0.62;1090;0.79;0.76
602620;No;678;678;96;0.62;1084;0.79;0.76
602658;No;677;678;96;0.62;1078;0.79;0.76
602715;No;677;677;96;0.62;1072;0.79;0.76
602754;No;677;677;96;0.62;1078;0.79;0.76
602800;No;677;677;96;0.62;1083;0.79;0.76
602838;No;677;677;96;0.62;1088;0.79;0.76
602860;No;677;677;96;0.62;1094;0.79;0.76
602900;No;677;677;96;0.62;1100;0.79;0.76
602941;No;677;677;96;0.62;1105;0.79;0.76
603013;No;677;677;96;0.62;1111;0.79;0.75
603054;No;676;677;96;0.62;1116;0.79;0.75
603071;No;676;676;96;0.62;1131;0.79;0.75
603110;No;676;676;96;0.62;1146;0.79;0.75
603182;No;676;676;96;0.62;1161;0.79;0.75
603221;No;676;676;96;0.62;1176;0.79;0.75
603260;No;676;676;96;0.62;1190;0.79;0.75
603280;No;676;676;96;0.62;1205;0.79;0.75
603349;No;676;676;96;0.62;1220;0.79;0.75
603390;No;676;676;96;0.62;1235;0.79;0.75
603432;No;675;675;96;0.62;1237;0.79;0.75
603472;No;675;675;96;0.62;1240;0.79;0.75
603492;No;675;675;96;0.62;1242;0.79;0.75
603537;No;675;675;96;0.62;1244;0.79;0.75
603614;No;675;675;96;0.62;1247;0.80;0.75
603655;No;675;675;96;0.62;1249;0.80;0.75
603719;No;675;675;96;0.62;1252;0.80;0.75
603764;No;674;675;96;0.62;1254;0.80;0.75
603802;No;674;674;96;0.62;1247;0.81;0.75
603843;No;674;674;96;0.62;1240;0.81;0.75
603915;No;674;674;96;0.62;1233;0.81;0.75
603956;No;674;674;96;0.62;1226;0.81;0.75
604008;No;674;674;96;0.62;1219;0.81;0.75
604046;No;674;674;96;0.62;1212;0.81;0.75
604061;No;674;674;96;0.62;1205;0.81;0.75
604100;No;674;674;96;0.62;1198;0.81;0.75
604141;No;673;673;96;0.62;1200;0.81;0.75
604216;No;673;673;96;0.62;1202;0.81;0.75
604255;No;673;673;96;0.62;1203;0.81;0.75
604318;No;673;673;96;0.62;1205;0.81;0.75
604358;No;673;673;96;0.62;1207;0.81;0.75
604404;No;673;672;96;0.62;1208;0.81;0.75
604417;No;673;672;96;0.62;1210;0.81;0.75
604456;No;673;672;96;0.62;1212;0.81;0.74
604513;No;672;672;96;0.62;1237;0.81;0.74
604560;No;672;672;96;0.62;1262;0.81;0.74
604599;No;672;672;96;0.62;1288;0.82;0.74
604639;No;672;672;96;0.62;1313;0.82;0.74
604677;No;672;672;96;0.62;1338;0.82;0.74
604718;No;672;672;96;0.62;1363;0.83;0.74
604758;No;672;672;96;0.62;1388;0.83;0.73
604814;No;672;672;96;0.62;1413;0.84;0.73
604853;No;672;671;96;0.62;1413;0.84;0.73
604892;No;671;671;96;0.62;1413;0.84;0.73
604938;No;671;671;96;0.62;1413;0.84;0.73
604977;No;671;671;96;0.62;1413;0.84;0.73
605042;No;671;671;96;0.62;1413;0.84;0.74
605115;No;671;671;96;0.62;1413;0.84;0.74
605156;No;671;671;96;0.62;1413;0.84;0.74
605220;No;671;670;96;0.62;1413;0.84;0.74
605258;No;670;670;96;0.62;1412;0.85;0.75
605298;No;670;670;96;0.62;1411;0.84;0.75
605337;No;670;670;96;0.62;1410;0.84;0.75
605414;No;670;670;96;0.62;1409;0.84;0.75
605452;No;670;670;96;0.62;1408;0.84;0.75
605493;No;670;670;96;0.62;1407;0.84;0.75
605531;No;670;670;96;0.62;1406;0.83;0.75
605573;No;670;670;96;0.62;1405;0.83;0.76
605611;No;670;670;96;0.62;1399;0.83;0.76
605650;No;669;670;96;0.62;1394;0.83;0.76
605716;No;669;669;95;0.62;1388;0.83;0.76
605755;No;669;669;95;0.62;1383;0.83;0.76
605806;No;669;669;95;0.62;1377;0.83;0.75
605845;No;669;669;95;0.62;1372;0.83;0.75
605859;No;669;669;95;0.62;1366;0.82;0.75
605897;No;669;669;95;0.62;1360;0.82;0.75
605921;No;669;669;95;0.62;1343;0.82;0.75
605960;No;669;669;95;0.62;1326;0.82;0.75
606014;No;669;669;95;0.62;1308;0.82;0.75
606053;No;669;669;95;0.62;1291;0.82;0.75
606092;No;668;669;95;0.62;1274;0.82;0.75
606138;No;668;668;95;0.62;1256;0.82;0.75
606177;No;668;668;95;0.62;1239;0.82;0.75
606242;No;668;668;95;0.62;1222;0.82;0.75
606316;No;668;668;95;0.62;1215;0.82;0.75
606358;No;668;668;95;0.62;1208;0.82;0.75
606423;No;668;668;95;0.62;1201;0.82;0.75
606466;No;668;668;95;0.62;1194;0.82;0.75
606505;No;668;668;95;0.62;1188;0.82;0.74
606520;No;668;668;95;0.62;1181;0.82;0.74
606561;No;668;668;95;0.62;1174;0.82;0.74
606614;No;668;668;95;0.62;1167;0.82;0.74
606652;No;667;668;95;0.62;1171;0.82;0.74
606691;No;667;667;95;0.62;1175;0.82;0.74
606736;No;667;667;95;0.62;1178;0.82;0.74
606775;No;667;667;95;0.62;1182;0.82;0.74
606819;No;667;667;95;0.62;1186;0.82;0.74
606857;No;667;667;95;0.62;1190;0.82;0.74
606914;No;667;667;95;0.62;1194;0.82;0.74
606953;No;667;667;95;0.62;1198;0.82;0.74
606991;No;667;667;95;0.62;1192;0.82;0.74
607035;No;667;667;95;0.62;1187;0.82;0.74
607073;No;667;667;95;0.62;1182;0.82;0.74
607120;No;667;666;95;0.62;1177;0.81;0.73
607160;No;666;666;95;0.62;1172;0.81;0.72
607213;No;666;666;95;0.62;1167;0.81;0.71
607258;No;666;666;95;0.62;1162;0.81;0.71
607298;No;666;666;95;0.62;1157;0.80;0.70
607339;No;666;666;95;0.62;1158;0.80;0.69
607377;No;666;666;95;0.62;1158;0.80;0.68
607442;No;666;666;95;0.62;1159;0.80;0.69
607525;No;666;666;95;0.62;1160;0.80;0.69
607580;No;666;666;95;0.62;1160;0.80;0.70
607619;No;666;666;95;0.62;1161;0.80;0.70
607659;No;666;666;95;0.62;1162;0.79;0.71
607698;No;666;665;95;0.62;1163;0.79;0.71
607741;No;665;665;95;0.62;1161;0.79;0.72
607817;No;665;665;95;0.62;1160;0.79;0.72
607857;No;665;665;95;0.62;1158;0.79;0.72
607921;No;665;665;95;0.62;1156;0.79;0.73
607961;No;665;665;95;0.62;1155;0.79;0.73
608011;No;665;665;95;0.62;1153;0.79;0.73
608052;No;665;665;95;0.62;1152;0.79;0.73
608118;No;665;665;95;0.62;1150;0.79;0.73
608156;No;665;665;95;0.62;1150;0.79;0.73
608222;No;665;665;95;0.62;1149;0.79;0.73
608265;No;665;665;95;0.62;1149;0.79;0.73
608305;No;664;665;95;0.62;1149;0.79;0.73
608320;No;664;664;95;0.62;1148;0.79;0.73
608362;No;664;664;95;0.62;1148;0.79;0.73
608422;No;664;664;95;0.62;1148;0.79;0.73
608463;No;664;664;95;0.62;1148;0.79;0.73
608501;No;664;664;95;0.62;1181;0.79;0.73
608542;No;664;664;95;0.62;1215;0.79;0.73
608612;No;664;664;95;0.62;1248;0.79;0.73
608651;No;664;664;95;0.62;1282;0.79;0.73
608717;No;664;664;95;0.62;1315;0.79;0.73
608775;No;663;664;95;0.62;1348;0.79;0.73
608815;No;663;663;95;0.62;1382;0.79;0.73
608830;No;663;663;95;0.62;1415;0.79;0.73
608868;No;663;663;95;0.62;1431;0.79;0.73
608908;No;663;663;95;0.62;1446;0.79;0.73
608974;No;663;663;95;0.62;1462;0.80;0.74
609053;No;663;663;95;0.62;1478;0.80;0.74
609093;No;663;663;95;0.62;1494;0.81;0.75
609131;No;663;663;95;0.62;1509;0.81;0.75
609171;No;663;663;95;0.62;1525;0.82;0.76
609211;No;663;663;95;0.62;1540;0.82;0.76
609249;No;663;663;95;0.62;1526;0.83;0.77
609315;No;662;663;95;0.62;1512;0.83;0.77
609356;No;662;662;95;0.62;1497;0.82;0.77
609371;No;662;662;95;0.62;1483;0.82;0.77
609420;No;662;662;95;0.62;1468;0.82;0.77
609463;No;662;662;95;0.62;1454;0.82;0.78
609502;No;662;662;95;0.62;1440;0.82;0.78
609540;No;662;662;95;0.62;1425;0.82;0.78
609614;No;662;662;95;0.62;1404;0.82;0.78
609653;No;662;662;95;0.62;1384;0.82;0.78
609691;No;662;662;95;0.62;1363;0.81;0.78
609730;No;662;662;95;0.62;1342;0.81;0.78
609770;No;662;662;95;0.62;1321;0.81;0.77
609842;No;662;662;95;0.62;1300;0.81;0.77
609914;No;662;662;95;0.62;1280;0.81;0.77
609952;No;662;662;95;0.62;1259;0.81;0.77
609991;No;662;662;95;0.62;1254;0.81;0.77
610032;No;662;661;95;0.62;1250;0.81;0.77
610090;No;662;661;95;0.62;1245;0.81;0.77
610129;No;661;661;95;0.62;1241;0.81;0.77
610167;No;661;661;95;0.62;1236;0.81;0.77
610214;No;661;661;95;0.62;1232;0.81;0.77
610258;No;661;661;95;0.62;1227;0.81;0.76
610299;No;661;661;95;0.62;1222;0.82;0.76
610340;No;661;661;95;0.62;1217;0.82;0.76
610378;No;661;661;95;0.62;1212;0.82;0.76
610425;No;661;661;95;0.62;1206;0.82;0.76
610468;No;661;661;95;0.62;1200;0.82;0.76
610514;No;661;661;95;0.62;1195;0.82;0.76
610552;No;661;661;95;0.62;1189;0.82;0.76
610572;No;661;661;95;0.62;1184;0.82;0.76
610612;No;661;661;95;0.62;1178;0.82;0.76
610631;No;660;661;95;0.62;1188;0.82;0.76
610670;No;660;660;95;0.62;1197;0.82;0.76
610709;No;660;660;95;0.62;1206;0.82;0.76
610754;No;660;660;95;0.62;1216;0.82;0.76
610816;No;660;660;95;0.62;1226;0.82;0.76
610841;No;660;660;95;0.62;1235;0.82;0.76
610879;No;660;660;95;0.62;1244;0.82;0.76
610919;No;660;660;95;0.62;1254;0.82;0.76
610964;No;660;660;95;0.62;1248;0.82;0.76
611002;No;660;660;95;0.62;1242;0.82;0.76
611021;No;660;660;95;0.62;1235;0.83;0.76
611060;No;660;660;95;0.62;1229;0.83;0.76
611114;No;660;660;95;0.62;1223;0.83;0.76
611154;No;660;660;95;0.62;1217;0.84;0.76
611192;No;660;660;95;0.62;1211;0.84;0.76
611238;No;660;660;95;0.62;1204;0.84;0.77
611279;No;660;660;95;0.62;1205;0.85;0.77
611335;No;660;660;95;0.62;1206;0.84;0.77
611351;No;660;660;95;0.62;1206;0.84;0.76
611414;No;660;659;95;0.62;1207;0.83;0.76
611458;No;659;659;95;0.62;1207;0.83;0.75
611503;No;659;659;95;0.62;1208;0.82;0.74
611545;No;659;659;95;0.62;1208;0.82;0.74
611560;No;659;659;95;0.62;1209;0.82;0.73
611600;No;659;659;95;0.62;1213;0.81;0.72
611620;No;659;659;95;0.62;1218;0.81;0.72
611658;No;659;659;94;0.62;1222;0.81;0.72
611714;No;659;659;94;0.62;1226;0.81;0.72
611752;No;659;659;94;0.62;1230;0.81;0.73
611793;No;659;659;94;0.62;1235;0.81;0.73
611844;No;659;659;94;0.62;1239;0.80;0.73
611860;No;659;659;94;0.62;1244;0.80;0.73
611899;No;659;659;94;0.62;1243;0.80;0.74
611938;No;659;659;94;0.62;1242;0.80;0.74
612017;No;658;658;94;0.62;1241;0.80;0.74
612058;No;658;658;94;0.62;1240;0.80;0.74
612102;No;658;658;94;0.62;1240;0.80;0.74
612142;No;658;658;94;0.62;1239;0.80;0.74
612183;No;658;658;94;0.62;1238;0.80;0.74
612221;No;658;658;94;0.62;1238;0.80;0.74
612261;No;658;658;94;0.62;1238;0.80;0.74
612316;No;658;658;94;0.62;1238;0.79;0.74
612356;No;658;658;94;0.62;1238;0.79;0.74
612402;No;658;658;94;0.62;1239;0.79;0.74
612442;No;658;658;94;0.62;1239;0.79;0.74
612461;No;658;658;94;0.62;1239;0.78;0.74
612500;No;658;658;94;0.62;1240;0.78;0.74
612545;No;658;658;94;0.62;1240;0.78;0.74
612584;No;658;658;94;0.62;1239;0.77;0.73
612618;No;658;658;94;0.62;1238;0.77;0.73
612661;No;658;658;94;0.62;1238;0.77;0.73
612702;No;658;658;94;0.62;1237;0.77;0.73
612746;No;658;658;94;0.62;1236;0.78;0.74
612812;No;658;658;94;0.62;1236;0.78;0.74
612852;No;658;657;94;0.62;1235;0.78;0.74
612914;No;657;657;94;0.62;1234;0.78;0.74
612956;No;657;657;94;0.62;1234;0.78;0.74
612972;No;657;657;94;0.62;1234;0.78;0.74
613011;No;657;657;94;0.62;1233;0.78;0.74
613053;No;657;657;94;0.62;1233;0.78;0.74
613094;No;657;657;94;0.62;1232;0.78;0.74
613139;No;657;657;94;0.62;1232;0.78;0.74
613215;No;657;657;94;0.62;1232;0.78;0.74
613255;No;657;657;94;0.62;1232;0.78;0.74
613269;No;657;657;94;0.62;1233;0.78;0.74
613311;No;657;657;94;0.62;1234;0.78;0.74
613351;No;657;657;94;0.62;1236;0.78;0.74
613389;No;657;657;94;0.62;1237;0.78;0.74
613434;No;657;657;94;0.62;1238;0.78;0.74
613450;No;657;657;94;0.62;1240;0.77;0.74
613513;No;657;657;94;0.62;1241;0.77;0.74
613553;No;657;657;94;0.62;1242;0.77;0.74
613591;No;657;657;94;0.62;1242;0.77;0.74
613630;No;657;657;94;0.62;1243;0.78;0.74
613672;No;657;657;94;0.62;1244;0.78;0.74
613711;No;657;657;94;0.62;1244;0.78;0.74
613752;No;657;657;94;0.62;1244;0.78;0.74
613816;No;657;657;94;0.62;1245;0.79;0.74
613859;No;657;657;94;0.62;1245;0.79;0.74
613901;No;657;657;94;0.62;1246;0.79;0.74
613946;No;657;657;94;0.62;1246;0.79;0.74
613960;No;656;656;94;0.62;1247;0.79;0.74
614001;No;656;656;94;0.62;1248;0.80;0.74
614072;No;656;656;94;0.62;1248;0.80;0.75
614152;No;656;656;94;0.62;1249;0.80;0.75
614191;No;656;656;94;0.62;1249;0.80;0.76
614231;No;656;656;94;0.62;1250;0.81;0.76
614276;No;656;656;94;0.62;1250;0.81;0.76
614339;No;656;656;94;0.62;1251;0.81;0.77
614414;No;656;656;94;0.62;1252;0.81;0.77
614452;No;656;656;94;0.62;1252;0.81;0.77
614493;No;656;656;94;0.62;1253;0.81;0.77
614543;No;656;656;94;0.62;1253;0.81;0.77
614586;No;656;656;94;0.62;1254;0.81;0.77
614630;No;656;656;94;0.62;1254;0.81;0.77
614670;No;656;656;94;0.62;1255;0.81;0.77
614714;No;656;656;94;0.62;1259;0.81;0.77
614752;No;656;656;94;0.62;1264;0.81;0.77
614771;No;656;656;94;0.62;1268;0.81;0.77
614815;No;656;656;94;0.62;1273;0.81;0.77
614830;No;656;656;94;0.62;1278;0.81;0.77
614879;No;656;656;94;0.62;1282;0.81;0.77
614922;No;656;656;94;0.62;1287;0.81;0.76
614964;No;656;656;94;0.62;1291;0.81;0.76
614983;No;656;656;94;0.62;1320;0.81;0.76
615048;No;655;655;94;0.62;1348;0.81;0.76
615088;No;655;655;94;0.62;1377;0.81;0.76
615177;No;655;655;94;0.62;1406;0.81;0.76
615241;No;655;655;94;0.62;1434;0.81;0.76
615314;No;655;655;94;0.62;1463;0.81;0.76
615360;No;655;655;94;0.62;1491;0.81;0.76
615401;No;655;655;94;0.62;1520;0.82;0.76
615439;No;655;655;94;0.62;1502;0.82;0.76
615478;No;655;655;94;0.62;1483;0.82;0.76
615521;No;655;655;94;0.62;1465;0.82;0.77
615561;No;655;655;94;0.62;1446;0.82;0.77
615617;No;655;655;94;0.62;1428;0.82;0.78
615660;No;655;655;94;0.62;1410;0.82;0.78
615698;No;655;655;94;0.62;1391;0.82;0.78
615750;No;655;655;94;0.62;1373;0.82;0.79
615789;No;655;655;94;0.62;1378;0.82;0.79
615828;No;655;655;94;0.62;1384;0.82;0.80
615868;No;655;655;94;0.62;1390;0.82;0.80
615918;No;655;655;94;0.62;1395;0.82;0.79
615941;No;654;654;94;0.62;1401;0.81;0.79
615980;No;654;654;94;0.62;1406;0.81;0.79
616019;No;654;654;94;0.62;1412;0.81;0.79
616082;No;654;654;94;0.62;1418;0.81;0.79
616127;No;654;654;94;0.62;1412;0.81;0.79
616172;No;654;654;94;0.62;1406;0.81;0.79
616250;No;654;654;94;0.62;1400;0.81;0.79
616289;No;654;654;94;0.62;1394;0.80;0.79
616329;No;654;654;94;0.62;1388;0.80;0.78
616370;No;654;654;94;0.62;1382;0.80;0.78
616391;No;654;654;94;0.62;1376;0.80;0.78
616430;No;654;654;94;0.62;1370;0.80;0.78
616516;No;654;654;94;0.62;1374;0.80;0.78
616562;No;654;654;94;0.62;1378;0.80;0.78
616601;No;654;654;94;0.62;1382;0.80;0.78
616646;No;654;654;94;0.62;1386;0.80;0.78
616660;No;654;654;94;0.62;1390;0.80;0.78
616701;No;654;654;94;0.62;1394;0.80;0.78
616740;No;654;654;94;0.62;1399;0.80;0.78
616781;No;654;654;94;0.62;1403;0.80;0.78
616854;No;654;653;94;0.62;1405;0.80;0.78
616892;No;653;653;94;0.62;1406;0.80;0.78
616938;No;653;653;94;0.62;1408;0.80;0.78
616978;No;653;653;94;0.62;1410;0.80;0.78
617042;No;653;653;94;0.62;1412;0.80;0.78
617116;No;653;653;94;0.62;1414;0.80;0.78
617157;No;653;653;94;0.62;1416;0.80;0.78
617221;No;653;653;94;0.62;1418;0.80;0.78
617260;No;653;653;94;0.62;1405;0.80;0.78
617298;No;653;653;94;0.62;1393;0.80;0.78
617320;No;653;653;94;0.62;1380;0.80;0.78
617366;No;653;653;94;0.62;1368;0.80;0.78
617380;No;653;653;94;0.62;1356;0.80;0.78
617450;No;653;653;94;0.62;1343;0.80;0.78
617489;No;653;653;94;0.62;1330;0.81;0.78
617532;No;653;653;94;0.62;1318;0.81;0.78
617572;No;653;653;94;0.62;1316;0.81;0.78
617612;No;653;653;94;0.62;1315;0.81;0.78
617650;No;653;653;94;0.62;1313;0.81;0.78
617728;No;652;653;94;0.62;1312;0.81;0.78
617787;No;652;652;94;0.62;1310;0.81;0.78
617854;No;652;652;94;0.62;1308;0.81;0.78
617894;No;652;652;94;0.62;1307;0.81;0.77
617933;No;652;652;94;0.62;1305;0.81;0.77
617972;No;652;652;94;0.62;1307;0.81;0.77
618053;No;652;652;95;0.62;1309;0.81;0.77
618093;No;652;652;95;0.62;1311;0.82;0.77
618133;No;652;652;95;0.62;1313;0.82;0.77
618172;No;652;652;95;0.62;1315;0.82;0.77
618242;No;652;652;95;0.62;1318;0.82;0.77
618318;No;652;652;95;0.62;1320;0.82;0.77
618357;No;652;652;95;0.62;1322;0.82;0.77
618421;No;651;651;95;0.62;1319;0.83;0.77
618469;No;651;651;95;0.62;1316;0.83;0.77
618509;No;651;651;95;0.62;1314;0.83;0.77
618554;No;651;651;95;0.62;1312;0.83;0.77
618618;No;651;651;95;0.62;1309;0.83;0.77
618658;No;651;651;95;0.62;1307;0.83;0.77
618699;No;651;651;95;0.62;1304;0.83;0.77
618739;No;651;650;95;0.62;1302;0.83;0.77
618759;No;650;650;95;0.62;1300;0.83;0.77
618799;No;650;650;95;0.62;1298;0.83;0.77
618838;No;650;650;95;0.62;1297;0.83;0.77
618917;No;650;650;95;0.62;1295;0.82;0.77
618959;No;650;650;95;0.62;1293;0.82;0.77
619016;No;650;650;95;0.62;1292;0.82;0.77
619030;No;650;650;95;0.62;1290;0.82;0.77
619072;No;650;650;95;0.62;1288;0.82;0.77
619110;No;650;650;95;0.62;1289;0.82;0.77
619149;No;650;650;95;0.62;1290;0.82;0.77
619216;No;650;650;95;0.62;1290;0.82;0.77
619255;No;650;650;95;0.62;1291;0.82;0.77
619299;No;650;650;95;0.62;1292;0.82;0.77
619340;No;649;650;95;0.62;1292;0.82;0.77
619379;No;649;649;95;0.62;1293;0.82;0.77
619422;No;649;649;95;0.62;1294;0.82;0.77
619464;No;649;649;95;0.62;1293;0.82;0.77
619480;No;649;649;95;0.62;1292;0.82;0.77
619550;No;649;649;95;0.62;1292;0.82;0.77
619590;No;649;649;95;0.62;1291;0.81;0.77
619631;No;649;649;95;0.62;1290;0.81;0.77
619670;No;649;649;95;0.62;1289;0.81;0.77
619708;No;649;649;95;0.62;1288;0.81;0.77
619749;No;649;649;95;0.62;1288;0.81;0.77
619819;No;649;649;95;0.62;1284;0.81;0.77
619840;No;649;649;95;0.62;1279;0.81;0.77
619878;No;649;649;95;0.62;1275;0.81;0.77
619919;No;649;648;95;0.62;1271;0.81;0.77
619985;No;648;648;95;0.62;1266;0.81;0.77
620025;No;648;648;95;0.62;1262;0.81;0.77
620065;No;648;648;95;0.62;1258;0.81;0.77
620081;No;648;648;95;0.62;1254;0.81;0.77
620150;No;648;648;95;0.62;1255;0.81;0.77
620189;No;648;648;95;0.62;1256;0.81;0.77
620235;No;648;648;95;0.62;1257;0.81;0.77
620295;No;648;648;95;0.62;1258;0.81;0.77
620333;No;648;648;95;0.62;1259;0.81;0.77
620350;No;648;648;95;0.62;1260;0.81;0.77
620416;No;648;648;95;0.62;1262;0.81;0.76
620456;No;648;648;95;0.62;1262;0.81;0.76
620499;No;647;647;95;0.62;1261;0.81;0.76
620537;No;647;647;95;0.62;1260;0.81;0.76
620576;No;647;647;95;0.62;1258;0.81;0.75
620621;No;647;647;95;0.62;1257;0.81;0.74
620662;No;647;647;95;0.62;1255;0.81;0.73
620717;No;647;647;95;0.62;1254;0.81;0.72
620756;No;647;647;95;0.62;1252;0.80;0.71
620770;No;647;647;95;0.62;1251;0.80;0.69
620808;No;646;647;95;0.62;1249;0.80;0.68
620849;No;646;646;95;0.62;1248;0.80;0.67
620889;No;646;646;95;0.62;1246;0.80;0.59
620927;No;646;646;95;0.62;1245;0.80;0.51
620981;No;646;646;95;0.62;1244;0.80;0.43
621050;No;646;646;95;0.62;1242;0.80;0.35
621088;No;646;646;95;0.62;1240;0.79;0.27
621129;No;646;646;95;0.62;1239;0.79;0.19
621181;No;646;646;95;0.62;1238;0.79;0.11
621220;No;646;646;95;0.62;1236;0.70;0.03
621260;No;646;646;95;0.62;1234;0.61;0.02
621317;No;645;645;95;0.62;1233;0.52;0.02
621356;No;645;645;95;0.62;1232;0.43;0.02
621403;No;645;645;95;0.62;1230;0.34;0.01
621443;No;645;645;95;0.62;1228;0.25;0.01
621481;No;645;645;95;0.62;1227;0.16;0.01
621526;No;645;645;95;0.62;1225;0.07;0.00
621575;No;645;645;95;0.62;1224;0.07;0.00
621649;No;645;644;95;0.62;1222;0.06;0.00
621689;No;644;644;95;0.62;1220;0.05;-0.00
621752;No;644;644;95;0.62;1218;0.04;-0.00
621798;No;644;644;95;0.62;1217;0.03;-0.00
621836;No;644;644;95;0.62;1215;0.03;-0.00
621850;No;644;644;95;0.62;1214;0.02;-0.00
621918;No;644;644;95;0.62;1212;0.01;-0.01
621964;No;644;644;95;0.62;1212;0.01;-0.01
622012;No;644;644;95;0.62;1210;0.01;-0.01
622052;No;644;644;95;0.62;1210;0.01;-0.01
622092;No;643;644;95;0.62;1208;0.01;-0.01
622129;No;643;643;95;0.62;1208;0.00;-0.01
622170;No;643;643;95;0.62;1206;0.00;-0.01
622216;No;643;643;95;0.62;1206;0.00;-0.01
622255;No;643;643;95;0.62;1204;0.00;-0.01
622321;No;643;643;95;0.62;1203;0.00;-0.01
622362;No;643;643;95;0.62;1202;0.00;-0.01
622408;No;643;643;95;0.62;1200;0.00;-0.01
622420;No;643;643;95;0.62;1199;-0.00;-0.01
622460;No;643;643;95;0.62;1197;-0.00;-0.01
622517;No;642;643;95;0.62;1196;-0.00;-0.01
622557;No;642;642;95;0.62;1194;-0.00;-0.01
622622;No;642;642;95;0.62;1194;-0.00;-0.01
622667;No;642;642;95;0.62;1194;-0.00;-0.01
622707;No;642;642;95;0.62;1193;-0.00;-0.01
622721;No;642;642;95;0.62;1193;-0.00;-0.01
622765;No;642;642;95;0.62;1192;-0.00;-0.01
622781;No;642;642;95;0.62;1192;-0.01;-0.01
622855;No;642;642;95;0.62;1191;-0.01;-0.01
622870;No;642;642;95;0.62;1191;-0.01;-0.01
622910;No;642;642;95;0.62;1190;-0.01;-0.01
622950;No;642;641;95;0.62;1188;-0.01;-0.01
622989;No;641;641;95;0.62;1188;-0.01;-0.01
623032;No;641;641;95;0.62;1186;-0.01;-0.01
623071;No;641;641;95;0.62;1185;-0.01;-0.01
623151;No;641;641;95;0.62;1184;-0.01;-0.01
623190;No;641;641;95;0.62;1183;-0.01;-0.01
623234;No;641;641;95;0.62;1182;-0.01;-0.01
623274;No;641;641;95;0.62;1181;-0.01;-0.01
623319;No;641;640;95;0.62;1180;-0.01;-0.01
623358;No;640;640;95;0.62;1180;-0.01;-0.01
623415;No;640;640;95;0.62;1179;-0.01;-0.01
623453;No;640;640;95;0.62;1178;-0.01;-0.01
623471;No;640;640;95;0.62;1178;-0.01;-0.01
623510;No;640;640;95;0.62;1177;-0.01;-0.01
623551;No;640;640;95;0.62;1176;-0.01;-0.01
623590;No;640;640;95;0.62;1174;-0.01;-0.01
623630;No;640;640;95;0.62;1173;-0.01;-0.01
623716;No;639;640;95;0.62;1171;-0.01;-0.01
623756;No;639;639;95;0.62;1169;-0.01;-0.01
623770;No;639;639;95;0.62;1168;-0.01;-0.01
623810;No;639;639;95;0.62;1166;-0.01;-0.01
623851;No;639;639;95;0.62;1164;-0.01;-0.01
623892;No;639;639;95;0.62;1162;-0.01;-0.01
623932;No;639;639;95;0.62;1161;-0.01;-0.01
623972;No;639;639;95;0.62;1160;-0.01;-0.01
624016;No;639;639;95;0.62;1159;-0.01;-0.01
624064;No;639;639;95;0.62;1158;-0.01;-0.01
624104;No;638;639;95;0.62;1156;-0.00;-0.01
624135;No;638;638;95;0.62;1155;-0.00;-0.00
624174;No;638;638;95;0.62;1154;-0.00;-0.00
624190;No;638;638;95;0.62;1152;-0.00;-0.00
624229;No;638;638;95;0.62;1151;-0.00;-0.00
624268;No;638;638;95;0.62;1149;-0.00;-0.00
624317;No;638;638;95;0.62;1147;-0.00;-0.00
624356;No;638;638;95;0.62;1145;-0.00;-0.00
624403;No;638;638;95;0.62;1143;-0.00;-0.00
624442;No;638;638;95;0.62;1141;-0.00;-0.00
624483;No;638;638;95;0.62;1140;-0.00;-0.00
624522;No;638;638;95;0.62;1138;-0.00;-0.00
624564;No;637;638;95;0.62;1136;-0.00;-0.00
624580;No;637;637;95;0.62;1135;-0.00;-0.00
624650;No;637;637;95;0.62;1134;-0.00;-0.00
624690;No;637;637;95;0.62;1132;-0.00;-0.00
624730;No;637;637;95;0.62;1131;-0.00;-0.00
624775;No;637;637;95;0.62;1130;-0.00;-0.00
624790;No;637;637;95;0.62;1128;-0.00;-0.00
624832;No;637;637;95;0.62;1127;-0.00;-0.00
624874;No;637;637;95;0.62;1125;-0.00;-0.00
624951;No;637;636;95;0.62;1123;-0.00;-0.00
624990;No;636;636;95;0.62;1121;-0.00;-0.00
625031;No;636;636;95;0.62;1120;-0.00;-0.00
625070;No;636;636;95;0.62;1118;-0.00;-0.00
625112;No;636;636;95;0.62;1116;0.00;-0.00
625157;No;636;636;95;0.62;1114;0.00;-0.00
625216;No;636;636;95;0.62;1112;0.00;-0.00
625255;No;636;636;95;0.62;1113;0.00;-0.00
625270;No;636;636;95;0.62;1114;0.00;-0.00
625311;No;636;636;95;0.62;1115;0.00;-0.00
625350;No;635;636;95;0.62;1116;0.00;-0.00
625389;No;635;635;95;0.62;1116;0.00;-0.00
625449;No;635;635;95;0.62;1117;0.00;-0.00
625516;No;635;635;95;0.62;1118;0.00;0.00
625562;No;635;635;95;0.62;1119;0.00;0.00
625601;No;635;635;95;0.62;1116;0.00;0.00
625641;No;635;635;95;0.62;1113;0.00;0.00
625683;No;635;635;94;0.62;1110;0.00;0.00
625722;No;635;634;94;0.62;1108;0.00;0.00
625763;No;634;634;94;0.62;1104;0.00;0.00
625816;No;634;634;94;0.62;1102;0.00;0.00
625856;No;634;634;94;0.62;1099;0.00;0.00
625869;No;634;634;94;0.62;1096;0.00;0.00
625919;No;634;634;94;0.62;1093;0.00;0.00
625967;No;634;634;94;0.62;1090;0.00;0.00
626009;No;634;634;94;0.62;1088;0.00;0.00
626049;No;634;634;94;0.62;1085;0.00;0.00
626118;No;634;634;94;0.62;1082;0.00;0.00
626157;No;633;634;94;0.62;1079;0.00;0.00
626223;No;633;633;94;0.62;1076;0.00;0.00
626263;No;633;633;94;0.62;1074;0.00;0.00
626303;No;633;633;94;0.62;1070;0.00;0.00
626372;No;633;633;94;0.62;1066;0.00;0.00
626449;No;633;633;94;0.62;1062;0.00;0.00
626491;No;633;633;94;0.62;1058;0.00;0.00
626531;No;632;633;94;0.62;1053;0.00;0.00
626573;No;632;632;94;0.62;1049;0.00;0.00
626612;No;632;632;94;0.62;1045;0.00;0.00
626651;No;632;632;94;0.62;1041;0.00;0.00
626738;No;632;632;94;0.62;1038;0.00;0.00
626777;No;632;632;94;0.62;1034;0.00;0.00
626823;No;632;632;94;0.62;1030;0.00;0.00
626862;No;632;632;94;0.62;1026;0.00;0.00
626900;No;632;632;94;0.62;1022;0.00;0.00
626939;No;631;632;94;0.62;1019;0.00;0.00
626981;No;631;631;94;0.62;1015;0.00;0.00
627050;No;631;631;94;0.62;1011;0.00;0.00
627089;No;631;631;94;0.62;1009;0.01;0.00
627129;No;631;631;94;0.62;1008;0.01;0.01
627169;No;631;631;94;0.62;1006;0.01;0.01
627190;No;631;631;94;0.62;1004;0.01;0.01
627230;No;631;631;94;0.62;1002;0.01;0.01
627270;No;631;631;94;0.62;1000;0.01;0.01
627316;No;630;631;94;0.62;998;0.01;0.01
627358;No;630;630;94;0.62;996;0.01;0.01
627422;No;630;630;94;0.62;1017;0.01;0.01
627461;No;630;630;94;0.62;1038;0.01;0.01
627500;No;630;630;94;0.62;1059;0.01;0.01
627540;No;630;630;94;0.62;1080;0.01;0.01
627617;No;630;630;94;0.62;1101;0.01;0.01
627656;No;630;630;94;0.62;1122;0.01;0.01
627722;No;629;630;94;0.62;1143;0.01;0.01
627760;No;629;629;94;0.62;1164;0.01;0.01
627801;No;629;629;94;0.62;1158;0.01;0.01
627840;No;629;629;94;0.62;1151;0.01;0.01
627878;No;629;629;94;0.62;1144;0.01;0.01
627950;No;629;629;94;0.62;1137;0.01;0.01
628009;No;629;629;94;0.62;1130;0.01;0.01
628030;No;628;629;94;0.62;1124;0.01;0.01
628070;No;628;628;94;0.62;1117;0.01;0.01
628109;No;628;628;94;0.62;1110;0.01;0.01
628173;No;628;628;94;0.62;1106;0.01;0.01
628250;No;628;628;94;0.62;1103;0.01;0.01
628289;No;628;628;94;0.62;1099;0.01;0.01
628329;No;628;628;94;0.62;1096;0.01;0.01
628367;No;628;628;94;0.62;1092;0.01;0.01
628406;No;628;628;94;0.62;1088;0.01;0.01
628451;No;628;628;94;0.62;1085;0.01;0.01
628518;No;628;627;94;0.62;1081;0.01;0.01
628557;No;627;627;94;0.62;1077;0.01;0.01
628622;No;627;627;94;0.62;1073;0.01;0.01
628664;No;627;627;93;0.62;1068;0.01;0.01
628704;No;627;627;93;0.62;1064;0.01;0.01
628720;No;627;627;93;0.62;1060;0.01;0.01
628760;No;627;627;93;0.62;1056;0.01;0.01
628818;No;627;627;93;0.62;1051;0.01;0.01
628840;No;626;627;93;0.62;1047;0.01;0.01
628879;No;626;626;93;0.62;1042;0.01;0.01
628899;No;626;626;93;0.62;1038;0.01;0.01
628939;No;626;626;93;0.62;1033;0.01;0.01
628960;No;626;626;93;0.62;1028;0.01;0.01
628999;No;626;626;93;0.62;1024;0.01;0.01
629038;No;626;626;93;0.62;1019;0.01;0.01
629116;No;626;626;93;0.62;1014;0.01;0.01
629156;No;626;626;93;0.62;1010;0.01;0.01
629172;No;626;626;93;0.62;1007;0.01;0.01
629211;No;626;626;93;0.62;1004;0.01;0.01
629254;No;625;626;93;0.62;1001;0.01;0.01
629298;No;625;625;93;0.62;998;0.01;0.01
629320;No;625;625;93;0.62;996;0.01;0.01
629359;No;625;625;93;0.62;993;0.01;0.01
629417;No;625;625;93;0.62;990;0.01;0.01
629457;No;625;625;93;0.62;987;0.01;0.01
629505;No;625;625;93;0.62;986;0.01;0.01
629544;No;625;625;93;0.62;984;0.01;0.01
629560;No;625;625;93;0.62;983;0.01;0.01
629602;No;625;624;93;0.62;982;0.01;0.01
629642;No;624;624;93;0.62;980;0.01;0.01
629717;No;624;624;93;0.62;979;0.01;0.01
629756;No;624;624;93;0.62;978;0.01;0.01
629770;No;624;624;93;0.62;977;0.01;0.01
629808;No;624;624;93;0.62;976;0.01;0.01
629850;No;624;624;93;0.62;976;0.01;0.01
629894;No;624;624;93;0.62;975;0.01;0.01
629933;No;624;624;93;0.62;974;0.01;0.01
629974;No;624;624;93;0.62;974;0.01;0.01
630049;No;624;623;93;0.62;973;0.01;0.01
630091;No;623;623;93;0.62;972;0.01;0.01
630134;No;623;623;93;0.62;972;0.01;0.01
630173;No;623;623;93;0.62;972;0.01;0.01
630212;No;623;623;93;0.62;972;0.01;0.01
630252;No;623;623;93;0.62;972;0.01;0.01
630316;No;623;623;93;0.62;972;0.01;0.01
630361;No;623;622;93;0.62;972;0.01;0.01
630402;No;622;622;93;0.62;972;0.01;0.01
630442;No;622;622;93;0.62;972;0.01;0.01
630481;No;622;622;93;0.62;972;0.01;0.01
630539;No;622;622;93;0.62;972;0.01;0.01
630581;No;622;622;93;0.62;971;0.01;0.01
630650;No;622;622;93;0.62;970;0.01;0.01
630691;No;622;622;93;0.62;969;0.01;0.01
630730;No;622;622;93;0.62;968;0.01;0.01
630771;No;622;622;93;0.62;968;0.01;0.01
630810;No;621;621;93;0.62;967;0.01;0.01
630850;No;621;621;93;0.62;966;0.01;0.01
630916;No;621;621;93;0.62;965;0.01;0.01
630956;No;621;621;93;0.62;964;0.01;0.01
631000;No;621;621;92;0.62;962;0.01;0.01
631040;No;621;621;92;0.62;961;0.01;0.01
631081;No;621;621;92;0.62;960;0.01;0.01
631121;No;621;620;92;0.62;958;0.01;0.01
631159;No;620;620;92;0.62;957;0.01;0.01
631217;No;620;620;92;0.62;956;0.01;0.01
631257;No;620;620;92;0.62;955;0.01;0.01
631304;No;620;620;92;0.62;954;0.01;0.01
631343;No;620;620;92;0.62;954;0.01;0.01
631384;No;620;620;92;0.62;953;0.01;0.01
631425;No;620;620;92;0.62;953;0.01;0.01
631466;No;620;620;92;0.62;952;0.01;0.01
631479;No;620;620;92;0.62;952;0.01;0.01
631551;No;619;620;92;0.62;951;0.01;0.01
631589;No;619;619;92;0.62;955;0.01;0.01
631628;No;619;619;92;0.62;958;0.01;0.01
631675;No;619;619;92;0.62;962;0.01;0.01
631690;No;619;619;92;0.62;966;0.01;0.01
631729;No;619;619;92;0.62;970;0.01;0.01
631769;No;618;619;92;0.62;974;0.01;0.01
631827;No;618;618;92;0.62;977;0.01;0.01
631873;No;618;618;92;0.62;981;0.01;0.01
631914;No;618;618;92;0.62;997;0.01;0.01
631952;No;618;618;92;0.62;1014;0.01;0.01
631992;No;617;618;92;0.62;1030;0.01;0.01
632037;No;617;617;92;0.62;1046;0.02;0.01
632116;No;617;617;92;0.62;1062;0.02;0.02
632155;No;617;617;92;0.62;1078;0.02;0.02
632169;No;616;616;92;0.62;1095;0.02;0.02
632210;No;616;616;92;0.62;1111;0.02;0.02
632248;No;616;616;92;0.62;1136;0.03;0.02
632289;No;616;615;92;0.62;1160;0.03;0.03
632327;No;615;615;92;0.62;1185;0.03;0.03
632368;No;615;615;92;0.62;1210;0.03;0.03
632449;No;615;614;92;0.62;1235;0.04;0.03
632488;No;614;614;92;0.62;1260;0.04;0.04
632552;No;614;614;92;0.62;1284;0.04;0.04
632591;No;614;614;92;0.62;1309;0.05;0.04
632631;No;614;614;92;0.62;1319;0.05;0.04
632670;No;613;613;92;0.62;1328;0.05;0.04
632715;No;613;613;92;0.62;1338;0.05;0.05
632755;No;613;613;92;0.62;1348;0.06;0.05
632770;No;612;613;92;0.62;1358;0.06;0.05
632815;No;612;612;92;0.62;1367;0.06;0.05
632830;No;612;612;92;0.62;1377;0.06;0.06
632869;No;612;612;92;0.62;1386;0.07;0.06
632908;No;612;612;92;0.62;1390;0.07;0.06
632949;No;611;612;92;0.62;1394;0.07;0.06
633016;No;611;611;92;0.62;1398;0.07;0.07
633055;No;611;611;92;0.62;1402;0.07;0.07
633070;No;611;611;92;0.62;1406;0.07;0.07
633129;No;610;611;92;0.62;1410;0.08;0.07
633174;No;610;610;92;0.62;1414;0.08;0.07
633190;No;610;610;92;0.62;1418;0.08;0.07
633229;No;610;610;92;0.62;1421;0.08;0.07
633267;No;610;610;92;0.62;1425;0.08;0.07
633316;No;610;610;91;0.62;1428;0.09;0.08
633356;No;609;610;91;0.62;1432;0.10;0.08
633421;No;609;609;91;0.62;1436;0.10;0.08
633459;No;609;609;91;0.62;1439;0.11;0.08
633505;No;609;609;91;0.62;1443;0.11;0.08
633551;No;609;609;91;0.62;1446;0.12;0.08
633597;No;608;608;91;0.62;1464;0.12;0.08
633661;No;608;608;91;0.62;1482;0.20;0.08
633703;No;608;608;91;0.62;1500;0.28;0.08
633744;No;608;608;91;0.62;1518;0.36;0.09
633760;No;608;607;91;0.62;1535;0.44;0.09
633798;No;607;607;91;0.62;1553;0.52;0.09
633839;No;607;607;91;0.62;1570;0.60;0.09
633907;No;607;607;91;0.62;1588;0.67;0.09
633952;No;607;607;91;0.62;1590;0.75;0.09
633991;No;606;606;91;0.62;1592;0.76;0.09
634030;No;606;606;91;0.62;1594;0.77;0.09
634068;No;606;606;91;0.62;1596;0.77;0.10
634109;No;606;606;91;0.62;1598;0.78;0.10
634149;No;606;606;91;0.62;1600;0.79;0.10
634205;No;606;606;91;0.62;1602;0.79;0.10
634244;No;605;606;91;0.62;1603;0.80;0.10
634283;No;605;605;91;0.62;1596;0.81;0.10
634328;No;605;605;91;0.62;1588;0.82;0.10
634376;No;605;605;91;0.62;1580;0.82;0.15
634390;No;605;605;91;0.62;1572;0.83;0.20
634429;No;605;605;91;0.62;1565;0.84;0.25
634469;No;604;605;91;0.62;1557;0.85;0.30
634540;No;604;604;91;0.62;1549;0.86;0.34
634582;No;604;604;91;0.62;1542;0.87;0.39
634625;No;604;604;91;0.62;1540;0.88;0.44
634667;No;604;604;91;0.62;1538;0.88;0.49
634692;No;604;604;90;0.62;1536;0.88;0.53
634731;No;604;604;90;0.62;1534;0.88;0.57
634771;No;604;604;90;0.62;1532;0.88;0.60
634841;No;604;603;90;0.62;1530;0.88;0.64
634882;No;603;603;90;0.62;1528;0.89;0.68
634920;No;603;603;90;0.62;1526;0.89;0.72
634960;No;603;603;90;0.62;1538;0.89;0.75
635002;No;603;603;90;0.62;1550;0.89;0.79
635041;No;603;603;90;0.62;1562;0.89;0.80
635104;No;603;603;90;0.62;1574;0.88;0.80
635145;No;603;603;90;0.62;1585;0.88;0.80
635184;No;603;602;90;0.62;1597;0.88;0.81
635223;No;603;602;90;0.62;1609;0.88;0.81
635264;No;602;602;90;0.62;1620;0.88;0.82
635304;No;602;602;90;0.62;1626;0.88;0.82
635320;No;602;602;90;0.62;1630;0.87;0.83
635359;No;602;602;90;0.62;1636;0.87;0.83
635407;No;602;602;90;0.62;1641;0.87;0.83
635455;No;602;602;90;0.62;1646;0.87;0.83
635472;No;602;602;90;0.62;1651;0.87;0.83
635511;No;602;602;90;0.62;1656;0.87;0.83
635532;No;602;602;90;0.62;1661;0.87;0.83
635572;No;602;602;90;0.62;1664;0.87;0.83
635612;No;602;602;90;0.62;1668;0.87;0.83
635655;No;602;602;90;0.62;1671;0.87;0.83
635708;No;602;602;90;0.62;1674;0.87;0.83
635747;No;602;601;90;0.62;1677;0.87;0.83
635793;No;602;601;90;0.62;1681;0.87;0.83
635834;No;601;601;90;0.62;1684;0.87;0.83
635875;No;601;601;90;0.62;1687;0.87;0.83
635890;No;601;601;90;0.62;1697;0.87;0.83
635935;No;601;601;90;0.62;1706;0.86;0.83
635950;No;601;601;90;0.62;1716;0.86;0.83
636006;No;601;601;90;0.62;1725;0.86;0.82
636046;No;601;601;90;0.62;1734;0.86;0.82
636086;No;601;601;90;0.62;1744;0.86;0.82
636100;No;601;601;90;0.62;1753;0.86;0.82
636146;No;601;601;90;0.62;1762;0.86;0.82
636160;No;601;601;90;0.62;1772;0.86;0.82
636198;No;601;601;90;0.62;1782;0.85;0.82
636220;No;601;601;90;0.62;1792;0.85;0.82
636260;No;601;601;90;0.62;1802;0.85;0.81
636308;No;601;601;90;0.62;1812;0.85;0.81
636350;No;601;601;90;0.62;1822;0.85;0.81
636393;No;601;601;90;0.62;1832;0.85;0.81
636433;No;601;601;90;0.62;1841;0.85;0.81
636472;No;601;601;90;0.62;1844;0.85;0.81
636490;No;601;601;90;0.62;1846;0.85;0.81
636529;No;600;601;90;0.62;1848;0.85;0.81
636606;No;600;600;90;0.62;1850;0.85;0.81
636644;No;600;600;90;0.62;1852;0.85;0.81
636685;No;600;600;90;0.62;1854;0.85;0.81
636701;No;600;600;90;0.62;1856;0.85;0.81
636741;No;600;600;90;0.62;1859;0.85;0.81
636779;No;600;600;90;0.62;1836;0.85;0.81
636820;No;600;600;90;0.62;1814;0.85;0.81
636858;No;600;600;90;0.62;1792;0.85;0.81
636909;No;600;600;90;0.62;1769;0.84;0.81
636974;No;600;600;90;0.62;1747;0.84;0.81
637013;No;600;600;90;0.62;1724;0.84;0.80
637053;No;600;600;90;0.62;1702;0.84;0.80
637093;No;600;600;90;0.62;1680;0.83;0.80
637137;No;600;600;90;0.62;1689;0.83;0.80
637209;No;600;600;90;0.62;1698;0.83;0.80
637248;No;600;600;90;0.62;1708;0.84;0.80
637289;No;600;600;90;0.62;1717;0.84;0.81
637299;No;600;600;90;0.62;1726;0.84;0.81
637351;No;600;600;90;0.62;1735;0.85;0.82
637392;No;600;600;90;0.62;1744;0.85;0.82
637432;No;600;600;90;0.62;1754;0.85;0.83
637471;No;600;600;90;0.62;1753;0.86;0.83
637547;No;600;600;90;0.62;1753;0.85;0.84
637588;No;600;600;90;0.62;1753;0.85;0.83
637600;No;600;600;90;0.62;1753;0.85;0.83
637640;No;600;600;90;0.62;1752;0.85;0.83
637680;No;600;600;90;0.62;1752;0.85;0.83
637718;No;600;600;90;0.62;1752;0.84;0.83
637759;No;600;600;90;0.62;1752;0.84;0.83
637808;No;600;600;90;0.62;1725;0.84;0.82
637846;No;601;600;90;0.62;1698;0.84;0.82
637891;No;601;601;90;0.62;1672;0.84;0.82
637929;No;601;601;90;0.62;1645;0.83;0.82
637970;No;601;601;90;0.62;1618;0.83;0.82
638011;No;601;601;90;0.62;1592;0.83;0.81
638052;No;601;601;90;0.62;1565;0.83;0.81
638107;No;601;601;90;0.62;1538;0.82;0.81
638147;No;601;601;90;0.62;1560;0.82;0.81
638188;No;601;601;90;0.62;1582;0.83;0.81
638247;No;601;601;90;0.62;1604;0.83;0.81
638294;No;601;601;90;0.62;1625;0.83;0.82
638332;No;601;601;90;0.62;1647;0.84;0.82
638371;No;601;601;90;0.62;1668;0.84;0.82
638442;No;601;601;90;0.62;1690;0.85;0.83
638482;No;601;601;90;0.62;1712;0.85;0.83
638499;No;601;601;90;0.62;1722;0.86;0.84
638540;No;601;601;90;0.62;1731;0.85;0.84
638579;No;601;601;90;0.62;1741;0.85;0.84
638620;No;601;601;90;0.62;1750;0.85;0.83
638665;No;601;601;90;0.62;1760;0.84;0.83
638741;No;601;601;90;0.62;1770;0.84;0.83
638780;No;601;602;90;0.62;1780;0.84;0.83
638818;No;602;602;90;0.62;1789;0.83;0.82
638860;No;602;602;90;0.62;1793;0.83;0.82
638898;No;602;602;90;0.62;1796;0.83;0.82
638938;No;602;602;90;0.62;1800;0.83;0.81
639010;No;602;602;90;0.62;1803;0.83;0.81
639049;No;602;602;90;0.62;1806;0.82;0.81
639069;No;602;602;90;0.62;1810;0.82;0.81
639109;No;602;602;90;0.62;1814;0.82;0.80
639148;No;602;602;90;0.62;1817;0.82;0.80
639160;No;602;602;90;0.62;1824;0.82;0.80
639208;No;602;602;90;0.62;1831;0.82;0.80
639249;No;602;602;90;0.62;1838;0.82;0.80
639312;No;602;603;90;0.62;1846;0.82;0.80
639352;No;603;603;90;0.62;1853;0.82;0.79
639370;No;603;603;90;0.62;1860;0.82;0.79
639414;No;603;603;90;0.62;1867;0.82;0.79
639430;No;603;603;90;0.62;1874;0.82;0.79
639469;No;603;603;90;0.62;1872;0.82;0.79
639527;No;603;603;90;0.62;1870;0.82;0.79
639608;No;604;604;90;0.62;1867;0.82;0.79
639653;No;604;604;90;0.62;1865;0.81;0.78
639692;No;604;604;90;0.62;1863;0.81;0.78
639736;No;604;604;90;0.62;1860;0.81;0.78
639776;No;604;604;90;0.62;1858;0.80;0.77
639841;No;604;604;90;0.62;1856;0.80;0.77
639907;No;604;604;90;0.62;1851;0.80;0.76
639946;No;604;605;90;0.62;1846;0.80;0.76
639985;No;605;605;90;0.62;1841;0.80;0.76
640029;No;605;605;90;0.62;1836;0.80;0.76
640071;No;605;605;90;0.62;1831;0.80;0.76
640091;No;605;605;90;0.62;1826;0.81;0.76
640130;No;605;605;90;0.62;1821;0.81;0.76
640172;No;605;605;90;0.62;1816;0.81;0.77
640241;No;605;606;90;0.62;1807;0.81;0.77
640280;No;605;606;90;0.62;1798;0.81;0.77
640301;No;606;606;90;0.62;1789;0.81;0.77
640341;No;606;606;90;0.62;1780;0.82;0.77
640360;No;606;606;90;0.62;1770;0.82;0.77
640399;No;606;606;90;0.62;1762;0.82;0.78
640437;No;606;606;90;0.62;1752;0.82;0.78
640508;No;606;606;90;0.62;1743;0.82;0.78
640549;No;606;606;90;0.62;1748;0.82;0.78
640591;No;606;606;90;0.62;1752;0.82;0.78
640634;No;606;606;90;0.62;1756;0.82;0.78
640672;No;606;606;90;0.62;1761;0.82;0.78
640690;No;607;606;90;0.62;1766;0.81;0.78
640737;No;607;607;90;0.62;1770;0.81;0.78
640750;No;607;607;90;0.62;1774;0.81;0.78
640820;No;607;607;90;0.62;1779;0.81;0.78
640861;No;607;607;90;0.62;1788;0.81;0.78
640905;No;607;607;90;0.62;1797;0.81;0.78
640946;No;607;607;90;0.62;1806;0.81;0.78
640960;No;607;607;90;0.62;1815;0.81;0.78
640999;No;607;607;90;0.62;1824;0.81;0.78
641021;No;608;607;90;0.62;1833;0.81;0.79
641070;No;608;608;90;0.62;1842;0.81;0.79
641141;No;608;608;90;0.62;1852;0.82;0.79
641181;No;608;608;90;0.62;1858;0.82;0.79
641222;No;608;608;90;0.62;1864;0.82;0.79
641262;No;608;608;90;0.62;1871;0.82;0.79
641306;No;608;608;90;0.62;1878;0.81;0.79
641320;No;609;608;90;0.62;1884;0.81;0.79
641358;No;609;609;90;0.62;1890;0.81;0.79
641407;No;609;609;90;0.62;1897;0.81;0.79
641455;No;609;609;90;0.62;1903;0.81;0.79
641471;No;610;609;90;0.62;1895;0.81;0.78
641510;No;610;610;90;0.62;1886;0.81;0.78
641549;No;610;610;90;0.62;1878;0.81;0.78
641561;No;610;610;90;0.62;1869;0.81;0.77
641600;No;610;610;90;0.62;1860;0.81;0.77
641620;No;610;610;90;0.62;1852;0.81;0.77
641661;No;610;610;90;0.62;1843;0.80;0.76
641708;No;610;610;90;0.62;1834;0.80;0.76
641756;No;610;611;90;0.62;1833;0.80;0.75
641770;No;611;611;90;0.62;1831;0.80;0.75
641813;No;611;611;90;0.62;1830;0.81;0.75
641831;No;611;611;90;0.62;1828;0.81;0.75
641873;No;611;611;90;0.62;1827;0.81;0.76
641912;No;611;611;90;0.62;1826;0.81;0.76
641951;No;611;611;90;0.62;1824;0.82;0.76
642009;No;611;611;90;0.62;1822;0.82;0.77
642055;No;612;612;90;0.62;1822;0.82;0.77
642100;No;612;612;90;0.62;1822;0.82;0.77
642140;No;612;612;90;0.62;1822;0.82;0.78
642180;No;612;612;90;0.62;1822;0.82;0.78
642226;No;612;612;90;0.62;1822;0.82;0.78
642268;No;612;612;90;0.62;1822;0.82;0.79
642341;No;612;612;90;0.62;1822;0.82;0.79
642380;No;613;613;90;0.62;1822;0.82;0.79
642418;No;613;613;90;0.62;1822;0.82;0.79
642462;No;613;613;90;0.62;1823;0.82;0.80
642507;No;613;613;90;0.62;1823;0.82;0.79
642519;No;613;613;90;0.62;1824;0.82;0.79
642559;No;613;614;90;0.62;1824;0.82;0.79
642608;No;613;614;90;0.62;1824;0.82;0.79
642654;No;614;614;90;0.62;1825;0.81;0.79
642671;No;614;614;90;0.62;1825;0.81;0.79
642711;No;614;614;90;0.62;1829;0.81;0.78
642749;No;614;614;90;0.62;1833;0.81;0.78
642790;No;614;614;90;0.62;1837;0.81;0.78
642830;No;614;614;90;0.62;1842;0.81;0.78
642870;No;614;614;90;0.62;1846;0.81;0.78
642941;No;614;615;90;0.62;1850;0.81;0.79
642980;No;615;615;90;0.62;1854;0.82;0.79
643001;No;615;615;90;0.62;1858;0.82;0.79
643040;No;615;615;90;0.62;1853;0.82;0.79
643078;No;615;615;90;0.62;1848;0.82;0.79
643090;No;615;616;90;0.62;1842;0.82;0.79
643131;No;616;616;90;0.62;1838;0.81;0.79
643170;No;616;616;90;0.62;1832;0.81;0.79
643244;No;616;616;90;0.62;1828;0.81;0.79
643282;No;616;616;90;0.62;1822;0.81;0.78
643335;No;616;616;90;0.62;1817;0.81;0.78
643381;No;616;617;90;0.62;1803;0.81;0.78
643420;No;617;617;90;0.62;1789;0.81;0.78
643459;No;617;617;90;0.62;1774;0.81;0.78
643516;No;617;617;90;0.62;1760;0.81;0.78
643556;No;617;617;90;0.62;1746;0.80;0.78
643571;No;617;617;90;0.62;1732;0.80;0.78
643609;No;617;617;90;0.62;1717;0.80;0.78
643650;No;618;618;90;0.62;1703;0.80;0.78
643692;No;618;618;90;0.62;1700;0.80;0.77
643742;No;618;618;90;0.62;1698;0.80;0.77
643812;No;618;618;90;0.62;1695;0.80;0.77
643852;No;618;618;90;0.62;1693;0.80;0.77
643893;No;618;618;90;0.62;1690;0.80;0.77
643932;No;618;618;90;0.62;1688;0.80;0.77
643971;No;618;618;90;0.62;1685;0.80;0.77
644011;No;618;618;90;0.62;1682;0.80;0.77
644050;No;618;618;90;0.62;1675;0.80;0.77
644107;No;618;618;91;0.62;1668;0.80;0.77
644156;No;619;618;91;0.62;1661;0.80;0.77
644171;No;619;619;91;0.62;1654;0.80;0.77
644211;No;619;619;91;0.62;1647;0.80;0.77
644250;No;619;619;91;0.62;1640;0.80;0.77
644292;No;619;619;91;0.62;1632;0.80;0.77
644330;No;619;619;91;0.62;1626;0.80;0.77
644370;No;619;619;91;0.62;1619;0.80;0.77
644442;No;619;619;91;0.62;1612;0.80;0.77
644486;No;619;619;91;0.62;1605;0.80;0.77
644530;No;619;620;91;0.62;1598;0.81;0.77
644570;No;620;620;91;0.62;1592;0.81;0.77
644615;No;620;620;91;0.62;1585;0.81;0.77
644657;No;620;620;91;0.62;1578;0.81;0.77
644709;No;620;620;91;0.62;1571;0.81;0.77
644747;No;620;620;91;0.62;1580;0.81;0.77
644786;No;620;620;91;0.62;1588;0.81;0.77
644800;No;620;620;91;0.62;1596;0.82;0.77
644841;No;620;620;91;0.62;1605;0.82;0.78
644860;No;620;620;91;0.62;1614;0.82;0.79
644899;No;620;620;91;0.62;1622;0.83;0.79
644937;No;620;621;91;0.62;1630;0.83;0.80
644951;No;620;621;91;0.62;1639;0.83;0.80
645008;No;621;621;91;0.62;1649;0.84;0.81
645053;No;621;621;91;0.62;1659;0.83;0.82
645093;No;621;621;91;0.62;1669;0.83;0.81
645131;No;621;621;91;0.62;1679;0.83;0.81
645171;No;621;621;91;0.62;1689;0.83;0.81
645210;No;621;621;91;0.62;1699;0.82;0.80
645253;No;621;621;91;0.62;1709;0.82;0.80
645308;No;622;622;91;0.62;1719;0.82;0.79
645347;No;622;622;91;0.62;1720;0.82;0.79
645393;No;622;622;91;0.62;1720;0.81;0.79
645431;No;622;622;91;0.62;1720;0.81;0.79
645475;No;622;622;91;0.62;1721;0.81;0.79
645491;No;622;622;91;0.62;1721;0.81;0.78
645531;No;622;622;91;0.62;1722;0.81;0.78
645570;No;622;622;91;0.62;1722;0.81;0.78
645642;No;622;622;91;0.62;1723;0.80;0.78
645690;No;623;623;91;0.62;1718;0.80;0.78
645730;No;623;623;91;0.62;1712;0.80;0.78
645774;No;623;623;91;0.62;1707;0.80;0.78
645814;No;623;623;91;0.62;1702;0.80;0.78
645852;No;623;623;91;0.62;1697;0.80;0.77
645929;No;623;623;91;0.62;1692;0.80;0.77
645968;No;623;624;91;0.62;1687;0.80;0.77
646007;No;624;624;91;0.62;1682;0.80;0.77
646053;No;624;624;91;0.62;1696;0.80;0.77
646092;No;624;624;91;0.62;1710;0.80;0.77
646138;No;624;624;91;0.62;1724;0.80;0.77
646209;No;624;624;91;0.62;1739;0.80;0.77
646251;No;624;624;91;0.62;1753;0.80;0.76
646290;No;624;624;91;0.62;1768;0.80;0.76
646328;No;625;625;91;0.62;1782;0.80;0.76
646375;No;625;625;91;0.62;1796;0.80;0.76
646390;No;625;625;91;0.62;1800;0.80;0.76
646430;No;625;625;91;0.62;1803;0.80;0.76
646469;No;625;625;91;0.62;1806;0.80;0.76
646542;No;625;625;91;0.62;1810;0.80;0.76
646584;No;626;625;91;0.62;1813;0.80;0.76
646601;No;626;626;91;0.62;1816;0.80;0.76
646640;No;626;626;91;0.62;1820;0.80;0.76
646678;No;626;626;91;0.62;1823;0.80;0.76
646724;No;626;626;91;0.62;1812;0.80;0.76
646763;No;626;626;91;0.62;1800;0.80;0.76
646808;No;626;626;91;0.62;1789;0.80;0.76
646847;No;626;626;91;0.62;1778;0.80;0.76
646887;No;626;626;91;0.62;1766;0.80;0.76
646900;No;626;626;91;0.62;1754;0.80;0.76
646941;No;627;626;91;0.62;1743;0.80;0.76
646980;No;627;627;91;0.62;1732;0.80;0.76
647019;No;627;627;91;0.62;1731;0.80;0.76
647064;No;627;627;91;0.62;1730;0.80;0.76
647108;No;627;627;91;0.62;1730;0.80;0.76
647149;No;627;627;91;0.62;1729;0.80;0.76
647208;No;627;627;91;0.62;1728;0.79;0.76
647249;No;627;627;91;0.62;1728;0.79;0.76
647259;No;628;627;91;0.62;1727;0.79;0.76
647297;No;628;628;91;0.62;1727;0.79;0.76
647337;No;628;628;91;0.62;1728;0.79;0.75
647352;No;628;628;91;0.62;1728;0.79;0.75
647409;No;628;628;91;0.62;1729;0.79;0.75
647449;No;628;628;91;0.62;1730;0.79;0.76
647489;No;628;628;91;0.62;1730;0.79;0.76
647529;No;628;628;91;0.62;1731;0.79;0.76
647570;No;628;628;91;0.62;1732;0.79;0.76
647609;No;628;628;91;0.62;1733;0.80;0.76
647620;No;628;628;91;0.62;1723;0.80;0.76
647660;No;629;628;91;0.62;1713;0.80;0.76
647708;No;629;629;91;0.62;1703;0.80;0.76
647752;No;629;629;91;0.62;1694;0.80;0.77
647791;No;629;629;91;0.62;1684;0.80;0.77
647831;No;629;629;91;0.62;1674;0.80;0.77
647869;No;629;629;91;0.62;1664;0.80;0.77
647911;No;629;629;91;0.62;1654;0.80;0.77
647950;No;629;629;91;0.62;1617;0.80;0.77
648008;No;629;629;91;0.62;1579;0.80;0.77
648046;No;629;629;91;0.62;1542;0.80;0.77
648087;No;630;629;91;0.62;1504;0.80;0.77
648135;No;630;630;91;0.62;1466;0.80;0.77
648174;No;630;630;91;0.62;1429;0.80;0.77
648212;No;630;630;91;0.62;1392;0.80;0.77
648252;No;630;630;91;0.62;1354;0.80;0.77
648311;No;630;630;91;0.62;1335;0.80;0.77
648350;No;630;630;92;0.62;1317;0.80;0.77
648388;No;630;630;92;0.62;1298;0.80;0.77
648457;No;630;630;92;0.62;1280;0.79;0.77
648496;No;630;630;92;0.62;1261;0.79;0.77
648522;No;630;630;92;0.62;1242;0.79;0.77
648561;No;630;630;92;0.62;1224;0.79;0.77
648609;No;630;630;92;0.62;1205;0.79;0.77
648648;No;630;631;92;0.62;1220;0.79;0.77
648688;No;630;631;92;0.62;1236;0.79;0.77
648698;No;631;631;92;0.62;1251;0.79;0.77
648739;No;631;631;92;0.62;1266;0.79;0.77
648778;No;631;631;92;0.62;1282;0.79;0.77
648842;No;631;631;92;0.62;1297;0.79;0.77
648909;No;631;631;92;0.62;1312;0.79;0.77
648950;No;631;631;92;0.62;1328;0.79;0.77
648989;No;631;631;92;0.62;1308;0.79;0.77
649054;No;631;631;92;0.62;1290;0.79;0.77
649095;No;631;631;92;0.62;1270;0.79;0.77
649134;No;631;631;92;0.62;1252;0.79;0.77
649210;No;631;631;92;0.62;1233;0.79;0.77
649249;No;631;631;92;0.62;1214;0.78;0.77
649288;No;631;631;92;0.62;1195;0.78;0.76
649333;No;631;631;92;0.62;1176;0.78;0.76
649372;No;631;631;92;0.62;1172;0.78;0.76
649413;No;631;631;92;0.62;1169;0.78;0.76
649452;No;631;631;92;0.62;1166;0.78;0.76
649508;No;631;631;92;0.62;1162;0.78;0.76
649547;No;631;631;92;0.62;1158;0.78;0.76
649588;No;631;631;92;0.62;1155;0.78;0.77
649602;No;631;631;92;0.62;1152;0.78;0.77
649641;No;631;631;92;0.62;1148;0.78;0.77
649660;No;631;631;92;0.62;1144;0.78;0.77
649702;No;631;631;92;0.62;1140;0.78;0.77
649736;No;631;631;92;0.62;1136;0.78;0.77
649752;No;631;631;92;0.62;1132;0.78;0.77
649808;No;631;631;92;0.62;1127;0.78;0.77
649849;No;631;631;92;0.62;1123;0.78;0.77
649889;No;631;631;92;0.62;1119;0.78;0.77
649899;No;631;631;92;0.62;1114;0.78;0.77
649944;No;631;631;92;0.62;1107;0.78;0.77
649983;No;631;631;92;0.62;1100;0.78;0.77
650021;No;631;631;92;0.62;1092;0.78;0.77
650060;No;631;631;92;0.62;1085;0.78;0.77
650109;No;631;631;92;0.62;1078;0.78;0.77
650159;No;631;631;92;0.62;1071;0.78;0.77
650200;No;631;631;92;0.62;1063;0.78;0.76
650239;No;631;631;92;0.62;1056;0.78;0.76
650277;No;631;631;92;0.62;1048;0.78;0.76
650291;No;631;631;93;0.62;1040;0.78;0.76
650335;No;631;631;93;0.62;1031;0.78;0.76
650350;No;631;631;93;0.62;1023;0.78;0.76
650409;No;631;631;93;0.62;1015;0.78;0.76
650447;No;631;631;93;0.62;1007;0.78;0.76
650493;No;631;631;93;0.62;998;0.78;0.76
650537;No;631;631;93;0.62;990;0.78;0.76
650576;No;631;631;93;0.62;998;0.78;0.76
650591;No;631;631;93;0.62;1006;0.78;0.76
650631;No;631;631;93;0.62;1014;0.78;0.76
650672;No;631;631;93;0.62;1022;0.78;0.76
650746;No;631;631;93;0.62;1029;0.78;0.76
650787;No;631;631;93;0.62;1037;0.78;0.76
650800;No;631;631;93;0.62;1045;0.78;0.76
650844;No;631;631;93;0.62;1053;0.78;0.76
650860;No;631;631;93;0.62;1072;0.78;0.76
650904;No;631;631;93;0.62;1092;0.78;0.76
650942;No;631;631;93;0.62;1112;0.78;0.76
651030;No;631;631;93;0.62;1132;0.78;0.76
651077;No;631;631;93;0.62;1151;0.78;0.76
651118;No;631;631;93;0.62;1171;0.78;0.76
651130;No;631;631;93;0.62;1190;0.78;0.76
651168;No;631;631;93;0.62;1210;0.78;0.76
651191;No;631;631;93;0.62;1239;0.78;0.76
651230;No;631;631;93;0.62;1268;0.78;0.76
651269;No;631;631;93;0.62;1298;0.78;0.76
651349;No;631;631;93;0.62;1327;0.79;0.76
651371;No;631;631;93;0.62;1356;0.79;0.76
651411;No;631;631;93;0.62;1386;0.79;0.76
651450;No;631;631;93;0.62;1415;0.80;0.76
651490;No;631;631;93;0.62;1444;0.80;0.77
651531;No;631;631;93;0.62;1458;0.80;0.77
651571;No;631;631;93;0.62;1471;0.81;0.77
651641;No;631;631;93;0.62;1484;0.81;0.77
651680;No;631;631;93;0.62;1498;0.81;0.78
651718;No;631;631;93;0.62;1511;0.82;0.79
651765;No;631;631;93;0.62;1524;0.82;0.79
651804;No;631;631;93;0.62;1538;0.83;0.80
651821;No;631;631;93;0.62;1551;0.83;0.80
651859;No;631;631;93;0.62;1558;0.84;0.81
651909;No;631;631;93;0.62;1565;0.83;0.82
651949;No;631;631;93;0.62;1572;0.83;0.82
651991;No;631;631;93;0.62;1579;0.83;0.82
652035;No;631;631;93;0.62;1586;0.83;0.81
652075;No;631;631;93;0.62;1594;0.83;0.81
652126;No;631;631;93;0.62;1600;0.83;0.81
652167;No;631;631;93;0.62;1608;0.82;0.81
652241;No;631;631;93;0.62;1617;0.82;0.81
652295;No;631;631;93;0.62;1627;0.82;0.81
652335;No;631;631;93;0.62;1637;0.82;0.81
652374;No;631;631;93;0.62;1647;0.82;0.81
652413;No;631;631;93;0.62;1657;0.81;0.81
652454;No;631;631;93;0.62;1666;0.81;0.80
652508;No;631;631;93;0.62;1676;0.81;0.80
652552;No;631;631;93;0.62;1686;0.81;0.80
652594;No;631;631;93;0.62;1690;0.81;0.80
652634;No;631;631;93;0.62;1694;0.81;0.80
652675;No;631;631;93;0.62;1697;0.81;0.80
652691;No;631;631;93;0.62;1701;0.81;0.80
652730;No;631;631;93;0.62;1704;0.81;0.80
652769;No;631;631;93;0.62;1708;0.81;0.80
652844;No;631;631;93;0.62;1712;0.81;0.81
652882;No;631;631;93;0.62;1715;0.82;0.81
652900;No;631;631;93;0.62;1714;0.82;0.81
652940;No;631;631;93;0.62;1713;0.82;0.81
652979;No;631;631;93;0.62;1712;0.81;0.81
653044;No;631;631;93;0.62;1711;0.81;0.81
653108;No;631;631;93;0.62;1710;0.81;0.81
653149;No;631;631;93;0.62;1708;0.81;0.81
653188;No;631;631;93;0.62;1707;0.81;0.81
653200;No;631;631;93;0.62;1706;0.81;0.81
653241;No;631;631;93;0.62;1709;0.81;0.81
653280;No;631;631;93;0.62;1712;0.81;0.81
653318;No;631;631;93;0.62;1714;0.80;0.81
653359;No;631;631;93;0.62;1717;0.80;0.80
653408;No;631;631;93;0.62;1720;0.80;0.80
653455;No;631;631;93;0.62;1722;0.80;0.80
653470;No;631;631;93;0.62;1725;0.80;0.80
653510;No;631;631;93;0.62;1728;0.80;0.80
653532;No;631;631;93;0.62;1727;0.80;0.80
653576;No;631;631;93;0.62;1726;0.80;0.80
653589;No;631;631;93;0.62;1726;0.80;0.80
653628;No;631;631;93;0.62;1725;0.80;0.80
653668;No;631;631;93;0.62;1724;0.80;0.80
653743;No;631;631;93;0.62;1723;0.80;0.80
653792;No;631;632;93;0.62;1722;0.80;0.80
653832;No;632;632;93;0.62;1721;0.80;0.80
653870;No;632;632;93;0.62;1722;0.80;0.80
653912;No;632;632;93;0.62;1723;0.80;0.80
653952;No;632;632;93;0.62;1724;0.80;0.80
654009;No;632;632;93;0.62;1724;0.80;0.80
654048;No;632;632;93;0.62;1725;0.80;0.80
654086;No;632;632;93;0.62;1726;0.80;0.80
654102;No;632;632;93;0.62;1726;0.79;0.80
654149;No;632;632;93;0.62;1727;0.79;0.80
654159;No;632;632;93;0.62;1728;0.79;0.80
654198;No;632;632;93;0.62;1729;0.79;0.80
654238;No;632;632;93;0.62;1730;0.79;0.80
654249;No;632;632;93;0.62;1732;0.79;0.79
654292;No;632;632;93;0.62;1732;0.79;0.79
654313;No;632;632;93;0.62;1734;0.79;0.79
654353;No;632;632;93;0.62;1734;0.79;0.79
654396;No;632;632;93;0.62;1736;0.78;0.79
654445;No;632;632;93;0.62;1736;0.78;0.79
654484;No;632;632;93;0.62;1737;0.78;0.79
654527;No;632;632;93;0.62;1738;0.79;0.79
654585;No;632;632;93;0.62;1738;0.79;0.79
654625;No;632;632;93;0.62;1739;0.79;0.79
654640;No;632;632;93;0.62;1740;0.79;0.79
654680;No;632;632;93;0.62;1740;0.79;0.79
654700;No;632;632;93;0.62;1741;0.79;0.79
654738;No;632;633;93;0.62;1740;0.80;0.80
654784;No;632;633;93;0.62;1740;0.79;0.80
654823;No;633;633;93;0.62;1739;0.79;0.80
654896;No;633;633;93;0.62;1739;0.79;0.79
654941;No;633;633;93;0.62;1738;0.79;0.79
654982;No;633;633;93;0.62;1737;0.79;0.79
655021;No;633;633;93;0.62;1737;0.78;0.79
655061;No;633;633;93;0.62;1736;0.78;0.79
655099;No;633;633;93;0.62;1732;0.78;0.79
655120;No;633;633;93;0.62;1729;0.78;0.79
655186;No;633;633;93;0.62;1725;0.78;0.79
655227;No;633;633;93;0.62;1722;0.78;0.79
655242;No;633;633;93;0.62;1718;0.78;0.79
655281;No;633;633;93;0.62;1714;0.78;0.79
655300;No;633;633;93;0.62;1711;0.78;0.78
655339;No;633;633;93;0.62;1707;0.78;0.78
655379;No;633;633;93;0.62;1676;0.78;0.78
655391;No;633;633;93;0.62;1644;0.78;0.78
655431;No;633;633;93;0.62;1613;0.78;0.78
655484;No;633;633;93;0.62;1582;0.78;0.78
655523;No;633;633;93;0.62;1550;0.78;0.78
655540;No;634;634;93;0.62;1519;0.78;0.78
655578;No;634;634;93;0.62;1488;0.78;0.78
655620;No;634;634;93;0.62;1456;0.78;0.78
655666;No;634;634;93;0.62;1462;0.78;0.78
655707;No;634;634;93;0.62;1468;0.78;0.78
655722;No;634;634;93;0.62;1474;0.79;0.78
655785;No;634;634;93;0.62;1480;0.79;0.78
655831;No;634;634;93;0.62;1485;0.79;0.78
655876;No;634;634;93;0.62;1491;0.79;0.78
655914;No;634;634;93;0.62;1497;0.79;0.78
655954;No;634;634;93;0.62;1503;0.79;0.78
655993;No;634;634;93;0.62;1503;0.79;0.78
656033;No;634;634;93;0.62;1503;0.79;0.78
656088;No;634;634;93;0.62;1504;0.79;0.78
656135;No;634;634;93;0.62;1504;0.80;0.78
656174;No;634;634;93;0.62;1504;0.80;0.78
656222;No;634;634;93;0.62;1504;0.80;0.78
656261;No;634;634;93;0.62;1504;0.80;0.78
656305;No;634;634;93;0.62;1504;0.80;0.78
656321;No;634;634;93;0.62;1513;0.80;0.78
656385;No;634;634;93;0.62;1521;0.80;0.78
656423;No;634;634;93;0.62;1530;0.80;0.78
656462;No;634;634;93;0.62;1538;0.80;0.78
656506;No;634;634;93;0.62;1546;0.80;0.78
656545;No;634;634;93;0.62;1555;0.80;0.78
656589;No;634;634;93;0.62;1563;0.81;0.78
656628;No;635;634;93;0.62;1572;0.81;0.78
656685;No;635;635;93;0.62;1570;0.81;0.78
656728;No;635;635;93;0.62;1568;0.81;0.78
656740;No;635;635;93;0.62;1566;0.81;0.78
656781;No;635;635;93;0.62;1564;0.80;0.78
656820;No;635;635;93;0.62;1561;0.80;0.78
656860;No;635;635;93;0.62;1559;0.80;0.78
656903;No;635;635;93;0.62;1557;0.80;0.78
656984;No;635;635;93;0.62;1555;0.80;0.78
657022;No;635;635;93;0.62;1554;0.80;0.78
657062;No;635;635;93;0.62;1552;0.80;0.78
657101;No;635;635;93;0.62;1550;0.80;0.78
657145;No;635;635;93;0.62;1549;0.81;0.78
657160;No;635;635;93;0.62;1548;0.81;0.78
657198;No;635;635;93;0.62;1546;0.81;0.78
657237;No;635;635;93;0.62;1544;0.81;0.78
657284;No;635;635;93;0.62;1543;0.81;0.78
657333;No;635;635;93;0.62;1542;0.81;0.78
657374;No;635;635;93;0.62;1542;0.81;0.78
657415;No;635;635;93;0.62;1541;0.81;0.78
657453;No;635;635;93;0.62;1540;0.81;0.78
657494;No;635;635;93;0.62;1540;0.81;0.78
657541;No;635;635;93;0.62;1539;0.81;0.78
657617;No;635;635;93;0.62;1538;0.80;0.78
657658;No;636;635;93;0.62;1538;0.80;0.78
657672;No;636;636;93;0.62;1535;0.80;0.78
657715;No;636;636;93;0.62;1532;0.80;0.78
657730;No;636;636;93;0.62;1528;0.80;0.78
657769;No;636;636;93;0.62;1525;0.81;0.78
657809;No;636;636;93;0.62;1522;0.81;0.78
657884;No;636;636;93;0.62;1518;0.81;0.78
657923;No;636;636;93;0.62;1515;0.81;0.78
657942;No;636;636;93;0.62;1512;0.81;0.78
657981;No;636;636;93;0.62;1490;0.81;0.78
658019;No;636;636;93;0.62;1469;0.81;0.78
658066;No;636;636;93;0.62;1447;0.81;0.78
658107;No;636;636;93;0.62;1426;0.81;0.78
658121;No;636;636;93;0.62;1404;0.81;0.78
658186;No;636;636;93;0.62;1382;0.81;0.79
658227;No;636;636;93;0.62;1361;0.82;0.79
658241;No;636;636;93;0.62;1339;0.82;0.79
658280;No;636;636;93;0.62;1320;0.82;0.79
658302;No;636;636;93;0.62;1302;0.82;0.79
658341;No;636;636;93;0.62;1283;0.82;0.79
658360;No;636;636;93;0.62;1264;0.82;0.79
658403;No;636;636;93;0.62;1246;0.82;0.79
658442;No;636;636;93;0.62;1227;0.82;0.79
658521;No;636;636;93;0.62;1208;0.82;0.79
658545;No;636;636;93;0.62;1190;0.82;0.79
658584;No;636;636;93;0.62;1185;0.82;0.79
658602;No;636;636;93;0.62;1181;0.82;0.79
658642;No;636;636;93;0.62;1176;0.82;0.79
658662;No;636;636;93;0.62;1172;0.81;0.79
658729;No;636;636;93;0.62;1168;0.81;0.79
658783;No;636;636;93;0.62;1163;0.81;0.79
658824;No;636;636;93;0.62;1158;0.81;0.79
658863;No;636;636;93;0.62;1154;0.81;0.79
658908;No;636;636;93;0.62;1149;0.81;0.79
658948;No;636;636;93;0.62;1144;0.81;0.79
658962;No;636;636;93;0.62;1140;0.81;0.79
659001;No;636;636;93;0.62;1135;0.81;0.79
659039;No;636;636;93;0.62;1130;0.81;0.79
659120;No;636;636;93;0.62;1125;0.81;0.79
659158;No;636;636;93;0.62;1120;0.81;0.79
659199;No;636;636;93;0.62;1116;0.81;0.79
659238;No;636;636;93;0.62;1139;0.81;0.79
659279;No;636;636;93;0.62;1162;0.81;0.79
659324;No;636;636;93;0.62;1185;0.81;0.79
659383;No;636;636;93;0.62;1208;0.81;0.79
659422;No;636;636;93;0.62;1231;0.81;0.79
659464;No;636;636;93;0.62;1254;0.81;0.79
659510;No;636;636;93;0.62;1278;0.81;0.79
659553;No;636;636;93;0.62;1301;0.81;0.79
659592;No;636;636;93;0.62;1295;0.81;0.79
659632;No;636;636;93;0.62;1290;0.81;0.79
659684;No;636;636;93;0.62;1284;0.81;0.79
659723;No;636;636;93;0.62;1278;0.81;0.79
659742;No;636;636;93;0.62;1272;0.81;0.79
659781;No;636;636;93;0.62;1267;0.81;0.79
659822;No;636;636;93;0.62;1261;0.81;0.79
659869;No;636;636;93;0.62;1255;0.82;0.79
659910;No;636;636;93;0.62;1240;0.82;0.79
659994;No;636;636;93;0.62;1224;0.82;0.79
660044;No;636;636;93;0.62;1209;0.82;0.79
660090;No;636;636;93;0.62;1193;0.82;0.80
660130;No;636;636;93;0.62;1178;0.82;0.80
660169;No;636;636;93;0.62;1162;0.82;0.80
660210;No;636;636;93;0.62;1146;0.82;0.80
660285;No;636;636;93;0.62;1131;0.83;0.81
660325;No;636;636;93;0.62;1135;0.83;0.81
660340;No;636;636;93;0.62;1140;0.83;0.81
660379;No;636;636;93;0.62;1144;0.82;0.81
660420;No;636;636;93;0.62;1148;0.82;0.81
660468;No;636;636;93;0.62;1152;0.82;0.81
660506;No;636;636;93;0.62;1156;0.82;0.81
660521;No;636;636;93;0.62;1160;0.82;0.81
660585;No;636;636;93;0.62;1165;0.82;0.80
660626;No;636;636;93;0.62;1211;0.82;0.80
660639;No;636;636;93;0.62;1257;0.81;0.80
660678;No;636;636;93;0.62;1303;0.81;0.80
660719;No;636;636;93;0.62;1350;0.81;0.80
660762;No;636;636;93;0.62;1396;0.81;0.80
660808;No;636;636;93;0.62;1442;0.80;0.80
660884;No;636;636;93;0.62;1488;0.80;0.80
660922;No;636;636;93;0.62;1534;0.80;0.80
660961;No;636;636;93;0.62;1538;0.80;0.80
661001;No;636;636;93;0.62;1541;0.80;0.80
661041;No;636;636;93;0.62;1544;0.79;0.79
661062;No;636;636;93;0.62;1548;0.79;0.79
661101;No;636;636;93;0.62;1551;0.79;0.79
661140;No;636;636;93;0.62;1554;0.79;0.79
661217;No;636;636;93;0.62;1558;0.79;0.79
661256;No;636;636;93;0.62;1561;0.79;0.79
661272;No;636;636;93;0.62;1570;0.79;0.78
661313;No;636;636;93;0.62;1578;0.79;0.78
661352;No;636;636;93;0.62;1587;0.79;0.78
661392;No;636;636;93;0.62;1595;0.78;0.78
661432;No;636;636;93;0.62;1604;0.78;0.78
661484;No;636;636;93;0.62;1612;0.78;0.78
661522;No;636;636;93;0.62;1621;0.78;0.77
661541;No;636;636;93;0.62;1630;0.78;0.77
661583;No;636;636;93;0.62;1636;0.78;0.77
661623;No;636;636;93;0.62;1643;0.78;0.77
661661;No;636;636;93;0.62;1650;0.78;0.77
661706;No;636;636;93;0.62;1657;0.79;0.77
661720;No;636;636;93;0.62;1664;0.79;0.77
661784;No;636;636;93;0.62;1670;0.79;0.77
661823;No;636;636;93;0.62;1678;0.80;0.77
661862;No;636;636;93;0.62;1684;0.80;0.77
661903;No;636;636;93;0.62;1680;0.80;0.77
661941;No;636;636;93;0.62;1676;0.80;0.77
661962;No;636;636;93;0.62;1672;0.80;0.77
662001;No;636;636;93;0.62;1668;0.80;0.77
662022;No;636;636;93;0.62;1664;0.80;0.77
662084;No;636;636;93;0.62;1660;0.80;0.77
662124;No;636;636;93;0.62;1656;0.79;0.77
662141;No;636;636;93;0.62;1652;0.79;0.77
662182;No;636;636;93;0.62;1639;0.79;0.77
662221;No;636;636;93;0.62;1626;0.79;0.77
662259;No;636;636;93;0.62;1613;0.79;0.77
662300;No;636;636;93;0.62;1600;0.79;0.77
662321;No;636;636;93;0.62;1586;0.79;0.77
662384;No;636;636;93;0.62;1573;0.79;0.77
662423;No;636;636;93;0.62;1560;0.79;0.77
662463;No;636;636;93;0.62;1547;0.79;0.77
662501;No;636;636;93;0.62;1532;0.79;0.77
662535;No;636;636;93;0.62;1518;0.79;0.77
662574;No;636;636;93;0.62;1504;0.79;0.77
662591;No;636;636;93;0.62;1489;0.79;0.77
662634;No;636;636;93;0.62;1474;0.79;0.77
662684;No;636;636;93;0.62;1460;0.79;0.77
662733;No;636;636;93;0.62;1446;0.79;0.77
662773;No;636;636;93;0.62;1431;0.79;0.77
662811;No;636;636;93;0.62;1426;0.79;0.77
662851;No;636;636;93;0.62;1422;0.79;0.77
662891;No;636;636;93;0.62;1416;0.80;0.77
662935;No;636;636;93;0.62;1412;0.80;0.77
662983;No;636;636;93;0.62;1407;0.80;0.78
663024;No;636;636;93;0.62;1402;0.80;0.78
663062;No;636;636;93;0.62;1397;0.80;0.78
663108;No;636;636;93;0.62;1392;0.80;0.79
663152;No;636;636;93;0.62;1390;0.81;0.79
663191;No;636;636;93;0.62;1389;0.81;0.79
663230;No;636;636;93;0.62;1387;0.81;0.79
663283;No;636;636;93;0.62;1386;0.81;0.79
663323;No;636;636;93;0.62;1384;0.81;0.79
663341;No;636;636;93;0.62;1382;0.81;0.79
663380;No;636;636;93;0.62;1381;0.81;0.79
663423;No;636;636;93;0.62;1379;0.81;0.79
663469;No;636;636;93;0.62;1388;0.81;0.79
663511;No;636;636;93;0.62;1398;0.81;0.79
663592;No;636;636;93;0.62;1407;0.81;0.79
663632;No;636;636;93;0.62;1416;0.81;0.79
663672;No;636;636;93;0.62;1425;0.81;0.80
663713;No;636;636;93;0.62;1434;0.82;0.80
663752;No;636;636;93;0.62;1443;0.82;0.80
663815;No;636;636;93;0.62;1452;0.82;0.80
663883;No;636;636;93;0.62;1460;0.82;0.80
663935;No;636;636;93;0.62;1468;0.82;0.80
663975;No;636;636;93;0.62;1476;0.81;0.80
664015;No;636;636;93;0.62;1483;0.81;0.79
664031;No;636;636;93;0.62;1491;0.81;0.79
664071;No;636;636;93;0.62;1498;0.80;0.79
664110;No;636;636;93;0.62;1506;0.80;0.78
664186;No;636;636;93;0.62;1514;0.80;0.78
664225;No;636;636;93;0.62;1514;0.79;0.78
664242;No;636;636;93;0.62;1515;0.79;0.77
664286;No;636;636;93;0.62;1516;0.79;0.77
664301;No;636;636;93;0.62;1517;0.79;0.77
664341;No;636;636;93;0.62;1518;0.79;0.77
664381;No;636;636;93;0.62;1519;0.79;0.78
664425;No;636;636;93;0.62;1520;0.79;0.78
664483;No;636;636;93;0.62;1521;0.79;0.78
664522;No;636;636;93;0.62;1520;0.79;0.78
664562;No;637;636;93;0.62;1519;0.79;0.78
664601;No;637;637;93;0.62;1518;0.79;0.78
664654;No;637;637;93;0.62;1518;0.79;0.78
664693;No;637;637;93;0.62;1517;0.79;0.78
664733;No;637;637;93;0.62;1516;0.79;0.78
664783;No;637;637;93;0.62;1516;0.79;0.77
664822;No;637;637;93;0.62;1515;0.79;0.77
664842;No;637;637;93;0.62;1515;0.79;0.77
664881;No;637;637;93;0.62;1515;0.79;0.77
664921;No;637;637;93;0.62;1515;0.79;0.77
664961;No;637;637;93;0.62;1515;0.79;0.77
665008;No;637;637;93;0.62;1516;0.79;0.77
665022;No;637;637;93;0.62;1516;0.79;0.77
665098;No;637;637;93;0.62;1516;0.79;0.77
665142;No;637;637;93;0.62;1516;0.79;0.77
665183;No;637;637;93;0.62;1512;0.79;0.77
665223;No;637;637;93;0.62;1508;0.79;0.77
665269;No;637;637;93;0.62;1504;0.79;0.77
665309;No;637;637;93;0.62;1500;0.79;0.77
665386;No;637;637;93;0.62;1496;0.79;0.77
665432;No;637;637;93;0.62;1492;0.79;0.77
665472;No;637;637;93;0.62;1488;0.79;0.76
665516;No;637;637;93;0.62;1484;0.79;0.76
665531;No;637;637;93;0.62;1484;0.79;0.76
665571;No;637;637;93;0.62;1484;0.79;0.76
665610;No;637;637;93;0.62;1484;0.80;0.76
665686;No;637;637;93;0.62;1484;0.80;0.76
665730;No;637;637;93;0.62;1484;0.80;0.76
665773;No;637;637;93;0.62;1484;0.80;0.77
665823;No;637;637;93;0.62;1484;0.80;0.77
665865;No;637;637;93;0.62;1484;0.80;0.77
665904;No;637;637;93;0.62;1484;0.81;0.77
665921;No;637;637;93;0.62;1484;0.81;0.77
665984;No;637;637;93;0.62;1485;0.81;0.77
666023;No;637;637;93;0.62;1486;0.80;0.77
666062;No;637;637;93;0.62;1486;0.80;0.76
666107;No;637;637;93;0.62;1486;0.80;0.76
666151;No;637;637;93;0.62;1487;0.80;0.76
666196;No;637;637;93;0.62;1487;0.80;0.76
666236;No;637;637;93;0.62;1488;0.80;0.76
666283;No;637;637;93;0.62;1488;0.80;0.76
666324;No;637;637;93;0.62;1489;0.80;0.76
666342;No;637;637;93;0.62;1490;0.80;0.76
666375;No;637;637;93;0.62;1490;0.80;0.76
666414;No;637;637;93;0.62;1491;0.80;0.76
666455;No;637;637;93;0.62;1491;0.81;0.76
666495;No;637;637;93;0.62;1492;0.81;0.76
666522;No;637;637;93;0.62;1491;0.81;0.76
666584;No;637;637;93;0.62;1490;0.81;0.76
666627;No;637;637;93;0.62;1489;0.81;0.76
666642;No;637;637;93;0.62;1488;0.80;0.76
666685;No;637;637;93;0.62;1488;0.80;0.76
666702;No;637;637;93;0.62;1487;0.80;0.76
666742;No;637;637;93;0.62;1486;0.80;0.76
666782;No;637;637;93;0.62;1485;0.80;0.76
666822;No;637;637;93;0.62;1488;0.80;0.76
666883;No;638;637;93;0.62;1490;0.80;0.76
666923;No;638;638;93;0.62;1492;0.80;0.76
666963;No;638;638;93;0.62;1494;0.80;0.76
667005;No;638;638;93;0.62;1496;0.80;0.76
667050;No;638;638;93;0.62;1499;0.80;0.76
667089;No;638;638;93;0.62;1501;0.79;0.76
667131;No;638;638;93;0.62;1503;0.79;0.76
667184;No;638;638;93;0.62;1506;0.79;0.76
667224;No;638;638;93;0.62;1508;0.79;0.76
667242;No;638;638;93;0.62;1511;0.79;0.76
667281;No;638;638;93;0.62;1513;0.80;0.76
667321;No;638;638;93;0.62;1516;0.80;0.76
667360;No;638;638;93;0.62;1518;0.80;0.76
667406;No;638;638;93;0.62;1520;0.80;0.76
667422;No;638;638;93;0.62;1523;0.80;0.76
667485;No;638;638;93;0.62;1522;0.80;0.76
667525;No;638;638;93;0.62;1521;0.80;0.76
667542;No;638;638;93;0.62;1520;0.80;0.76
667583;No;638;638;93;0.62;1519;0.80;0.76
667623;No;638;638;93;0.62;1518;0.79;0.75
667684;No;638;638;93;0.62;1516;0.79;0.75
667726;No;638;638;93;0.62;1515;0.79;0.75
667783;No;638;638;93;0.62;1514;0.79;0.75
667824;No;638;638;93;0.62;1508;0.79;0.75
667863;No;638;638;93;0.62;1501;0.79;0.75
667906;No;638;638;93;0.62;1494;0.79;0.75
667947;No;638;638;93;0.62;1488;0.79;0.75
667962;No;638;638;93;0.62;1482;0.79;0.75
668001;No;638;638;93;0.62;1475;0.79;0.75
668041;No;638;638;93;0.62;1468;0.79;0.75
668116;No;638;638;93;0.62;1462;0.79;0.75
668163;No;638;638;93;0.62;1451;0.79;0.75
668202;No;638;638;93;0.62;1440;0.79;0.75
668244;No;638;638;93;0.62;1429;0.80;0.75
668284;No;638;638;93;0.62;1418;0.80;0.75
668326;No;638;638;93;0.62;1407;0.80;0.75
668384;No;638;638;93;0.62;1396;0.80;0.76
668424;No;638;638;93;0.62;1385;0.81;0.76
668463;No;638;638;93;0.62;1374;0.81;0.76
668505;No;638;638;93;0.62;1350;0.81;0.76
668555;No;638;638;93;0.62;1325;0.81;0.76
668608;No;638;638;93;0.62;1301;0.81;0.76
668622;No;638;638;93;0.62;1276;0.81;0.77
668683;No;638;638;93;0.62;1252;0.81;0.77
668730;No;638;638;93;0.62;1228;0.81;0.77
668775;No;638;638;93;0.62;1203;0.81;0.77
668815;No;638;638;93;0.62;1178;0.81;0.77
668832;No;638;638;93;0.62;1174;0.81;0.77
668872;No;638;638;93;0.62;1170;0.81;0.77
668937;No;638;638;93;0.62;1165;0.81;0.77
668984;No;638;638;93;0.62;1161;0.81;0.77
669023;No;638;638;93;0.62;1156;0.81;0.77
669064;No;638;638;93;0.62;1152;0.81;0.77
669110;No;638;638;93;0.62;1147;0.81;0.77
669150;No;638;638;93;0.62;1143;0.81;0.77
669195;No;638;638;93;0.62;1138;0.81;0.77
669234;No;638;638;94;0.62;1132;0.81;0.77
669284;No;638;638;94;0.62;1128;0.81;0.77
669323;No;638;638;94;0.62;1122;0.80;0.77
669363;No;638;638;94;0.62;1117;0.80;0.77
669410;No;638;638;94;0.62;1112;0.80;0.77
669449;No;638;638;94;0.62;1107;0.80;0.77
669496;No;638;638;94;0.62;1102;0.80;0.77
669536;No;638;638;94;0.62;1093;0.80;0.77
669584;No;638;638;94;0.62;1084;0.80;0.77
669627;No;637;638;94;0.62;1076;0.80;0.77
669640;No;637;637;94;0.62;1067;0.80;0.77
669680;No;637;637;94;0.62;1058;0.80;0.77
669720;No;637;637;94;0.62;1050;0.80;0.77
669784;No;637;637;94;0.62;1041;0.80;0.77
669830;No;637;637;94;0.62;1032;0.80;0.77
669884;No;637;637;94;0.62;1035;0.80;0.77
669922;No;637;637;94;0.62;1038;0.80;0.77
669961;No;637;637;94;0.62;1041;0.80;0.77
670000;No;637;637;94;0.62;1044;0.80;0.77
670043;No;637;637;94;0.62;1046;0.80;0.77
670083;No;637;637;94;0.62;1049;0.80;0.77
670122;No;637;637;94;0.62;1052;0.80;0.77
670184;No;637;637;94;0.62;1055;0.80;0.77
670216;No;637;637;94;0.62;1072;0.80;0.77
670242;No;637;637;94;0.62;1089;0.80;0.77
670281;No;637;637;94;0.62;1106;0.80;0.77
670324;No;637;637;94;0.62;1122;0.80;0.77
670363;No;637;637;94;0.62;1140;0.80;0.77
670410;No;637;637;94;0.62;1156;0.80;0.77
670485;No;637;637;94;0.62;1173;0.80;0.77
670527;No;637;637;94;0.62;1190;0.81;0.77
670542;No;637;637;94;0.62;1209;0.81;0.77
670582;No;637;637;94;0.62;1228;0.81;0.77
670623;No;636;637;94;0.62;1247;0.81;0.77
670664;No;636;636;94;0.62;1266;0.81;0.77
670706;No;636;636;94;0.62;1284;0.81;0.77
670722;No;636;636;94;0.62;1304;0.82;0.77
670784;No;636;636;94;0.62;1322;0.82;0.77
670823;No;636;636;94;0.62;1341;0.82;0.77
670864;No;636;636;94;0.62;1344;0.82;0.77
670905;No;636;636;94;0.62;1346;0.82;0.77
670945;No;636;636;94;0.62;1348;0.82;0.77
670984;No;636;636;94;0.62;1351;0.83;0.77
671023;No;636;636;94;0.62;1353;0.83;0.77
671093;No;636;636;94;0.62;1355;0.83;0.78
671133;No;636;636;94;0.62;1358;0.83;0.78
671178;No;636;636;94;0.62;1360;0.83;0.78
671217;No;636;636;94;0.62;1360;0.83;0.78
671231;No;636;636;94;0.62;1361;0.83;0.78
671271;No;636;636;94;0.62;1361;0.83;0.78
671312;No;636;636;94;0.62;1362;0.83;0.79
671385;No;636;636;94;0.62;1362;0.84;0.79
671426;No;636;636;94;0.62;1362;0.84;0.79
671442;No;636;636;94;0.62;1362;0.84;0.79
671495;No;636;636;94;0.62;1363;0.84;0.79
671541;No;636;636;94;0.62;1354;0.84;0.79
671581;No;636;636;94;0.62;1345;0.84;0.80
671622;No;636;636;94;0.62;1336;0.84;0.80
671684;No;636;636;94;0.62;1328;0.84;0.80
671726;No;636;636;94;0.62;1319;0.84;0.80
671742;No;636;636;94;0.62;1310;0.84;0.80
671784;No;636;636;94;0.62;1301;0.84;0.80
671804;No;636;636;94;0.62;1292;0.84;0.80
671851;No;636;636;94;0.62;1278;0.84;0.80
671897;No;636;636;94;0.62;1263;0.84;0.80
671936;No;636;636;94;0.62;1248;0.84;0.80
671983;No;636;636;94;0.62;1234;0.84;0.80
672022;No;636;636;94;0.62;1219;0.84;0.80
672064;No;636;636;94;0.62;1204;0.84;0.80
672105;No;636;636;94;0.62;1190;0.84;0.80
672144;No;636;636;94;0.62;1175;0.84;0.80
672184;No;636;636;94;0.62;1168;0.84;0.80
672223;No;636;636;94;0.62;1160;0.84;0.80
672284;No;636;636;94;0.62;1152;0.84;0.80
672325;No;636;636;94;0.62;1145;0.84;0.80
672342;No;636;636;94;0.62;1138;0.84;0.80
672383;No;636;636;94;0.62;1130;0.84;0.80
672401;No;636;636;94;0.62;1122;0.84;0.80
672441;No;636;636;94;0.62;1115;0.84;0.80
672480;No;636;636;94;0.62;1113;0.84;0.80
672521;No;636;636;94;0.62;1112;0.83;0.80
672584;No;635;636;94;0.62;1110;0.83;0.80
672633;No;635;635;94;0.62;1109;0.83;0.80
672675;No;635;635;94;0.62;1108;0.83;0.79
672714;No;635;635;94;0.62;1106;0.83;0.79
672777;No;635;635;94;0.62;1105;0.83;0.79
672791;No;635;635;94;0.62;1103;0.83;0.79
672829;No;635;635;94;0.62;1104;0.83;0.79
672884;No;635;635;94;0.62;1104;0.83;0.79
672923;No;635;635;94;0.62;1104;0.83;0.79
672963;No;635;635;94;0.62;1104;0.83;0.79
673013;No;635;635;94;0.62;1104;0.83;0.79
673052;No;635;635;94;0.62;1104;0.83;0.79
673092;No;635;635;94;0.62;1104;0.83;0.79
673132;No;635;635;94;0.62;1105;0.83;0.79
673184;No;635;635;94;0.62;1105;0.83;0.79
673224;No;635;635;94;0.62;1105;0.83;0.79
673263;No;635;635;94;0.62;1106;0.83;0.79
673301;No;635;635;94;0.62;1106;0.83;0.79
673341;No;635;635;94;0.62;1106;0.83;0.79
673362;No;635;635;94;0.62;1106;0.83;0.79
673401;No;635;635;94;0.62;1106;0.83;0.79
673440;No;635;635;94;0.62;1107;0.83;0.79
673486;No;635;635;94;0.62;1104;0.83;0.79
673526;No;635;635;94;0.62;1100;0.83;0.79
673542;No;635;635;94;0.62;1097;0.83;0.79
673581;No;635;635;94;0.62;1094;0.83;0.79
673602;No;635;635;94;0.62;1091;0.83;0.79
673641;No;635;635;94;0.62;1088;0.83;0.79
673692;No;635;635;94;0.62;1084;0.83;0.78
673731;No;635;635;94;0.62;1081;0.83;0.78
673785;No;635;635;94;0.62;1080;0.84;0.78
673824;No;635;635;94;0.62;1079;0.84;0.78
673875;No;635;635;94;0.62;1078;0.84;0.78
673914;No;634;635;94;0.62;1077;0.84;0.78
673931;No;634;634;94;0.62;1076;0.84;0.78
673970;No;634;634;94;0.62;1074;0.84;0.78
674012;No;634;634;94;0.62;1073;0.84;0.78
674096;No;634;634;94;0.62;1072;0.84;0.78
674112;No;634;634;94;0.62;1072;0.84;0.78
674151;No;634;634;94;0.62;1072;0.84;0.78
674191;No;634;634;94;0.62;1072;0.84;0.78
674237;No;634;634;94;0.62;1072;0.84;0.78
674285;No;634;634;94;0.62;1071;0.84;0.78
674327;No;634;634;94;0.62;1071;0.84;0.78
674366;No;634;634;94;0.62;1071;0.84;0.78
674381;No;634;634;94;0.62;1070;0.84;0.78
674419;No;634;634;94;0.62;1072;0.84;0.78
674441;No;634;634;94;0.62;1074;0.84;0.78
674479;No;634;633;94;0.62;1075;0.84;0.78
674519;No;634;633;94;0.62;1076;0.84;0.78
674586;No;634;633;94;0.62;1078;0.84;0.78
674627;No;633;633;94;0.62;1079;0.84;0.78
674652;No;633;633;94;0.62;1080;0.84;0.78
674691;No;633;633;94;0.62;1082;0.84;0.78
674734;No;633;633;94;0.62;1077;0.84;0.78
674772;No;633;633;94;0.62;1072;0.83;0.78
674812;No;633;633;94;0.62;1068;0.83;0.78
674831;No;633;633;94;0.62;1063;0.83;0.78
674885;No;633;633;94;0.62;1058;0.83;0.78
674935;No;633;633;94;0.62;1054;0.83;0.78
674953;No;633;633;94;0.62;1049;0.83;0.78
674993;No;633;633;94;0.62;1044;0.83;0.78
675015;No;633;633;94;0.62;1045;0.83;0.78
675055;No;633;633;94;0.62;1046;0.83;0.78
675072;No;633;633;94;0.62;1047;0.83;0.78
675111;No;633;633;94;0.62;1048;0.83;0.78
675186;No;633;633;94;0.62;1048;0.83;0.78
675235;No;633;633;94;0.62;1049;0.83;0.78
675282;No;633;633;94;0.62;1050;0.83;0.78
675335;No;633;633;94;0.62;1051;0.83;0.78
675375;No;633;633;94;0.62;1047;0.83;0.78
675415;No;632;632;94;0.62;1043;0.83;0.78
675434;No;632;632;94;0.62;1040;0.83;0.78
675488;No;632;632;94;0.62;1036;0.83;0.78
675529;No;632;632;94;0.62;1032;0.83;0.78
675567;No;632;632;94;0.62;1028;0.83;0.78
675581;No;632;632;94;0.62;1024;0.83;0.78
675622;No;632;632;94;0.62;1020;0.83;0.78
675662;No;632;632;94;0.62;1022;0.83;0.78
675702;No;632;632;94;0.62;1023;0.83;0.78
675743;No;632;632;94;0.62;1024;0.83;0.78
675820;No;632;632;94;0.62;1026;0.83;0.78
675861;No;632;632;94;0.62;1027;0.83;0.78
675900;No;632;632;94;0.62;1028;0.83;0.78
675940;No;632;632;94;0.62;1030;0.83;0.78
675980;No;632;632;94;0.62;1031;0.83;0.78
676018;No;632;632;94;0.62;1029;0.83;0.78
676096;No;632;632;94;0.62;1028;0.83;0.78
676136;No;631;631;94;0.62;1026;0.83;0.78
676152;No;631;631;94;0.62;1025;0.83;0.78
676196;No;631;631;94;0.62;1024;0.83;0.78
676236;No;631;631;94;0.62;1022;0.83;0.78
676277;No;631;631;94;0.62;1020;0.83;0.78
676316;No;631;631;94;0.62;1019;0.83;0.78
676332;No;631;631;94;0.62;1016;0.83;0.78
676387;No;631;631;94;0.62;1014;0.83;0.78
676429;No;631;631;94;0.62;1010;0.83;0.78
676469;No;631;631;94;0.62;1008;0.82;0.78
676481;No;631;631;94;0.62;1005;0.82;0.78
676526;No;631;631;94;0.62;1002;0.82;0.78
676542;No;631;631;94;0.62;999;0.82;0.77
676581;No;631;631;94;0.62;996;0.82;0.77
676615;No;631;631;94;0.62;989;0.82;0.77
676631;No;631;630;94;0.62;982;0.82;0.77
676689;No;630;630;94;0.62;975;0.82;0.77
676729;No;630;630;94;0.62;968;0.82;0.76
676768;No;630;630;94;0.62;960;0.82;0.76
676836;No;630;630;94;0.62;953;0.82;0.75
676884;No;630;630;94;0.62;946;0.82;0.75
676922;No;630;630;94;0.62;938;0.82;0.74
676988;No;630;630;94;0.62;966;0.82;0.73
677027;No;630;630;94;0.62;993;0.82;0.73
677068;No;630;630;94;0.62;1021;0.82;0.65
677081;No;630;630;94;0.62;1048;0.81;0.56
677124;No;630;630;94;0.62;1076;0.81;0.48
677164;No;630;630;94;0.62;1103;0.81;0.40
677208;No;629;630;94;0.62;1131;0.81;0.31
677248;No;629;629;94;0.61;1158;0.81;0.23
677320;No;629;629;94;0.61;1156;0.81;0.15
677361;No;629;629;94;0.61;1155;0.78;0.06
677402;No;629;629;94;0.61;1153;0.75;0.06
677453;No;629;629;94;0.61;1152;0.71;0.05
677495;No;629;629;94;0.61;1150;0.68;0.04
677533;No;629;629;94;0.61;1148;0.65;0.03
677587;No;629;629;94;0.61;1146;0.62;0.02
677629;No;629;629;94;0.61;1145;0.58;0.02
677674;No;629;629;94;0.61;1148;0.55;0.01
677713;No;629;629;94;0.61;1152;0.51;0.00
677757;No;628;629;94;0.61;1155;0.47;0.00
677772;No;628;628;94;0.61;1158;0.43;0.01
677813;No;628;628;94;0.61;1162;0.39;0.01
677832;No;628;628;94;0.61;1165;0.35;0.01
677909;No;628;628;94;0.62;1168;0.31;0.01
677950;No;628;628;94;0.62;1172;0.27;0.02
677989;No;628;628;94;0.62;1167;0.23;0.02
678035;No;628;628;94;0.62;1162;0.25;0.02
678082;No;628;628;94;0.62;1158;0.27;0.02
678125;No;628;628;94;0.62;1153;0.29;0.03
678190;No;628;628;94;0.62;1148;0.30;0.03
678229;No;628;628;94;0.62;1143;0.32;0.03
678270;No;628;628;94;0.62;1138;0.34;0.04
678313;No;628;627;94;0.62;1133;0.36;0.04
678356;No;627;627;94;0.62;1129;0.38;0.04
678424;No;627;627;94;0.62;1124;0.41;0.04
678487;No;627;627;94;0.62;1120;0.44;0.05
678530;No;627;627;94;0.62;1116;0.47;0.05
678573;No;627;627;94;0.62;1112;0.51;0.05
678623;No;627;627;94;0.62;1107;0.54;0.05
678664;No;627;627;94;0.62;1103;0.57;0.05
678702;No;627;627;94;0.62;1098;0.60;0.06
678742;No;627;627;94;0.62;1095;0.64;0.06
678789;No;627;627;94;0.62;1092;0.65;0.06
678830;No;626;627;94;0.62;1089;0.66;0.06
678852;No;626;626;94;0.62;1086;0.67;0.06
678891;No;626;626;94;0.62;1082;0.67;0.06
678932;No;626;626;94;0.62;1079;0.68;0.06
678976;No;626;626;94;0.62;1076;0.69;0.06
679016;No;626;626;94;0.62;1073;0.70;0.06
679031;No;626;626;94;0.62;1069;0.71;0.06
679086;No;626;626;94;0.62;1066;0.71;0.06
679126;No;626;626;94;0.62;1062;0.71;0.07
679176;No;626;626;94;0.62;1058;0.71;0.07
679222;No;626;626;94;0.62;1054;0.71;0.07
679262;No;626;626;94;0.62;1051;0.71;0.07
679301;No;626;626;94;0.62;1047;0.71;0.07
679339;No;626;626;94;0.61;1044;0.71;0.07
679389;No;626;626;94;0.61;1040;0.71;0.07
679430;No;626;626;94;0.61;1037;0.71;0.07
679468;No;625;626;94;0.61;1034;0.71;0.08
679534;No;625;625;94;0.61;1030;0.71;0.08
679573;No;625;625;94;0.61;1027;0.71;0.08
679624;No;625;625;94;0.61;1024;0.71;0.08
679688;No;625;625;94;0.61;1020;0.71;0.08
679728;No;625;625;94;0.61;1017;0.71;0.08
679767;No;625;625;94;0.61;1014;0.71;0.08
679781;No;625;625;94;0.61;1011;0.71;0.08
679826;No;625;625;94;0.61;1008;0.71;0.08
679841;No;625;625;94;0.61;1005;0.71;0.08
679880;No;625;625;94;0.61;1002;0.71;0.08
679919;No;625;625;94;0.61;999;0.71;0.08
679988;No;625;625;94;0.62;996;0.71;0.08
680034;No;625;625;94;0.62;993;0.71;0.09
680074;No;624;625;94;0.62;988;0.71;0.09
680113;No;624;624;94;0.62;982;0.71;0.09
680154;No;624;624;94;0.62;977;0.71;0.09
680171;No;624;624;94;0.62;972;0.71;0.09
680218;No;624;624;94;0.62;967;0.71;0.09
680287;No;624;624;94;0.62;962;0.71;0.09
680329;No;624;624;94;0.62;956;0.71;0.09
680351;No;624;624;94;0.61;951;0.71;0.09
680390;No;624;624;94;0.61;940;0.70;0.09
680415;No;624;624;94;0.61;929;0.70;0.09
680456;No;624;624;94;0.61;918;0.70;0.09
680471;No;624;624;94;0.61;908;0.70;0.09
680512;No;624;624;94;0.61;897;0.70;0.10
680588;No;624;624;94;0.61;886;0.70;0.10
680632;No;624;624;94;0.61;875;0.70;0.10
680673;No;624;624;94;0.61;864;0.70;0.10
680719;No;623;624;94;0.61;869;0.70;0.10
680759;No;623;623;94;0.61;873;0.70;0.10
680823;No;623;623;94;0.61;878;0.70;0.10
680889;No;623;623;94;0.61;882;0.71;0.10
680936;No;623;623;94;0.61;886;0.71;0.10
680952;No;623;623;94;0.61;891;0.71;0.10
680990;No;623;623;94;0.61;895;0.71;0.10
681030;No;623;623;94;0.61;900;0.72;0.11
681072;No;623;623;94;0.61;901;0.72;0.11
681121;No;623;623;94;0.61;902;0.72;0.11
681190;No;623;623;94;0.61;904;0.72;0.11
681228;No;623;623;94;0.61;905;0.72;0.11
681269;No;622;622;94;0.61;906;0.72;0.11
681315;No;622;622;94;0.61;907;0.72;0.11
681356;No;622;622;94;0.61;908;0.71;0.11
681372;No;622;622;94;0.61;910;0.71;0.11
681412;No;622;622;94;0.61;909;0.71;0.11
681489;No;622;622;94;0.61;908;0.71;0.11
681528;No;622;622;94;0.61;908;0.71;0.11
681569;No;622;622;94;0.61;907;0.71;0.12
681635;No;622;622;94;0.61;907;0.71;0.12
681674;No;622;622;94;0.61;906;0.71;0.12
681735;No;622;622;94;0.61;906;0.71;0.12
681787;No;622;622;94;0.61;905;0.71;0.12
681828;No;622;622;94;0.61;906;0.70;0.12
681867;No;622;622;94;0.61;908;0.71;0.12
681881;No;622;621;94;0.61;909;0.71;0.12
681922;No;622;621;94;0.61;910;0.71;0.13
681961;No;621;621;94;0.61;912;0.71;0.13
682001;No;621;621;94;0.61;913;0.71;0.13
682040;No;621;621;94;0.61;914;0.71;0.13
682143;No;621;621;94;0.61;916;0.71;0.13
682184;No;621;621;94;0.61;910;0.71;0.14
682223;No;621;621;94;0.61;905;0.71;0.14
682264;No;621;621;94;0.61;900;0.71;0.14
682304;No;621;621;94;0.61;895;0.71;0.14
682342;No;621;621;94;0.61;890;0.71;0.14
682389;No;621;621;94;0.61;885;0.71;0.15
682429;No;621;621;94;0.61;880;0.71;0.15
682470;No;621;621;94;0.61;874;0.71;0.15
682515;No;620;620;94;0.61;869;0.71;0.15
682556;No;620;620;94;0.61;864;0.71;0.15
682574;No;620;620;94;0.61;858;0.72;0.16
682617;No;620;620;94;0.61;852;0.72;0.16
682689;No;620;620;94;0.61;847;0.72;0.16
682730;No;620;620;94;0.61;842;0.72;0.17
682768;No;620;620;94;0.61;836;0.72;0.17
682781;No;620;620;94;0.61;830;0.72;0.17
682823;No;620;620;94;0.61;852;0.72;0.18
682863;No;620;620;94;0.61;873;0.72;0.18
682904;No;620;620;94;0.61;894;0.72;0.20
682942;No;620;620;94;0.61;915;0.72;0.21
682989;No;620;620;94;0.61;936;0.72;0.23
683053;No;620;620;94;0.61;958;0.72;0.24
683092;No;620;620;94;0.61;978;0.72;0.25
683134;No;620;619;94;0.61;1000;0.72;0.27
683176;No;619;619;94;0.61;1007;0.72;0.28
683221;No;619;619;94;0.61;1015;0.72;0.30
683287;No;619;619;94;0.61;1022;0.72;0.34
683327;No;619;619;94;0.61;1030;0.72;0.38
683367;No;619;619;94;0.61;1038;0.72;0.42
683381;No;619;619;94;0.61;1045;0.72;0.46
683431;No;619;619;94;0.61;1053;0.72;0.50
683470;No;619;619;94;0.61;1060;0.72;0.54
683509;No;619;619;94;0.61;1056;0.72;0.58
683548;No;619;619;94;0.61;1051;0.73;0.62
683632;No;619;619;94;0.61;1046;0.73;0.63
683652;No;618;619;94;0.61;1041;0.74;0.64
683693;No;618;618;94;0.61;1036;0.75;0.66
683733;No;618;618;94;0.61;1031;0.75;0.67
683771;No;618;618;94;0.61;1026;0.76;0.68
683816;No;618;618;94;0.61;1021;0.76;0.69
683831;No;618;618;94;0.61;1014;0.77;0.70
683886;No;618;618;94;0.61;1008;0.77;0.71
683926;No;618;618;94;0.61;1001;0.78;0.72
683967;No;618;618;94;0.61;995;0.78;0.73
683982;No;618;618;94;0.61;988;0.79;0.73
684027;No;618;618;94;0.61;982;0.79;0.74
684041;No;618;618;94;0.61;975;0.79;0.75
684084;No;618;618;94;0.61;968;0.80;0.75
684130;No;618;618;94;0.61;962;0.80;0.76
684187;No;618;618;94;0.61;956;0.80;0.77
684233;No;618;618;94;0.61;950;0.80;0.77
684296;No;618;618;94;0.61;944;0.81;0.77
684313;No;618;618;94;0.61;938;0.81;0.77
684356;No;617;618;94;0.61;932;0.81;0.78
684372;No;617;617;94;0.61;926;0.81;0.78
684414;No;617;617;94;0.61;920;0.81;0.78
684431;No;617;617;94;0.61;913;0.81;0.78
684487;No;617;617;94;0.61;906;0.81;0.78
684526;No;617;617;94;0.61;900;0.82;0.79
684564;No;617;617;94;0.61;893;0.82;0.79
684581;No;617;617;94;0.61;886;0.82;0.79
684626;No;617;617;94;0.61;880;0.82;0.79
684642;No;616;616;94;0.61;873;0.82;0.79
684683;No;616;616;94;0.61;867;0.82;0.80
684723;No;616;616;94;0.61;856;0.83;0.80
684788;No;616;616;94;0.61;845;0.83;0.80
684829;No;616;616;94;0.61;834;0.83;0.80
684870;No;616;616;94;0.61;822;0.83;0.80
684933;No;616;616;94;0.61;812;0.83;0.80
684974;No;616;616;94;0.61;800;0.83;0.80
685020;No;616;616;94;0.61;789;0.83;0.80
685090;No;616;615;94;0.61;778;0.83;0.81
685132;No;615;615;94;0.61;768;0.83;0.81
685173;No;615;615;94;0.61;759;0.83;0.81
685214;No;615;615;94;0.61;749;0.83;0.81
685253;No;615;615;94;0.61;739;0.83;0.81
685293;No;615;615;94;0.61;730;0.83;0.81
685334;No;615;615;94;0.61;720;0.83;0.81
685387;No;615;615;94;0.61;710;0.83;0.81
685433;No;615;615;94;0.61;700;0.83;0.81
685473;No;615;615;94;0.61;694;0.83;0.81
685514;No;615;615;94;0.61;688;0.83;0.81
685576;No;614;615;93;0.61;682;0.83;0.81
685617;No;614;614;93;0.61;676;0.83;0.81
685632;No;614;614;93;0.61;670;0.83;0.80
685687;No;614;614;93;0.61;664;0.83;0.80
685726;No;614;614;93;0.61;658;0.83;0.80
685766;No;614;614;93;0.61;652;0.83;0.80
685813;No;614;614;93;0.61;650;0.83;0.80
685852;No;614;614;93;0.61;649;0.83;0.80
685892;No;614;614;93;0.61;647;0.83;0.80
685931;No;614;614;93;0.61;645;0.83;0.80
685986;No;614;614;93;0.61;644;0.83;0.80
686026;No;614;614;93;0.61;642;0.83;0.80
686068;No;613;613;93;0.61;640;0.83;0.80
686134;No;613;613;93;0.61;638;0.83;0.80
686174;No;613;613;93;0.61;641;0.83;0.80
686220;No;613;613;93;0.61;643;0.83;0.80
686288;No;613;613;93;0.61;645;0.83;0.80
686326;No;613;613;93;0.61;647;0.83;0.80
686366;No;613;613;93;0.61;649;0.83;0.80
686383;No;613;612;93;0.61;651;0.83;0.80
686425;No;612;612;93;0.61;654;0.83;0.80
686441;No;612;612;93;0.61;656;0.83;0.80
686484;No;612;612;93;0.61;657;0.83;0.80
686525;No;612;612;93;0.61;658;0.83;0.80
686587;No;612;612;93;0.61;660;0.83;0.80
686626;No;612;612;93;0.61;662;0.83;0.80
686665;No;612;612;93;0.61;663;0.83;0.80
686703;No;612;612;93;0.61;664;0.83;0.80
686747;No;612;612;93;0.61;666;0.83;0.80
686786;No;611;611;93;0.61;667;0.83;0.80
686802;No;611;611;93;0.61;667;0.83;0.80
686845;No;611;611;93;0.61;666;0.83;0.80
686929;No;611;611;93;0.61;666;0.83;0.80
686951;No;611;611;93;0.61;665;0.83;0.80
686990;No;611;611;93;0.61;665;0.84;0.80
687030;No;610;611;93;0.61;664;0.84;0.80
687041;No;610;610;93;0.61;664;0.84;0.80
687082;No;610;610;93;0.61;663;0.84;0.80
687123;No;610;610;93;0.61;663;0.84;0.80
687189;No;610;610;93;0.61;663;0.84;0.80
687229;No;610;610;93;0.61;662;0.84;0.80
687269;No;610;610;93;0.61;662;0.84;0.80
687315;No;610;610;93;0.61;662;0.84;0.79
687356;No;609;610;93;0.61;662;0.84;0.79
687371;No;609;609;93;0.61;662;0.84;0.79
687410;No;609;609;93;0.61;661;0.84;0.79
687488;No;609;609;93;0.61;661;0.85;0.79
687529;No;609;609;93;0.61;660;0.85;0.79
687569;No;609;609;93;0.61;660;0.85;0.79
687581;No;609;609;93;0.61;659;0.85;0.79
687620;No;609;609;93;0.61;658;0.85;0.79
687642;No;608;609;93;0.61;658;0.85;0.79
687681;No;608;608;93;0.61;658;0.85;0.79
687722;No;608;608;93;0.61;657;0.85;0.79
687787;No;608;608;93;0.61;658;0.85;0.79
687829;No;608;608;93;0.61;660;0.85;0.79
687871;No;608;608;93;0.61;661;0.85;0.79
687915;No;608;608;93;0.61;662;0.85;0.79
687956;No;608;608;93;0.61;663;0.85;0.79
687971;No;608;608;93;0.61;664;0.85;0.79
688010;No;608;607;93;0.61;666;0.85;0.79
688088;No;607;607;93;0.61;667;0.85;0.79
688135;No;607;607;93;0.61;667;0.85;0.79
688151;No;607;607;93;0.61;667;0.85;0.79
688197;No;607;607;93;0.61;668;0.85;0.79
688237;No;607;607;93;0.61;668;0.85;0.79
688276;No;607;607;93;0.61;668;0.85;0.79
688320;No;607;607;93;0.61;668;0.85;0.79
688388;No;606;607;93;0.61;668;0.85;0.79
688428;No;606;606;93;0.61;668;0.85;0.79
688468;No;606;606;93;0.61;669;0.85;0.79
688482;No;606;606;93;0.61;669;0.85;0.79
688526;No;606;606;93;0.61;670;0.85;0.79
688571;No;606;606;93;0.61;670;0.85;0.79
688610;No;606;606;93;0.61;671;0.85;0.79
688649;No;606;606;93;0.61;672;0.85;0.79
688721;No;606;606;93;0.61;672;0.85;0.78
688771;No;605;606;93;0.61;673;0.85;0.78
688836;No;605;605;93;0.61;676;0.86;0.78
688875;No;605;605;93;0.61;678;0.86;0.78
688913;No;605;605;93;0.61;680;0.86;0.78
688987;No;605;605;93;0.61;683;0.86;0.78
689038;No;605;605;93;0.61;685;0.86;0.78
689051;No;605;605;93;0.61;688;0.86;0.79
689091;No;604;604;93;0.61;690;0.86;0.79
689134;No;604;604;93;0.61;693;0.86;0.79
689175;No;604;604;93;0.61;688;0.86;0.79
689220;No;604;604;93;0.61;683;0.86;0.79
689287;No;604;604;93;0.61;678;0.86;0.79
689327;No;604;604;93;0.61;673;0.86;0.79
689368;No;604;604;93;0.61;668;0.86;0.79
689415;No;604;603;93;0.61;662;0.86;0.79
689459;No;603;603;93;0.61;658;0.86;0.78
689471;No;603;603;93;0.61;652;0.86;0.78
689509;No;603;603;93;0.61;646;0.86;0.78
689588;No;603;603;93;0.61;639;0.85;0.78
689627;No;603;603;93;0.61;632;0.85;0.78
689672;No;603;603;93;0.61;625;0.85;0.78
689714;No;603;603;93;0.61;618;0.85;0.78
689755;No;603;603;93;0.61;611;0.85;0.78
689771;No;603;603;93;0.61;604;0.85;0.78
689810;No;602;603;93;0.61;597;0.85;0.78
689850;No;602;602;93;0.61;596;0.85;0.78
689922;No;602;602;93;0.61;594;0.85;0.78
689968;No;602;602;93;0.61;593;0.85;0.78
689981;No;602;602;93;0.61;592;0.85;0.78
690022;No;602;602;93;0.61;590;0.85;0.78
690062;No;602;602;93;0.61;589;0.85;0.78
690104;No;602;602;93;0.61;588;0.85;0.78
690142;No;602;602;93;0.61;586;0.85;0.78
690188;No;602;602;93;0.61;586;0.85;0.78
690227;No;602;602;93;0.61;586;0.85;0.78
690268;No;602;602;93;0.61;585;0.85;0.78
690312;No;602;602;93;0.61;585;0.85;0.78
690352;No;602;601;93;0.61;584;0.85;0.78
690391;No;601;601;93;0.61;584;0.85;0.78
690431;No;601;601;93;0.61;584;0.85;0.78
690488;No;601;601;93;0.61;583;0.85;0.78
690528;No;601;601;93;0.61;582;0.85;0.78
690567;No;601;601;93;0.61;582;0.85;0.78
690580;No;601;601;93;0.61;581;0.85;0.78
690623;No;601;601;93;0.61;580;0.85;0.78
690671;No;601;601;93;0.61;580;0.85;0.78
690701;No;601;601;93;0.61;579;0.85;0.78
690741;No;601;601;93;0.61;578;0.85;0.78
690786;No;601;601;93;0.61;578;0.85;0.78
690827;No;601;601;93;0.61;580;0.85;0.78
690868;No;601;600;93;0.61;581;0.85;0.78
690880;No;600;600;93;0.61;583;0.85;0.78
690920;No;600;600;93;0.61;585;0.85;0.78
690959;No;600;600;93;0.61;587;0.85;0.78
691006;No;600;600;93;0.61;589;0.85;0.78
691046;No;600;600;93;0.61;591;0.85;0.78
691128;No;600;600;93;0.61;593;0.85;0.78
691166;No;600;600;93;0.61;593;0.86;0.78
691181;No;600;600;93;0.61;593;0.86;0.78
691221;No;600;600;93;0.61;594;0.86;0.78
691261;No;600;600;93;0.61;594;0.86;0.78
691301;No;600;600;93;0.61;594;0.86;0.78
691340;No;600;600;93;0.61;594;0.86;0.78
691392;No;600;600;93;0.61;594;0.86;0.78
691439;No;599;600;93;0.61;595;0.86;0.78
691451;No;599;599;93;0.61;594;0.86;0.78
691490;No;599;599;93;0.61;593;0.86;0.78
691534;No;599;599;93;0.61;592;0.86;0.78
691577;No;599;599;93;0.61;590;0.86;0.78
691622;No;599;599;93;0.61;590;0.86;0.78
691687;No;599;599;93;0.61;588;0.86;0.78
691727;No;599;599;93;0.61;587;0.86;0.78
691767;No;599;599;93;0.61;586;0.86;0.78
691783;No;599;599;93;0.61;586;0.86;0.78
691828;No;599;599;93;0.61;586;0.86;0.78
691840;No;599;598;93;0.61;585;0.86;0.78
691889;No;598;598;93;0.61;585;0.86;0.78
691998;No;598;598;93;0.61;584;0.86;0.78
692021;No;598;598;93;0.61;584;0.86;0.78
692064;No;598;598;93;0.61;584;0.86;0.78
692081;No;598;598;93;0.60;583;0.86;0.78
692120;No;598;598;93;0.60;584;0.86;0.78
692158;No;598;598;93;0.60;585;0.86;0.78
692171;No;598;598;93;0.60;586;0.86;0.78
692214;No;598;598;93;0.60;588;0.86;0.78
692289;No;598;598;93;0.60;589;0.86;0.78
692327;No;598;598;93;0.60;590;0.86;0.78
692367;No;598;598;93;0.60;591;0.86;0.78
692381;No;598;598;93;0.60;592;0.86;0.78
692425;No;598;598;93;0.60;594;0.86;0.78
692465;No;597;597;93;0.60;596;0.86;0.78
692505;No;597;597;93;0.60;597;0.86;0.78
692543;No;597;597;93;0.60;599;0.86;0.78
692620;No;597;597;93;0.60;600;0.86;0.78
692670;No;597;597;93;0.60;602;0.86;0.78
692734;No;597;597;93;0.61;604;0.86;0.78
692774;No;597;597;93;0.61;606;0.86;0.78
692815;No;597;597;93;0.61;605;0.86;0.78
692832;No;597;597;93;0.61;604;0.86;0.78
692886;No;597;597;93;0.61;603;0.86;0.78
692924;No;597;597;93;0.61;602;0.86;0.78
692965;No;597;596;93;0.61;601;0.86;0.78
693003;No;596;596;93;0.61;600;0.86;0.78
693048;No;596;596;93;0.61;599;0.86;0.78
693094;No;596;596;93;0.61;598;0.86;0.78
693132;No;596;596;93;0.61;599;0.86;0.78
693188;No;596;596;93;0.61;599;0.86;0.78
693227;No;596;596;93;0.61;600;0.86;0.78
693287;No;596;596;93;0.61;600;0.86;0.78
693330;No;596;596;93;0.61;600;0.86;0.78
693370;No;596;596;93;0.61;601;0.86;0.78
693409;No;596;596;93;0.61;601;0.86;0.77
693486;No;596;596;93;0.61;602;0.86;0.77
693525;No;596;596;93;0.61;600;0.87;0.77
693571;No;595;595;93;0.61;599;0.86;0.77
693635;No;595;595;93;0.61;598;0.86;0.77
693676;No;595;595;93;0.61;597;0.86;0.77
693715;No;595;595;93;0.61;595;0.86;0.77
693731;No;595;595;93;0.61;594;0.86;0.77
693787;No;595;595;93;0.61;593;0.86;0.77
693829;No;595;595;93;0.61;592;0.86;0.77
693851;No;595;595;93;0.61;591;0.86;0.77
693893;No;595;595;93;0.61;590;0.86;0.77
693933;No;595;595;93;0.61;590;0.86;0.77
693977;No;595;595;93;0.61;590;0.86;0.77
694017;No;594;595;93;0.61;589;0.86;0.77
694031;No;594;594;93;0.61;588;0.86;0.77
694087;No;594;594;93;0.61;588;0.86;0.77
694127;No;594;594;93;0.61;588;0.86;0.77
694172;No;594;594;93;0.61;588;0.86;0.77
694216;No;594;594;93;0.61;588;0.86;0.77
694255;No;594;594;93;0.61;589;0.86;0.77
694293;No;594;594;93;0.61;590;0.86;0.77
694332;No;594;594;93;0.61;590;0.86;0.77
694388;No;594;594;93;0.61;590;0.86;0.77
694425;No;594;594;93;0.61;591;0.86;0.77
694466;No;594;594;93;0.61;592;0.86;0.77
694482;No;594;594;93;0.61;592;0.86;0.77
694535;No;594;594;94;0.61;592;0.86;0.77
694588;No;594;594;94;0.61;592;0.86;0.77
694600;No;594;594;94;0.61;592;0.86;0.77
694642;No;594;594;94;0.61;592;0.86;0.77
694690;No;594;594;94;0.61;592;0.86;0.77
694732;No;593;593;94;0.61;592;0.86;0.77
694751;No;593;593;94;0.61;592;0.86;0.77
694790;No;593;593;94;0.61;591;0.86;0.77
694829;No;593;593;94;0.61;591;0.86;0.77
694893;No;593;593;94;0.61;591;0.86;0.77
694939;No;593;593;94;0.61;591;0.86;0.77
694987;No;593;593;94;0.61;590;0.86;0.77
695028;No;593;593;94;0.61;590;0.86;0.77
695066;No;593;593;94;0.61;590;0.86;0.77
695081;No;593;593;94;0.61;590;0.86;0.77
695119;No;593;593;94;0.61;589;0.87;0.77
695141;No;593;592;94;0.61;588;0.87;0.77
695181;No;593;592;94;0.61;587;0.87;0.77
695220;No;592;592;94;0.61;586;0.87;0.77
695266;No;592;592;94;0.61;585;0.87;0.77
695309;No;592;592;94;0.61;584;0.87;0.77
695320;No;592;592;94;0.61;583;0.87;0.77
695360;No;592;592;94;0.61;582;0.87;0.77
695401;No;592;592;94;0.61;582;0.87;0.77
695439;No;592;592;94;0.61;582;0.87;0.77
695478;No;592;592;94;0.61;583;0.87;0.77
695524;No;592;592;94;0.61;583;0.87;0.77
695588;No;592;592;94;0.61;583;0.87;0.77
695633;No;592;592;94;0.61;583;0.87;0.77
695673;No;592;592;94;0.61;583;0.87;0.77
695711;No;592;592;94;0.61;583;0.87;0.77
695754;No;592;592;94;0.61;584;0.87;0.77
695771;No;592;591;94;0.61;585;0.87;0.77
695817;No;592;591;94;0.61;586;0.87;0.77
695831;No;591;591;94;0.61;587;0.87;0.77
695888;No;591;591;94;0.61;588;0.87;0.77
695934;No;591;591;94;0.61;589;0.87;0.77
696004;No;591;591;94;0.61;590;0.87;0.77
696044;No;591;591;94;0.61;591;0.87;0.77
696084;No;591;591;94;0.61;590;0.87;0.77
696130;No;591;591;94;0.61;590;0.87;0.77
696187;No;591;591;94;0.61;589;0.87;0.77
696228;No;591;591;94;0.61;588;0.87;0.77
696266;No;591;590;94;0.61;588;0.87;0.77
696281;No;591;590;94;0.61;587;0.87;0.77
696321;No;590;590;94;0.61;586;0.87;0.77
696341;No;590;590;94;0.61;585;0.87;0.77
696380;No;590;590;94;0.61;586;0.87;0.77
696420;No;590;590;94;0.61;586;0.87;0.77
696430;No;590;590;94;0.61;587;0.87;0.77
696487;No;590;590;94;0.61;588;0.87;0.77
696534;No;590;590;94;0.61;588;0.87;0.77
696551;No;590;590;94;0.61;589;0.87;0.77
696589;No;590;590;94;0.61;590;0.87;0.77
696628;No;590;590;94;0.61;590;0.87;0.77
696675;No;590;590;94;0.61;590;0.87;0.77
696720;No;590;590;94;0.61;589;0.87;0.77
696788;No;590;590;94;0.61;588;0.87;0.77
696829;No;590;590;94;0.61;588;0.87;0.77
696869;No;590;589;94;0.61;588;0.87;0.77
696880;No;589;589;94;0.61;587;0.87;0.77
696926;No;589;589;94;0.61;586;0.87;0.77
696943;No;589;589;94;0.61;586;0.87;0.77
696985;No;589;589;94;0.61;586;0.87;0.77
697031;No;589;589;94;0.61;586;0.86;0.77
697109;No;589;589;94;0.61;587;0.86;0.77
697156;No;589;589;94;0.61;587;0.86;0.77
697196;No;589;589;94;0.61;587;0.86;0.77
697236;No;589;589;94;0.61;588;0.86;0.77
697274;No;589;589;94;0.61;588;0.86;0.77
697316;No;589;589;94;0.61;588;0.86;0.77
697330;No;588;589;94;0.61;588;0.86;0.77
697387;No;588;588;94;0.61;588;0.86;0.77
697432;No;588;588;94;0.61;587;0.86;0.77
697472;No;588;588;94;0.61;587;0.86;0.77
697512;No;588;588;94;0.61;586;0.86;0.77
697556;No;588;588;94;0.61;586;0.86;0.77
697572;No;588;588;94;0.61;586;0.86;0.77
697611;No;588;588;94;0.61;586;0.86;0.77
697649;No;588;588;94;0.61;586;0.87;0.77
697721;No;588;588;94;0.61;586;0.86;0.77
697765;No;588;588;94;0.61;586;0.86;0.77
697814;No;588;588;94;0.61;587;0.86;0.77
697858;No;588;588;94;0.61;587;0.86;0.77
697872;No;588;588;94;0.61;588;0.86;0.77
697915;No;588;588;94;0.61;588;0.86;0.77
697932;No;588;587;94;0.61;588;0.86;0.77
697989;No;587;587;94;0.61;589;0.86;0.77
698027;No;587;587;94;0.61;590;0.86;0.77
698066;No;587;587;94;0.61;590;0.86;0.77
698082;No;587;587;94;0.61;591;0.86;0.77
698131;No;587;587;94;0.61;592;0.86;0.77
698171;No;587;587;94;0.61;592;0.86;0.77
698211;No;587;587;94;0.61;593;0.86;0.77
698253;No;587;587;94;0.61;594;0.86;0.77
698326;No;587;587;94;0.61;594;0.86;0.77
698374;No;587;587;94;0.61;594;0.86;0.77
698415;No;586;587;94;0.61;594;0.86;0.77
698453;No;586;586;94;0.61;594;0.86;0.77
698492;No;586;586;94;0.61;594;0.86;0.77
698538;No;586;586;94;0.61;594;0.86;0.77
698597;No;586;586;94;0.61;595;0.86;0.77
698636;No;586;586;94;0.61;595;0.86;0.77
698652;No;586;586;94;0.61;594;0.86;0.77
698693;No;586;586;94;0.61;594;0.86;0.77
698731;No;586;586;94;0.61;593;0.86;0.77
698771;No;586;586;94;0.61;592;0.86;0.77
698810;No;586;586;94;0.61;592;0.86;0.77
698850;No;586;586;94;0.61;591;0.86;0.77
698928;No;586;586;94;0.61;590;0.86;0.77
698967;No;586;586;94;0.61;590;0.86;0.77
699036;No;585;586;94;0.61;590;0.87;0.77
699078;No;585;585;94;0.61;590;0.87;0.77
699121;No;585;585;94;0.61;590;0.87;0.77
699188;No;585;585;94;0.61;589;0.87;0.77
699228;No;585;585;94;0.61;589;0.87;0.77
699268;No;585;585;94;0.61;589;0.87;0.77
699282;No;585;585;94;0.61;589;0.87;0.77
699326;No;585;585;94;0.61;589;0.87;0.77
699341;No;585;585;94;0.61;589;0.87;0.77
699381;No;585;585;94;0.61;589;0.87;0.77
699422;No;585;585;94;0.61;589;0.87;0.77
699488;No;584;585;94;0.61;590;0.87;0.77
699529;No;584;584;94;0.61;590;0.87;0.77
699568;No;584;584;94;0.61;590;0.87;0.77
699582;No;584;584;94;0.61;590;0.87;0.77
699621;No;584;584;94;0.61;590;0.87;0.77
699687;No;584;584;94;0.61;591;0.87;0.77
699701;No;584;584;94;0.61;592;0.87;0.77
699744;No;584;584;94;0.61;592;0.87;0.77
699790;No;584;584;94;0.61;593;0.87;0.77
699832;No;584;584;94;0.61;594;0.87;0.77
699872;No;584;584;94;0.61;594;0.87;0.77
699911;No;584;584;94;0.61;595;0.87;0.77
699951;No;584;584;94;0.61;595;0.87;0.77
699992;No;584;584;94;0.61;595;0.87;0.77
700042;No;584;584;94;0.61;595;0.87;0.77
700091;No;583;583;94;0.61;594;0.87;0.77
700130;No;583;583;94;0.61;594;0.87;0.77
700169;No;583;583;94;0.61;594;0.87;0.77
700181;No;583;583;94;0.61;594;0.87;0.77
700220;No;583;583;94;0.61;594;0.87;0.77
700258;No;583;583;94;0.61;594;0.87;0.77
700270;No;583;583;94;0.61;593;0.87;0.77
700310;No;583;583;94;0.61;593;0.86;0.77
700331;No;583;583;94;0.61;593;0.86;0.77
700390;No;583;583;94;0.61;592;0.86;0.77
700429;No;583;583;94;0.61;592;0.86;0.77
700469;No;583;583;94;0.61;592;0.86;0.77
700481;No;583;583;94;0.61;592;0.86;0.77
700530;No;582;583;94;0.61;591;0.86;0.77
700541;No;582;582;94;0.61;595;0.86;0.77
700580;No;582;582;94;0.61;600;0.86;0.77
700619;No;582;582;94;0.61;604;0.86;0.77
700689;No;582;582;94;0.61;608;0.86;0.77
700733;No;582;582;94;0.61;612;0.86;0.77
700773;No;582;582;94;0.61;616;0.86;0.77
700812;No;582;582;94;0.61;620;0.86;0.77
700854;No;582;582;94;0.61;624;0.86;0.77
700892;No;582;582;94;0.61;620;0.87;0.77
700938;No;582;582;95;0.61;617;0.87;0.77
700989;No;582;582;95;0.61;614;0.87;0.77
701029;No;582;582;95;0.61;610;0.87;0.77
701052;No;582;582;95;0.61;607;0.87;0.77
701094;No;582;582;95;0.61;604;0.87;0.77
701145;No;582;582;95;0.61;600;0.87;0.77
701184;No;582;582;95;0.61;597;0.87;0.77
701202;No;582;582;95;0.61;594;0.87;0.77
701241;No;582;582;95;0.61;592;0.87;0.77
701288;No;582;581;95;0.61;589;0.87;0.77
701332;No;581;581;95;0.61;587;0.87;0.77
701373;No;581;581;95;0.61;584;0.87;0.77
701418;No;581;581;95;0.61;582;0.87;0.77
701457;No;581;581;95;0.61;580;0.87;0.77
701471;No;581;581;95;0.61;577;0.87;0.77
701515;No;581;581;95;0.61;578;0.87;0.77
701531;No;581;581;95;0.61;578;0.87;0.77
701588;No;581;581;95;0.61;578;0.87;0.77
701633;No;581;581;95;0.61;579;0.87;0.77
701671;No;581;581;95;0.61;579;0.87;0.77
701714;No;581;581;95;0.61;580;0.87;0.77
701752;No;581;581;95;0.61;580;0.87;0.77
701791;No;581;581;95;0.61;581;0.87;0.77
701829;No;581;581;95;0.61;579;0.87;0.77
701889;No;581;581;95;0.61;577;0.87;0.77
701936;No;581;581;95;0.61;576;0.87;0.77
701951;No;580;581;95;0.61;574;0.87;0.77
701989;No;580;580;95;0.61;572;0.87;0.77
702030;No;580;580;95;0.61;570;0.87;0.77
702070;No;580;580;95;0.61;568;0.87;0.77
702114;No;580;580;95;0.61;567;0.87;0.77
702189;No;580;580;95;0.61;568;0.87;0.77
702222;No;580;580;95;0.61;570;0.87;0.77
702261;No;580;580;95;0.61;571;0.87;0.77
702282;No;580;580;95;0.61;572;0.87;0.77
702322;No;580;580;95;0.61;574;0.87;0.77
702363;No;580;580;95;0.61;575;0.87;0.77
702401;No;580;580;95;0.61;576;0.87;0.77
702440;No;580;580;95;0.61;578;0.87;0.77
702488;No;580;580;95;0.61;578;0.87;0.77
702529;No;580;580;95;0.61;578;0.86;0.77
702569;No;580;580;95;0.61;578;0.86;0.77
702581;No;580;580;95;0.61;579;0.86;0.77
702626;No;580;580;95;0.61;579;0.86;0.77
702641;No;580;580;95;0.61;580;0.86;0.77
702681;No;580;580;95;0.61;580;0.86;0.77
702720;No;579;579;95;0.61;580;0.86;0.77
702792;No;579;579;95;0.61;581;0.86;0.77
702831;No;579;579;95;0.61;582;0.86;0.77
702873;No;579;579;95;0.61;582;0.86;0.77
702914;No;579;579;95;0.61;584;0.86;0.77
702953;No;579;579;95;0.61;584;0.86;0.77
703003;No;579;579;95;0.61;585;0.86;0.77
703044;No;579;579;95;0.61;586;0.86;0.77
703090;No;579;579;95;0.61;586;0.86;0.77
703130;No;579;579;95;0.61;586;0.86;0.77
703169;No;579;579;95;0.61;586;0.86;0.77
703181;No;579;579;95;0.61;586;0.86;0.77
703220;No;579;579;95;0.61;586;0.86;0.77
703258;No;579;579;95;0.61;586;0.86;0.77
703324;No;579;579;95;0.61;586;0.86;0.77
703389;No;579;579;95;0.61;586;0.86;0.77
703428;No;579;579;95;0.61;586;0.86;0.77
703468;No;578;578;95;0.61;586;0.86;0.77
703527;No;578;578;95;0.61;585;0.86;0.77
703540;No;578;578;95;0.61;584;0.86;0.77
703579;No;578;578;95;0.61;584;0.86;0.77
703617;No;578;578;95;0.61;584;0.86;0.77
703690;No;578;578;95;0.61;583;0.86;0.77
703729;No;578;578;95;0.61;582;0.86;0.77
703802;No;578;578;95;0.61;582;0.86;0.77
703841;No;578;578;95;0.61;582;0.86;0.77
703880;No;578;578;95;0.61;583;0.86;0.77
703918;No;578;578;95;0.61;583;0.86;0.77
703990;No;578;578;95;0.61;583;0.86;0.77
704031;No;578;578;95;0.61;584;0.86;0.77
704070;No;578;578;95;0.61;584;0.86;0.77
704136;No;578;578;95;0.61;584;0.86;0.77
704175;No;577;577;95;0.61;584;0.86;0.77
704223;No;577;577;95;0.61;584;0.86;0.77
704291;No;577;577;95;0.61;583;0.86;0.77
704329;No;577;577;95;0.61;582;0.86;0.77
704370;No;577;577;95;0.61;582;0.86;0.77
704434;No;577;577;95;0.61;581;0.86;0.77
704474;No;577;577;95;0.61;580;0.86;0.77
704513;No;577;577;95;0.61;579;0.86;0.77
704552;No;577;577;95;0.61;578;0.86;0.77
704624;No;577;577;95;0.61;579;0.86;0.77
704671;No;577;577;95;0.61;579;0.86;0.77
704734;No;577;577;95;0.61;580;0.86;0.77
704775;No;577;577;95;0.61;580;0.86;0.77
704813;No;577;577;95;0.61;580;0.86;0.77
704832;No;576;577;95;0.61;580;0.86;0.77
704889;No;576;576;95;0.61;581;0.86;0.77
704929;No;576;576;95;0.61;581;0.86;0.77
704969;No;576;576;95;0.61;581;0.86;0.77
704982;No;576;576;95;0.61;581;0.86;0.77
705026;No;576;576;95;0.61;581;0.86;0.77
705041;No;576;576;95;0.61;581;0.86;0.77
705081;No;576;576;95;0.61;581;0.86;0.77
705121;No;576;576;95;0.61;581;0.86;0.77
705188;No;576;576;95;0.61;580;0.86;0.77
705228;No;576;576;95;0.61;580;0.86;0.77
705269;No;576;576;95;0.61;581;0.86;0.77
705281;No;576;576;95;0.61;582;0.86;0.77
705322;No;576;576;95;0.61;583;0.86;0.77
705361;No;576;576;95;0.61;584;0.86;0.77
705401;No;576;576;95;0.61;584;0.86;0.77
705442;No;576;576;95;0.61;585;0.86;0.77
705490;No;576;576;95;0.61;586;0.86;0.77
705534;No;576;576;95;0.61;586;0.86;0.77
705574;No;576;576;95;0.61;586;0.86;0.77
705612;No;575;576;95;0.61;585;0.86;0.77
705655;No;575;575;95;0.61;584;0.86;0.77
705671;No;575;575;95;0.61;584;0.86;0.77
705710;No;575;575;95;0.61;583;0.86;0.77
705750;No;575;575;95;0.61;582;0.86;0.77
705824;No;575;575;95;0.61;582;0.86;0.77
705862;No;575;575;95;0.61;581;0.86;0.77
705881;No;575;575;95;0.61;582;0.86;0.77
705921;No;575;575;95;0.61;582;0.86;0.77
705960;No;575;575;95;0.61;583;0.86;0.77
706024;No;575;575;95;0.61;584;0.86;0.77
706100;No;575;575;95;0.61;584;0.86;0.77
706129;No;575;575;95;0.61;585;0.86;0.77
706169;No;575;575;95;0.61;586;0.86;0.77
706181;No;575;575;95;0.61;587;0.86;0.77
706220;No;575;575;95;0.61;586;0.86;0.77
706241;No;575;575;95;0.61;586;0.86;0.77
706286;No;575;575;95;0.61;585;0.86;0.77
706301;No;574;574;95;0.61;584;0.86;0.77
706341;No;574;574;95;0.61;584;0.86;0.77
706390;No;574;574;95;0.61;583;0.86;0.77
706428;No;574;574;95;0.61;582;0.86;0.77
706472;No;574;574;95;0.61;582;0.86;0.77
706510;No;574;574;95;0.61;581;0.86;0.77
706550;No;574;574;95;0.61;581;0.86;0.77
706571;No;574;574;95;0.61;580;0.86;0.77
706611;No;574;574;95;0.61;580;0.86;0.77
706632;No;574;574;95;0.61;580;0.86;0.77
706688;No;574;574;95;0.61;580;0.86;0.77
706729;No;574;574;95;0.61;579;0.86;0.77
706769;No;574;574;95;0.61;579;0.86;0.77
706784;No;574;574;95;0.61;579;0.86;0.77
706831;No;574;574;95;0.61;579;0.86;0.77
706874;No;574;574;95;0.61;579;0.86;0.77
706918;No;574;574;95;0.61;579;0.86;0.77
706932;No;574;574;95;0.61;579;0.86;0.77
706989;No;574;574;95;0.61;579;0.86;0.77
707028;No;574;574;95;0.61;579;0.86;0.77
707074;No;573;573;95;0.61;579;0.86;0.77
707112;No;573;573;95;0.61;579;0.86;0.77
707152;No;573;573;95;0.61;580;0.86;0.77
707190;No;573;573;95;0.61;580;0.86;0.77
707231;No;573;573;95;0.61;580;0.86;0.77
707289;No;573;573;95;0.61;581;0.86;0.77
707335;No;573;573;95;0.61;581;0.86;0.77
707351;No;573;573;95;0.61;582;0.86;0.77
707391;No;573;573;95;0.61;582;0.86;0.77
707432;No;573;573;95;0.61;582;0.86;0.77
707473;No;573;573;95;0.61;582;0.86;0.77
707511;No;573;573;95;0.61;582;0.86;0.77
707549;No;573;573;95;0.61;582;0.86;0.77
707624;No;573;573;95;0.61;582;0.86;0.77
707671;No;572;572;95;0.61;582;0.86;0.77
707736;No;572;572;95;0.61;582;0.86;0.77
707775;No;572;572;95;0.61;582;0.86;0.77
707813;No;572;572;95;0.61;582;0.86;0.77
707831;No;572;572;96;0.61;582;0.86;0.77
707888;No;572;572;96;0.61;581;0.86;0.77
707927;No;572;572;96;0.61;581;0.86;0.77
707967;No;572;572;96;0.61;580;0.86;0.77
707982;No;572;572;96;0.61;580;0.86;0.77
708030;No;572;572;96;0.61;580;0.86;0.77
708073;No;572;572;96;0.61;580;0.86;0.77
708112;No;572;572;96;0.61;580;0.86;0.77
708150;No;572;572;96;0.61;580;0.86;0.77
708223;No;572;572;96;0.61;580;0.86;0.77
708262;No;572;572;96;0.61;580;0.86;0.77
708302;No;572;572;96;0.61;580;0.86;0.77
708343;No;572;572;96;0.61;580;0.86;0.77
708382;No;572;572;96;0.61;580;0.86;0.77
708400;No;571;572;96;0.61;580;0.86;0.77
708439;No;571;571;96;0.61;581;0.86;0.77
708489;No;571;571;96;0.61;582;0.86;0.77
708527;No;571;571;96;0.61;582;0.86;0.77
708568;No;571;571;96;0.61;584;0.86;0.77
708583;No;571;571;96;0.61;584;0.86;0.77
708615;No;571;571;96;0.61;586;0.86;0.77
708641;No;571;571;96;0.61;586;0.86;0.77
708682;No;571;571;96;0.61;587;0.86;0.77
708721;No;571;571;96;0.61;586;0.86;0.77
708789;No;571;571;96;0.61;586;0.86;0.77
708836;No;571;571;96;0.61;585;0.86;0.77
708852;No;571;571;96;0.61;585;0.86;0.77
708900;No;571;571;96;0.61;584;0.86;0.77
708943;No;571;571;96;0.61;583;0.86;0.77
708982;No;571;571;96;0.61;583;0.86;0.77
709002;No;571;571;96;0.61;582;0.86;0.77
709042;No;570;571;96;0.61;582;0.86;0.77
709088;No;570;570;96;0.61;582;0.86;0.77
709127;No;570;570;96;0.61;582;0.86;0.77
709165;No;570;570;96;0.61;583;0.86;0.77
709180;No;570;570;96;0.61;583;0.86;0.77
709225;No;570;570;96;0.61;583;0.86;0.77
709242;No;570;570;96;0.61;583;0.86;0.77
709281;No;570;570;96;0.61;584;0.86;0.77
709319;No;570;570;96;0.61;583;0.86;0.77
709332;No;570;570;96;0.61;582;0.86;0.77
709389;No;570;570;96;0.61;582;0.86;0.77
709428;No;570;570;96;0.61;581;0.86;0.77
709468;No;570;570;96;0.61;580;0.86;0.77
709481;No;570;570;96;0.61;580;0.86;0.77
709532;No;570;570;96;0.61;579;0.86;0.77
709571;No;570;570;96;0.61;578;0.86;0.77
709610;No;570;570;96;0.61;579;0.86;0.77
709648;No;570;570;96;0.61;579;0.86;0.77
709723;No;570;570;96;0.61;579;0.86;0.77
709767;No;570;570;96;0.61;580;0.86;0.77
709781;No;570;570;96;0.61;580;0.86;0.77
709822;No;569;569;96;0.61;580;0.86;0.77
709862;No;569;569;96;0.61;580;0.86;0.77
709902;No;569;569;96;0.61;581;0.86;0.77
709947;No;569;569;96;0.61;580;0.86;0.77
710022;No;569;569;96;0.61;580;0.86;0.77
710060;No;569;569;96;0.61;580;0.86;0.77
710101;No;569;569;96;0.61;580;0.86;0.77
710140;No;569;569;96;0.61;580;0.86;0.77
710186;No;569;569;96;0.61;580;0.86;0.77
710201;No;569;569;96;0.61;579;0.86;0.77
710243;No;569;569;96;0.61;579;0.86;0.77
710324;No;569;569;96;0.61;579;0.86;0.77
710364;No;569;569;96;0.61;580;0.86;0.77
710383;No;569;569;96;0.61;580;0.86;0.77
710420;No;569;569;96;0.61;580;0.86;0.77
710462;No;568;568;96;0.61;580;0.86;0.77
710502;No;568;568;96;0.61;580;0.86;0.77
710540;No;568;568;96;0.61;581;0.86;0.77
710589;No;568;568;96;0.61;581;0.86;0.77
710628;No;568;568;96;0.61;581;0.86;0.77
710674;No;568;568;96;0.61;581;0.86;0.77
710713;No;568;568;96;0.61;581;0.86;0.77
710754;No;568;568;96;0.61;581;0.86;0.77
710772;No;568;568;96;0.61;581;0.86;0.77
710814;No;568;568;96;0.61;581;0.86;0.77
710853;No;568;568;96;0.61;581;0.86;0.77
710922;No;568;568;96;0.61;581;0.86;0.77
710963;No;568;568;96;0.61;581;0.86;0.77
710981;No;568;568;96;0.61;581;0.86;0.77
711026;No;568;568;96;0.61;581;0.86;0.77
711041;No;568;568;96;0.61;581;0.86;0.77
711079;No;568;568;96;0.61;581;0.86;0.77
711120;No;568;568;96;0.61;581;0.86;0.77
711210;No;568;568;96;0.61;581;0.86;0.77
711220;No;567;567;96;0.61;581;0.86;0.77
711258;No;567;567;96;0.61;580;0.86;0.77
711298;No;567;567;96;0.61;578;0.86;0.77
711363;No;567;567;96;0.61;577;0.86;0.77
711412;No;567;567;96;0.61;576;0.86;0.77
711452;No;567;567;96;0.61;575;0.86;0.77
711522;No;567;567;96;0.61;574;0.86;0.77
711560;No;567;567;96;0.61;573;0.86;0.77
711601;No;567;567;96;0.61;572;0.86;0.77
711646;No;567;567;96;0.61;571;0.86;0.77
711686;No;567;567;96;0.61;571;0.86;0.77
711701;No;567;567;96;0.61;571;0.86;0.77
711741;No;567;567;96;0.61;571;0.86;0.77
711821;No;567;567;96;0.61;570;0.86;0.77
711864;No;566;566;96;0.61;570;0.86;0.77
711903;No;566;566;96;0.61;570;0.86;0.77
711943;No;566;566;96;0.61;570;0.86;0.77
711982;No;566;566;96;0.61;570;0.86;0.77
712025;No;566;566;96;0.61;570;0.86;0.77
712090;No;566;566;96;0.61;570;0.86;0.77
712130;No;566;566;96;0.61;570;0.86;0.77
712170;No;566;566;96;0.61;570;0.86;0.77
712235;No;566;566;96;0.61;570;0.86;0.77
712274;No;566;566;96;0.61;571;0.86;0.77
712313;No;566;566;96;0.61;571;0.86;0.77
712353;No;566;566;96;0.61;570;0.86;0.77
712429;No;566;566;96;0.61;569;0.86;0.77
712490;No;566;566;96;0.61;568;0.86;0.77
712530;No;566;566;96;0.61;567;0.86;0.77
712569;No;565;566;96;0.61;566;0.86;0.77
712610;No;565;565;96;0.61;565;0.86;0.77
712650;No;565;565;96;0.61;564;0.86;0.77
712722;No;565;565;96;0.61;563;0.86;0.77
712761;No;565;565;96;0.61;563;0.86;0.77
712801;No;565;565;96;0.61;563;0.86;0.77
712850;No;565;565;96;0.61;562;0.86;0.77
712889;No;565;565;96;0.61;562;0.86;0.77
712901;No;565;565;96;0.61;562;0.86;0.77
712941;No;565;565;96;0.61;562;0.86;0.77
712989;No;565;565;96;0.61;561;0.86;0.77
713028;No;565;565;96;0.61;561;0.86;0.77
713067;No;565;565;96;0.61;562;0.86;0.77
713081;No;565;565;96;0.61;562;0.86;0.77
713123;No;565;565;96;0.61;563;0.86;0.77
713141;No;565;565;96;0.61;564;0.86;0.77
713181;No;564;565;96;0.61;564;0.86;0.77
713219;No;564;564;96;0.61;565;0.86;0.77
713231;No;564;564;96;0.61;566;0.86;0.77
713296;No;564;564;96;0.61;566;0.86;0.77
713339;No;564;564;96;0.61;566;0.86;0.77
713404;No;564;564;96;0.61;565;0.86;0.77
713442;No;564;564;96;0.61;565;0.86;0.77
713481;No;564;564;96;0.61;565;0.86;0.77
713523;No;564;564;96;0.61;564;0.86;0.77
713591;No;564;564;96;0.61;564;0.86;0.77
713631;No;564;564;96;0.61;564;0.86;0.77
713651;No;564;564;96;0.61;563;0.86;0.77
713692;No;564;564;96;0.61;564;0.86;0.77
713738;No;564;564;96;0.61;566;0.86;0.77
713779;No;564;564;96;0.61;567;0.86;0.77
713822;No;564;564;96;0.61;568;0.86;0.77
713888;No;564;564;96;0.61;570;0.86;0.77
713932;No;564;564;96;0.61;571;0.86;0.77
713951;No;564;563;96;0.61;572;0.86;0.77
713989;No;564;563;96;0.61;573;0.86;0.77
714028;No;563;563;96;0.61;574;0.86;0.77
714042;No;563;563;96;0.61;574;0.86;0.77
714082;No;563;563;96;0.61;575;0.86;0.77
714101;No;563;563;96;0.61;576;0.86;0.77
714139;No;563;563;96;0.61;576;0.86;0.77
714190;No;563;563;96;0.61;577;0.86;0.77
714234;No;563;563;96;0.61;577;0.86;0.77
714274;No;563;563;96;0.61;578;0.86;0.77
714318;No;563;563;96;0.61;592;0.86;0.77
714357;No;563;563;96;0.61;606;0.86;0.77
714374;No;563;563;96;0.61;621;0.86;0.77
714413;No;563;563;96;0.61;635;0.86;0.77
714455;No;563;562;96;0.61;650;0.86;0.77
714527;No;562;562;96;0.61;664;0.86;0.77
714566;No;562;562;96;0.61;678;0.86;0.77
714636;No;562;562;96;0.61;693;0.86;0.77
714675;No;562;562;96;0.61;737;0.86;0.77
714714;No;562;562;96;0.61;781;0.85;0.77
714732;No;562;562;96;0.61;824;0.85;0.77
714789;No;561;562;96;0.61;868;0.85;0.77
714828;No;561;561;96;0.61;912;0.85;0.77
714867;No;561;561;96;0.61;956;0.85;0.77
714882;No;561;561;96;0.61;1000;0.85;0.77
714924;No;561;561;96;0.61;1044;0.85;0.77
714970;No;561;561;96;0.61;1076;0.85;0.77
715015;No;561;561;96;0.61;1107;0.85;0.77
715090;No;561;560;96;0.61;1139;0.85;0.77
715129;No;560;560;96;0.61;1170;0.85;0.77
715173;No;560;560;96;0.61;1202;0.86;0.77
715213;No;560;560;96;0.61;1233;0.86;0.77
715251;No;560;560;96;0.61;1264;0.86;0.77
715290;No;560;560;96;0.61;1296;0.86;0.77
715301;No;560;560;96;0.61;1296;0.86;0.77
715353;No;560;560;96;0.61;1296;0.86;0.77
715423;No;560;560;96;0.61;1296;0.86;0.77
715461;No;559;560;96;0.61;1296;0.85;0.77
715502;No;559;559;96;0.61;1297;0.85;0.77
715546;No;559;559;96;0.61;1297;0.85;0.77
715587;No;559;559;96;0.61;1297;0.85;0.77
715601;No;559;559;96;0.61;1297;0.84;0.77
715640;No;559;559;96;0.61;1306;0.84;0.77
715689;No;559;559;96;0.61;1314;0.84;0.77
715727;No;559;559;96;0.61;1323;0.84;0.77
715768;No;559;559;96;0.61;1332;0.83;0.77
715783;No;559;559;96;0.61;1341;0.83;0.77
715824;No;558;559;96;0.61;1350;0.83;0.77
715844;No;558;558;96;0.61;1358;0.83;0.76
715883;No;558;558;96;0.61;1367;0.82;0.76
715924;No;558;558;96;0.61;1376;0.82;0.76
715989;No;558;558;96;0.61;1386;0.82;0.76
716030;No;558;558;96;0.61;1395;0.82;0.76
716069;No;558;558;96;0.61;1404;0.82;0.76
716083;No;558;558;96;0.61;1414;0.81;0.75
716123;No;558;558;96;0.61;1423;0.81;0.75
716144;No;558;558;96;0.61;1432;0.81;0.74
716190;No;558;558;96;0.61;1442;0.81;0.74
716257;No;558;558;96;0.61;1458;0.81;0.74
716295;No;558;558;96;0.61;1474;0.81;0.73
716338;No;558;558;95;0.61;1490;0.81;0.74
716352;No;557;558;95;0.61;1506;0.80;0.74
716393;No;557;557;95;0.61;1522;0.80;0.74
716432;No;557;557;95;0.61;1539;0.80;0.74
716471;No;557;557;95;0.61;1555;0.80;0.74
716511;No;557;557;95;0.61;1571;0.80;0.74
716535;No;557;557;95;0.61;1587;0.80;0.75
716587;No;557;557;95;0.61;1604;0.80;0.75
716626;No;557;557;95;0.61;1620;0.80;0.75
716667;No;557;557;95;0.61;1636;0.80;0.75
716685;No;557;557;95;0.61;1652;0.80;0.75
716724;No;557;557;95;0.61;1669;0.80;0.75
716765;No;557;557;95;0.61;1685;0.79;0.75
716805;No;557;557;95;0.61;1702;0.79;0.75
716850;No;557;557;95;0.61;1715;0.79;0.75
716929;No;557;557;95;0.61;1728;0.79;0.75
716968;No;557;557;95;0.61;1742;0.79;0.75
716982;No;556;557;95;0.61;1755;0.79;0.75
717020;No;556;556;95;0.61;1768;0.79;0.75
717063;No;556;556;95;0.61;1782;0.79;0.76
717102;No;556;556;95;0.61;1795;0.79;0.76
717144;No;556;556;95;0.61;1809;0.79;0.76
717189;No;556;556;95;0.61;1824;0.79;0.76
717228;No;556;556;95;0.61;1839;0.79;0.76
717273;No;556;556;95;0.61;1854;0.79;0.77
717313;No;556;556;95;0.61;1869;0.79;0.77
717356;No;556;556;95;0.61;1884;0.79;0.78
717372;No;556;556;95;0.61;1899;0.78;0.79
717415;No;556;556;95;0.61;1914;0.78;0.79
717490;No;556;556;95;0.61;1929;0.78;0.80
717530;No;556;556;95;0.61;1946;0.78;0.80
717575;No;556;556;95;0.61;1964;0.78;0.81
717613;No;556;556;95;0.61;1982;0.78;0.81
717660;No;556;556;95;0.61;2000;0.78;0.80
717702;No;556;556;95;0.61;2018;0.78;0.80
717742;No;556;556;95;0.61;2036;0.78;0.80
717788;No;556;556;95;0.61;2054;0.78;0.80
717828;No;556;556;95;0.61;2072;0.77;0.80
717869;No;556;556;95;0.61;2078;0.77;0.80
717883;No;556;556;95;0.61;2086;0.77;0.80
717922;No;556;556;95;0.61;2093;0.78;0.80
717962;No;556;556;95;0.61;2100;0.78;0.80
718007;No;556;556;95;0.61;2107;0.78;0.80
718046;No;556;556;95;0.61;2114;0.78;0.80
718088;No;556;556;95;0.61;2121;0.78;0.80
718129;No;556;556;95;0.61;2128;0.78;0.80
718168;No;556;556;95;0.61;2098;0.78;0.80
718184;No;556;556;95;0.61;2069;0.78;0.80
718222;No;556;556;95;0.61;2039;0.78;0.80
718263;No;556;556;95;0.61;2010;0.78;0.80
718302;No;556;556;95;0.61;1980;0.79;0.80
718349;No;556;556;95;0.61;1951;0.79;0.81
718392;No;556;556;95;0.61;1921;0.79;0.81
718430;No;556;556;95;0.61;1892;0.79;0.81
718470;No;556;556;95;0.61;1864;0.79;0.81
718510;No;556;556;95;0.61;1836;0.79;0.82
718550;No;556;556;95;0.61;1808;0.78;0.81
718589;No;556;556;95;0.61;1781;0.78;0.81
718602;No;556;556;95;0.61;1753;0.78;0.81
718641;No;556;556;95;0.61;1726;0.78;0.81
718725;No;556;556;95;0.61;1698;0.77;0.80
718764;No;556;556;95;0.61;1670;0.77;0.80
718805;No;556;556;95;0.61;1674;0.77;0.80
718854;No;556;556;95;0.61;1678;0.77;0.80
718896;No;556;556;95;0.61;1682;0.77;0.79
718936;No;556;556;95;0.61;1686;0.76;0.79
718985;No;556;556;95;0.61;1690;0.76;0.79
719028;No;556;556;95;0.61;1694;0.76;0.79
719068;No;556;557;95;0.61;1698;0.76;0.79
719082;No;557;557;95;0.61;1702;0.76;0.78
719121;No;557;557;95;0.61;1690;0.76;0.78
719160;No;557;557;95;0.61;1679;0.76;0.78
719172;No;557;557;95;0.61;1667;0.76;0.78
719218;No;557;557;95;0.61;1656;0.76;0.78
719232;No;557;557;95;0.61;1644;0.76;0.78
719290;No;557;557;95;0.61;1632;0.76;0.78
719329;No;557;557;95;0.61;1621;0.77;0.77
719371;No;557;557;95;0.61;1610;0.77;0.77
719436;No;557;557;95;0.61;1594;0.77;0.77
719485;No;557;557;95;0.61;1579;0.77;0.77
719527;No;557;557;95;0.61;1564;0.77;0.77
719590;No;557;557;95;0.61;1548;0.77;0.77
719634;No;557;557;95;0.61;1533;0.77;0.77
719674;No;557;557;95;0.61;1518;0.77;0.77
719717;No;557;557;95;0.61;1503;0.78;0.77
719756;No;557;557;95;0.61;1488;0.78;0.77
719772;No;557;557;95;0.61;1478;0.78;0.76
719812;No;558;558;95;0.61;1468;0.78;0.76
719849;No;558;558;95;0.61;1458;0.78;0.76
719927;No;558;558;95;0.61;1448;0.78;0.76
719966;No;558;558;95;0.61;1438;0.78;0.76
720012;No;558;558;95;0.61;1428;0.78;0.76
720053;No;558;558;95;0.61;1418;0.78;0.76
720091;No;558;558;95;0.61;1408;0.78;0.76
720134;No;558;558;95;0.61;1362;0.78;0.76
720188;No;558;558;95;0.61;1317;0.78;0.76
720228;No;558;558;95;0.61;1272;0.78;0.76
720266;No;558;558;95;0.61;1226;0.78;0.76
720305;No;558;558;95;0.61;1180;0.78;0.76
720350;No;558;558;95;0.61;1135;0.78;0.76
720394;No;558;558;95;0.61;1089;0.78;0.76
720435;No;558;558;95;0.61;1044;0.78;0.76
720489;No;558;558;95;0.61;1030;0.78;0.76
720529;No;558;558;95;0.61;1018;0.78;0.76
720572;No;558;558;95;0.61;1004;0.78;0.76
720612;No;558;558;95;0.61;991;0.78;0.76
720653;No;558;558;95;0.61;978;0.78;0.76
720694;No;558;558;95;0.61;965;0.78;0.76
720734;No;558;558;95;0.61;952;0.78;0.76
720790;No;558;558;95;0.61;938;0.78;0.76
720828;No;558;558;95;0.61;935;0.78;0.76
720867;No;558;558;95;0.61;932;0.78;0.76
720883;No;558;558;95;0.61;930;0.78;0.76
720927;No;558;558;95;0.61;927;0.78;0.76
720943;No;558;558;95;0.61;924;0.78;0.76
720981;No;558;558;95;0.61;921;0.78;0.76
721022;No;558;558;95;0.61;918;0.78;0.76
721090;No;558;558;95;0.61;915;0.78;0.76
721131;No;558;558;95;0.61;912;0.78;0.76
721153;No;558;558;95;0.61;908;0.78;0.76
721192;No;558;558;95;0.61;905;0.78;0.76
721230;No;558;558;95;0.61;902;0.78;0.76
721276;No;558;558;95;0.61;899;0.79;0.76
721314;No;558;558;95;0.61;896;0.79;0.76
721390;No;558;558;95;0.61;892;0.79;0.76
721423;No;558;558;95;0.61;889;0.79;0.76
721464;No;558;558;95;0.61;886;0.79;0.76
721502;No;558;558;95;0.61;883;0.79;0.76
721544;No;558;558;95;0.61;880;0.79;0.76
721583;No;558;558;95;0.61;876;0.79;0.76
721625;No;558;558;95;0.61;874;0.79;0.76
721690;No;558;558;95;0.61;870;0.79;0.76
721729;No;558;558;95;0.61;867;0.79;0.76
721768;No;558;558;95;0.61;864;0.79;0.76
721783;No;558;558;95;0.61;862;0.79;0.76
721825;No;558;558;95;0.61;859;0.79;0.76
721864;No;558;558;95;0.61;857;0.79;0.76
721904;No;558;558;95;0.61;855;0.79;0.76
721943;No;558;558;95;0.61;852;0.79;0.76
721992;No;558;558;95;0.61;850;0.79;0.76
722037;No;558;558;95;0.61;848;0.79;0.76
722053;No;558;558;95;0.61;845;0.79;0.76
722093;No;558;558;95;0.61;846;0.79;0.76
722131;No;558;558;95;0.61;847;0.79;0.76
722173;No;558;558;95;0.61;848;0.79;0.76
722211;No;558;558;95;0.61;848;0.79;0.76
722250;No;558;558;95;0.61;849;0.79;0.76
722324;No;558;558;95;0.61;850;0.79;0.76
722367;No;557;558;95;0.61;851;0.79;0.75
722436;No;557;557;95;0.61;852;0.79;0.75
722478;No;557;557;95;0.61;859;0.79;0.75
722519;No;557;557;96;0.61;866;0.79;0.75
722533;No;557;557;96;0.61;874;0.79;0.75
722588;No;557;557;96;0.61;881;0.79;0.75
722627;No;557;557;96;0.61;888;0.79;0.75
722665;No;557;557;96;0.61;896;0.79;0.75
722726;No;557;557;96;0.61;903;0.79;0.75
722742;No;557;557;96;0.61;910;0.79;0.75
722785;No;557;557;96;0.61;910;0.79;0.75
722825;No;557;557;96;0.61;911;0.79;0.75
722889;No;557;557;96;0.61;911;0.79;0.75
722929;No;557;557;96;0.61;912;0.79;0.75
722974;No;557;557;96;0.61;912;0.79;0.75
723021;No;557;557;96;0.61;912;0.79;0.75
723060;No;557;557;96;0.61;913;0.79;0.75
723101;No;557;557;96;0.61;913;0.79;0.75
723141;No;557;557;96;0.61;956;0.79;0.75
723193;No;557;557;96;0.61;1000;0.79;0.75
723237;No;557;557;96;0.61;1043;0.79;0.75
723252;No;557;557;96;0.61;1086;0.79;0.75
723291;No;557;557;96;0.61;1129;0.79;0.75
723314;No;557;557;96;0.61;1172;0.79;0.75
723352;No;557;557;96;0.61;1216;0.79;0.75
723372;No;557;557;96;0.61;1259;0.79;0.75
723412;No;557;557;96;0.61;1277;0.79;0.75
723451;No;557;557;96;0.61;1295;0.80;0.75
723522;No;557;557;96;0.61;1313;0.80;0.75
723565;No;557;557;96;0.61;1331;0.81;0.75
723583;No;557;557;96;0.61;1350;0.81;0.75
723622;No;557;557;96;0.61;1368;0.82;0.76
723662;No;557;557;96;0.61;1386;0.83;0.76
723708;No;557;557;96;0.61;1404;0.83;0.76
723746;No;557;557;96;0.61;1404;0.84;0.76
723791;No;557;557;96;0.61;1405;0.83;0.76
723831;No;557;557;96;0.61;1406;0.83;0.77
723852;No;557;557;96;0.61;1406;0.83;0.77
723890;No;557;557;96;0.61;1407;0.83;0.77
723930;No;557;557;96;0.61;1408;0.83;0.77
723943;No;557;557;96;0.61;1408;0.83;0.78
723977;No;557;557;96;0.61;1409;0.83;0.78
724016;No;557;557;96;0.61;1413;0.83;0.78
724092;No;557;557;96;0.61;1418;0.82;0.78
724133;No;557;557;96;0.61;1422;0.82;0.78
724153;No;557;557;96;0.61;1426;0.82;0.78
724198;No;557;557;96;0.61;1431;0.82;0.78
724214;No;557;557;96;0.61;1435;0.82;0.78
724254;No;557;557;96;0.61;1440;0.82;0.78
724292;No;557;557;96;0.61;1444;0.81;0.78
724337;No;557;557;96;0.61;1455;0.81;0.77
724389;No;557;557;96;0.61;1466;0.81;0.77
724429;No;557;557;95;0.61;1477;0.81;0.77
724468;No;557;557;95;0.61;1488;0.81;0.77
724482;No;557;557;95;0.61;1499;0.81;0.77
724533;No;557;557;95;0.61;1510;0.81;0.78
724574;No;557;557;95;0.61;1520;0.81;0.78
724616;No;557;557;95;0.61;1532;0.81;0.78
724631;No;557;557;95;0.61;1560;0.81;0.78
724675;No;557;557;95;0.61;1588;0.81;0.78
724693;No;557;557;95;0.61;1616;0.81;0.78
724732;No;557;557;95;0.61;1645;0.80;0.78
724770;No;557;557;95;0.61;1673;0.80;0.78
724836;No;557;557;95;0.61;1701;0.80;0.78
724917;No;558;558;95;0.61;1730;0.80;0.78
725118;No;558;558;95;0.60;1758;0.79;0.79
725351;No;558;558;95;0.60;1803;0.79;0.79
725521;No;558;558;95;0.60;1849;0.79;0.79
725728;No;558;558;95;0.60;1894;0.78;0.78
725900;No;558;559;95;0.60;1940;0.78;0.78
726101;No;559;559;95;0.60;1986;0.78;0.78
726335;No;560;560;95;0.60;2031;0.77;0.77
726504;No;561;561;95;0.60;2077;0.77;0.77
726739;No;562;562;95;0.60;2122;0.76;0.77
726910;No;563;564;95;0.60;2174;0.76;0.76
727077;No;564;565;95;0.60;2226;0.75;0.76
727310;No;565;566;95;0.60;2278;0.74;0.75
727520;No;566;567;95;0.60;2329;0.73;0.74
727690;No;569;569;95;0.60;2381;0.73;0.74
727859;No;572;571;95;0.60;2432;0.72;0.73
728029;No;575;574;95;0.60;2484;0.71;0.72
728262;No;578;576;95;0.60;2536;0.70;0.72
728500;No;580;579;95;0.60;2443;0.69;0.71
728668;No;583;581;95;0.60;2351;0.71;0.70
728838;No;586;584;94;0.60;2259;0.72;0.71
729046;No;589;586;94;0.60;2166;0.74;0.73
729383;No;589;589;94;0.60;2074;0.75;0.74
729552;No;590;590;94;0.60;1982;0.77;0.75
729757;No;590;590;94;0.61;1890;0.78;0.76
729926;No;591;590;94;0.61;1798;0.80;0.77
730228;No;591;591;94;0.61;1784;0.81;0.78
730398;No;592;591;95;0.61;1770;0.81;0.79
730566;No;592;592;95;0.61;1757;0.81;0.79
730762;No;593;592;95;0.61;1743;0.80;0.79
730801;No;593;593;95;0.61;1730;0.80;0.79
730847;No;593;593;95;0.61;1716;0.80;0.79
730885;No;593;593;95;0.61;1702;0.80;0.79
730904;No;593;593;95;0.61;1688;0.79;0.79
730944;No;593;593;95;0.61;1671;0.79;0.78
730999;No;593;593;95;0.61;1653;0.79;0.78
731040;No;593;593;95;0.61;1636;0.79;0.78
731106;No;593;594;95;0.61;1618;0.79;0.78
731146;No;594;594;95;0.61;1600;0.79;0.78
731186;No;594;594;95;0.61;1583;0.79;0.78
731237;No;594;594;95;0.61;1565;0.79;0.78
731302;No;594;594;95;0.61;1548;0.78;0.78
731342;No;594;594;95;0.61;1520;0.78;0.78
731382;No;594;594;95;0.61;1492;0.78;0.78
731423;No;594;594;95;0.61;1465;0.78;0.78
731462;No;594;594;95;0.61;1437;0.78;0.78
731502;No;594;594;95;0.61;1410;0.78;0.78
731542;No;594;594;95;0.61;1382;0.78;0.78
731600;No;594;594;95;0.61;1354;0.78;0.78
731623;No;594;594;95;0.61;1327;0.78;0.78
731656;No;594;594;95;0.61;1322;0.78;0.78
731696;No;594;594;95;0.61;1317;0.78;0.78
731736;No;594;594;95;0.61;1312;0.78;0.78
731776;No;594;594;95;0.61;1306;0.78;0.78
731815;No;594;594;95;0.61;1302;0.78;0.78
731854;No;594;594;95;0.61;1296;0.78;0.78
731902;No;594;594;95;0.61;1291;0.78;0.77
731941;No;594;594;95;0.61;1286;0.78;0.77
731987;No;594;594;95;0.61;1283;0.78;0.77
732027;No;594;594;95;0.61;1281;0.78;0.77
732042;No;594;594;95;0.61;1278;0.78;0.77
732082;No;594;594;95;0.61;1276;0.78;0.77
732124;No;594;594;95;0.61;1273;0.78;0.77
732201;No;594;594;95;0.61;1270;0.78;0.77
732241;No;594;594;95;0.61;1268;0.78;0.77
732284;No;594;594;95;0.61;1265;0.78;0.77
732327;No;594;594;95;0.61;1262;0.78;0.77
732343;No;594;594;96;0.61;1260;0.78;0.77
732383;No;594;594;96;0.61;1258;0.78;0.77
732422;No;594;594;96;0.61;1256;0.78;0.77
732500;No;594;594;96;0.61;1254;0.78;0.77
732523;No;594;594;96;0.61;1251;0.78;0.77
732562;No;594;594;96;0.61;1249;0.78;0.77
732604;No;594;594;96;0.61;1247;0.78;0.77
732644;No;594;594;96;0.61;1252;0.78;0.77
732689;No;594;594;96;0.61;1257;0.78;0.77
732704;No;594;594;96;0.61;1262;0.78;0.77
732743;No;594;594;96;0.61;1267;0.78;0.77
732800;No;594;594;96;0.61;1272;0.78;0.77
732840;No;594;594;96;0.61;1278;0.78;0.77
732893;No;594;594;96;0.61;1283;0.78;0.77
732935;No;594;594;96;0.61;1288;0.78;0.77
732976;No;594;594;96;0.61;1314;0.78;0.77
733015;No;594;594;96;0.61;1340;0.78;0.77
733033;No;594;594;96;0.61;1366;0.78;0.77
733099;No;594;594;96;0.61;1392;0.78;0.77
733140;No;594;594;96;0.61;1418;0.78;0.76
733205;No;594;594;96;0.61;1444;0.77;0.76
733245;No;594;594;96;0.61;1469;0.77;0.76
733291;No;594;594;96;0.61;1495;0.77;0.76
733336;No;594;594;96;0.61;1518;0.77;0.76
733401;No;595;595;96;0.61;1540;0.78;0.76
733442;No;595;595;96;0.61;1562;0.79;0.76
733483;No;595;595;96;0.61;1584;0.79;0.76
733523;No;595;595;96;0.61;1607;0.80;0.77
733543;No;595;595;96;0.61;1629;0.81;0.77
733583;No;595;595;96;0.61;1651;0.81;0.77
733622;No;595;595;96;0.61;1674;0.82;0.78
733705;No;595;595;96;0.61;1680;0.83;0.78
733723;No;595;595;96;0.61;1687;0.82;0.78
733770;No;595;595;96;0.61;1694;0.82;0.79
733835;No;595;595;96;0.61;1701;0.82;0.79
733877;No;595;595;96;0.61;1708;0.82;0.79
733917;No;595;595;96;0.61;1714;0.82;0.79
733933;No;595;595;96;0.61;1722;0.82;0.79
734003;No;595;595;96;0.61;1728;0.81;0.80
734044;No;596;595;96;0.61;1697;0.81;0.80
734086;No;596;596;96;0.61;1665;0.81;0.80
734125;No;596;596;96;0.61;1634;0.81;0.80
734165;No;596;596;96;0.61;1602;0.80;0.80
734215;No;596;596;96;0.61;1571;0.80;0.80
734300;No;596;596;96;0.61;1540;0.80;0.80
734340;No;596;596;96;0.61;1508;0.80;0.80
734405;No;596;596;96;0.61;1476;0.79;0.80
734445;No;596;596;96;0.61;1472;0.79;0.80
734485;No;596;596;96;0.61;1466;0.79;0.80
734526;No;596;596;96;0.61;1461;0.79;0.80
734602;No;596;596;96;0.61;1456;0.79;0.80
734642;No;596;596;96;0.61;1451;0.79;0.79
734706;No;596;596;96;0.61;1446;0.79;0.79
734752;No;596;596;96;0.61;1441;0.79;0.79
734793;No;596;596;96;0.61;1436;0.79;0.79
734832;No;596;596;96;0.61;1424;0.79;0.79
734902;No;596;596;96;0.61;1412;0.79;0.79
734948;No;597;597;96;0.61;1400;0.79;0.79
734990;No;597;597;96;0.61;1389;0.79;0.79
735030;No;597;597;96;0.61;1377;0.79;0.79
735044;No;597;597;96;0.61;1365;0.79;0.79
735082;No;597;597;96;0.61;1353;0.79;0.79
735104;No;597;597;96;0.61;1342;0.79;0.79
735144;No;597;597;96;0.61;1335;0.79;0.79
735201;No;597;597;96;0.61;1329;0.79;0.79
735239;No;597;597;96;0.61;1323;0.79;0.79
735307;No;597;597;96;0.61;1316;0.79;0.79
735346;No;597;597;96;0.61;1310;0.79;0.79
735386;No;597;597;96;0.61;1304;0.78;0.79
735426;No;597;597;96;0.61;1298;0.78;0.79
735513;No;597;597;96;0.60;1291;0.78;0.79
735566;No;597;597;96;0.60;1271;0.78;0.78
735606;No;597;597;96;0.60;1251;0.78;0.78
735647;No;597;597;96;0.60;1231;0.78;0.78
735685;No;597;597;96;0.60;1211;0.78;0.78
735725;No;597;597;96;0.60;1191;0.79;0.78
735804;No;597;597;96;0.60;1171;0.79;0.78
735844;No;597;597;96;0.60;1151;0.79;0.78
735884;No;597;597;96;0.60;1131;0.79;0.78
735922;No;597;597;96;0.60;1130;0.79;0.78
735944;No;597;597;96;0.60;1129;0.79;0.78
735982;No;597;597;96;0.60;1128;0.79;0.78
736024;No;597;597;96;0.60;1127;0.79;0.78
736063;No;597;597;96;0.60;1126;0.79;0.78
736134;No;597;597;96;0.60;1125;0.79;0.79
736175;No;597;597;96;0.60;1124;0.79;0.79
736224;No;597;597;96;0.60;1123;0.79;0.79
736262;No;597;597;96;0.60;1114;0.79;0.79
736303;No;597;597;96;0.60;1106;0.79;0.79
736349;No;597;597;96;0.60;1098;0.79;0.79
736362;No;597;597;96;0.60;1090;0.79;0.79
736434;No;597;597;96;0.60;1081;0.79;0.79
736473;No;597;597;96;0.60;1073;0.79;0.79
736514;No;597;597;96;0.60;1065;0.79;0.78
736556;No;597;597;96;0.60;1056;0.79;0.78
736594;No;597;597;96;0.60;1057;0.79;0.78
736635;No;597;597;96;0.60;1058;0.79;0.78
736700;No;597;597;96;0.60;1058;0.79;0.78
736723;No;597;597;96;0.60;1059;0.79;0.78
736775;No;597;597;96;0.60;1060;0.79;0.78
736818;No;597;597;96;0.60;1060;0.79;0.78
736859;No;597;597;96;0.60;1061;0.79;0.78
736873;No;597;597;96;0.60;1062;0.79;0.78
736914;No;597;597;96;0.60;1064;0.79;0.78
736957;No;597;597;96;0.60;1066;0.79;0.78
737001;No;597;597;96;0.60;1069;0.79;0.78
737041;No;597;597;96;0.60;1071;0.79;0.78
737087;No;597;597;96;0.60;1073;0.79;0.78
737128;No;597;597;96;0.60;1076;0.79;0.78
737144;No;597;597;96;0.60;1078;0.79;0.78
737184;No;597;597;96;0.60;1080;0.79;0.78
737224;No;597;597;96;0.60;1082;0.79;0.78
737267;No;597;597;96;0.60;1082;0.79;0.78
737309;No;597;597;96;0.60;1084;0.79;0.78
737322;No;597;597;96;0.60;1085;0.79;0.78
737362;No;597;597;96;0.60;1086;0.79;0.78
737407;No;597;597;96;0.60;1087;0.79;0.78
737448;No;597;597;96;0.60;1088;0.79;0.78
737487;No;597;597;96;0.60;1090;0.79;0.78
737504;No;597;597;96;0.60;1087;0.79;0.78
737545;No;597;596;96;0.60;1084;0.79;0.78
737592;No;596;596;96;0.60;1082;0.79;0.78
737634;No;596;596;96;0.60;1079;0.79;0.78
737672;No;596;596;96;0.60;1076;0.79;0.78
737714;No;596;596;96;0.60;1074;0.79;0.78
737753;No;596;596;96;0.60;1071;0.79;0.78
737793;No;596;596;96;0.60;1068;0.79;0.78
737838;No;596;596;96;0.60;1066;0.79;0.78
737886;No;596;596;96;0.60;1063;0.79;0.78
737931;No;596;596;96;0.60;1060;0.79;0.78
737971;No;596;596;96;0.60;1058;0.79;0.78
738055;No;596;596;96;0.60;1055;0.79;0.78
738072;No;596;596;96;0.60;1052;0.79;0.78
738112;No;596;596;96;0.60;1049;0.79;0.77
738153;No;596;596;96;0.60;1046;0.79;0.77
738244;No;596;596;96;0.60;1044;0.79;0.77
738285;No;596;596;96;0.60;1041;0.79;0.77
738329;No;596;596;96;0.60;1038;0.79;0.76
738377;No;596;596;96;0.60;1035;0.79;0.75
738420;No;596;596;96;0.60;1032;0.79;0.74
738432;No;596;596;96;0.60;1029;0.78;0.73
738486;No;595;596;96;0.60;1026;0.78;0.72
738531;No;595;595;96;0.60;1024;0.78;0.71
738571;No;595;595;96;0.60;1021;0.78;0.70
738636;No;595;595;96;0.60;1019;0.78;0.69
738675;No;595;595;96;0.60;1017;0.78;0.61
738723;No;595;595;96;0.60;1015;0.78;0.53
738786;No;595;595;96;0.60;1012;0.78;0.45
738827;No;595;595;96;0.60;1010;0.77;0.37
738867;No;595;595;96;0.60;1008;0.77;0.28
738906;No;595;595;96;0.60;1006;0.77;0.20
738946;No;595;595;96;0.60;1004;0.77;0.12
738992;No;595;595;96;0.60;1002;0.70;0.04
739032;No;595;595;96;0.60;999;0.64;0.04
739086;No;594;595;96;0.60;997;0.57;0.03
739125;No;594;594;96;0.60;995;0.50;0.03
739171;No;594;594;96;0.60;993;0.44;0.02
739214;No;594;594;96;0.60;991;0.37;0.02
739254;No;594;594;96;0.60;988;0.31;0.01
739292;No;594;594;96;0.60;987;0.24;0.01
739334;No;594;594;96;0.60;985;0.21;0.01
739386;No;594;594;96;0.60;983;0.19;0.00
739431;No;594;594;96;0.60;981;0.16;0.00
739471;No;594;594;96;0.60;980;0.13;0.00
739513;No;594;594;96;0.60;978;0.11;0.00
739559;No;594;594;96;0.60;976;0.08;0.00
739573;No;594;594;96;0.60;974;0.05;0.00
739617;No;594;594;96;0.60;972;0.03;-0.00
739633;No;594;594;96;0.60;970;0.02;-0.00
739686;No;594;594;96;0.60;968;0.02;-0.00
739726;No;594;594;96;0.60;966;0.02;-0.00
739767;No;594;593;96;0.60;964;0.02;-0.00
739785;No;593;593;96;0.60;962;0.02;-0.00
739825;No;593;593;96;0.60;959;0.01;-0.00
739895;No;593;593;96;0.60;957;0.01;-0.00
739934;No;593;593;96;0.60;956;0.01;-0.00
739986;No;593;593;96;0.60;954;0.01;-0.00
740030;No;593;593;96;0.60;952;0.01;-0.00
740073;No;593;593;96;0.60;950;0.01;-0.00
740115;No;593;593;96;0.60;949;0.01;-0.00
740156;No;593;593;96;0.60;947;0.00;-0.00
740173;No;593;593;96;0.60;945;0.00;-0.01
740217;No;593;593;96;0.60;944;0.00;-0.01
740286;No;592;593;96;0.60;941;0.00;-0.01
740328;No;592;592;96;0.60;938;0.00;-0.01
740370;No;592;592;96;0.60;935;0.00;-0.01
740436;No;592;592;96;0.60;932;0.00;-0.01
740484;No;592;592;96;0.60;930;-0.00;-0.01
740524;No;592;592;96;0.60;927;-0.00;-0.01
740591;No;592;592;96;0.60;924;-0.00;-0.01
740623;No;592;592;96;0.60;921;-0.00;-0.01
740662;No;592;592;96;0.60;918;-0.00;-0.01
740685;No;592;592;96;0.60;914;-0.00;-0.01
740726;No;592;592;96;0.60;911;-0.00;-0.01
740764;No;592;592;96;0.60;908;-0.00;-0.01
740805;No;592;592;96;0.60;904;-0.00;-0.01
740848;No;592;592;96;0.60;901;-0.00;-0.01
740934;No;592;592;96;0.60;898;-0.00;-0.01
740973;No;591;591;96;0.60;894;-0.00;-0.01
741013;No;591;591;96;0.60;909;-0.00;-0.01
741052;No;591;591;96;0.60;924;-0.00;-0.01
741093;No;591;591;96;0.60;938;-0.00;-0.01
741136;No;591;591;96;0.60;952;-0.00;-0.01
741197;No;591;591;96;0.60;967;-0.00;-0.01
741238;No;591;591;96;0.60;981;-0.00;-0.01
741253;No;591;591;96;0.60;996;-0.00;-0.01
741299;No;591;591;96;0.60;1010;-0.00;-0.01
741349;No;591;591;96;0.60;1022;-0.00;-0.01
741388;No;590;590;96;0.60;1032;-0.00;-0.01
741404;No;590;590;96;0.60;1044;-0.00;-0.01
741449;No;590;590;96;0.60;1055;-0.00;-0.01
741522;No;590;590;96;0.60;1066;-0.00;-0.01
741562;No;590;590;96;0.60;1077;-0.00;-0.01
741602;No;590;590;96;0.60;1088;-0.00;-0.01
741642;No;590;590;96;0.60;1100;-0.00;-0.01
741683;No;590;590;96;0.60;1100;-0.00;-0.01
741723;No;590;590;96;0.60;1100;-0.00;-0.01
741788;No;590;590;96;0.60;1100;-0.00;-0.01
741828;No;590;590;96;0.60;1100;-0.00;-0.01
741894;No;590;590;96;0.60;1100;-0.00;-0.01
741934;No;590;590;96;0.60;1100;-0.00;-0.01
741976;No;590;590;96;0.60;1100;-0.00;-0.01
